kinase,ensemble,iteration,class_label,site,normalized_weight
MAPK1,1,1,1,DYNC1I2;S81;,0.03590466171525588
MAPK1,1,1,1,HUWE1;S3898;,0.03354920897929709
MAPK1,1,1,1,GBF1;S1786;,0.033685303458527716
MAPK1,1,1,1,PARVA;S14;,0.03482904159818556
MAPK1,1,1,1,BCL9L;S25;,0.03388404735748063
MAPK1,1,1,1,TMEM245;S327;,0.0335542226245581
MAPK1,1,1,1,MAP1S;S683;,0.035260431009882784
MAPK1,1,1,1,CEP68;S510;,0.03408418887776416
MAPK1,1,1,1,MYOZ2;T32;,0.03355082304413745
MAPK1,1,1,1,PI4K2A;S50;,0.03559187360240142
MAPK1,1,1,1,HUWE1;T3903;,0.034025803665699794
MAPK1,1,1,1,SAMD4B;S271;,0.03567933147936877
MAPK1,1,1,1,TACC2;S575;,0.033558367869440234
MAPK1,1,1,1,DLG2;S323;,0.03382075449854377
MAPK1,1,1,1,PPP1R13L;S360;,0.03471625604133175
MAPK1,1,1,1,BRD8;S274;,0.03355328568168968
MAPK1,1,1,1,AKAP2;S152;,0.03192085267006762
MAPK1,1,1,1,ETL4;S1844;,0.03402763616686771
MAPK1,1,1,1,KDM2A;S718;,0.03331254344317185
MAPK1,1,1,1,NACA;S914;,0.02998403674663207
MAPK1,1,1,1,LIMA1;S608;,0.032499189513699435
MAPK1,1,1,1,PPP1R13L;S110;,0.0348437164994119
MAPK1,1,1,1,GIGYF1;S28;,0.03418981896645881
MAPK1,1,1,1,FHOD1;S501;,0.03355121496783926
MAPK1,1,1,1,LOC685707;S1251;,0.03354946920562743
MAPK1,1,1,1,ATXN2L;S447;,0.029914201407159065
MAPK1,1,1,1,PDXDC1;T554;,0.02652519980313453
MAPK1,1,1,1,NHSL1;T1376;,0.030306031437163327
MAPK1,1,1,1,PHF1;S415;,0.032579281183598194
MAPK1,1,1,1,PIEZO1;S1370;,0.033549206485604
MAPK1,1,1,2,FOXK1;S225;,0.01705759769060576
MAPK1,1,1,2,RGD1309586;S59;,0.03692712835643766
MAPK1,1,1,2,FAM65A;S752;,0.03680572123658566
MAPK1,1,1,2,SLK;S778;,0.03680699565350896
MAPK1,1,1,2,LRRFIP2;S18;,0.036927075584632596
MAPK1,1,1,2,MTFR1L;S235;,0.036805888529338755
MAPK1,1,1,2,HECTD1;S1393;,0.036794841591644256
MAPK1,1,1,2,SNX8;S454;,0.015432957728436197
MAPK1,1,1,2,EIF5B;S183;,0.036927191531638696
MAPK1,1,1,2,ARFGAP2;S145;,0.024609508835636063
MAPK1,1,1,2,SH3PXD2A;S368;,0.03680582262679546
MAPK1,1,1,2,EIF4EBP1;S64;,0.029411338492299294
MAPK1,1,1,2,PCM1;S380;,0.0369268586978853
MAPK1,1,1,2,LOC684259;S780;,0.036805830781804355
MAPK1,1,1,2,ARHGAP5;S1202;,0.026418578015710684
MAPK1,1,1,2,TSSC4;S190;,0.027497043722973936
MAPK1,1,1,2,RANBP3;S58;,0.03692712909758539
MAPK1,1,1,2,VIM;S420;,0.03680594558343731
MAPK1,1,1,2,RGD1307838;S900;,0.03692723013831502
MAPK1,1,1,2,BAIAP2L1;S218;,0.03457508434130604
MAPK1,1,1,2,PLEC;S4246;,0.036806024283947636
MAPK1,1,1,2,ATF7;T53;,0.03680591519570281
MAPK1,1,1,2,PFKFB2;S469;,0.03692672403406896
MAPK1,1,1,2,DYNC1H1;S4365;,0.036927178421459345
MAPK1,1,1,2,AKAP11;S21;,0.036927114861957905
MAPK1,1,1,2,ZC3HC1;T351;,0.03680604831929664
MAPK1,1,1,2,ADD1;T614;,0.013933588562194267
MAPK1,1,1,2,FAM134C;S313;,0.03681733434234371
MAPK1,1,1,2,ABI2;S168;,0.0369270739089915
MAPK1,1,1,2,RGD1562639;S1035;,0.03692722983345983
MAPK1,1,2,1,DYNC1I2;S81;,0.03538350708240496
MAPK1,1,2,1,HUWE1;S3898;,0.03370069645494025
MAPK1,1,2,1,GBF1;S1786;,0.033702466035903024
MAPK1,1,2,1,PARVA;S14;,0.03425473826083048
MAPK1,1,2,1,BCL9L;S25;,0.033704787971218744
MAPK1,1,2,1,TMEM245;S327;,0.03370549220536801
MAPK1,1,2,1,MAP1S;S683;,0.03477459195895559
MAPK1,1,2,1,CEP68;S510;,0.03352303685372154
MAPK1,1,2,1,MYOZ2;T32;,0.033701053896284715
MAPK1,1,2,1,PI4K2A;S50;,0.034815581689390966
MAPK1,1,2,1,HUWE1;T3903;,0.033979870458385464
MAPK1,1,2,1,SAMD4B;S271;,0.03523855504595047
MAPK1,1,2,1,TACC2;S575;,0.03370265811891307
MAPK1,1,2,1,DLG2;S323;,0.03370129201190452
MAPK1,1,2,1,PPP1R13L;S360;,0.03463777509207613
MAPK1,1,2,1,BRD8;S274;,0.0337100319048394
MAPK1,1,2,1,AKAP2;S152;,0.028950241924381885
MAPK1,1,2,1,ETL4;S1844;,0.033418797130546525
MAPK1,1,2,1,KDM2A;S718;,0.0337044023305882
MAPK1,1,2,1,NACA;S914;,0.030698262027085838
MAPK1,1,2,1,LIMA1;S608;,0.033701054411514414
MAPK1,1,2,1,PPP1R13L;S110;,0.034828206184581795
MAPK1,1,2,1,GIGYF1;S28;,0.03400918299161502
MAPK1,1,2,1,FHOD1;S501;,0.03374015991490304
MAPK1,1,2,1,LOC685707;S1251;,0.03385792005088191
MAPK1,1,2,1,ATXN2L;S447;,0.029408018245713485
MAPK1,1,2,1,PDXDC1;T554;,0.029855834917970593
MAPK1,1,2,1,NHSL1;T1376;,0.031064582576257386
MAPK1,1,2,1,PHF1;S415;,0.0324719599330715
MAPK1,1,2,1,PIEZO1;S1370;,0.03405524231980138
MAPK1,1,2,2,FOXK1;S225;,0.0137038812585648
MAPK1,1,2,2,RGD1309586;S59;,0.03660526482957165
MAPK1,1,2,2,FAM65A;S752;,0.0366703482149323
MAPK1,1,2,2,SLK;S778;,0.036585187811221276
MAPK1,1,2,2,LRRFIP2;S18;,0.03677249481763118
MAPK1,1,2,2,MTFR1L;S235;,0.03648924087218661
MAPK1,1,2,2,HECTD1;S1393;,0.036585392027608674
MAPK1,1,2,2,SNX8;S454;,0.017953204251153085
MAPK1,1,2,2,EIF5B;S183;,0.036772605874946046
MAPK1,1,2,2,ARFGAP2;S145;,0.02872288325738664
MAPK1,1,2,2,SH3PXD2A;S368;,0.03652185777743707
MAPK1,1,2,2,EIF4EBP1;S64;,0.026429439753041323
MAPK1,1,2,2,PCM1;S380;,0.03665119548588345
MAPK1,1,2,2,LOC684259;S780;,0.03658519825568358
MAPK1,1,2,2,ARHGAP5;S1202;,0.03372334713676951
MAPK1,1,2,2,TSSC4;S190;,0.028663960335450524
MAPK1,1,2,2,RANBP3;S58;,0.036680477503317196
MAPK1,1,2,2,VIM;S420;,0.03643613641574693
MAPK1,1,2,2,RGD1307838;S900;,0.03677289690399022
MAPK1,1,2,2,BAIAP2L1;S218;,0.03563803017077663
MAPK1,1,2,2,PLEC;S4246;,0.0365853544348411
MAPK1,1,2,2,ATF7;T53;,0.03658520834273831
MAPK1,1,2,2,PFKFB2;S469;,0.03658048929625394
MAPK1,1,2,2,DYNC1H1;S4365;,0.03677267780865948
MAPK1,1,2,2,AKAP11;S21;,0.03677267834452641
MAPK1,1,2,2,ZC3HC1;T351;,0.03658560015649628
MAPK1,1,2,2,ADD1;T614;,0.009023937243989732
MAPK1,1,2,2,FAM134C;S313;,0.036585126741740207
MAPK1,1,2,2,ABI2;S168;,0.03677283262846448
MAPK1,1,2,2,RGD1562639;S1035;,0.03677305204899129
MAPK1,1,3,1,DYNC1I2;S81;,0.03423936557827883
MAPK1,1,3,1,HUWE1;S3898;,0.03275403851839714
MAPK1,1,3,1,GBF1;S1786;,0.03326216985129194
MAPK1,1,3,1,PARVA;S14;,0.03394107626803756
MAPK1,1,3,1,BCL9L;S25;,0.033964699312707285
MAPK1,1,3,1,TMEM245;S327;,0.03309578616430689
MAPK1,1,3,1,MAP1S;S683;,0.033830839408735665
MAPK1,1,3,1,CEP68;S510;,0.03334102612256014
MAPK1,1,3,1,MYOZ2;T32;,0.03369517178084244
MAPK1,1,3,1,PI4K2A;S50;,0.034480691175280756
MAPK1,1,3,1,HUWE1;T3903;,0.03404731428975415
MAPK1,1,3,1,SAMD4B;S271;,0.03417529075451166
MAPK1,1,3,1,TACC2;S575;,0.032836251383932896
MAPK1,1,3,1,DLG2;S323;,0.03376383784432507
MAPK1,1,3,1,PPP1R13L;S360;,0.03374649131994232
MAPK1,1,3,1,BRD8;S274;,0.03318331917246591
MAPK1,1,3,1,AKAP2;S152;,0.030645430440620878
MAPK1,1,3,1,ETL4;S1844;,0.033092657870317115
MAPK1,1,3,1,KDM2A;S718;,0.03326908594331682
MAPK1,1,3,1,NACA;S914;,0.033096181114859714
MAPK1,1,3,1,LIMA1;S608;,0.032495264736620566
MAPK1,1,3,1,PPP1R13L;S110;,0.033705471398732326
MAPK1,1,3,1,GIGYF1;S28;,0.03320399554405842
MAPK1,1,3,1,FHOD1;S501;,0.033176787517464106
MAPK1,1,3,1,LOC685707;S1251;,0.03332728807410062
MAPK1,1,3,1,ATXN2L;S447;,0.03309608536823743
MAPK1,1,3,1,PDXDC1;T554;,0.03309686384230496
MAPK1,1,3,1,NHSL1;T1376;,0.03337125723218004
MAPK1,1,3,1,PHF1;S415;,0.0330974041013123
MAPK1,1,3,1,PIEZO1;S1370;,0.032968857870503916
MAPK1,1,3,2,FOXK1;S225;,0.01015257612643577
MAPK1,1,3,2,RGD1309586;S59;,0.04217883349872834
MAPK1,1,3,2,FAM65A;S752;,0.04168718848763971
MAPK1,1,3,2,SLK;S778;,0.041730359755746446
MAPK1,1,3,2,LRRFIP2;S18;,0.041661411354822146
MAPK1,1,3,2,MTFR1L;S235;,0.04168753333971933
MAPK1,1,3,2,HECTD1;S1393;,0.0408262047408467
MAPK1,1,3,2,SNX8;S454;,0.005242971115222207
MAPK1,1,3,2,EIF5B;S183;,0.04233350623656552
MAPK1,1,3,2,ARFGAP2;S145;,0.007351622976625148
MAPK1,1,3,2,SH3PXD2A;S368;,0.04169226815179845
MAPK1,1,3,2,EIF4EBP1;S64;,0.013614319358688337
MAPK1,1,3,2,PCM1;S380;,0.04163810314168519
MAPK1,1,3,2,LOC684259;S780;,0.04168679601599596
MAPK1,1,3,2,ARHGAP5;S1202;,0.011713567352402856
MAPK1,1,3,2,TSSC4;S190;,0.013448968591190106
MAPK1,1,3,2,RANBP3;S58;,0.04226049379038984
MAPK1,1,3,2,VIM;S420;,0.04168741157887256
MAPK1,1,3,2,RGD1307838;S900;,0.04238545260044065
MAPK1,1,3,2,BAIAP2L1;S218;,0.01878285345409055
MAPK1,1,3,2,PLEC;S4246;,0.04168825297419732
MAPK1,1,3,2,ATF7;T53;,0.04168763778270084
MAPK1,1,3,2,PFKFB2;S469;,0.0419180742521167
MAPK1,1,3,2,DYNC1H1;S4365;,0.04221612214778446
MAPK1,1,3,2,AKAP11;S21;,0.04168873101034288
MAPK1,1,3,2,ZC3HC1;T351;,0.03796419325096126
MAPK1,1,3,2,ADD1;T614;,0.0033500458573406983
MAPK1,1,3,2,FAM134C;S313;,0.04188173304194195
MAPK1,1,3,2,ABI2;S168;,0.0415761126154913
MAPK1,1,3,2,RGD1562639;S1035;,0.042266655399216695
MAPK1,1,4,1,DYNC1I2;S81;,0.0341340956545273
MAPK1,1,4,1,HUWE1;S3898;,0.033233061328241595
MAPK1,1,4,1,GBF1;S1786;,0.03253133346563398
MAPK1,1,4,1,PARVA;S14;,0.033805371602572194
MAPK1,1,4,1,BCL9L;S25;,0.03434029632147732
MAPK1,1,4,1,TMEM245;S327;,0.031037608969119553
MAPK1,1,4,1,MAP1S;S683;,0.03365800715066845
MAPK1,1,4,1,CEP68;S510;,0.03350705994221117
MAPK1,1,4,1,MYOZ2;T32;,0.03375657269570898
MAPK1,1,4,1,PI4K2A;S50;,0.034912494469170656
MAPK1,1,4,1,HUWE1;T3903;,0.03460828548041857
MAPK1,1,4,1,SAMD4B;S271;,0.0345121016175384
MAPK1,1,4,1,TACC2;S575;,0.03246257234451879
MAPK1,1,4,1,DLG2;S323;,0.03405140449504193
MAPK1,1,4,1,PPP1R13L;S360;,0.03386669677510363
MAPK1,1,4,1,BRD8;S274;,0.033928728332697805
MAPK1,1,4,1,AKAP2;S152;,0.028146250066621654
MAPK1,1,4,1,ETL4;S1844;,0.033235555835057606
MAPK1,1,4,1,KDM2A;S718;,0.0335039173127818
MAPK1,1,4,1,NACA;S914;,0.03319979560851218
MAPK1,1,4,1,LIMA1;S608;,0.033068282041870574
MAPK1,1,4,1,PPP1R13L;S110;,0.03418962291863407
MAPK1,1,4,1,GIGYF1;S28;,0.03367207098375103
MAPK1,1,4,1,FHOD1;S501;,0.03363745341765482
MAPK1,1,4,1,LOC685707;S1251;,0.033234130218575575
MAPK1,1,4,1,ATXN2L;S447;,0.03287534326539861
MAPK1,1,4,1,PDXDC1;T554;,0.03301068476248518
MAPK1,1,4,1,NHSL1;T1376;,0.03323478857025511
MAPK1,1,4,1,PHF1;S415;,0.03341335353246724
MAPK1,1,4,1,PIEZO1;S1370;,0.03323306082128409
MAPK1,1,4,2,FOXK1;S225;,0.013151796943454773
MAPK1,1,4,2,RGD1309586;S59;,0.04174231560966198
MAPK1,1,4,2,FAM65A;S752;,0.04135734722727846
MAPK1,1,4,2,SLK;S778;,0.04136943291202155
MAPK1,1,4,2,LRRFIP2;S18;,0.04135709548564062
MAPK1,1,4,2,MTFR1L;S235;,0.04135729634985823
MAPK1,1,4,2,HECTD1;S1393;,0.04046584235888392
MAPK1,1,4,2,SNX8;S454;,0.004900872175561211
MAPK1,1,4,2,EIF5B;S183;,0.04171039151963599
MAPK1,1,4,2,ARFGAP2;S145;,0.007861940178973681
MAPK1,1,4,2,SH3PXD2A;S368;,0.041344233593314704
MAPK1,1,4,2,EIF4EBP1;S64;,0.016703561652947112
MAPK1,1,4,2,PCM1;S380;,0.041357268217530885
MAPK1,1,4,2,LOC684259;S780;,0.04135724004710878
MAPK1,1,4,2,ARHGAP5;S1202;,0.013024734473859061
MAPK1,1,4,2,TSSC4;S190;,0.014052803408954878
MAPK1,1,4,2,RANBP3;S58;,0.041680154632144244
MAPK1,1,4,2,VIM;S420;,0.041356091139992404
MAPK1,1,4,2,RGD1307838;S900;,0.04177300881811492
MAPK1,1,4,2,BAIAP2L1;S218;,0.014912698489568768
MAPK1,1,4,2,PLEC;S4246;,0.04135672238602854
MAPK1,1,4,2,ATF7;T53;,0.04135765930130854
MAPK1,1,4,2,PFKFB2;S469;,0.04148247292752338
MAPK1,1,4,2,DYNC1H1;S4365;,0.04166717808705972
MAPK1,1,4,2,AKAP11;S21;,0.04134766610437842
MAPK1,1,4,2,ZC3HC1;T351;,0.041357681341773284
MAPK1,1,4,2,ADD1;T614;,0.004210178389928097
MAPK1,1,4,2,FAM134C;S313;,0.04154549365073193
MAPK1,1,4,2,ABI2;S168;,0.04115690454124712
MAPK1,1,4,2,RGD1562639;S1035;,0.04168191803551504
MAPK1,1,5,1,DYNC1I2;S81;,0.03462477850719392
MAPK1,1,5,1,HUWE1;S3898;,0.03269845967789526
MAPK1,1,5,1,GBF1;S1786;,0.03329155752176693
MAPK1,1,5,1,PARVA;S14;,0.03335574711977861
MAPK1,1,5,1,BCL9L;S25;,0.03407325451933851
MAPK1,1,5,1,TMEM245;S327;,0.032995285272865445
MAPK1,1,5,1,MAP1S;S683;,0.034094542427744734
MAPK1,1,5,1,CEP68;S510;,0.03394190105549295
MAPK1,1,5,1,MYOZ2;T32;,0.03275221456811559
MAPK1,1,5,1,PI4K2A;S50;,0.034502421143259535
MAPK1,1,5,1,HUWE1;T3903;,0.03374136472338819
MAPK1,1,5,1,SAMD4B;S271;,0.034505837198493726
MAPK1,1,5,1,TACC2;S575;,0.032999016870455054
MAPK1,1,5,1,DLG2;S323;,0.03390624870581788
MAPK1,1,5,1,PPP1R13L;S360;,0.03345204588426534
MAPK1,1,5,1,BRD8;S274;,0.033378122295111716
MAPK1,1,5,1,AKAP2;S152;,0.03299671310210044
MAPK1,1,5,1,ETL4;S1844;,0.03342308218914487
MAPK1,1,5,1,KDM2A;S718;,0.033174578263993136
MAPK1,1,5,1,NACA;S914;,0.0327983834109958
MAPK1,1,5,1,LIMA1;S608;,0.033000145809544995
MAPK1,1,5,1,PPP1R13L;S110;,0.03404832124322938
MAPK1,1,5,1,GIGYF1;S28;,0.03345242051719185
MAPK1,1,5,1,FHOD1;S501;,0.03307992329886343
MAPK1,1,5,1,LOC685707;S1251;,0.03370532143375329
MAPK1,1,5,1,ATXN2L;S447;,0.032998192640678436
MAPK1,1,5,1,PDXDC1;T554;,0.031740036123115954
MAPK1,1,5,1,NHSL1;T1376;,0.031881222532179385
MAPK1,1,5,1,PHF1;S415;,0.03260305939457149
MAPK1,1,5,1,PIEZO1;S1370;,0.03278580254965428
MAPK1,1,5,2,FOXK1;S225;,0.008671910015764405
MAPK1,1,5,2,RGD1309586;S59;,0.04134617663535752
MAPK1,1,5,2,FAM65A;S752;,0.04090069746407657
MAPK1,1,5,2,SLK;S778;,0.04086570199450285
MAPK1,1,5,2,LRRFIP2;S18;,0.04092114795376409
MAPK1,1,5,2,MTFR1L;S235;,0.04090052802097326
MAPK1,1,5,2,HECTD1;S1393;,0.04003507168477699
MAPK1,1,5,2,SNX8;S454;,0.005785466041176312
MAPK1,1,5,2,EIF5B;S183;,0.04127541953451394
MAPK1,1,5,2,ARFGAP2;S145;,0.009140207766172748
MAPK1,1,5,2,SH3PXD2A;S368;,0.04090042305203912
MAPK1,1,5,2,EIF4EBP1;S64;,0.018214128810666606
MAPK1,1,5,2,PCM1;S380;,0.04068447514670734
MAPK1,1,5,2,LOC684259;S780;,0.04090003148024686
MAPK1,1,5,2,ARHGAP5;S1202;,0.013753155629410284
MAPK1,1,5,2,TSSC4;S190;,0.014156362090306669
MAPK1,1,5,2,RANBP3;S58;,0.04118240924111282
MAPK1,1,5,2,VIM;S420;,0.04072767683179162
MAPK1,1,5,2,RGD1307838;S900;,0.041365000518833475
MAPK1,1,5,2,BAIAP2L1;S218;,0.02411130663900559
MAPK1,1,5,2,PLEC;S4246;,0.040345138413809406
MAPK1,1,5,2,ATF7;T53;,0.04090058894061009
MAPK1,1,5,2,PFKFB2;S469;,0.040901493228357066
MAPK1,1,5,2,DYNC1H1;S4365;,0.04119415124605316
MAPK1,1,5,2,AKAP11;S21;,0.04090149304440492
MAPK1,1,5,2,ZC3HC1;T351;,0.040634610462086815
MAPK1,1,5,2,ADD1;T614;,0.005986629913511859
MAPK1,1,5,2,FAM134C;S313;,0.041127149134778274
MAPK1,1,5,2,ABI2;S168;,0.04090226575158832
MAPK1,1,5,2,RGD1562639;S1035;,0.04126918331360128
MAPK1,2,1,1,DYNC1I2;S81;,0.03572588151775015
MAPK1,2,1,1,HUWE1;S3898;,0.03367469583214538
MAPK1,2,1,1,GBF1;S1786;,0.033994164688998935
MAPK1,2,1,1,PARVA;S14;,0.03538868735713525
MAPK1,2,1,1,BCL9L;S25;,0.03367507743825427
MAPK1,2,1,1,TMEM245;S327;,0.03367910856387111
MAPK1,2,1,1,MAP1S;S683;,0.03487116155941058
MAPK1,2,1,1,CEP68;S510;,0.033571088251325584
MAPK1,2,1,1,MYOZ2;T32;,0.03367454676467796
MAPK1,2,1,1,PI4K2A;S50;,0.0361228922913869
MAPK1,2,1,1,HUWE1;T3903;,0.03478203420355512
MAPK1,2,1,1,SAMD4B;S271;,0.03609285613556948
MAPK1,2,1,1,TACC2;S575;,0.03367982247090336
MAPK1,2,1,1,DLG2;S323;,0.033675564408152905
MAPK1,2,1,1,PPP1R13L;S360;,0.035151192574314837
MAPK1,2,1,1,BRD8;S274;,0.033744161105573156
MAPK1,2,1,1,AKAP2;S152;,0.027226318362482134
MAPK1,2,1,1,ETL4;S1844;,0.03368302985105949
MAPK1,2,1,1,KDM2A;S718;,0.03321854998641733
MAPK1,2,1,1,NACA;S914;,0.029190103779504848
MAPK1,2,1,1,LIMA1;S608;,0.031580435649589074
MAPK1,2,1,1,PPP1R13L;S110;,0.03408096790117347
MAPK1,2,1,1,GIGYF1;S28;,0.033676858453928246
MAPK1,2,1,1,FHOD1;S501;,0.033676225828936215
MAPK1,2,1,1,LOC685707;S1251;,0.031949431437095284
MAPK1,2,1,1,ATXN2L;S447;,0.028993221005656673
MAPK1,2,1,1,PDXDC1;T554;,0.03019027283707799
MAPK1,2,1,1,NHSL1;T1376;,0.033680503609197526
MAPK1,2,1,1,PHF1;S415;,0.03367262278958826
MAPK1,2,1,1,PIEZO1;S1370;,0.03367852334526857
MAPK1,2,1,2,ABI2;S168;,0.03844733602024235
MAPK1,2,1,2,CLASP2;S331;,0.03824998924483503
MAPK1,2,1,2,CACNB1;S53;,0.03825318130093241
MAPK1,2,1,2,STAT3;S727;,0.027633781385849536
MAPK1,2,1,2,SH3PXD2A;S368;,0.03824974785753503
MAPK1,2,1,2,FAM171A2;S423;,0.03854584594678196
MAPK1,2,1,2,MED24;S860;,0.03853936441890243
MAPK1,2,1,2,RNF40;S586;,0.03850815757031534
MAPK1,2,1,2,BAG3;S388;,0.0329537920730415
MAPK1,2,1,2,SMCR8;S416;,0.038500882529436314
MAPK1,2,1,2,CBX5;S93;,0.0382960513182816
MAPK1,2,1,2,SFPQ;T586;,0.02766135406991436
MAPK1,2,1,2,NEK9;S736;,0.03850975053086341
MAPK1,2,1,2,FAM65A;S752;,0.0382978758271308
MAPK1,2,1,2,AHNAK2;S425;,0.02859493517646338
MAPK1,2,1,2,PLEC;S4249;,0.03824973464838222
MAPK1,2,1,2,PHF1;S410;,0.01606269343756234
MAPK1,2,1,2,CCDC6;S143;,0.02353908639618672
MAPK1,2,1,2,SRSF10;S131;,0.038249536544064947
MAPK1,2,1,2,ATG2A;S1246;,0.03737969304652405
MAPK1,2,1,2,RIPK2;S412;,0.038292583612172845
MAPK1,2,1,2,MURC;S20;,0.03868576279421865
MAPK1,2,1,2,SUN2;S12;,0.038501353619259514
MAPK1,2,1,2,ARHGAP22;S200;,0.017851840547094062
MAPK1,2,1,2,RGD1308297;S518;,0.03825060083474005
MAPK1,2,1,2,PPAN;S238;,0.038249573558732576
MAPK1,2,1,2,SPAG9;S203;,0.03839265302810235
MAPK1,2,1,2,ZZEF1;S1516;,0.006813465927822264
MAPK1,2,1,2,ZNRF2;S81;,0.03824994162664204
MAPK1,2,1,2,BICD2;S611;,0.013989435107969985
MAPK1,2,2,1,DYNC1I2;S81;,0.034496919997243
MAPK1,2,2,1,HUWE1;S3898;,0.03314063271106912
MAPK1,2,2,1,GBF1;S1786;,0.03314333909536522
MAPK1,2,2,1,PARVA;S14;,0.033885496091289484
MAPK1,2,2,1,BCL9L;S25;,0.03361191140067038
MAPK1,2,2,1,TMEM245;S327;,0.03191644165041172
MAPK1,2,2,1,MAP1S;S683;,0.03438821490153806
MAPK1,2,2,1,CEP68;S510;,0.032599412986237516
MAPK1,2,2,1,MYOZ2;T32;,0.03366762673483311
MAPK1,2,2,1,PI4K2A;S50;,0.03517748661810468
MAPK1,2,2,1,HUWE1;T3903;,0.0346465458574487
MAPK1,2,2,1,SAMD4B;S271;,0.03479974174708934
MAPK1,2,2,1,TACC2;S575;,0.03227818461416897
MAPK1,2,2,1,DLG2;S323;,0.033657261455099986
MAPK1,2,2,1,PPP1R13L;S360;,0.03385355343583034
MAPK1,2,2,1,BRD8;S274;,0.03313838145299151
MAPK1,2,2,1,AKAP2;S152;,0.030819293063092175
MAPK1,2,2,1,ETL4;S1844;,0.033138198663496404
MAPK1,2,2,1,KDM2A;S718;,0.033972387213059584
MAPK1,2,2,1,NACA;S914;,0.03314022878307534
MAPK1,2,2,1,LIMA1;S608;,0.03237808921936014
MAPK1,2,2,1,PPP1R13L;S110;,0.034043236785884966
MAPK1,2,2,1,GIGYF1;S28;,0.032848127527262044
MAPK1,2,2,1,FHOD1;S501;,0.033259020079186616
MAPK1,2,2,1,LOC685707;S1251;,0.03314095493277735
MAPK1,2,2,1,ATXN2L;S447;,0.03161045593672418
MAPK1,2,2,1,PDXDC1;T554;,0.03314293536895941
MAPK1,2,2,1,NHSL1;T1376;,0.03382569705643294
MAPK1,2,2,1,PHF1;S415;,0.0331385896499086
MAPK1,2,2,1,PIEZO1;S1370;,0.03314163497138905
MAPK1,2,2,2,ABI2;S168;,0.04266300081055189
MAPK1,2,2,2,CLASP2;S331;,0.04266233569567153
MAPK1,2,2,2,CACNB1;S53;,0.04266300086845414
MAPK1,2,2,2,STAT3;S727;,0.01756242454475967
MAPK1,2,2,2,SH3PXD2A;S368;,0.04266221623311833
MAPK1,2,2,2,FAM171A2;S423;,0.04299559795167495
MAPK1,2,2,2,MED24;S860;,0.04326018051575089
MAPK1,2,2,2,RNF40;S586;,0.042764808052282555
MAPK1,2,2,2,BAG3;S388;,0.018339650482279115
MAPK1,2,2,2,SMCR8;S416;,0.0427793490790102
MAPK1,2,2,2,CBX5;S93;,0.04266149690477931
MAPK1,2,2,2,SFPQ;T586;,0.012616086180165832
MAPK1,2,2,2,NEK9;S736;,0.04333179012118492
MAPK1,2,2,2,FAM65A;S752;,0.04266258826353539
MAPK1,2,2,2,AHNAK2;S425;,0.01666138451461675
MAPK1,2,2,2,PLEC;S4249;,0.04266336583082273
MAPK1,2,2,2,PHF1;S410;,0.008609510397595948
MAPK1,2,2,2,CCDC6;S143;,0.012447892684876796
MAPK1,2,2,2,SRSF10;S131;,0.04266221621754689
MAPK1,2,2,2,ATG2A;S1246;,0.03868962279676877
MAPK1,2,2,2,RIPK2;S412;,0.04275199894807041
MAPK1,2,2,2,MURC;S20;,0.042916251305496714
MAPK1,2,2,2,SUN2;S12;,0.04290448407707864
MAPK1,2,2,2,ARHGAP22;S200;,0.010700723354976936
MAPK1,2,2,2,RGD1308297;S518;,0.03681991347127781
MAPK1,2,2,2,PPAN;S238;,0.04266104836963486
MAPK1,2,2,2,SPAG9;S203;,0.043002014915167454
MAPK1,2,2,2,ZZEF1;S1516;,0.006283963373979033
MAPK1,2,2,2,ZNRF2;S81;,0.04225240222692749
MAPK1,2,2,2,BICD2;S611;,0.00834868181194423
MAPK1,2,3,1,DYNC1I2;S81;,0.034227049746151164
MAPK1,2,3,1,HUWE1;S3898;,0.03336828403233226
MAPK1,2,3,1,GBF1;S1786;,0.03337258551951243
MAPK1,2,3,1,PARVA;S14;,0.03407713672213469
MAPK1,2,3,1,BCL9L;S25;,0.03348463123648055
MAPK1,2,3,1,TMEM245;S327;,0.033209777850855306
MAPK1,2,3,1,MAP1S;S683;,0.033896902746497426
MAPK1,2,3,1,CEP68;S510;,0.03388545799446354
MAPK1,2,3,1,MYOZ2;T32;,0.03337345466038045
MAPK1,2,3,1,PI4K2A;S50;,0.03441398938074854
MAPK1,2,3,1,HUWE1;T3903;,0.033975108239365816
MAPK1,2,3,1,SAMD4B;S271;,0.0345135902566512
MAPK1,2,3,1,TACC2;S575;,0.03337304497311725
MAPK1,2,3,1,DLG2;S323;,0.03341298993996769
MAPK1,2,3,1,PPP1R13L;S360;,0.033689702125652914
MAPK1,2,3,1,BRD8;S274;,0.03375430674919819
MAPK1,2,3,1,AKAP2;S152;,0.03185382402782986
MAPK1,2,3,1,ETL4;S1844;,0.033485951551581725
MAPK1,2,3,1,KDM2A;S718;,0.033370634306323234
MAPK1,2,3,1,NACA;S914;,0.03262777748923835
MAPK1,2,3,1,LIMA1;S608;,0.033189673233022805
MAPK1,2,3,1,PPP1R13L;S110;,0.033742861276917224
MAPK1,2,3,1,GIGYF1;S28;,0.03379456814686047
MAPK1,2,3,1,FHOD1;S501;,0.03351711965538728
MAPK1,2,3,1,LOC685707;S1251;,0.032790100960627004
MAPK1,2,3,1,ATXN2L;S447;,0.03123147404374638
MAPK1,2,3,1,PDXDC1;T554;,0.03131083380562698
MAPK1,2,3,1,NHSL1;T1376;,0.03230092672490914
MAPK1,2,3,1,PHF1;S415;,0.033369298988437573
MAPK1,2,3,1,PIEZO1;S1370;,0.03338694361598264
MAPK1,2,3,2,ABI2;S168;,0.04346543030256694
MAPK1,2,3,2,CLASP2;S331;,0.04375646198028422
MAPK1,2,3,2,CACNB1;S53;,0.0425176787995255
MAPK1,2,3,2,STAT3;S727;,0.008317551573895174
MAPK1,2,3,2,SH3PXD2A;S368;,0.04375531461411485
MAPK1,2,3,2,FAM171A2;S423;,0.04418190180178236
MAPK1,2,3,2,MED24;S860;,0.04437021701044039
MAPK1,2,3,2,RNF40;S586;,0.04376807289842228
MAPK1,2,3,2,BAG3;S388;,0.019039859861955746
MAPK1,2,3,2,SMCR8;S416;,0.04375586645617563
MAPK1,2,3,2,CBX5;S93;,0.044088680964127734
MAPK1,2,3,2,SFPQ;T586;,0.014328787492725408
MAPK1,2,3,2,NEK9;S736;,0.0443550298947606
MAPK1,2,3,2,FAM65A;S752;,0.04292361568013608
MAPK1,2,3,2,AHNAK2;S425;,0.017514061427457435
MAPK1,2,3,2,PLEC;S4249;,0.042824208409389844
MAPK1,2,3,2,PHF1;S410;,0.005940032086058962
MAPK1,2,3,2,CCDC6;S143;,0.010518017430819874
MAPK1,2,3,2,SRSF10;S131;,0.04375553789394783
MAPK1,2,3,2,ATG2A;S1246;,0.03769553575900819
MAPK1,2,3,2,RIPK2;S412;,0.043842653816745604
MAPK1,2,3,2,MURC;S20;,0.0443939424345505
MAPK1,2,3,2,SUN2;S12;,0.04386023979043624
MAPK1,2,3,2,ARHGAP22;S200;,0.006055105585100998
MAPK1,2,3,2,RGD1308297;S518;,0.041442773349271246
MAPK1,2,3,2,PPAN;S238;,0.04375689602991751
MAPK1,2,3,2,SPAG9;S203;,0.04375652437209275
MAPK1,2,3,2,ZZEF1;S1516;,0.0024965891312854404
MAPK1,2,3,2,ZNRF2;S81;,0.043756266177987245
MAPK1,2,3,2,BICD2;S611;,0.005767146975017493
MAPK1,2,4,1,DYNC1I2;S81;,0.03466011676314511
MAPK1,2,4,1,HUWE1;S3898;,0.033519813513552744
MAPK1,2,4,1,GBF1;S1786;,0.03302895345648744
MAPK1,2,4,1,PARVA;S14;,0.034060512738543866
MAPK1,2,4,1,BCL9L;S25;,0.034178194497490204
MAPK1,2,4,1,TMEM245;S327;,0.03330235813902658
MAPK1,2,4,1,MAP1S;S683;,0.03405026679388448
MAPK1,2,4,1,CEP68;S510;,0.034172555170860305
MAPK1,2,4,1,MYOZ2;T32;,0.03330304392612805
MAPK1,2,4,1,PI4K2A;S50;,0.03468187132149055
MAPK1,2,4,1,HUWE1;T3903;,0.033740573155692934
MAPK1,2,4,1,SAMD4B;S271;,0.03496146646178752
MAPK1,2,4,1,TACC2;S575;,0.033303846432106946
MAPK1,2,4,1,DLG2;S323;,0.03333401487365851
MAPK1,2,4,1,PPP1R13L;S360;,0.033957157592167504
MAPK1,2,4,1,BRD8;S274;,0.03386710690696395
MAPK1,2,4,1,AKAP2;S152;,0.032509705773317875
MAPK1,2,4,1,ETL4;S1844;,0.03404636715305779
MAPK1,2,4,1,KDM2A;S718;,0.0332979541041704
MAPK1,2,4,1,NACA;S914;,0.032686798779880205
MAPK1,2,4,1,LIMA1;S608;,0.03329869263397243
MAPK1,2,4,1,PPP1R13L;S110;,0.0343541662442913
MAPK1,2,4,1,GIGYF1;S28;,0.03432875954383843
MAPK1,2,4,1,FHOD1;S501;,0.03401208845123396
MAPK1,2,4,1,LOC685707;S1251;,0.03329999463391738
MAPK1,2,4,1,ATXN2L;S447;,0.030736210019337604
MAPK1,2,4,1,PDXDC1;T554;,0.026654867947702852
MAPK1,2,4,1,NHSL1;T1376;,0.031553374013725474
MAPK1,2,4,1,PHF1;S415;,0.03330283878478906
MAPK1,2,4,1,PIEZO1;S1370;,0.0337963301737786
MAPK1,2,4,2,ABI2;S168;,0.04168218337747206
MAPK1,2,4,2,CLASP2;S331;,0.04144128140506332
MAPK1,2,4,2,CACNB1;S53;,0.04144093032659601
MAPK1,2,4,2,STAT3;S727;,0.008530760503863631
MAPK1,2,4,2,SH3PXD2A;S368;,0.04144011863764009
MAPK1,2,4,2,FAM171A2;S423;,0.041818133285522266
MAPK1,2,4,2,MED24;S860;,0.04184618789447066
MAPK1,2,4,2,RNF40;S586;,0.041960051848106444
MAPK1,2,4,2,BAG3;S388;,0.027156656027855792
MAPK1,2,4,2,SMCR8;S416;,0.04169519260740306
MAPK1,2,4,2,CBX5;S93;,0.04165118828441971
MAPK1,2,4,2,SFPQ;T586;,0.03231624606918826
MAPK1,2,4,2,NEK9;S736;,0.04180371789409132
MAPK1,2,4,2,FAM65A;S752;,0.04143996302770357
MAPK1,2,4,2,AHNAK2;S425;,0.031844026945769086
MAPK1,2,4,2,PLEC;S4249;,0.041269421073256554
MAPK1,2,4,2,PHF1;S410;,0.0056158151624797524
MAPK1,2,4,2,CCDC6;S143;,0.012664168215549729
MAPK1,2,4,2,SRSF10;S131;,0.04078119798563958
MAPK1,2,4,2,ATG2A;S1246;,0.03945349436499492
MAPK1,2,4,2,RIPK2;S412;,0.041255186913851
MAPK1,2,4,2,MURC;S20;,0.04196051528543748
MAPK1,2,4,2,SUN2;S12;,0.041814609433255094
MAPK1,2,4,2,ARHGAP22;S200;,0.00509357091726965
MAPK1,2,4,2,RGD1308297;S518;,0.041441033688959156
MAPK1,2,4,2,PPAN;S238;,0.04144060934616268
MAPK1,2,4,2,SPAG9;S203;,0.041586378889058286
MAPK1,2,4,2,ZZEF1;S1516;,0.0019232405235161793
MAPK1,2,4,2,ZNRF2;S81;,0.041440047486934035
MAPK1,2,4,2,BICD2;S611;,0.004194072578470582
MAPK1,2,5,1,DYNC1I2;S81;,0.0349034017536894
MAPK1,2,5,1,HUWE1;S3898;,0.03452958544098063
MAPK1,2,5,1,GBF1;S1786;,0.033841366706405786
MAPK1,2,5,1,PARVA;S14;,0.033828754999524514
MAPK1,2,5,1,BCL9L;S25;,0.03443265940556858
MAPK1,2,5,1,TMEM245;S327;,0.033717861056959474
MAPK1,2,5,1,MAP1S;S683;,0.033927312700635086
MAPK1,2,5,1,CEP68;S510;,0.03412278071337581
MAPK1,2,5,1,MYOZ2;T32;,0.03383202758125394
MAPK1,2,5,1,PI4K2A;S50;,0.03501657676810586
MAPK1,2,5,1,HUWE1;T3903;,0.03381944585738106
MAPK1,2,5,1,SAMD4B;S271;,0.035303382448024855
MAPK1,2,5,1,TACC2;S575;,0.03437282071777407
MAPK1,2,5,1,DLG2;S323;,0.033831682252716405
MAPK1,2,5,1,PPP1R13L;S360;,0.03379951604851053
MAPK1,2,5,1,BRD8;S274;,0.034242404994003044
MAPK1,2,5,1,AKAP2;S152;,0.033831074514487566
MAPK1,2,5,1,ETL4;S1844;,0.034279565266738955
MAPK1,2,5,1,KDM2A;S718;,0.029494763093469437
MAPK1,2,5,1,NACA;S914;,0.02968294492477811
MAPK1,2,5,1,LIMA1;S608;,0.033864315692539795
MAPK1,2,5,1,PPP1R13L;S110;,0.03449328922257439
MAPK1,2,5,1,GIGYF1;S28;,0.03469338258646044
MAPK1,2,5,1,FHOD1;S501;,0.033830322024519105
MAPK1,2,5,1,LOC685707;S1251;,0.03383020189480092
MAPK1,2,5,1,ATXN2L;S447;,0.031179280939884053
MAPK1,2,5,1,PDXDC1;T554;,0.027998904618114766
MAPK1,2,5,1,NHSL1;T1376;,0.028930443443576807
MAPK1,2,5,1,PHF1;S415;,0.031891640415378106
MAPK1,2,5,1,PIEZO1;S1370;,0.034478291917768446
MAPK1,2,5,2,ABI2;S168;,0.04142833356002924
MAPK1,2,5,2,CLASP2;S331;,0.041064548138508024
MAPK1,2,5,2,CACNB1;S53;,0.04127506027794938
MAPK1,2,5,2,STAT3;S727;,0.009286486766531554
MAPK1,2,5,2,SH3PXD2A;S368;,0.04127414300008822
MAPK1,2,5,2,FAM171A2;S423;,0.04148145763501698
MAPK1,2,5,2,MED24;S860;,0.04165920449724632
MAPK1,2,5,2,RNF40;S586;,0.041723510523288494
MAPK1,2,5,2,BAG3;S388;,0.039781175841731096
MAPK1,2,5,2,SMCR8;S416;,0.04163906515727076
MAPK1,2,5,2,CBX5;S93;,0.04139008384334874
MAPK1,2,5,2,SFPQ;T586;,0.01597170392678697
MAPK1,2,5,2,NEK9;S736;,0.04160362118180461
MAPK1,2,5,2,FAM65A;S752;,0.04127495054090107
MAPK1,2,5,2,AHNAK2;S425;,0.03631410765966701
MAPK1,2,5,2,PLEC;S4249;,0.041274564754312196
MAPK1,2,5,2,PHF1;S410;,0.005897062444400233
MAPK1,2,5,2,CCDC6;S143;,0.0163285095083568
MAPK1,2,5,2,SRSF10;S131;,0.04071162451700383
MAPK1,2,5,2,ATG2A;S1246;,0.03753126174120945
MAPK1,2,5,2,RIPK2;S412;,0.04127425084176813
MAPK1,2,5,2,MURC;S20;,0.04177103822208594
MAPK1,2,5,2,SUN2;S12;,0.041586589639101196
MAPK1,2,5,2,ARHGAP22;S200;,0.0050605627665245905
MAPK1,2,5,2,RGD1308297;S518;,0.04089188400902882
MAPK1,2,5,2,PPAN;S238;,0.04127456469312487
MAPK1,2,5,2,SPAG9;S203;,0.04104894379388606
MAPK1,2,5,2,ZZEF1;S1516;,0.0021796783549208557
MAPK1,2,5,2,ZNRF2;S81;,0.04113699618421841
MAPK1,2,5,2,BICD2;S611;,0.004865015979890021
MAPK1,3,1,1,DYNC1I2;S81;,0.03468291898150986
MAPK1,3,1,1,HUWE1;S3898;,0.03351990592014902
MAPK1,3,1,1,GBF1;S1786;,0.03302079345825365
MAPK1,3,1,1,PARVA;S14;,0.03422900236855012
MAPK1,3,1,1,BCL9L;S25;,0.033883076443143395
MAPK1,3,1,1,TMEM245;S327;,0.033023955182725225
MAPK1,3,1,1,MAP1S;S683;,0.03404168310688438
MAPK1,3,1,1,CEP68;S510;,0.03404129093256238
MAPK1,3,1,1,MYOZ2;T32;,0.03381661752758345
MAPK1,3,1,1,PI4K2A;S50;,0.03520155340367219
MAPK1,3,1,1,HUWE1;T3903;,0.03498006263305553
MAPK1,3,1,1,SAMD4B;S271;,0.03494937123497328
MAPK1,3,1,1,TACC2;S575;,0.03302155211183346
MAPK1,3,1,1,DLG2;S323;,0.03301819451959629
MAPK1,3,1,1,PPP1R13L;S360;,0.033548865320398524
MAPK1,3,1,1,BRD8;S274;,0.03372664368991001
MAPK1,3,1,1,AKAP2;S152;,0.03104087049740368
MAPK1,3,1,1,ETL4;S1844;,0.03356000048198242
MAPK1,3,1,1,KDM2A;S718;,0.03327944508813638
MAPK1,3,1,1,NACA;S914;,0.032779692002275464
MAPK1,3,1,1,LIMA1;S608;,0.032106398258647084
MAPK1,3,1,1,PPP1R13L;S110;,0.033933025400474943
MAPK1,3,1,1,GIGYF1;S28;,0.03458133447543058
MAPK1,3,1,1,FHOD1;S501;,0.03307303276502179
MAPK1,3,1,1,LOC685707;S1251;,0.03227699798022042
MAPK1,3,1,1,ATXN2L;S447;,0.030122572937971683
MAPK1,3,1,1,PDXDC1;T554;,0.03197119915808891
MAPK1,3,1,1,NHSL1;T1376;,0.033026560410488646
MAPK1,3,1,1,PHF1;S415;,0.032523982747753116
MAPK1,3,1,1,PIEZO1;S1370;,0.033019400961304235
MAPK1,3,1,2,AGAP3;S107;,0.019623169948122673
MAPK1,3,1,2,RAPGEF1;S306;,0.03719650546324872
MAPK1,3,1,2,STIM2;S675;,0.03723958645468519
MAPK1,3,1,2,CAMSAP1;S1154;,0.011162185876229276
MAPK1,3,1,2,EEF2;T57;,0.03719670425067644
MAPK1,3,1,2,DOCK7;S1361;,0.03753202278976162
MAPK1,3,1,2,LMNA;S424;,0.03719642401688313
MAPK1,3,1,2,TBC1D1;S231;,0.03719728752601955
MAPK1,3,1,2,PPP1R12C;S508;,0.009534870258980055
MAPK1,3,1,2,EPS8;S659;,0.03735652128079596
MAPK1,3,1,2,CORO7;S298;,0.037212021480798205
MAPK1,3,1,2,MAP1B;S1257;,0.007499388512810497
MAPK1,3,1,2,NEK9;S16;,0.037201831261161014
MAPK1,3,1,2,MARK3;S593;,0.037364409100787394
MAPK1,3,1,2,ARFIP1;S39;,0.03719629673607669
MAPK1,3,1,2,MED1;S1465;,0.026385153811489294
MAPK1,3,1,2,LOC100910104;S532;,0.037197136057244076
MAPK1,3,1,2,SLC4A7;S1171;,0.037229539290809986
MAPK1,3,1,2,PAK1;S144;,0.037292458616883926
MAPK1,3,1,2,TTN;S305;,0.03719649044592057
MAPK1,3,1,2,SH3BP5;S420;,0.03736825779908842
MAPK1,3,1,2,BCL9L;S116;,0.03767761917412189
MAPK1,3,1,2,CDKN1B;S12;,0.0371961393073622
MAPK1,3,1,2,GAB2;S365;,0.031283994093958156
MAPK1,3,1,2,SON;S94;,0.037548045962462216
MAPK1,3,1,2,VIM;S420;,0.03722300296911968
MAPK1,3,1,2,PDS5B;S1176;,0.03755958833736351
MAPK1,3,1,2,PRRC2B;S259;,0.03719646252516439
MAPK1,3,1,2,SOX6;T401;,0.03672095938142053
MAPK1,3,1,2,COBL;S31;,0.03721592727055448
MAPK1,3,2,1,DYNC1I2;S81;,0.034285229034018296
MAPK1,3,2,1,HUWE1;S3898;,0.03342709191125867
MAPK1,3,2,1,GBF1;S1786;,0.03325858982083364
MAPK1,3,2,1,PARVA;S14;,0.03427542806573634
MAPK1,3,2,1,BCL9L;S25;,0.034301459390439624
MAPK1,3,2,1,TMEM245;S327;,0.033294935757935046
MAPK1,3,2,1,MAP1S;S683;,0.03379130170652319
MAPK1,3,2,1,CEP68;S510;,0.03373001215560038
MAPK1,3,2,1,MYOZ2;T32;,0.031867682675058455
MAPK1,3,2,1,PI4K2A;S50;,0.03454434477806404
MAPK1,3,2,1,HUWE1;T3903;,0.033203524415288004
MAPK1,3,2,1,SAMD4B;S271;,0.03438154331678141
MAPK1,3,2,1,TACC2;S575;,0.03319799134168818
MAPK1,3,2,1,DLG2;S323;,0.03388898294317493
MAPK1,3,2,1,PPP1R13L;S360;,0.03393966706355754
MAPK1,3,2,1,BRD8;S274;,0.03376774129681194
MAPK1,3,2,1,AKAP2;S152;,0.03130419692061279
MAPK1,3,2,1,ETL4;S1844;,0.03337728739774554
MAPK1,3,2,1,KDM2A;S718;,0.033294597988910365
MAPK1,3,2,1,NACA;S914;,0.033291940690943406
MAPK1,3,2,1,LIMA1;S608;,0.03329272256124745
MAPK1,3,2,1,PPP1R13L;S110;,0.03416736261168653
MAPK1,3,2,1,GIGYF1;S28;,0.033961685173473075
MAPK1,3,2,1,FHOD1;S501;,0.03356922248409389
MAPK1,3,2,1,LOC685707;S1251;,0.03367609825484815
MAPK1,3,2,1,ATXN2L;S447;,0.03328842095048088
MAPK1,3,2,1,PDXDC1;T554;,0.029706045392286575
MAPK1,3,2,1,NHSL1;T1376;,0.030946463150847037
MAPK1,3,2,1,PHF1;S415;,0.0332926097567857
MAPK1,3,2,1,PIEZO1;S1370;,0.033675820993268914
MAPK1,3,2,2,AGAP3;S107;,0.008446804464775885
MAPK1,3,2,2,RAPGEF1;S306;,0.03950413497107982
MAPK1,3,2,2,STIM2;S675;,0.03953194411904348
MAPK1,3,2,2,CAMSAP1;S1154;,0.0044689592623115585
MAPK1,3,2,2,EEF2;T57;,0.03813820981802409
MAPK1,3,2,2,DOCK7;S1361;,0.040268462390890346
MAPK1,3,2,2,LMNA;S424;,0.03950433099536662
MAPK1,3,2,2,TBC1D1;S231;,0.03950411197788645
MAPK1,3,2,2,PPP1R12C;S508;,0.003048529776805502
MAPK1,3,2,2,EPS8;S659;,0.039750398270019305
MAPK1,3,2,2,CORO7;S298;,0.03958507138547471
MAPK1,3,2,2,MAP1B;S1257;,0.0024644587496988504
MAPK1,3,2,2,NEK9;S16;,0.03913572703831416
MAPK1,3,2,2,MARK3;S593;,0.03971050373038217
MAPK1,3,2,2,ARFIP1;S39;,0.03953928796218543
MAPK1,3,2,2,MED1;S1465;,0.014748895410783835
MAPK1,3,2,2,LOC100910104;S532;,0.03950504345615211
MAPK1,3,2,2,SLC4A7;S1171;,0.039503931404248405
MAPK1,3,2,2,PAK1;S144;,0.03950302135830984
MAPK1,3,2,2,TTN;S305;,0.03950615010112298
MAPK1,3,2,2,SH3BP5;S420;,0.03991169457442073
MAPK1,3,2,2,BCL9L;S116;,0.04026050318635156
MAPK1,3,2,2,CDKN1B;S12;,0.03950331456705774
MAPK1,3,2,2,GAB2;S365;,0.01693698382040071
MAPK1,3,2,2,SON;S94;,0.04015266475170711
MAPK1,3,2,2,VIM;S420;,0.039506035658230895
MAPK1,3,2,2,PDS5B;S1176;,0.0402087349881172
MAPK1,3,2,2,PRRC2B;S259;,0.03950396793314719
MAPK1,3,2,2,SOX6;T401;,0.03914398899954255
MAPK1,3,2,2,COBL;S31;,0.039504134878148724
MAPK1,3,3,1,DYNC1I2;S81;,0.03402810108020042
MAPK1,3,3,1,HUWE1;S3898;,0.033032905558186505
MAPK1,3,3,1,GBF1;S1786;,0.03374801626114241
MAPK1,3,3,1,PARVA;S14;,0.03444701742591161
MAPK1,3,3,1,BCL9L;S25;,0.03408086598667198
MAPK1,3,3,1,TMEM245;S327;,0.03356021657690303
MAPK1,3,3,1,MAP1S;S683;,0.03360057619742032
MAPK1,3,3,1,CEP68;S510;,0.032994674439821806
MAPK1,3,3,1,MYOZ2;T32;,0.03357282862194942
MAPK1,3,3,1,PI4K2A;S50;,0.03456945895456514
MAPK1,3,3,1,HUWE1;T3903;,0.034133887787895986
MAPK1,3,3,1,SAMD4B;S271;,0.03438218834857865
MAPK1,3,3,1,TACC2;S575;,0.033561827082632424
MAPK1,3,3,1,DLG2;S323;,0.03287332878348318
MAPK1,3,3,1,PPP1R13L;S360;,0.03356027621363091
MAPK1,3,3,1,BRD8;S274;,0.033153508599318406
MAPK1,3,3,1,AKAP2;S152;,0.03048317013870222
MAPK1,3,3,1,ETL4;S1844;,0.03363439702627166
MAPK1,3,3,1,KDM2A;S718;,0.03355684877398702
MAPK1,3,3,1,NACA;S914;,0.03355682356937452
MAPK1,3,3,1,LIMA1;S608;,0.03196074564425724
MAPK1,3,3,1,PPP1R13L;S110;,0.03369066966156619
MAPK1,3,3,1,GIGYF1;S28;,0.03371760817191968
MAPK1,3,3,1,FHOD1;S501;,0.033664631428488044
MAPK1,3,3,1,LOC685707;S1251;,0.03279195733254818
MAPK1,3,3,1,ATXN2L;S447;,0.03193484179501914
MAPK1,3,3,1,PDXDC1;T554;,0.03219206948175671
MAPK1,3,3,1,NHSL1;T1376;,0.033557945862695025
MAPK1,3,3,1,PHF1;S415;,0.0327762040551061
MAPK1,3,3,1,PIEZO1;S1370;,0.03318240913999611
MAPK1,3,3,2,AGAP3;S107;,0.010963894527202646
MAPK1,3,3,2,RAPGEF1;S306;,0.038567744537281685
MAPK1,3,3,2,STIM2;S675;,0.03864671061413413
MAPK1,3,3,2,CAMSAP1;S1154;,0.0071840178277040685
MAPK1,3,3,2,EEF2;T57;,0.03856698596797924
MAPK1,3,3,2,DOCK7;S1361;,0.03897977435422313
MAPK1,3,3,2,LMNA;S424;,0.03856747716921698
MAPK1,3,3,2,TBC1D1;S231;,0.03856139770367184
MAPK1,3,3,2,PPP1R12C;S508;,0.005547165773990673
MAPK1,3,3,2,EPS8;S659;,0.038838820739390635
MAPK1,3,3,2,CORO7;S298;,0.038581123022187386
MAPK1,3,3,2,MAP1B;S1257;,0.004135672562273651
MAPK1,3,3,2,NEK9;S16;,0.03859656512326562
MAPK1,3,3,2,MARK3;S593;,0.03858483164826215
MAPK1,3,3,2,ARFIP1;S39;,0.03856747736871901
MAPK1,3,3,2,MED1;S1465;,0.019958267275981677
MAPK1,3,3,2,LOC100910104;S532;,0.03856673787061318
MAPK1,3,3,2,SLC4A7;S1171;,0.038633502863762624
MAPK1,3,3,2,PAK1;S144;,0.03856830660142148
MAPK1,3,3,2,TTN;S305;,0.03856668712165171
MAPK1,3,3,2,SH3BP5;S420;,0.0388296071655364
MAPK1,3,3,2,BCL9L;S116;,0.039124779242696105
MAPK1,3,3,2,CDKN1B;S12;,0.03817900224437418
MAPK1,3,3,2,GAB2;S365;,0.025378837495481938
MAPK1,3,3,2,SON;S94;,0.03902346908939697
MAPK1,3,3,2,VIM;S420;,0.038628044815731684
MAPK1,3,3,2,PDS5B;S1176;,0.03907437205559879
MAPK1,3,3,2,PRRC2B;S259;,0.038568599830740714
MAPK1,3,3,2,SOX6;T401;,0.0374070669223584
MAPK1,3,3,2,COBL;S31;,0.03860306046515122
MAPK1,3,4,1,DYNC1I2;S81;,0.034613112014332904
MAPK1,3,4,1,HUWE1;S3898;,0.03372844734344031
MAPK1,3,4,1,GBF1;S1786;,0.03366399176039324
MAPK1,3,4,1,PARVA;S14;,0.03444281525766643
MAPK1,3,4,1,BCL9L;S25;,0.03424930685066356
MAPK1,3,4,1,TMEM245;S327;,0.032957213043253795
MAPK1,3,4,1,MAP1S;S683;,0.034317646678938295
MAPK1,3,4,1,CEP68;S510;,0.0342758486295692
MAPK1,3,4,1,MYOZ2;T32;,0.03131205165077562
MAPK1,3,4,1,PI4K2A;S50;,0.034790451465709506
MAPK1,3,4,1,HUWE1;T3903;,0.03307691579066944
MAPK1,3,4,1,SAMD4B;S271;,0.034867660493408434
MAPK1,3,4,1,TACC2;S575;,0.03366404949632012
MAPK1,3,4,1,DLG2;S323;,0.03366367298791416
MAPK1,3,4,1,PPP1R13L;S360;,0.034211670894912886
MAPK1,3,4,1,BRD8;S274;,0.034132211834999024
MAPK1,3,4,1,AKAP2;S152;,0.03242899987227937
MAPK1,3,4,1,ETL4;S1844;,0.03424733846769169
MAPK1,3,4,1,KDM2A;S718;,0.033663999586038294
MAPK1,3,4,1,NACA;S914;,0.03366284991355952
MAPK1,3,4,1,LIMA1;S608;,0.033189067766683455
MAPK1,3,4,1,PPP1R13L;S110;,0.03399267323761189
MAPK1,3,4,1,GIGYF1;S28;,0.03458699653912942
MAPK1,3,4,1,FHOD1;S501;,0.03417492248227732
MAPK1,3,4,1,LOC685707;S1251;,0.03334596954287595
MAPK1,3,4,1,ATXN2L;S447;,0.0321641786659361
MAPK1,3,4,1,PDXDC1;T554;,0.02611810640029905
MAPK1,3,4,1,NHSL1;T1376;,0.028858818870423797
MAPK1,3,4,1,PHF1;S415;,0.033663196041871915
MAPK1,3,4,1,PIEZO1;S1370;,0.033935816420355217
MAPK1,3,4,2,AGAP3;S107;,0.010347949957180993
MAPK1,3,4,2,RAPGEF1;S306;,0.038503671258744473
MAPK1,3,4,2,STIM2;S675;,0.038511476486308975
MAPK1,3,4,2,CAMSAP1;S1154;,0.0069668897152065845
MAPK1,3,4,2,EEF2;T57;,0.03726361064469808
MAPK1,3,4,2,DOCK7;S1361;,0.03920098966933426
MAPK1,3,4,2,LMNA;S424;,0.038011236832190806
MAPK1,3,4,2,TBC1D1;S231;,0.038505160491181065
MAPK1,3,4,2,PPP1R12C;S508;,0.0046387082637026796
MAPK1,3,4,2,EPS8;S659;,0.03878961971814761
MAPK1,3,4,2,CORO7;S298;,0.03856675084000573
MAPK1,3,4,2,MAP1B;S1257;,0.003951358912365338
MAPK1,3,4,2,NEK9;S16;,0.03816906596279535
MAPK1,3,4,2,MARK3;S593;,0.038778198582171325
MAPK1,3,4,2,ARFIP1;S39;,0.03854405180749683
MAPK1,3,4,2,MED1;S1465;,0.019694403649794003
MAPK1,3,4,2,LOC100910104;S532;,0.03850384758805443
MAPK1,3,4,2,SLC4A7;S1171;,0.038503944091220495
MAPK1,3,4,2,PAK1;S144;,0.038503117060880464
MAPK1,3,4,2,TTN;S305;,0.038456359608438725
MAPK1,3,4,2,SH3BP5;S420;,0.03882907842007353
MAPK1,3,4,2,BCL9L;S116;,0.03925566710104013
MAPK1,3,4,2,CDKN1B;S12;,0.038504594618465185
MAPK1,3,4,2,GAB2;S365;,0.02874117371884284
MAPK1,3,4,2,SON;S94;,0.03911616044384666
MAPK1,3,4,2,VIM;S420;,0.03847073918219324
MAPK1,3,4,2,PDS5B;S1176;,0.03916125224675962
MAPK1,3,4,2,PRRC2B;S259;,0.03850382827854289
MAPK1,3,4,2,SOX6;T401;,0.038503266644542344
MAPK1,3,4,2,COBL;S31;,0.03850382820577554
MAPK1,3,5,1,DYNC1I2;S81;,0.03390057018022184
MAPK1,3,5,1,HUWE1;S3898;,0.033764373231114024
MAPK1,3,5,1,GBF1;S1786;,0.033111454235549585
MAPK1,3,5,1,PARVA;S14;,0.03416893224906036
MAPK1,3,5,1,BCL9L;S25;,0.03389383171125335
MAPK1,3,5,1,TMEM245;S327;,0.03328888842453041
MAPK1,3,5,1,MAP1S;S683;,0.03332913325111885
MAPK1,3,5,1,CEP68;S510;,0.03416800447769503
MAPK1,3,5,1,MYOZ2;T32;,0.03329185635879474
MAPK1,3,5,1,PI4K2A;S50;,0.03433828016108731
MAPK1,3,5,1,HUWE1;T3903;,0.03413218339842542
MAPK1,3,5,1,SAMD4B;S271;,0.03436131183269774
MAPK1,3,5,1,TACC2;S575;,0.03328874891876802
MAPK1,3,5,1,DLG2;S323;,0.03328800341897014
MAPK1,3,5,1,PPP1R13L;S360;,0.034054675771470505
MAPK1,3,5,1,BRD8;S274;,0.034232165548404934
MAPK1,3,5,1,AKAP2;S152;,0.02958198851644467
MAPK1,3,5,1,ETL4;S1844;,0.03366757005119126
MAPK1,3,5,1,KDM2A;S718;,0.03292609041176313
MAPK1,3,5,1,NACA;S914;,0.033160231343681144
MAPK1,3,5,1,LIMA1;S608;,0.03328834764717533
MAPK1,3,5,1,PPP1R13L;S110;,0.033825881440260594
MAPK1,3,5,1,GIGYF1;S28;,0.0344286035173542
MAPK1,3,5,1,FHOD1;S501;,0.034152152885705375
MAPK1,3,5,1,LOC685707;S1251;,0.032873707121422034
MAPK1,3,5,1,ATXN2L;S447;,0.031219949246753493
MAPK1,3,5,1,PDXDC1;T554;,0.030954127179583398
MAPK1,3,5,1,NHSL1;T1376;,0.03240756862149679
MAPK1,3,5,1,PHF1;S415;,0.03325835223417661
MAPK1,3,5,1,PIEZO1;S1370;,0.03364301661382991
MAPK1,3,5,2,AGAP3;S107;,0.01202616362724941
MAPK1,3,5,2,RAPGEF1;S306;,0.03794332148878639
MAPK1,3,5,2,STIM2;S675;,0.0379748414523967
MAPK1,3,5,2,CAMSAP1;S1154;,0.008054469001897699
MAPK1,3,5,2,EEF2;T57;,0.0379269349945889
MAPK1,3,5,2,DOCK7;S1361;,0.03831890452219082
MAPK1,3,5,2,LMNA;S424;,0.03792688360506713
MAPK1,3,5,2,TBC1D1;S231;,0.03786215710151739
MAPK1,3,5,2,PPP1R12C;S508;,0.0036984549937882616
MAPK1,3,5,2,EPS8;S659;,0.038081827691480344
MAPK1,3,5,2,CORO7;S298;,0.03791451122390605
MAPK1,3,5,2,MAP1B;S1257;,0.0036671211019077958
MAPK1,3,5,2,NEK9;S16;,0.03797242777910055
MAPK1,3,5,2,MARK3;S593;,0.03814367757321476
MAPK1,3,5,2,ARFIP1;S39;,0.03792733460818491
MAPK1,3,5,2,MED1;S1465;,0.026189444834496797
MAPK1,3,5,2,LOC100910104;S532;,0.037611121520672655
MAPK1,3,5,2,SLC4A7;S1171;,0.0379759719084987
MAPK1,3,5,2,PAK1;S144;,0.03792706300827535
MAPK1,3,5,2,TTN;S305;,0.0378640796928907
MAPK1,3,5,2,SH3BP5;S420;,0.03813370359682695
MAPK1,3,5,2,BCL9L;S116;,0.03843468248548504
MAPK1,3,5,2,CDKN1B;S12;,0.03778262760701057
MAPK1,3,5,2,GAB2;S365;,0.03519529360199995
MAPK1,3,5,2,SON;S94;,0.03843433173547843
MAPK1,3,5,2,VIM;S420;,0.03796335986309395
MAPK1,3,5,2,PDS5B;S1176;,0.03843424935190501
MAPK1,3,5,2,PRRC2B;S259;,0.03792715939277827
MAPK1,3,5,2,SOX6;T401;,0.03671042855698242
MAPK1,3,5,2,COBL;S31;,0.037977452078328214
MAPK1,4,1,1,DYNC1I2;S81;,0.036099138263836004
MAPK1,4,1,1,HUWE1;S3898;,0.03340163443774404
MAPK1,4,1,1,GBF1;S1786;,0.03367064982953332
MAPK1,4,1,1,PARVA;S14;,0.03426152851350079
MAPK1,4,1,1,BCL9L;S25;,0.03417758114834657
MAPK1,4,1,1,TMEM245;S327;,0.033403825202664515
MAPK1,4,1,1,MAP1S;S683;,0.034820567391126316
MAPK1,4,1,1,CEP68;S510;,0.03340186364666213
MAPK1,4,1,1,MYOZ2;T32;,0.033400704529143954
MAPK1,4,1,1,PI4K2A;S50;,0.035283250201664555
MAPK1,4,1,1,HUWE1;T3903;,0.03487396100530515
MAPK1,4,1,1,SAMD4B;S271;,0.03586369548325655
MAPK1,4,1,1,TACC2;S575;,0.03340359254359362
MAPK1,4,1,1,DLG2;S323;,0.03339908361550434
MAPK1,4,1,1,PPP1R13L;S360;,0.03438192786608686
MAPK1,4,1,1,BRD8;S274;,0.033405437317907266
MAPK1,4,1,1,AKAP2;S152;,0.029689772463041966
MAPK1,4,1,1,ETL4;S1844;,0.03340166858834913
MAPK1,4,1,1,KDM2A;S718;,0.03340522523704453
MAPK1,4,1,1,NACA;S914;,0.030651007577312483
MAPK1,4,1,1,LIMA1;S608;,0.03263817944876515
MAPK1,4,1,1,PPP1R13L;S110;,0.034864054679659
MAPK1,4,1,1,GIGYF1;S28;,0.03370933860270751
MAPK1,4,1,1,FHOD1;S501;,0.03340679056127441
MAPK1,4,1,1,LOC685707;S1251;,0.033363828701881176
MAPK1,4,1,1,ATXN2L;S447;,0.029818961918131374
MAPK1,4,1,1,PDXDC1;T554;,0.029259990631307003
MAPK1,4,1,1,NHSL1;T1376;,0.03240381270584869
MAPK1,4,1,1,PHF1;S415;,0.032434959707091086
MAPK1,4,1,1,PIEZO1;S1370;,0.033703968181710446
MAPK1,4,1,2,CIC;S1394;,0.03748329964412403
MAPK1,4,1,2,CACNB1;S53;,0.03726870110815946
MAPK1,4,1,2,LOC312502;S138;,0.037231637335308265
MAPK1,4,1,2,UBA5;S380;,0.037373777122167696
MAPK1,4,1,2,LOC312502;S483;,0.022365967234716736
MAPK1,4,1,2,RB1CC1;S243;,0.024175281140777594
MAPK1,4,1,2,RPS6KB1;S404;,0.03723059537041338
MAPK1,4,1,2,RFX7;S1177;,0.03737403000935756
MAPK1,4,1,2,MAP1B;T1781;,0.037230847255992884
MAPK1,4,1,2,TTN;S305;,0.037230808122135584
MAPK1,4,1,2,SLC4A7;S263;,0.037230950285145024
MAPK1,4,1,2,PHF1;S410;,0.015322567663725483
MAPK1,4,1,2,NES;S1123;,0.037483291641497246
MAPK1,4,1,2,AKAP11;S21;,0.037333253580053676
MAPK1,4,1,2,RGD1311783;S45;,0.03723088825263528
MAPK1,4,1,2,MAPK1;Y185;,0.03723084623814288
MAPK1,4,1,2,STMN1;S38;,0.008845945632856678
MAPK1,4,1,2,CDKN1A;S69;,0.03516017401700745
MAPK1,4,1,2,RGD1566017;S802;,0.037483124956848746
MAPK1,4,1,2,SMCR8;S486;,0.03723986801559421
MAPK1,4,1,2,KANK2;S358;,0.037483460483220175
MAPK1,4,1,2,ARHGAP5;S1202;,0.025836489732778783
MAPK1,4,1,2,VAPA;S164;,0.037233903069680725
MAPK1,4,1,2,DNAJC2;T48;,0.03723046680518484
MAPK1,4,1,2,RUFY1;S50;,0.03371412373802464
MAPK1,4,1,2,AHNAK;S5243;,0.025795398221495413
MAPK1,4,1,2,DUSP27;S427;,0.037370966998678416
MAPK1,4,1,2,RPS6KA4;S681;,0.03737201068396335
MAPK1,4,1,2,EHD4;S459;,0.025178943946580105
MAPK1,4,1,2,DCLK1;S30;,0.037258381693733605
MAPK1,4,2,1,DYNC1I2;S81;,0.035231340226882985
MAPK1,4,2,1,HUWE1;S3898;,0.0343014688754299
MAPK1,4,2,1,GBF1;S1786;,0.033970072808262856
MAPK1,4,2,1,PARVA;S14;,0.035736270672685685
MAPK1,4,2,1,BCL9L;S25;,0.03490745468629225
MAPK1,4,2,1,TMEM245;S327;,0.034301895212833604
MAPK1,4,2,1,MAP1S;S683;,0.033423086637939615
MAPK1,4,2,1,CEP68;S510;,0.0348061128039001
MAPK1,4,2,1,MYOZ2;T32;,0.033600437708728906
MAPK1,4,2,1,PI4K2A;S50;,0.03529387130918053
MAPK1,4,2,1,HUWE1;T3903;,0.03430278618092456
MAPK1,4,2,1,SAMD4B;S271;,0.035793588157761014
MAPK1,4,2,1,TACC2;S575;,0.0343024623292763
MAPK1,4,2,1,DLG2;S323;,0.03326528801721234
MAPK1,4,2,1,PPP1R13L;S360;,0.034300752737417506
MAPK1,4,2,1,BRD8;S274;,0.034462942529363015
MAPK1,4,2,1,AKAP2;S152;,0.029157605043157203
MAPK1,4,2,1,ETL4;S1844;,0.03430092202936375
MAPK1,4,2,1,KDM2A;S718;,0.03070188423766547
MAPK1,4,2,1,NACA;S914;,0.03149012038266689
MAPK1,4,2,1,LIMA1;S608;,0.03429833386474629
MAPK1,4,2,1,PPP1R13L;S110;,0.0352729144997287
MAPK1,4,2,1,GIGYF1;S28;,0.03506071447631742
MAPK1,4,2,1,FHOD1;S501;,0.03533305315037911
MAPK1,4,2,1,LOC685707;S1251;,0.03281052599923523
MAPK1,4,2,1,ATXN2L;S447;,0.03070560296482102
MAPK1,4,2,1,PDXDC1;T554;,0.02213229414070149
MAPK1,4,2,1,NHSL1;T1376;,0.031063515235898703
MAPK1,4,2,1,PHF1;S415;,0.031003087422748817
MAPK1,4,2,1,PIEZO1;S1370;,0.03466959565847861
MAPK1,4,2,2,CIC;S1394;,0.03859476336991777
MAPK1,4,2,2,CACNB1;S53;,0.03833093783035451
MAPK1,4,2,2,LOC312502;S138;,0.038330632837123325
MAPK1,4,2,2,UBA5;S380;,0.038594653467790604
MAPK1,4,2,2,LOC312502;S483;,0.0197392255763746
MAPK1,4,2,2,RB1CC1;S243;,0.016461057247368023
MAPK1,4,2,2,RPS6KB1;S404;,0.038326686660802266
MAPK1,4,2,2,RFX7;S1177;,0.03859516394992601
MAPK1,4,2,2,MAP1B;T1781;,0.03832697142623706
MAPK1,4,2,2,TTN;S305;,0.03832667754955362
MAPK1,4,2,2,SLC4A7;S263;,0.03832691717227079
MAPK1,4,2,2,PHF1;S410;,0.004355224813601187
MAPK1,4,2,2,NES;S1123;,0.038595036190439726
MAPK1,4,2,2,AKAP11;S21;,0.03859466511779368
MAPK1,4,2,2,RGD1311783;S45;,0.03832692867941229
MAPK1,4,2,2,MAPK1;Y185;,0.03832684146200666
MAPK1,4,2,2,STMN1;S38;,0.002318043899824142
MAPK1,4,2,2,CDKN1A;S69;,0.03695544509727275
MAPK1,4,2,2,RGD1566017;S802;,0.03859481807741962
MAPK1,4,2,2,SMCR8;S486;,0.03833008037243904
MAPK1,4,2,2,KANK2;S358;,0.038594769513915585
MAPK1,4,2,2,ARHGAP5;S1202;,0.017703249518822538
MAPK1,4,2,2,VAPA;S164;,0.03832722827852622
MAPK1,4,2,2,DNAJC2;T48;,0.038326971372316596
MAPK1,4,2,2,RUFY1;S50;,0.03804851596300083
MAPK1,4,2,2,AHNAK;S5243;,0.02569487623098638
MAPK1,4,2,2,DUSP27;S427;,0.038595043497566255
MAPK1,4,2,2,RPS6KA4;S681;,0.038475672532342124
MAPK1,4,2,2,EHD4;S459;,0.03154850177475244
MAPK1,4,2,2,DCLK1;S30;,0.03833440051984336
MAPK1,4,3,1,DYNC1I2;S81;,0.035433065279604894
MAPK1,4,3,1,HUWE1;S3898;,0.03378933678630742
MAPK1,4,3,1,GBF1;S1786;,0.03360673397857087
MAPK1,4,3,1,PARVA;S14;,0.03514579635975765
MAPK1,4,3,1,BCL9L;S25;,0.03501455048014638
MAPK1,4,3,1,TMEM245;S327;,0.033788411756623206
MAPK1,4,3,1,MAP1S;S683;,0.033788240091445515
MAPK1,4,3,1,CEP68;S510;,0.03387864035366227
MAPK1,4,3,1,MYOZ2;T32;,0.03455153563174326
MAPK1,4,3,1,PI4K2A;S50;,0.03524155328431697
MAPK1,4,3,1,HUWE1;T3903;,0.03525843811797296
MAPK1,4,3,1,SAMD4B;S271;,0.035344048725720285
MAPK1,4,3,1,TACC2;S575;,0.03266696520168087
MAPK1,4,3,1,DLG2;S323;,0.03412872677991356
MAPK1,4,3,1,PPP1R13L;S360;,0.03498584804946927
MAPK1,4,3,1,BRD8;S274;,0.033789059747475945
MAPK1,4,3,1,AKAP2;S152;,0.017694619513624013
MAPK1,4,3,1,ETL4;S1844;,0.032544232554150766
MAPK1,4,3,1,KDM2A;S718;,0.03280262334484546
MAPK1,4,3,1,NACA;S914;,0.031064907381091796
MAPK1,4,3,1,LIMA1;S608;,0.033203099061704634
MAPK1,4,3,1,PPP1R13L;S110;,0.034824413442648375
MAPK1,4,3,1,GIGYF1;S28;,0.034629195431988335
MAPK1,4,3,1,FHOD1;S501;,0.033827834149069834
MAPK1,4,3,1,LOC685707;S1251;,0.03313103757786932
MAPK1,4,3,1,ATXN2L;S447;,0.03213811308374286
MAPK1,4,3,1,PDXDC1;T554;,0.032462895910272065
MAPK1,4,3,1,NHSL1;T1376;,0.03378536419848302
MAPK1,4,3,1,PHF1;S415;,0.03310221762524644
MAPK1,4,3,1,PIEZO1;S1370;,0.03437849610085191
MAPK1,4,3,2,CIC;S1394;,0.0371414464232368
MAPK1,4,3,2,CACNB1;S53;,0.036998948692251864
MAPK1,4,3,2,LOC312502;S138;,0.03691045760547375
MAPK1,4,3,2,UBA5;S380;,0.03714146528061961
MAPK1,4,3,2,LOC312502;S483;,0.03262211231373351
MAPK1,4,3,2,RB1CC1;S243;,0.025030385154577266
MAPK1,4,3,2,RPS6KB1;S404;,0.036912740688911067
MAPK1,4,3,2,RFX7;S1177;,0.03714147753561831
MAPK1,4,3,2,MAP1B;T1781;,0.036912976140353604
MAPK1,4,3,2,TTN;S305;,0.03691247596792328
MAPK1,4,3,2,SLC4A7;S263;,0.03691291487937406
MAPK1,4,3,2,PHF1;S410;,0.01631155017344366
MAPK1,4,3,2,NES;S1123;,0.03714141107965499
MAPK1,4,3,2,AKAP11;S21;,0.037141410221959124
MAPK1,4,3,2,RGD1311783;S45;,0.036885720215624855
MAPK1,4,3,2,MAPK1;Y185;,0.03581652521539012
MAPK1,4,3,2,STMN1;S38;,0.002172564560205074
MAPK1,4,3,2,CDKN1A;S69;,0.03656071506282682
MAPK1,4,3,2,RGD1566017;S802;,0.03714142974282619
MAPK1,4,3,2,SMCR8;S486;,0.03691307036296031
MAPK1,4,3,2,KANK2;S358;,0.03714147390746001
MAPK1,4,3,2,ARHGAP5;S1202;,0.02660512342201073
MAPK1,4,3,2,VAPA;S164;,0.03689909384911919
MAPK1,4,3,2,DNAJC2;T48;,0.03691293325922923
MAPK1,4,3,2,RUFY1;S50;,0.03676857178266565
MAPK1,4,3,2,AHNAK;S5243;,0.022073906090485058
MAPK1,4,3,2,DUSP27;S427;,0.03714144096523716
MAPK1,4,3,2,RPS6KA4;S681;,0.037141255809701186
MAPK1,4,3,2,EHD4;S459;,0.025713676439658148
MAPK1,4,3,2,DCLK1;S30;,0.036880727157469435
MAPK1,4,4,1,DYNC1I2;S81;,0.034671519813949475
MAPK1,4,4,1,HUWE1;S3898;,0.03356912368173773
MAPK1,4,4,1,GBF1;S1786;,0.03357065733799874
MAPK1,4,4,1,PARVA;S14;,0.03491673650323377
MAPK1,4,4,1,BCL9L;S25;,0.03356394044412585
MAPK1,4,4,1,TMEM245;S327;,0.03378004971092214
MAPK1,4,4,1,MAP1S;S683;,0.03369994429140154
MAPK1,4,4,1,CEP68;S510;,0.03357014880673863
MAPK1,4,4,1,MYOZ2;T32;,0.034006155184611746
MAPK1,4,4,1,PI4K2A;S50;,0.03453731104729068
MAPK1,4,4,1,HUWE1;T3903;,0.034404928183883125
MAPK1,4,4,1,SAMD4B;S271;,0.03495074941748819
MAPK1,4,4,1,TACC2;S575;,0.03336488549419287
MAPK1,4,4,1,DLG2;S323;,0.03273694810085277
MAPK1,4,4,1,PPP1R13L;S360;,0.03357157323112369
MAPK1,4,4,1,BRD8;S274;,0.033674163968834915
MAPK1,4,4,1,AKAP2;S152;,0.03314768914029546
MAPK1,4,4,1,ETL4;S1844;,0.03356983763493781
MAPK1,4,4,1,KDM2A;S718;,0.0329304236651852
MAPK1,4,4,1,NACA;S914;,0.03129356861826927
MAPK1,4,4,1,LIMA1;S608;,0.03357116509833639
MAPK1,4,4,1,PPP1R13L;S110;,0.03492331597866633
MAPK1,4,4,1,GIGYF1;S28;,0.03391555154035813
MAPK1,4,4,1,FHOD1;S501;,0.03361520978260918
MAPK1,4,4,1,LOC685707;S1251;,0.032697807874448134
MAPK1,4,4,1,ATXN2L;S447;,0.0286107668805729
MAPK1,4,4,1,PDXDC1;T554;,0.03046409064012003
MAPK1,4,4,1,NHSL1;T1376;,0.03297318988771853
MAPK1,4,4,1,PHF1;S415;,0.03213045285413366
MAPK1,4,4,1,PIEZO1;S1370;,0.033568095185963154
MAPK1,4,4,2,CIC;S1394;,0.03868154306936294
MAPK1,4,4,2,CACNB1;S53;,0.038554038582686
MAPK1,4,4,2,LOC312502;S138;,0.0385543258900639
MAPK1,4,4,2,UBA5;S380;,0.03868132957120791
MAPK1,4,4,2,LOC312502;S483;,0.014816035285667195
MAPK1,4,4,2,RB1CC1;S243;,0.018908433424679252
MAPK1,4,4,2,RPS6KB1;S404;,0.038466617219092815
MAPK1,4,4,2,RFX7;S1177;,0.03868149111626392
MAPK1,4,4,2,MAP1B;T1781;,0.03855422675806451
MAPK1,4,4,2,TTN;S305;,0.03855432248658795
MAPK1,4,4,2,SLC4A7;S263;,0.038554298346593636
MAPK1,4,4,2,PHF1;S410;,0.005940738786639426
MAPK1,4,4,2,NES;S1123;,0.038681466089604204
MAPK1,4,4,2,AKAP11;S21;,0.0386810839927207
MAPK1,4,4,2,RGD1311783;S45;,0.03855500545182889
MAPK1,4,4,2,MAPK1;Y185;,0.03855410564719327
MAPK1,4,4,2,STMN1;S38;,0.0029362239802451285
MAPK1,4,4,2,CDKN1A;S69;,0.03483894242897739
MAPK1,4,4,2,RGD1566017;S802;,0.03868157148297869
MAPK1,4,4,2,SMCR8;S486;,0.03856880170049172
MAPK1,4,4,2,KANK2;S358;,0.03868146066837236
MAPK1,4,4,2,ARHGAP5;S1202;,0.023966993090573964
MAPK1,4,4,2,VAPA;S164;,0.03856436194400297
MAPK1,4,4,2,DNAJC2;T48;,0.038470549593338434
MAPK1,4,4,2,RUFY1;S50;,0.037539450042306736
MAPK1,4,4,2,AHNAK;S5243;,0.03142664078127854
MAPK1,4,4,2,DUSP27;S427;,0.03868111322828564
MAPK1,4,4,2,RPS6KA4;S681;,0.03868144303230346
MAPK1,4,4,2,EHD4;S459;,0.018862113087878187
MAPK1,4,4,2,DCLK1;S30;,0.038681273220710154
MAPK1,4,5,1,DYNC1I2;S81;,0.03455199086261689
MAPK1,4,5,1,HUWE1;S3898;,0.033211285626025086
MAPK1,4,5,1,GBF1;S1786;,0.033144818505006314
MAPK1,4,5,1,PARVA;S14;,0.033411864443894324
MAPK1,4,5,1,BCL9L;S25;,0.033755564644909364
MAPK1,4,5,1,TMEM245;S327;,0.03302107057799667
MAPK1,4,5,1,MAP1S;S683;,0.03426969441314071
MAPK1,4,5,1,CEP68;S510;,0.03319120280260295
MAPK1,4,5,1,MYOZ2;T32;,0.03302302423937602
MAPK1,4,5,1,PI4K2A;S50;,0.03464582701335973
MAPK1,4,5,1,HUWE1;T3903;,0.03389243632883881
MAPK1,4,5,1,SAMD4B;S271;,0.03463181076891372
MAPK1,4,5,1,TACC2;S575;,0.03255312488717077
MAPK1,4,5,1,DLG2;S323;,0.03328286086677071
MAPK1,4,5,1,PPP1R13L;S360;,0.03316583951970909
MAPK1,4,5,1,BRD8;S274;,0.03301998222902977
MAPK1,4,5,1,AKAP2;S152;,0.033021070908720314
MAPK1,4,5,1,ETL4;S1844;,0.03374170310942628
MAPK1,4,5,1,KDM2A;S718;,0.03386524298142744
MAPK1,4,5,1,NACA;S914;,0.03256221766524588
MAPK1,4,5,1,LIMA1;S608;,0.03222547828850406
MAPK1,4,5,1,PPP1R13L;S110;,0.03409090133378088
MAPK1,4,5,1,GIGYF1;S28;,0.033426651933508446
MAPK1,4,5,1,FHOD1;S501;,0.03312468597385394
MAPK1,4,5,1,LOC685707;S1251;,0.03301927512847369
MAPK1,4,5,1,ATXN2L;S447;,0.03218802049536976
MAPK1,4,5,1,PDXDC1;T554;,0.032504495553132805
MAPK1,4,5,1,NHSL1;T1376;,0.03302166790790455
MAPK1,4,5,1,PHF1;S415;,0.03301917303737905
MAPK1,4,5,1,PIEZO1;S1370;,0.03341701795391185
MAPK1,4,5,2,CIC;S1394;,0.04197885511466622
MAPK1,4,5,2,CACNB1;S53;,0.04166819255680527
MAPK1,4,5,2,LOC312502;S138;,0.04166787049970828
MAPK1,4,5,2,UBA5;S380;,0.04172241838793767
MAPK1,4,5,2,LOC312502;S483;,0.010304837381090252
MAPK1,4,5,2,RB1CC1;S243;,0.015000307225823139
MAPK1,4,5,2,RPS6KB1;S404;,0.04166752408848524
MAPK1,4,5,2,RFX7;S1177;,0.04158906983326046
MAPK1,4,5,2,MAP1B;T1781;,0.035957321506558726
MAPK1,4,5,2,TTN;S305;,0.04148629720075394
MAPK1,4,5,2,SLC4A7;S263;,0.04156263810008049
MAPK1,4,5,2,PHF1;S410;,0.006799717803670003
MAPK1,4,5,2,NES;S1123;,0.04170177410937081
MAPK1,4,5,2,AKAP11;S21;,0.041500741612027464
MAPK1,4,5,2,RGD1311783;S45;,0.0416683638556721
MAPK1,4,5,2,MAPK1;Y185;,0.04166732155717113
MAPK1,4,5,2,STMN1;S38;,0.0034661687619788745
MAPK1,4,5,2,CDKN1A;S69;,0.03335139932166053
MAPK1,4,5,2,RGD1566017;S802;,0.04181481772243839
MAPK1,4,5,2,SMCR8;S486;,0.041668281096303876
MAPK1,4,5,2,KANK2;S358;,0.04195417505021155
MAPK1,4,5,2,ARHGAP5;S1202;,0.010153755554324712
MAPK1,4,5,2,VAPA;S164;,0.04153473507555631
MAPK1,4,5,2,DNAJC2;T48;,0.03907303704004899
MAPK1,4,5,2,RUFY1;S50;,0.021847648388987388
MAPK1,4,5,2,AHNAK;S5243;,0.01851803656519509
MAPK1,4,5,2,DUSP27;S427;,0.04173360883905068
MAPK1,4,5,2,RPS6KA4;S681;,0.04166772069473463
MAPK1,4,5,2,EHD4;S459;,0.01437116369460092
MAPK1,4,5,2,DCLK1;S30;,0.040902201361827116
MAPK1,5,1,1,DYNC1I2;S81;,0.03702301948405558
MAPK1,5,1,1,HUWE1;S3898;,0.03414832959770806
MAPK1,5,1,1,GBF1;S1786;,0.034324707067912484
MAPK1,5,1,1,PARVA;S14;,0.03583760090223985
MAPK1,5,1,1,BCL9L;S25;,0.03456850173201
MAPK1,5,1,1,TMEM245;S327;,0.034963145397117056
MAPK1,5,1,1,MAP1S;S683;,0.03546192273428178
MAPK1,5,1,1,CEP68;S510;,0.034151418388040776
MAPK1,5,1,1,MYOZ2;T32;,0.031111251264302957
MAPK1,5,1,1,PI4K2A;S50;,0.03685456235561474
MAPK1,5,1,1,HUWE1;T3903;,0.034151159328939286
MAPK1,5,1,1,SAMD4B;S271;,0.037073597764882414
MAPK1,5,1,1,TACC2;S575;,0.03364615309811157
MAPK1,5,1,1,DLG2;S323;,0.03415015091629575
MAPK1,5,1,1,PPP1R13L;S360;,0.03505100144468298
MAPK1,5,1,1,BRD8;S274;,0.03297792337713379
MAPK1,5,1,1,AKAP2;S152;,0.029950054461455582
MAPK1,5,1,1,ETL4;S1844;,0.034148943252878476
MAPK1,5,1,1,KDM2A;S718;,0.0318267357214934
MAPK1,5,1,1,NACA;S914;,0.0267386112227704
MAPK1,5,1,1,LIMA1;S608;,0.03175765680374586
MAPK1,5,1,1,PPP1R13L;S110;,0.035968016901812706
MAPK1,5,1,1,GIGYF1;S28;,0.03414665659098511
MAPK1,5,1,1,FHOD1;S501;,0.03435907577558772
MAPK1,5,1,1,LOC685707;S1251;,0.033887521763379856
MAPK1,5,1,1,ATXN2L;S447;,0.031457075154622836
MAPK1,5,1,1,PDXDC1;T554;,0.02423184230964195
MAPK1,5,1,1,NHSL1;T1376;,0.03133302390175625
MAPK1,5,1,1,PHF1;S415;,0.03055013596124733
MAPK1,5,1,1,PIEZO1;S1370;,0.03415020532529349
MAPK1,5,1,2,EIF4B;S425;,0.040337728068269844
MAPK1,5,1,2,GAB2;S143;,0.024772591570315562
MAPK1,5,1,2,CHD8;S549;,0.039921373199626055
MAPK1,5,1,2,FOSL2;S320;,0.03223275254916642
MAPK1,5,1,2,STARD13;S334;,0.030306951823040135
MAPK1,5,1,2,MAP1A;S1757;,0.039920385811225784
MAPK1,5,1,2,AHNAK;T4049;,0.03992211672186828
MAPK1,5,1,2,PHLDB1;S534;,0.039920089829313186
MAPK1,5,1,2,ARHGEF5;S721;,0.04048132370966073
MAPK1,5,1,2,GATAD2A;S103;,0.03992137330382911
MAPK1,5,1,2,CHAMP1;S532;,0.006816395089285775
MAPK1,5,1,2,UBE2O;S835;,0.013941016401609583
MAPK1,5,1,2,PDLIM7;T215;,0.019369108406328366
MAPK1,5,1,2,UBE4B;S88;,0.036579438161640956
MAPK1,5,1,2,MAP4K4;S591;,0.040224398224696666
MAPK1,5,1,2,TENC1;T996;,0.03992214098475891
MAPK1,5,1,2,SH3BP5;S420;,0.039920894457547464
MAPK1,5,1,2,PSMC3;S12;,0.02696741793981645
MAPK1,5,1,2,TNKS1BP1;S1642;,0.040334508665128
MAPK1,5,1,2,GSK3B;S9;,0.04028723269765522
MAPK1,5,1,2,AHNAK;S222;,0.03992100186946066
MAPK1,5,1,2,LIMA1;S703;,0.021897789409664803
MAPK1,5,1,2,ZNRF2;S154;,0.027105504642371558
MAPK1,5,1,2,EHD4;S459;,0.031667635642312376
MAPK1,5,1,2,STAT3;S727;,0.02987736945736026
MAPK1,5,1,2,ZC3H13;S368;,0.03992086391678958
MAPK1,5,1,2,SOX6;S402;,0.016329009039777038
MAPK1,5,1,2,NDRG2;T334;,0.04034417776648794
MAPK1,5,1,2,HUWE1;S1876;,0.04044611993723445
MAPK1,5,1,2,CEP170B;S1166;,0.0403912907037589
MAPK1,5,2,1,DYNC1I2;S81;,0.03774903955142149
MAPK1,5,2,1,HUWE1;S3898;,0.03554858564895435
MAPK1,5,2,1,GBF1;S1786;,0.03643033665404472
MAPK1,5,2,1,PARVA;S14;,0.03849420979673746
MAPK1,5,2,1,BCL9L;S25;,0.03554682936382818
MAPK1,5,2,1,TMEM245;S327;,0.035553225042123826
MAPK1,5,2,1,MAP1S;S683;,0.03672584990955549
MAPK1,5,2,1,CEP68;S510;,0.029797333048953958
MAPK1,5,2,1,MYOZ2;T32;,0.03554244144567525
MAPK1,5,2,1,PI4K2A;S50;,0.038262659915726575
MAPK1,5,2,1,HUWE1;T3903;,0.035551831691378086
MAPK1,5,2,1,SAMD4B;S271;,0.03810473887349513
MAPK1,5,2,1,TACC2;S575;,0.03512218230892735
MAPK1,5,2,1,DLG2;S323;,0.03287907435148704
MAPK1,5,2,1,PPP1R13L;S360;,0.037083042233210746
MAPK1,5,2,1,BRD8;S274;,0.029379679918315964
MAPK1,5,2,1,AKAP2;S152;,0.019752337360842243
MAPK1,5,2,1,ETL4;S1844;,0.03555410808122141
MAPK1,5,2,1,KDM2A;S718;,0.03554705366692539
MAPK1,5,2,1,NACA;S914;,0.031736132604354914
MAPK1,5,2,1,LIMA1;S608;,0.025613259596654475
MAPK1,5,2,1,PPP1R13L;S110;,0.036691304836224646
MAPK1,5,2,1,GIGYF1;S28;,0.035553192358416565
MAPK1,5,2,1,FHOD1;S501;,0.036691405201868164
MAPK1,5,2,1,LOC685707;S1251;,0.03194433545117588
MAPK1,5,2,1,ATXN2L;S447;,0.030429080031521227
MAPK1,5,2,1,PDXDC1;T554;,0.017399051959294736
MAPK1,5,2,1,NHSL1;T1376;,0.030503313515128673
MAPK1,5,2,1,PHF1;S415;,0.031612478807161525
MAPK1,5,2,1,PIEZO1;S1370;,0.0332018867753745
MAPK1,5,2,2,EIF4B;S425;,0.03780283382555102
MAPK1,5,2,2,GAB2;S143;,0.028197690143352012
MAPK1,5,2,2,CHD8;S549;,0.037802340474488744
MAPK1,5,2,2,FOSL2;S320;,0.035647208722022705
MAPK1,5,2,2,STARD13;S334;,0.0343154550576005
MAPK1,5,2,2,MAP1A;S1757;,0.037653957034182235
MAPK1,5,2,2,AHNAK;T4049;,0.03780234261278536
MAPK1,5,2,2,PHLDB1;S534;,0.03780233927512773
MAPK1,5,2,2,ARHGEF5;S721;,0.03780286813652775
MAPK1,5,2,2,GATAD2A;S103;,0.03780234094903699
MAPK1,5,2,2,CHAMP1;S532;,0.004300518315549595
MAPK1,5,2,2,UBE2O;S835;,0.013447454293850565
MAPK1,5,2,2,PDLIM7;T215;,0.018265574158230394
MAPK1,5,2,2,UBE4B;S88;,0.036431873575188276
MAPK1,5,2,2,MAP4K4;S591;,0.03780281312204335
MAPK1,5,2,2,TENC1;T996;,0.03780234120035989
MAPK1,5,2,2,SH3BP5;S420;,0.0378022460454792
MAPK1,5,2,2,PSMC3;S12;,0.033817556215786124
MAPK1,5,2,2,TNKS1BP1;S1642;,0.0378028224600805
MAPK1,5,2,2,GSK3B;S9;,0.037802795809312395
MAPK1,5,2,2,AHNAK;S222;,0.03780233967537034
MAPK1,5,2,2,LIMA1;S703;,0.024172386146671956
MAPK1,5,2,2,ZNRF2;S154;,0.03538534696019983
MAPK1,5,2,2,EHD4;S459;,0.03476161613118662
MAPK1,5,2,2,STAT3;S727;,0.03630547843492802
MAPK1,5,2,2,ZC3H13;S368;,0.037802341200437746
MAPK1,5,2,2,SOX6;S402;,0.022456602108110617
MAPK1,5,2,2,NDRG2;T334;,0.03780284341331429
MAPK1,5,2,2,HUWE1;S1876;,0.03780286368083447
MAPK1,5,2,2,CEP170B;S1166;,0.037802810822390655
MAPK1,5,3,1,DYNC1I2;S81;,0.038433417532080294
MAPK1,5,3,1,HUWE1;S3898;,0.03778750233601124
MAPK1,5,3,1,GBF1;S1786;,0.03769156592052858
MAPK1,5,3,1,PARVA;S14;,0.039232515476969584
MAPK1,5,3,1,BCL9L;S25;,0.036227114907214523
MAPK1,5,3,1,TMEM245;S327;,0.038845924687039006
MAPK1,5,3,1,MAP1S;S683;,0.037307114632791065
MAPK1,5,3,1,CEP68;S510;,0.03532110946386648
MAPK1,5,3,1,MYOZ2;T32;,0.0223464187042696
MAPK1,5,3,1,PI4K2A;S50;,0.03873988999702192
MAPK1,5,3,1,HUWE1;T3903;,0.030637021115781014
MAPK1,5,3,1,SAMD4B;S271;,0.03867656605715321
MAPK1,5,3,1,TACC2;S575;,0.036892282118722954
MAPK1,5,3,1,DLG2;S323;,0.03744632101879833
MAPK1,5,3,1,PPP1R13L;S360;,0.03878771172788601
MAPK1,5,3,1,BRD8;S274;,0.0373105170812593
MAPK1,5,3,1,AKAP2;S152;,0.02231154332611683
MAPK1,5,3,1,ETL4;S1844;,0.03595014835230457
MAPK1,5,3,1,KDM2A;S718;,0.02729856492466381
MAPK1,5,3,1,NACA;S914;,0.013023937597039036
MAPK1,5,3,1,LIMA1;S608;,0.03621782973789049
MAPK1,5,3,1,PPP1R13L;S110;,0.038512327423954856
MAPK1,5,3,1,GIGYF1;S28;,0.03739010584568019
MAPK1,5,3,1,FHOD1;S501;,0.037477436205272684
MAPK1,5,3,1,LOC685707;S1251;,0.03730831083319198
MAPK1,5,3,1,ATXN2L;S447;,0.03474546727794171
MAPK1,5,3,1,PDXDC1;T554;,0.009651672860337482
MAPK1,5,3,1,NHSL1;T1376;,0.015543425745903745
MAPK1,5,3,1,PHF1;S415;,0.03522537100434422
MAPK1,5,3,1,PIEZO1;S1370;,0.03766086608796545
MAPK1,5,3,2,EIF4B;S425;,0.039842364823712735
MAPK1,5,3,2,GAB2;S143;,0.02061322201587571
MAPK1,5,3,2,CHD8;S549;,0.03963540894604612
MAPK1,5,3,2,FOSL2;S320;,0.038658105610172216
MAPK1,5,3,2,STARD13;S334;,0.03231588389270528
MAPK1,5,3,2,MAP1A;S1757;,0.0398652925916954
MAPK1,5,3,2,AHNAK;T4049;,0.03963517151464259
MAPK1,5,3,2,PHLDB1;S534;,0.0389762728144284
MAPK1,5,3,2,ARHGEF5;S721;,0.039971944427744585
MAPK1,5,3,2,GATAD2A;S103;,0.03963541171230641
MAPK1,5,3,2,CHAMP1;S532;,0.0020076303884211085
MAPK1,5,3,2,UBE2O;S835;,0.005811229310299038
MAPK1,5,3,2,PDLIM7;T215;,0.02896645387731664
MAPK1,5,3,2,UBE4B;S88;,0.03963566949923648
MAPK1,5,3,2,MAP4K4;S591;,0.03963526127322987
MAPK1,5,3,2,TENC1;T996;,0.03963582216544104
MAPK1,5,3,2,SH3BP5;S420;,0.039635171462895
MAPK1,5,3,2,PSMC3;S12;,0.027576329171353615
MAPK1,5,3,2,TNKS1BP1;S1642;,0.03974983304401444
MAPK1,5,3,2,GSK3B;S9;,0.039744121947265176
MAPK1,5,3,2,AHNAK;S222;,0.039635311767432305
MAPK1,5,3,2,LIMA1;S703;,0.007931571470522314
MAPK1,5,3,2,ZNRF2;S154;,0.028789641982557734
MAPK1,5,3,2,EHD4;S459;,0.032926870854101564
MAPK1,5,3,2,STAT3;S727;,0.03963578581175946
MAPK1,5,3,2,ZC3H13;S368;,0.039568940715876015
MAPK1,5,3,2,SOX6;S402;,0.02042772591404723
MAPK1,5,3,2,NDRG2;T334;,0.039824197928044786
MAPK1,5,3,2,HUWE1;S1876;,0.03987019235182633
MAPK1,5,3,2,CEP170B;S1166;,0.03984316071503029
MAPK1,5,4,1,DYNC1I2;S81;,0.034763684937281436
MAPK1,5,4,1,HUWE1;S3898;,0.03374197447893244
MAPK1,5,4,1,GBF1;S1786;,0.033739991199617084
MAPK1,5,4,1,PARVA;S14;,0.03520832904038096
MAPK1,5,4,1,BCL9L;S25;,0.032842161215348414
MAPK1,5,4,1,TMEM245;S327;,0.03345568923592174
MAPK1,5,4,1,MAP1S;S683;,0.034722882532768076
MAPK1,5,4,1,CEP68;S510;,0.03273592844837608
MAPK1,5,4,1,MYOZ2;T32;,0.03374118490939411
MAPK1,5,4,1,PI4K2A;S50;,0.03544325240483206
MAPK1,5,4,1,HUWE1;T3903;,0.03407989029800009
MAPK1,5,4,1,SAMD4B;S271;,0.03513220194329507
MAPK1,5,4,1,TACC2;S575;,0.032914586989109415
MAPK1,5,4,1,DLG2;S323;,0.03377902865917471
MAPK1,5,4,1,PPP1R13L;S360;,0.0354488464528407
MAPK1,5,4,1,BRD8;S274;,0.033743136914000535
MAPK1,5,4,1,AKAP2;S152;,0.02059835446537059
MAPK1,5,4,1,ETL4;S1844;,0.03374324802037614
MAPK1,5,4,1,KDM2A;S718;,0.033741349110405695
MAPK1,5,4,1,NACA;S914;,0.03131540428268193
MAPK1,5,4,1,LIMA1;S608;,0.032453188479980896
MAPK1,5,4,1,PPP1R13L;S110;,0.035174430557894806
MAPK1,5,4,1,GIGYF1;S28;,0.03497547189492228
MAPK1,5,4,1,FHOD1;S501;,0.034809434561224324
MAPK1,5,4,1,LOC685707;S1251;,0.033742760806349546
MAPK1,5,4,1,ATXN2L;S447;,0.03092154128161349
MAPK1,5,4,1,PDXDC1;T554;,0.03153219733451509
MAPK1,5,4,1,NHSL1;T1376;,0.03256000335111558
MAPK1,5,4,1,PHF1;S415;,0.034858765387229915
MAPK1,5,4,1,PIEZO1;S1370;,0.03408108080704679
MAPK1,5,4,2,EIF4B;S425;,0.044068769603253684
MAPK1,5,4,2,GAB2;S143;,0.02770715599341543
MAPK1,5,4,2,CHD8;S549;,0.04402667933904228
MAPK1,5,4,2,FOSL2;S320;,0.03703153394441468
MAPK1,5,4,2,STARD13;S334;,0.015352704770990539
MAPK1,5,4,2,MAP1A;S1757;,0.044027877636052246
MAPK1,5,4,2,AHNAK;T4049;,0.04402740132966522
MAPK1,5,4,2,PHLDB1;S534;,0.044026705762191747
MAPK1,5,4,2,ARHGEF5;S721;,0.044255891703558814
MAPK1,5,4,2,GATAD2A;S103;,0.04393499589744063
MAPK1,5,4,2,CHAMP1;S532;,0.0018961627669810798
MAPK1,5,4,2,UBE2O;S835;,0.0036416788481512703
MAPK1,5,4,2,PDLIM7;T215;,0.007758270131714809
MAPK1,5,4,2,UBE4B;S88;,0.031330162938083966
MAPK1,5,4,2,MAP4K4;S591;,0.04402683400321726
MAPK1,5,4,2,TENC1;T996;,0.04402792737704299
MAPK1,5,4,2,SH3BP5;S420;,0.044032561012373066
MAPK1,5,4,2,PSMC3;S12;,0.02220807586567997
MAPK1,5,4,2,TNKS1BP1;S1642;,0.044258623358187914
MAPK1,5,4,2,GSK3B;S9;,0.04417898737614777
MAPK1,5,4,2,AHNAK;S222;,0.04392374518997656
MAPK1,5,4,2,LIMA1;S703;,0.006763164433158364
MAPK1,5,4,2,ZNRF2;S154;,0.029231691293315775
MAPK1,5,4,2,EHD4;S459;,0.016868477024326645
MAPK1,5,4,2,STAT3;S727;,0.044027547660455406
MAPK1,5,4,2,ZC3H13;S368;,0.044027828527317306
MAPK1,5,4,2,SOX6;S402;,0.0066979430736509304
MAPK1,5,4,2,NDRG2;T334;,0.04422729471744951
MAPK1,5,4,2,HUWE1;S1876;,0.0441987005548233
MAPK1,5,4,2,CEP170B;S1166;,0.044214607867920905
MAPK1,5,5,1,DYNC1I2;S81;,0.035256135191920446
MAPK1,5,5,1,HUWE1;S3898;,0.03235707558176097
MAPK1,5,5,1,GBF1;S1786;,0.03391706988029321
MAPK1,5,5,1,PARVA;S14;,0.03590773780421439
MAPK1,5,5,1,BCL9L;S25;,0.032529421884214656
MAPK1,5,5,1,TMEM245;S327;,0.03391723496916157
MAPK1,5,5,1,MAP1S;S683;,0.035202208031789015
MAPK1,5,5,1,CEP68;S510;,0.033385070095634
MAPK1,5,5,1,MYOZ2;T32;,0.034031717183052736
MAPK1,5,5,1,PI4K2A;S50;,0.036167750326898784
MAPK1,5,5,1,HUWE1;T3903;,0.03412533149741099
MAPK1,5,5,1,SAMD4B;S271;,0.03552217578447219
MAPK1,5,5,1,TACC2;S575;,0.030947033314609407
MAPK1,5,5,1,DLG2;S323;,0.033911114731628084
MAPK1,5,5,1,PPP1R13L;S360;,0.035693153847710615
MAPK1,5,5,1,BRD8;S274;,0.03293125534986157
MAPK1,5,5,1,AKAP2;S152;,0.02318340939471092
MAPK1,5,5,1,ETL4;S1844;,0.033912144937713336
MAPK1,5,5,1,KDM2A;S718;,0.033887429213327935
MAPK1,5,5,1,NACA;S914;,0.03081902763421157
MAPK1,5,5,1,LIMA1;S608;,0.030412674862764524
MAPK1,5,5,1,PPP1R13L;S110;,0.0352713405647392
MAPK1,5,5,1,GIGYF1;S28;,0.03391151041802516
MAPK1,5,5,1,FHOD1;S501;,0.03483341114821646
MAPK1,5,5,1,LOC685707;S1251;,0.03265587798975908
MAPK1,5,5,1,ATXN2L;S447;,0.031160910848061656
MAPK1,5,5,1,PDXDC1;T554;,0.03142357060844344
MAPK1,5,5,1,NHSL1;T1376;,0.03391692232172532
MAPK1,5,5,1,PHF1;S415;,0.034899072168649355
MAPK1,5,5,1,PIEZO1;S1370;,0.03391121241501944
MAPK1,5,5,2,EIF4B;S425;,0.04320685194637975
MAPK1,5,5,2,GAB2;S143;,0.02626563580035547
MAPK1,5,5,2,CHD8;S549;,0.043129914600961175
MAPK1,5,5,2,FOSL2;S320;,0.031672074525879654
MAPK1,5,5,2,STARD13;S334;,0.01684039872429571
MAPK1,5,5,2,MAP1A;S1757;,0.043129339953202166
MAPK1,5,5,2,AHNAK;T4049;,0.0431296883356319
MAPK1,5,5,2,PHLDB1;S534;,0.04313011165486506
MAPK1,5,5,2,ARHGEF5;S721;,0.043342849383777166
MAPK1,5,5,2,GATAD2A;S103;,0.04312883568670113
MAPK1,5,5,2,CHAMP1;S532;,0.00510100361535781
MAPK1,5,5,2,UBE2O;S835;,0.010366702911174648
MAPK1,5,5,2,PDLIM7;T215;,0.008641676359801285
MAPK1,5,5,2,UBE4B;S88;,0.028209866009327345
MAPK1,5,5,2,MAP4K4;S591;,0.043129726515372335
MAPK1,5,5,2,TENC1;T996;,0.04312994092947063
MAPK1,5,5,2,SH3BP5;S420;,0.04312919227823474
MAPK1,5,5,2,PSMC3;S12;,0.02728171234089685
MAPK1,5,5,2,TNKS1BP1;S1642;,0.04342081645823575
MAPK1,5,5,2,GSK3B;S9;,0.043335092762996526
MAPK1,5,5,2,AHNAK;S222;,0.0430835433930731
MAPK1,5,5,2,LIMA1;S703;,0.017500344532144597
MAPK1,5,5,2,ZNRF2;S154;,0.021841769722673498
MAPK1,5,5,2,EHD4;S459;,0.02135146030693744
MAPK1,5,5,2,STAT3;S727;,0.04195134200905795
MAPK1,5,5,2,ZC3H13;S368;,0.043081805014664805
MAPK1,5,5,2,SOX6;S402;,0.008444158943764797
MAPK1,5,5,2,NDRG2;T334;,0.043357263876078085
MAPK1,5,5,2,HUWE1;S1876;,0.04323237187257685
MAPK1,5,5,2,CEP170B;S1166;,0.04343450953611195
MAPK1,6,1,1,DYNC1I2;S81;,0.03461281621955518
MAPK1,6,1,1,HUWE1;S3898;,0.03348998628831277
MAPK1,6,1,1,GBF1;S1786;,0.03391213457367094
MAPK1,6,1,1,PARVA;S14;,0.034334359563421936
MAPK1,6,1,1,BCL9L;S25;,0.03464313166431335
MAPK1,6,1,1,TMEM245;S327;,0.03348843751774027
MAPK1,6,1,1,MAP1S;S683;,0.03348978879063649
MAPK1,6,1,1,CEP68;S510;,0.03349192000585183
MAPK1,6,1,1,MYOZ2;T32;,0.03349285167742241
MAPK1,6,1,1,PI4K2A;S50;,0.03468654313821828
MAPK1,6,1,1,HUWE1;T3903;,0.03446793117178687
MAPK1,6,1,1,SAMD4B;S271;,0.03484930268098361
MAPK1,6,1,1,TACC2;S575;,0.03371790558288209
MAPK1,6,1,1,DLG2;S323;,0.03348978900296632
MAPK1,6,1,1,PPP1R13L;S360;,0.03364661691426103
MAPK1,6,1,1,BRD8;S274;,0.03383763279049685
MAPK1,6,1,1,AKAP2;S152;,0.029505179645918603
MAPK1,6,1,1,ETL4;S1844;,0.033695364560473354
MAPK1,6,1,1,KDM2A;S718;,0.03235183288717929
MAPK1,6,1,1,NACA;S914;,0.031721326327584176
MAPK1,6,1,1,LIMA1;S608;,0.03296679732354963
MAPK1,6,1,1,PPP1R13L;S110;,0.03445838068187731
MAPK1,6,1,1,GIGYF1;S28;,0.034083850045068025
MAPK1,6,1,1,FHOD1;S501;,0.03354698781466453
MAPK1,6,1,1,LOC685707;S1251;,0.03318661348392388
MAPK1,6,1,1,ATXN2L;S447;,0.03132382608707227
MAPK1,6,1,1,PDXDC1;T554;,0.03143013848068696
MAPK1,6,1,1,NHSL1;T1376;,0.03294453865373809
MAPK1,6,1,1,PHF1;S415;,0.03164303958104755
MAPK1,6,1,1,PIEZO1;S1370;,0.033490976844696124
MAPK1,6,1,2,RAF1;S296;,0.0319512188417207
MAPK1,6,1,2,MTFR1L;S234;,0.03475431099591418
MAPK1,6,1,2,MED1;S1465;,0.032244769099022824
MAPK1,6,1,2,MURC;S20;,0.034754657416515344
MAPK1,6,1,2,ZNRF2;S148;,0.0347546356373089
MAPK1,6,1,2,MAPK14;Y182;,0.03475431171305548
MAPK1,6,1,2,HIRIP3;S27;,0.03293497765252144
MAPK1,6,1,2,MARCKS;S141;,0.03475459901819771
MAPK1,6,1,2,MAPK8;Y185;,0.034754312186117096
MAPK1,6,1,2,NELFE;S131;,0.03475464712995332
MAPK1,6,1,2,TRAPPC12;S314;,0.0256686229156861
MAPK1,6,1,2,ADNP;S971;,0.030559680914432574
MAPK1,6,1,2,DUSP27;S427;,0.03475465639678785
MAPK1,6,1,2,CCDC6;S143;,0.01790887322804036
MAPK1,6,1,2,PHLDB2;S241;,0.034754642317459894
MAPK1,6,1,2,AFF4;S823;,0.03475440796418183
MAPK1,6,1,2,ABLIM3;S575;,0.03475451235325126
MAPK1,6,1,2,TFE3;S531;,0.034754311648894365
MAPK1,6,1,2,STARD13;S334;,0.031261622180304045
MAPK1,6,1,2,PID1;S242;,0.03475462512505319
MAPK1,6,1,2,RGD1310016;S1171;,0.03475431243911856
MAPK1,6,1,2,AHNAK;S2117;,0.034754311839457847
MAPK1,6,1,2,PSMA5;T55;,0.03475431215184039
MAPK1,6,1,2,NES;S1123;,0.03475465059401846
MAPK1,6,1,2,RGD1311783;S45;,0.03475431295786507
MAPK1,6,1,2,UBA1;S13;,0.03475461697948063
MAPK1,6,1,2,GAB2;T388;,0.03475465464415982
MAPK1,6,1,2,SH3PXD2A;S495;,0.03324593729951749
MAPK1,6,1,2,FLNC;S2147;,0.03475465710492067
MAPK1,6,1,2,CCDC91;S71;,0.03437983925520255
MAPK1,6,2,1,DYNC1I2;S81;,0.03498031266987136
MAPK1,6,2,1,HUWE1;S3898;,0.034641052178380746
MAPK1,6,2,1,GBF1;S1786;,0.034643557071556426
MAPK1,6,2,1,PARVA;S14;,0.035120320448087265
MAPK1,6,2,1,BCL9L;S25;,0.03459475360197353
MAPK1,6,2,1,TMEM245;S327;,0.03440388380506837
MAPK1,6,2,1,MAP1S;S683;,0.0342041522594921
MAPK1,6,2,1,CEP68;S510;,0.034642605791139716
MAPK1,6,2,1,MYOZ2;T32;,0.034641240682552164
MAPK1,6,2,1,PI4K2A;S50;,0.03503041537377661
MAPK1,6,2,1,HUWE1;T3903;,0.03497195311672529
MAPK1,6,2,1,SAMD4B;S271;,0.03517288185244663
MAPK1,6,2,1,TACC2;S575;,0.033927697874058284
MAPK1,6,2,1,DLG2;S323;,0.03421264976260051
MAPK1,6,2,1,PPP1R13L;S360;,0.03448703483617531
MAPK1,6,2,1,BRD8;S274;,0.03496993343286773
MAPK1,6,2,1,AKAP2;S152;,0.029587104855857062
MAPK1,6,2,1,ETL4;S1844;,0.03403922104637756
MAPK1,6,2,1,KDM2A;S718;,0.030279843899439204
MAPK1,6,2,1,NACA;S914;,0.024433682029946027
MAPK1,6,2,1,LIMA1;S608;,0.03252518166520553
MAPK1,6,2,1,PPP1R13L;S110;,0.03417561762846435
MAPK1,6,2,1,GIGYF1;S28;,0.034576253919682054
MAPK1,6,2,1,FHOD1;S501;,0.03306942736914233
MAPK1,6,2,1,LOC685707;S1251;,0.031092312900129957
MAPK1,6,2,1,ATXN2L;S447;,0.027626281859403745
MAPK1,6,2,1,PDXDC1;T554;,0.03327787322684295
MAPK1,6,2,1,NHSL1;T1376;,0.03322531928469759
MAPK1,6,2,1,PHF1;S415;,0.03280716761270637
MAPK1,6,2,1,PIEZO1;S1370;,0.03464026794533349
MAPK1,6,2,2,RAF1;S296;,0.033702110633912756
MAPK1,6,2,2,MTFR1L;S234;,0.03396987338129592
MAPK1,6,2,2,MED1;S1465;,0.03394271410185929
MAPK1,6,2,2,MURC;S20;,0.034188815304521135
MAPK1,6,2,2,ZNRF2;S148;,0.0341888036516723
MAPK1,6,2,2,MAPK14;Y182;,0.03142760922846992
MAPK1,6,2,2,HIRIP3;S27;,0.03352243497286383
MAPK1,6,2,2,MARCKS;S141;,0.03418875453642379
MAPK1,6,2,2,MAPK8;Y185;,0.032384996096589125
MAPK1,6,2,2,NELFE;S131;,0.03418878737702363
MAPK1,6,2,2,TRAPPC12;S314;,0.030699118169079442
MAPK1,6,2,2,ADNP;S971;,0.029484095621701397
MAPK1,6,2,2,DUSP27;S427;,0.034188815463599385
MAPK1,6,2,2,CCDC6;S143;,0.026879604947800576
MAPK1,6,2,2,PHLDB2;S241;,0.03418878516170811
MAPK1,6,2,2,AFF4;S823;,0.033943028597165734
MAPK1,6,2,2,ABLIM3;S575;,0.03395231781798335
MAPK1,6,2,2,TFE3;S531;,0.0338158499105064
MAPK1,6,2,2,STARD13;S334;,0.03265895408357036
MAPK1,6,2,2,PID1;S242;,0.034188708261761215
MAPK1,6,2,2,RGD1310016;S1171;,0.033703226843437045
MAPK1,6,2,2,AHNAK;S2117;,0.03394228652247766
MAPK1,6,2,2,PSMA5;T55;,0.033942069152230414
MAPK1,6,2,2,NES;S1123;,0.03418880510943741
MAPK1,6,2,2,RGD1311783;S45;,0.03394203004008429
MAPK1,6,2,2,UBA1;S13;,0.03418824760812137
MAPK1,6,2,2,GAB2;T388;,0.034188807615409496
MAPK1,6,2,2,SH3PXD2A;S495;,0.033943070264055616
MAPK1,6,2,2,FLNC;S2147;,0.03418881578691333
MAPK1,6,2,2,CCDC91;S71;,0.03406846373832578
MAPK1,6,3,1,DYNC1I2;S81;,0.03963583555545945
MAPK1,6,3,1,HUWE1;S3898;,0.03710492269903466
MAPK1,6,3,1,GBF1;S1786;,0.039561509766872026
MAPK1,6,3,1,PARVA;S14;,0.039916638305379136
MAPK1,6,3,1,BCL9L;S25;,0.040144896937234706
MAPK1,6,3,1,TMEM245;S327;,0.03825452476212699
MAPK1,6,3,1,MAP1S;S683;,0.036827188918998735
MAPK1,6,3,1,CEP68;S510;,0.039189472072512783
MAPK1,6,3,1,MYOZ2;T32;,0.004240457208944518
MAPK1,6,3,1,PI4K2A;S50;,0.03973103346271014
MAPK1,6,3,1,HUWE1;T3903;,0.018403674228259656
MAPK1,6,3,1,SAMD4B;S271;,0.03992478650988657
MAPK1,6,3,1,TACC2;S575;,0.039277178802702366
MAPK1,6,3,1,DLG2;S323;,0.03913833694337858
MAPK1,6,3,1,PPP1R13L;S360;,0.03915493028930799
MAPK1,6,3,1,BRD8;S274;,0.039854488419028576
MAPK1,6,3,1,AKAP2;S152;,0.017689010676288672
MAPK1,6,3,1,ETL4;S1844;,0.038486429194684146
MAPK1,6,3,1,KDM2A;S718;,0.027606724045452596
MAPK1,6,3,1,NACA;S914;,0.03621320781659356
MAPK1,6,3,1,LIMA1;S608;,0.03805587228418886
MAPK1,6,3,1,PPP1R13L;S110;,0.03937595236449116
MAPK1,6,3,1,GIGYF1;S28;,0.039516903320385335
MAPK1,6,3,1,FHOD1;S501;,0.039154981669781555
MAPK1,6,3,1,LOC685707;S1251;,0.03858908524286331
MAPK1,6,3,1,ATXN2L;S447;,0.03786169830427266
MAPK1,6,3,1,PDXDC1;T554;,0.001110116520330809
MAPK1,6,3,1,NHSL1;T1376;,0.001711400194354088
MAPK1,6,3,1,PHF1;S415;,0.03511365908422198
MAPK1,6,3,1,PIEZO1;S1370;,0.03915508440025448
MAPK1,6,3,2,RAF1;S296;,0.031920545080748305
MAPK1,6,3,2,MTFR1L;S234;,0.033771188311498265
MAPK1,6,3,2,MED1;S1465;,0.03375238643859353
MAPK1,6,3,2,MURC;S20;,0.03398839655713151
MAPK1,6,3,2,ZNRF2;S148;,0.03398839215098207
MAPK1,6,3,2,MAPK14;Y182;,0.033766670975830075
MAPK1,6,3,2,HIRIP3;S27;,0.033766705360690416
MAPK1,6,3,2,MARCKS;S141;,0.03398839598887749
MAPK1,6,3,2,MAPK8;Y185;,0.03344393493990615
MAPK1,6,3,2,NELFE;S131;,0.033988363408330564
MAPK1,6,3,2,TRAPPC12;S314;,0.033295995325519516
MAPK1,6,3,2,ADNP;S971;,0.03288718848049862
MAPK1,6,3,2,DUSP27;S427;,0.03398839672942526
MAPK1,6,3,2,CCDC6;S143;,0.02211944893671955
MAPK1,6,3,2,PHLDB2;S241;,0.03398839287773785
MAPK1,6,3,2,AFF4;S823;,0.03398812111575698
MAPK1,6,3,2,ABLIM3;S575;,0.0339880117444507
MAPK1,6,3,2,TFE3;S531;,0.03383949664283835
MAPK1,6,3,2,STARD13;S334;,0.032988023682703246
MAPK1,6,3,2,PID1;S242;,0.03398839623443709
MAPK1,6,3,2,RGD1310016;S1171;,0.033706023408351236
MAPK1,6,3,2,AHNAK;S2117;,0.0337671241413066
MAPK1,6,3,2,PSMA5;T55;,0.03385497688465195
MAPK1,6,3,2,NES;S1123;,0.03398839633552043
MAPK1,6,3,2,RGD1311783;S45;,0.033766672886888734
MAPK1,6,3,2,UBA1;S13;,0.033988307347106686
MAPK1,6,3,2,GAB2;T388;,0.03398839675951465
MAPK1,6,3,2,SH3PXD2A;S495;,0.03370861580104454
MAPK1,6,3,2,FLNC;S2147;,0.03398839667092682
MAPK1,6,3,2,CCDC91;S71;,0.0337966387820127
MAPK1,6,4,1,DYNC1I2;S81;,0.038099945479623754
MAPK1,6,4,1,HUWE1;S3898;,0.03671665381750482
MAPK1,6,4,1,GBF1;S1786;,0.03773565788951579
MAPK1,6,4,1,PARVA;S14;,0.03758430138360137
MAPK1,6,4,1,BCL9L;S25;,0.03813503926197053
MAPK1,6,4,1,TMEM245;S327;,0.03671668796888542
MAPK1,6,4,1,MAP1S;S683;,0.03744322904262624
MAPK1,6,4,1,CEP68;S510;,0.03748653510505136
MAPK1,6,4,1,MYOZ2;T32;,0.007363657158321449
MAPK1,6,4,1,PI4K2A;S50;,0.03792144750448187
MAPK1,6,4,1,HUWE1;T3903;,0.020777693487668836
MAPK1,6,4,1,SAMD4B;S271;,0.0382626177235383
MAPK1,6,4,1,TACC2;S575;,0.037854813351399855
MAPK1,6,4,1,DLG2;S323;,0.03702629036850142
MAPK1,6,4,1,PPP1R13L;S360;,0.036829038129499246
MAPK1,6,4,1,BRD8;S274;,0.03772309933213691
MAPK1,6,4,1,AKAP2;S152;,0.03521983665291671
MAPK1,6,4,1,ETL4;S1844;,0.03789389837799815
MAPK1,6,4,1,KDM2A;S718;,0.034330833153482516
MAPK1,6,4,1,NACA;S914;,0.03617722834311774
MAPK1,6,4,1,LIMA1;S608;,0.03650601519201275
MAPK1,6,4,1,PPP1R13L;S110;,0.03760454389132899
MAPK1,6,4,1,GIGYF1;S28;,0.03775380891679179
MAPK1,6,4,1,FHOD1;S501;,0.03747547546001195
MAPK1,6,4,1,LOC685707;S1251;,0.036808660709409774
MAPK1,6,4,1,ATXN2L;S447;,0.03572078451973009
MAPK1,6,4,1,PDXDC1;T554;,0.003075341108508826
MAPK1,6,4,1,NHSL1;T1376;,0.004351304448975386
MAPK1,6,4,1,PHF1;S415;,0.03602825520823856
MAPK1,6,4,1,PIEZO1;S1370;,0.03737730701314962
MAPK1,6,4,2,RAF1;S296;,0.030352154662107098
MAPK1,6,4,2,MTFR1L;S234;,0.03488573092162867
MAPK1,6,4,2,MED1;S1465;,0.03272367838663743
MAPK1,6,4,2,MURC;S20;,0.035396514343519064
MAPK1,6,4,2,ZNRF2;S148;,0.035297677296570275
MAPK1,6,4,2,MAPK14;Y182;,0.03488712669554859
MAPK1,6,4,2,HIRIP3;S27;,0.03456282588416526
MAPK1,6,4,2,MARCKS;S141;,0.03539637785839098
MAPK1,6,4,2,MAPK8;Y185;,0.033644551168872015
MAPK1,6,4,2,NELFE;S131;,0.03525585087676735
MAPK1,6,4,2,TRAPPC12;S314;,0.024006377665670653
MAPK1,6,4,2,ADNP;S971;,0.026167266060751
MAPK1,6,4,2,DUSP27;S427;,0.035396513829712636
MAPK1,6,4,2,CCDC6;S143;,0.01718895136298882
MAPK1,6,4,2,PHLDB2;S241;,0.03527264822871968
MAPK1,6,4,2,AFF4;S823;,0.03490655122482771
MAPK1,6,4,2,ABLIM3;S575;,0.034902750657283065
MAPK1,6,4,2,TFE3;S531;,0.03488665658949403
MAPK1,6,4,2,STARD13;S334;,0.030321711875175236
MAPK1,6,4,2,PID1;S242;,0.03539650425887041
MAPK1,6,4,2,RGD1310016;S1171;,0.03488600009508068
MAPK1,6,4,2,AHNAK;S2117;,0.034311105200064966
MAPK1,6,4,2,PSMA5;T55;,0.034886000094655575
MAPK1,6,4,2,NES;S1123;,0.03539655720069461
MAPK1,6,4,2,RGD1311783;S45;,0.03484945433851818
MAPK1,6,4,2,UBA1;S13;,0.035124872537708025
MAPK1,6,4,2,GAB2;T388;,0.03539652427242504
MAPK1,6,4,2,SH3PXD2A;S495;,0.03401816640447279
MAPK1,6,4,2,FLNC;S2147;,0.03539652251664315
MAPK1,6,4,2,CCDC91;S71;,0.03488637749203703
MAPK1,6,5,1,DYNC1I2;S81;,0.03516026559905123
MAPK1,6,5,1,HUWE1;S3898;,0.03409306865854708
MAPK1,6,5,1,GBF1;S1786;,0.03434151074916816
MAPK1,6,5,1,PARVA;S14;,0.035209594229923875
MAPK1,6,5,1,BCL9L;S25;,0.035327809382827875
MAPK1,6,5,1,TMEM245;S327;,0.03409514426867064
MAPK1,6,5,1,MAP1S;S683;,0.03366371067890672
MAPK1,6,5,1,CEP68;S510;,0.03480504456594671
MAPK1,6,5,1,MYOZ2;T32;,0.03264432473911906
MAPK1,6,5,1,PI4K2A;S50;,0.0354313816380298
MAPK1,6,5,1,HUWE1;T3903;,0.034094927967011496
MAPK1,6,5,1,SAMD4B;S271;,0.035526756653232225
MAPK1,6,5,1,TACC2;S575;,0.03432216603841296
MAPK1,6,5,1,DLG2;S323;,0.03496104103252118
MAPK1,6,5,1,PPP1R13L;S360;,0.03520308140069566
MAPK1,6,5,1,BRD8;S274;,0.03494935294951228
MAPK1,6,5,1,AKAP2;S152;,0.021912370478274223
MAPK1,6,5,1,ETL4;S1844;,0.03299015655852516
MAPK1,6,5,1,KDM2A;S718;,0.030867820485417
MAPK1,6,5,1,NACA;S914;,0.0322252101164626
MAPK1,6,5,1,LIMA1;S608;,0.03441247412652673
MAPK1,6,5,1,PPP1R13L;S110;,0.03501910011941343
MAPK1,6,5,1,GIGYF1;S28;,0.03493340995441851
MAPK1,6,5,1,FHOD1;S501;,0.03409352340960834
MAPK1,6,5,1,LOC685707;S1251;,0.034480851991937324
MAPK1,6,5,1,ATXN2L;S447;,0.03363661099073004
MAPK1,6,5,1,PDXDC1;T554;,0.025447705274163002
MAPK1,6,5,1,NHSL1;T1376;,0.02759904481492559
MAPK1,6,5,1,PHF1;S415;,0.03409306869424285
MAPK1,6,5,1,PIEZO1;S1370;,0.034459472433778185
MAPK1,6,5,2,RAF1;S296;,0.03306875367481254
MAPK1,6,5,2,MTFR1L;S234;,0.03632445354514344
MAPK1,6,5,2,MED1;S1465;,0.024641816420164327
MAPK1,6,5,2,MURC;S20;,0.036455307810613104
MAPK1,6,5,2,ZNRF2;S148;,0.036324426528465674
MAPK1,6,5,2,MAPK14;Y182;,0.03632426065754355
MAPK1,6,5,2,HIRIP3;S27;,0.031193087058803415
MAPK1,6,5,2,MARCKS;S141;,0.036455158903443315
MAPK1,6,5,2,MAPK8;Y185;,0.03632443758207294
MAPK1,6,5,2,NELFE;S131;,0.03635585039978402
MAPK1,6,5,2,TRAPPC12;S314;,0.018701528991692886
MAPK1,6,5,2,ADNP;S971;,0.015796794992861813
MAPK1,6,5,2,DUSP27;S427;,0.036455269642189154
MAPK1,6,5,2,CCDC6;S143;,0.0153351020471918
MAPK1,6,5,2,PHLDB2;S241;,0.036455203319000005
MAPK1,6,5,2,AFF4;S823;,0.036324242539020044
MAPK1,6,5,2,ABLIM3;S575;,0.03645503072191776
MAPK1,6,5,2,TFE3;S531;,0.03616999162010953
MAPK1,6,5,2,STARD13;S334;,0.030275644826588042
MAPK1,6,5,2,PID1;S242;,0.036338979459413334
MAPK1,6,5,2,RGD1310016;S1171;,0.03632450839442247
MAPK1,6,5,2,AHNAK;S2117;,0.036259356290048804
MAPK1,6,5,2,PSMA5;T55;,0.03633288552684892
MAPK1,6,5,2,NES;S1123;,0.0363588303246803
MAPK1,6,5,2,RGD1311783;S45;,0.03632450427455152
MAPK1,6,5,2,UBA1;S13;,0.036332580230994324
MAPK1,6,5,2,GAB2;T388;,0.03645520063557294
MAPK1,6,5,2,SH3PXD2A;S495;,0.03279976727800876
MAPK1,6,5,2,FLNC;S2147;,0.03645519366802252
MAPK1,6,5,2,CCDC91;S71;,0.03458183263601871
MAPK1,7,1,1,DYNC1I2;S81;,0.034766512198937734
MAPK1,7,1,1,HUWE1;S3898;,0.03344683328239063
MAPK1,7,1,1,GBF1;S1786;,0.03356087611282686
MAPK1,7,1,1,PARVA;S14;,0.03415591045878124
MAPK1,7,1,1,BCL9L;S25;,0.03333949127031273
MAPK1,7,1,1,TMEM245;S327;,0.03327580480960362
MAPK1,7,1,1,MAP1S;S683;,0.03456839004653853
MAPK1,7,1,1,CEP68;S510;,0.03327845579986333
MAPK1,7,1,1,MYOZ2;T32;,0.03328091418133071
MAPK1,7,1,1,PI4K2A;S50;,0.035037630763289154
MAPK1,7,1,1,HUWE1;T3903;,0.03365957280668074
MAPK1,7,1,1,SAMD4B;S271;,0.034751633398110736
MAPK1,7,1,1,TACC2;S575;,0.03328099356019243
MAPK1,7,1,1,DLG2;S323;,0.033335450852590806
MAPK1,7,1,1,PPP1R13L;S360;,0.03359370148170956
MAPK1,7,1,1,BRD8;S274;,0.03327730954052006
MAPK1,7,1,1,AKAP2;S152;,0.03268420217215114
MAPK1,7,1,1,ETL4;S1844;,0.03393863470201958
MAPK1,7,1,1,KDM2A;S718;,0.0333302781916564
MAPK1,7,1,1,NACA;S914;,0.031698982378901105
MAPK1,7,1,1,LIMA1;S608;,0.03187128173607775
MAPK1,7,1,1,PPP1R13L;S110;,0.03435902293428423
MAPK1,7,1,1,GIGYF1;S28;,0.033555338632866236
MAPK1,7,1,1,FHOD1;S501;,0.033464596750817595
MAPK1,7,1,1,LOC685707;S1251;,0.033273155773997885
MAPK1,7,1,1,ATXN2L;S447;,0.0315042496413558
MAPK1,7,1,1,PDXDC1;T554;,0.031097520637479153
MAPK1,7,1,1,NHSL1;T1376;,0.03312511782155028
MAPK1,7,1,1,PHF1;S415;,0.03221051500323445
MAPK1,7,1,1,PIEZO1;S1370;,0.0332776230599294
MAPK1,7,1,2,EPS8;S659;,0.036906090904252245
MAPK1,7,1,2,PTPN21;S762;,0.03665482961006436
MAPK1,7,1,2,PDCD4;S420;,0.037042997845511905
MAPK1,7,1,2,NFIX;S265;,0.036516284313940224
MAPK1,7,1,2,FRMD8;S21;,0.037051216935403954
MAPK1,7,1,2,PAK1;S144;,0.036956258255291016
MAPK1,7,1,2,TBC1D1;T590;,0.03665586735393135
MAPK1,7,1,2,ARHGAP17;S710;,0.03693522176194377
MAPK1,7,1,2,LRRFIP2;T136;,0.03665586734544262
MAPK1,7,1,2,MURC;S20;,0.03692280811432251
MAPK1,7,1,2,AHNAK;S177;,0.03701531204288975
MAPK1,7,1,2,SNW1;S224;,0.03665443108974213
MAPK1,7,1,2,MACF1;S5293;,0.004094651702185913
MAPK1,7,1,2,MATR3;S188;,0.036954820853537344
MAPK1,7,1,2,PHLDB1;S431;,0.037082898041634185
MAPK1,7,1,2,KANK2;S358;,0.03703192930115533
MAPK1,7,1,2,RAI14;T249;,0.02166200969472279
MAPK1,7,1,2,DOCK7;S2107;,0.03699390752235057
MAPK1,7,1,2,STIM1;S257;,0.036656091889959934
MAPK1,7,1,2,CACNB1;S53;,0.036893255332987866
MAPK1,7,1,2,BSDC1;S216;,0.03674752309209344
MAPK1,7,1,2,PIK3C2A;S261;,0.026174803145615457
MAPK1,7,1,2,SNX8;S454;,0.011126083371012294
MAPK1,7,1,2,AKT1S1;T247;,0.036664314958481874
MAPK1,7,1,2,RGD1566017;S802;,0.037041461284791986
MAPK1,7,1,2,PSMC3;S12;,0.01617143023657011
MAPK1,7,1,2,NES;S1131;,0.03665610439607716
MAPK1,7,1,2,TRIP12;T1454;,0.03669395291738795
MAPK1,7,1,2,NDRG1;S330;,0.036656194213428604
MAPK1,7,1,2,LOC312502;S139;,0.036731382473271346
MAPK1,7,2,1,DYNC1I2;S81;,0.03451091727744481
MAPK1,7,2,1,HUWE1;S3898;,0.03407981326546328
MAPK1,7,2,1,GBF1;S1786;,0.03374262244191165
MAPK1,7,2,1,PARVA;S14;,0.03400953013746628
MAPK1,7,2,1,BCL9L;S25;,0.03357422270574648
MAPK1,7,2,1,TMEM245;S327;,0.03357379688982852
MAPK1,7,2,1,MAP1S;S683;,0.03432085777570081
MAPK1,7,2,1,CEP68;S510;,0.033188375208145944
MAPK1,7,2,1,MYOZ2;T32;,0.03352724233346282
MAPK1,7,2,1,PI4K2A;S50;,0.03458403620777479
MAPK1,7,2,1,HUWE1;T3903;,0.03357702592492898
MAPK1,7,2,1,SAMD4B;S271;,0.03446641780366483
MAPK1,7,2,1,TACC2;S575;,0.033575200052560546
MAPK1,7,2,1,DLG2;S323;,0.03348782835373049
MAPK1,7,2,1,PPP1R13L;S360;,0.033561186623448334
MAPK1,7,2,1,BRD8;S274;,0.03357562608879167
MAPK1,7,2,1,AKAP2;S152;,0.033574111393403994
MAPK1,7,2,1,ETL4;S1844;,0.03401849433768577
MAPK1,7,2,1,KDM2A;S718;,0.03319815144211997
MAPK1,7,2,1,NACA;S914;,0.03197650033215373
MAPK1,7,2,1,LIMA1;S608;,0.03274555629572607
MAPK1,7,2,1,PPP1R13L;S110;,0.03422275295391842
MAPK1,7,2,1,GIGYF1;S28;,0.033770812564906695
MAPK1,7,2,1,FHOD1;S501;,0.033702040179992704
MAPK1,7,2,1,LOC685707;S1251;,0.03358353721840661
MAPK1,7,2,1,ATXN2L;S447;,0.032254947710632614
MAPK1,7,2,1,PDXDC1;T554;,0.028318919623897088
MAPK1,7,2,1,NHSL1;T1376;,0.03209357780071384
MAPK1,7,2,1,PHF1;S415;,0.031497025345287206
MAPK1,7,2,1,PIEZO1;S1370;,0.03368887371108516
MAPK1,7,2,2,EPS8;S659;,0.03713927870085106
MAPK1,7,2,2,PTPN21;S762;,0.036817652214059485
MAPK1,7,2,2,PDCD4;S420;,0.03753578625021169
MAPK1,7,2,2,NFIX;S265;,0.03620991812908799
MAPK1,7,2,2,FRMD8;S21;,0.037567338521711534
MAPK1,7,2,2,PAK1;S144;,0.03739291178941845
MAPK1,7,2,2,TBC1D1;T590;,0.036819169991123696
MAPK1,7,2,2,ARHGAP17;S710;,0.037271694147059345
MAPK1,7,2,2,LRRFIP2;T136;,0.036819215618329244
MAPK1,7,2,2,MURC;S20;,0.037333609519137896
MAPK1,7,2,2,AHNAK;S177;,0.037505009170820454
MAPK1,7,2,2,SNW1;S224;,0.03681667449746282
MAPK1,7,2,2,MACF1;S5293;,0.002785799951213711
MAPK1,7,2,2,MATR3;S188;,0.03727945597964229
MAPK1,7,2,2,PHLDB1;S431;,0.037548447663373216
MAPK1,7,2,2,KANK2;S358;,0.03733985572395197
MAPK1,7,2,2,RAI14;T249;,0.028390721686449405
MAPK1,7,2,2,DOCK7;S2107;,0.03735309173934086
MAPK1,7,2,2,STIM1;S257;,0.03681797177768297
MAPK1,7,2,2,CACNB1;S53;,0.03721330146840931
MAPK1,7,2,2,BSDC1;S216;,0.03677972915230571
MAPK1,7,2,2,PIK3C2A;S261;,0.02342863924559362
MAPK1,7,2,2,SNX8;S454;,0.008208122266039074
MAPK1,7,2,2,AKT1S1;T247;,0.03691319371663347
MAPK1,7,2,2,RGD1566017;S802;,0.03742427806318155
MAPK1,7,2,2,PSMC3;S12;,0.010362214773557157
MAPK1,7,2,2,NES;S1131;,0.03629350918006833
MAPK1,7,2,2,TRIP12;T1454;,0.0369907380142698
MAPK1,7,2,2,NDRG1;S330;,0.036817313562329784
MAPK1,7,2,2,LOC312502;S139;,0.03682535748668415
MAPK1,7,3,1,DYNC1I2;S81;,0.034321334460839056
MAPK1,7,3,1,HUWE1;S3898;,0.03332477994055544
MAPK1,7,3,1,GBF1;S1786;,0.03307370072301959
MAPK1,7,3,1,PARVA;S14;,0.03332494513004396
MAPK1,7,3,1,BCL9L;S25;,0.03348549152881612
MAPK1,7,3,1,TMEM245;S327;,0.033328621067078235
MAPK1,7,3,1,MAP1S;S683;,0.034338189437394064
MAPK1,7,3,1,CEP68;S510;,0.03360839426938945
MAPK1,7,3,1,MYOZ2;T32;,0.03332648976793876
MAPK1,7,3,1,PI4K2A;S50;,0.034434740230462696
MAPK1,7,3,1,HUWE1;T3903;,0.03332401606729687
MAPK1,7,3,1,SAMD4B;S271;,0.03449219824547705
MAPK1,7,3,1,TACC2;S575;,0.0332438025286135
MAPK1,7,3,1,DLG2;S323;,0.03365468102465238
MAPK1,7,3,1,PPP1R13L;S360;,0.0335970638154756
MAPK1,7,3,1,BRD8;S274;,0.03356218196289681
MAPK1,7,3,1,AKAP2;S152;,0.03332628207452718
MAPK1,7,3,1,ETL4;S1844;,0.034185549573929074
MAPK1,7,3,1,KDM2A;S718;,0.033709557625200046
MAPK1,7,3,1,NACA;S914;,0.033326975794479734
MAPK1,7,3,1,LIMA1;S608;,0.033324809238138915
MAPK1,7,3,1,PPP1R13L;S110;,0.03420069253685547
MAPK1,7,3,1,GIGYF1;S28;,0.034007617587450134
MAPK1,7,3,1,FHOD1;S501;,0.03383025512265865
MAPK1,7,3,1,LOC685707;S1251;,0.03352891296679268
MAPK1,7,3,1,ATXN2L;S447;,0.032364566519748686
MAPK1,7,3,1,PDXDC1;T554;,0.02882076860775814
MAPK1,7,3,1,NHSL1;T1376;,0.030187544806835883
MAPK1,7,3,1,PHF1;S415;,0.033325975876715486
MAPK1,7,3,1,PIEZO1;S1370;,0.03341986146896041
MAPK1,7,3,2,EPS8;S659;,0.038366353234467014
MAPK1,7,3,2,PTPN21;S762;,0.0381751507021893
MAPK1,7,3,2,PDCD4;S420;,0.03866654614259491
MAPK1,7,3,2,NFIX;S265;,0.037551717809706606
MAPK1,7,3,2,FRMD8;S21;,0.03866619200393096
MAPK1,7,3,2,PAK1;S144;,0.038175470525741564
MAPK1,7,3,2,TBC1D1;T590;,0.038176165653859714
MAPK1,7,3,2,ARHGAP17;S710;,0.038511500796042965
MAPK1,7,3,2,LRRFIP2;T136;,0.03817677033212221
MAPK1,7,3,2,MURC;S20;,0.03821031925256579
MAPK1,7,3,2,AHNAK;S177;,0.03839940902465127
MAPK1,7,3,2,SNW1;S224;,0.03442520526111203
MAPK1,7,3,2,MACF1;S5293;,0.0014040190738519851
MAPK1,7,3,2,MATR3;S188;,0.0381767703102796
MAPK1,7,3,2,PHLDB1;S431;,0.03877746700978477
MAPK1,7,3,2,KANK2;S358;,0.03858388705246929
MAPK1,7,3,2,RAI14;T249;,0.026014487561811662
MAPK1,7,3,2,DOCK7;S2107;,0.03842994142423286
MAPK1,7,3,2,STIM1;S257;,0.0381753388761795
MAPK1,7,3,2,CACNB1;S53;,0.038176815085300166
MAPK1,7,3,2,BSDC1;S216;,0.03817719934635866
MAPK1,7,3,2,PIK3C2A;S261;,0.013130851294890835
MAPK1,7,3,2,SNX8;S454;,0.0035953977528980596
MAPK1,7,3,2,AKT1S1;T247;,0.03817666953427952
MAPK1,7,3,2,RGD1566017;S802;,0.03851519571577624
MAPK1,7,3,2,PSMC3;S12;,0.006110322495186505
MAPK1,7,3,2,NES;S1131;,0.035274269805191834
MAPK1,7,3,2,TRIP12;T1454;,0.038218788540581354
MAPK1,7,3,2,NDRG1;S330;,0.03817608110695266
MAPK1,7,3,2,LOC312502;S139;,0.037385697274990366
MAPK1,7,4,1,DYNC1I2;S81;,0.034418640284223215
MAPK1,7,4,1,HUWE1;S3898;,0.03339423497816449
MAPK1,7,4,1,GBF1;S1786;,0.03339444797344237
MAPK1,7,4,1,PARVA;S14;,0.03375715425499254
MAPK1,7,4,1,BCL9L;S25;,0.03371048234341347
MAPK1,7,4,1,TMEM245;S327;,0.030672952726293095
MAPK1,7,4,1,MAP1S;S683;,0.0343809642681637
MAPK1,7,4,1,CEP68;S510;,0.03339058919399127
MAPK1,7,4,1,MYOZ2;T32;,0.033391222174784435
MAPK1,7,4,1,PI4K2A;S50;,0.03455267156789937
MAPK1,7,4,1,HUWE1;T3903;,0.03339134707783983
MAPK1,7,4,1,SAMD4B;S271;,0.034496300542158694
MAPK1,7,4,1,TACC2;S575;,0.03339136174094583
MAPK1,7,4,1,DLG2;S323;,0.03361225514655735
MAPK1,7,4,1,PPP1R13L;S360;,0.03339052349425917
MAPK1,7,4,1,BRD8;S274;,0.032836560655995335
MAPK1,7,4,1,AKAP2;S152;,0.03339292735725598
MAPK1,7,4,1,ETL4;S1844;,0.03422102598299004
MAPK1,7,4,1,KDM2A;S718;,0.03377697063037783
MAPK1,7,4,1,NACA;S914;,0.033392244532723124
MAPK1,7,4,1,LIMA1;S608;,0.0325099654182736
MAPK1,7,4,1,PPP1R13L;S110;,0.034071125063554794
MAPK1,7,4,1,GIGYF1;S28;,0.0335108632660627
MAPK1,7,4,1,FHOD1;S501;,0.0340443526470783
MAPK1,7,4,1,LOC685707;S1251;,0.033325087930516695
MAPK1,7,4,1,ATXN2L;S447;,0.03339109078966728
MAPK1,7,4,1,PDXDC1;T554;,0.03016538995763838
MAPK1,7,4,1,NHSL1;T1376;,0.0321898764274045
MAPK1,7,4,1,PHF1;S415;,0.03270411664618911
MAPK1,7,4,1,PIEZO1;S1370;,0.03312325492714358
MAPK1,7,4,2,EPS8;S659;,0.03851919473507778
MAPK1,7,4,2,PTPN21;S762;,0.03831303528962539
MAPK1,7,4,2,PDCD4;S420;,0.03881679035992275
MAPK1,7,4,2,NFIX;S265;,0.03533627680908713
MAPK1,7,4,2,FRMD8;S21;,0.038700281667364445
MAPK1,7,4,2,PAK1;S144;,0.038030998018352684
MAPK1,7,4,2,TBC1D1;T590;,0.038312890833082563
MAPK1,7,4,2,ARHGAP17;S710;,0.038561308815477244
MAPK1,7,4,2,LRRFIP2;T136;,0.03831400953260609
MAPK1,7,4,2,MURC;S20;,0.03831389819500133
MAPK1,7,4,2,AHNAK;S177;,0.0385508568303491
MAPK1,7,4,2,SNW1;S224;,0.038314602599848036
MAPK1,7,4,2,MACF1;S5293;,0.0016700864488856536
MAPK1,7,4,2,MATR3;S188;,0.03831366853977876
MAPK1,7,4,2,PHLDB1;S431;,0.03880300350056592
MAPK1,7,4,2,KANK2;S358;,0.03867132743621592
MAPK1,7,4,2,RAI14;T249;,0.012502671959797373
MAPK1,7,4,2,DOCK7;S2107;,0.0383134534072126
MAPK1,7,4,2,STIM1;S257;,0.037479485257783475
MAPK1,7,4,2,CACNB1;S53;,0.03831367834001595
MAPK1,7,4,2,BSDC1;S216;,0.03794048692697826
MAPK1,7,4,2,PIK3C2A;S261;,0.014930239735420346
MAPK1,7,4,2,SNX8;S454;,0.004279786389702374
MAPK1,7,4,2,AKT1S1;T247;,0.038350034471013275
MAPK1,7,4,2,RGD1566017;S802;,0.03857437031711669
MAPK1,7,4,2,PSMC3;S12;,0.01116455972593815
MAPK1,7,4,2,NES;S1131;,0.03766768365653061
MAPK1,7,4,2,TRIP12;T1454;,0.03831389751793527
MAPK1,7,4,2,NDRG1;S330;,0.03831375413195286
MAPK1,7,4,2,LOC312502;S139;,0.03831366855136206
MAPK1,7,5,1,DYNC1I2;S81;,0.034219452053292694
MAPK1,7,5,1,HUWE1;S3898;,0.03325294311858931
MAPK1,7,5,1,GBF1;S1786;,0.0332450512784437
MAPK1,7,5,1,PARVA;S14;,0.0339425236312932
MAPK1,7,5,1,BCL9L;S25;,0.03370794194197853
MAPK1,7,5,1,TMEM245;S327;,0.033247338425933644
MAPK1,7,5,1,MAP1S;S683;,0.03422862916176555
MAPK1,7,5,1,CEP68;S510;,0.033339962910633146
MAPK1,7,5,1,MYOZ2;T32;,0.032959462367819124
MAPK1,7,5,1,PI4K2A;S50;,0.03492722650355467
MAPK1,7,5,1,HUWE1;T3903;,0.033724007447142546
MAPK1,7,5,1,SAMD4B;S271;,0.03429965830189228
MAPK1,7,5,1,TACC2;S575;,0.03265016983613057
MAPK1,7,5,1,DLG2;S323;,0.03375866187789077
MAPK1,7,5,1,PPP1R13L;S360;,0.03381785981308433
MAPK1,7,5,1,BRD8;S274;,0.03341108478552279
MAPK1,7,5,1,AKAP2;S152;,0.03187535117517904
MAPK1,7,5,1,ETL4;S1844;,0.03357117629026241
MAPK1,7,5,1,KDM2A;S718;,0.033250081673018975
MAPK1,7,5,1,NACA;S914;,0.03180514235458994
MAPK1,7,5,1,LIMA1;S608;,0.0319891048969473
MAPK1,7,5,1,PPP1R13L;S110;,0.03387071728547096
MAPK1,7,5,1,GIGYF1;S28;,0.033599204155350705
MAPK1,7,5,1,FHOD1;S501;,0.03324495236929556
MAPK1,7,5,1,LOC685707;S1251;,0.03324733900305212
MAPK1,7,5,1,ATXN2L;S447;,0.032542250530513024
MAPK1,7,5,1,PDXDC1;T554;,0.0326257731026381
MAPK1,7,5,1,NHSL1;T1376;,0.033250084784463195
MAPK1,7,5,1,PHF1;S415;,0.033150724485197694
MAPK1,7,5,1,PIEZO1;S1370;,0.033246124439054114
MAPK1,7,5,2,EPS8;S659;,0.03837390989808714
MAPK1,7,5,2,PTPN21;S762;,0.037822175431060846
MAPK1,7,5,2,PDCD4;S420;,0.03857234475960819
MAPK1,7,5,2,NFIX;S265;,0.0378203498844286
MAPK1,7,5,2,FRMD8;S21;,0.03857469175917924
MAPK1,7,5,2,PAK1;S144;,0.038217200940513785
MAPK1,7,5,2,TBC1D1;T590;,0.037821580938267575
MAPK1,7,5,2,ARHGAP17;S710;,0.038444652151539756
MAPK1,7,5,2,LRRFIP2;T136;,0.03630581114051356
MAPK1,7,5,2,MURC;S20;,0.038379344476375685
MAPK1,7,5,2,AHNAK;S177;,0.03815847984312561
MAPK1,7,5,2,SNW1;S224;,0.03782283751977348
MAPK1,7,5,2,MACF1;S5293;,0.0036016754895556967
MAPK1,7,5,2,MATR3;S188;,0.03855680601251382
MAPK1,7,5,2,PHLDB1;S431;,0.03864076915183008
MAPK1,7,5,2,KANK2;S358;,0.03856635917685028
MAPK1,7,5,2,RAI14;T249;,0.008938378619977769
MAPK1,7,5,2,DOCK7;S2107;,0.03841778662098494
MAPK1,7,5,2,STIM1;S257;,0.03782262788786032
MAPK1,7,5,2,CACNB1;S53;,0.03782161444637702
MAPK1,7,5,2,BSDC1;S216;,0.03782125441066555
MAPK1,7,5,2,PIK3C2A;S261;,0.017843100433104834
MAPK1,7,5,2,SNX8;S454;,0.007706774234380816
MAPK1,7,5,2,AKT1S1;T247;,0.03738473224364623
MAPK1,7,5,2,RGD1566017;S802;,0.038439504767797825
MAPK1,7,5,2,PSMC3;S12;,0.010708239925983857
MAPK1,7,5,2,NES;S1131;,0.0378228391236108
MAPK1,7,5,2,TRIP12;T1454;,0.03782084411727328
MAPK1,7,5,2,NDRG1;S330;,0.03782250831041576
MAPK1,7,5,2,LOC312502;S139;,0.03795080628469766
MAPK1,8,1,1,DYNC1I2;S81;,0.0353467799604411
MAPK1,8,1,1,HUWE1;S3898;,0.03337728914952276
MAPK1,8,1,1,GBF1;S1786;,0.03375274393289547
MAPK1,8,1,1,PARVA;S14;,0.035116828139481145
MAPK1,8,1,1,BCL9L;S25;,0.0343329016438606
MAPK1,8,1,1,TMEM245;S327;,0.03337223023499277
MAPK1,8,1,1,MAP1S;S683;,0.03494039533868289
MAPK1,8,1,1,CEP68;S510;,0.03337970668856086
MAPK1,8,1,1,MYOZ2;T32;,0.03269333516578385
MAPK1,8,1,1,PI4K2A;S50;,0.03548812322897767
MAPK1,8,1,1,HUWE1;T3903;,0.03338037056325978
MAPK1,8,1,1,SAMD4B;S271;,0.03534309138133291
MAPK1,8,1,1,TACC2;S575;,0.03337728903655467
MAPK1,8,1,1,DLG2;S323;,0.03416172344736598
MAPK1,8,1,1,PPP1R13L;S360;,0.03491306427959711
MAPK1,8,1,1,BRD8;S274;,0.03337618219932203
MAPK1,8,1,1,AKAP2;S152;,0.02976997804031415
MAPK1,8,1,1,ETL4;S1844;,0.03410581267544743
MAPK1,8,1,1,KDM2A;S718;,0.03353638459104072
MAPK1,8,1,1,NACA;S914;,0.031210481768431858
MAPK1,8,1,1,LIMA1;S608;,0.032397354300130764
MAPK1,8,1,1,PPP1R13L;S110;,0.034389331130739983
MAPK1,8,1,1,GIGYF1;S28;,0.0339836792957627
MAPK1,8,1,1,FHOD1;S501;,0.033992103552924584
MAPK1,8,1,1,LOC685707;S1251;,0.0333746883857693
MAPK1,8,1,1,ATXN2L;S447;,0.03238089753566752
MAPK1,8,1,1,PDXDC1;T554;,0.026427682344434725
MAPK1,8,1,1,NHSL1;T1376;,0.03132685425075935
MAPK1,8,1,1,PHF1;S415;,0.03337490681401182
MAPK1,8,1,1,PIEZO1;S1370;,0.03337779092393355
MAPK1,8,1,2,ACIN1;S711;,0.037256710014959823
MAPK1,8,1,2,DDX3X;S261;,0.036532886753884636
MAPK1,8,1,2,RPS6KB1;S404;,0.036786813000674934
MAPK1,8,1,2,ABCC4;S604;,0.013877372011198251
MAPK1,8,1,2,PBXIP1;S132;,0.037264962058457224
MAPK1,8,1,2,FAM134C;S320;,0.03678595877964672
MAPK1,8,1,2,RGD1308297;S518;,0.03678597570199519
MAPK1,8,1,2,ATG14;S5;,0.03718320717356161
MAPK1,8,1,2,FOXK2;T200;,0.02671145549030101
MAPK1,8,1,2,SBF1;S1141;,0.03678663797532493
MAPK1,8,1,2,NEXN;S280;,0.03725447562924174
MAPK1,8,1,2,MAF1;S60;,0.011898817478600767
MAPK1,8,1,2,KDM5C;S316;,0.03727499173646842
MAPK1,8,1,2,PI4K2A;S46;,0.03336707596424166
MAPK1,8,1,2,NUP35;S73;,0.008179908164666315
MAPK1,8,1,2,DOCK6;S1339;,0.037018462182028804
MAPK1,8,1,2,AKAP1;S103;,0.03678718768502906
MAPK1,8,1,2,BCL9L;S116;,0.03736885639702322
MAPK1,8,1,2,SRSF11;S200;,0.024858571017218462
MAPK1,8,1,2,ZFP295;S411;,0.03725342956597273
MAPK1,8,1,2,EEF2;T57;,0.03678658042601839
MAPK1,8,1,2,SRRM2;S2228;,0.0350835348093578
MAPK1,8,1,2,STIM1;S524;,0.03678671794024779
MAPK1,8,1,2,MED24;S861;,0.037267759152033245
MAPK1,8,1,2,RRP1B;T521;,0.03295367417848281
MAPK1,8,1,2,PDLIM7;S209;,0.03712427527653012
MAPK1,8,1,2,PRRC2A;S765;,0.037043901919308155
MAPK1,8,1,2,AZI1;S304;,0.03736877600621981
MAPK1,8,1,2,BBX;S243;,0.03519728751800292
MAPK1,8,1,2,DOPEY1;S1261;,0.037153737993303564
MAPK1,8,2,1,DYNC1I2;S81;,0.03916523840095369
MAPK1,8,2,1,HUWE1;S3898;,0.03671362795927592
MAPK1,8,2,1,GBF1;S1786;,0.0378060913160556
MAPK1,8,2,1,PARVA;S14;,0.03918455742470198
MAPK1,8,2,1,BCL9L;S25;,0.038111656016140555
MAPK1,8,2,1,TMEM245;S327;,0.037643040596179574
MAPK1,8,2,1,MAP1S;S683;,0.03839544158493931
MAPK1,8,2,1,CEP68;S510;,0.034590332726885935
MAPK1,8,2,1,MYOZ2;T32;,0.009534862685391478
MAPK1,8,2,1,PI4K2A;S50;,0.03875623439566515
MAPK1,8,2,1,HUWE1;T3903;,0.023006960162793095
MAPK1,8,2,1,SAMD4B;S271;,0.03935074480330327
MAPK1,8,2,1,TACC2;S575;,0.03764807290008977
MAPK1,8,2,1,DLG2;S323;,0.03573800906669717
MAPK1,8,2,1,PPP1R13L;S360;,0.037645798646916515
MAPK1,8,2,1,BRD8;S274;,0.034065862346283345
MAPK1,8,2,1,AKAP2;S152;,0.027370569321338203
MAPK1,8,2,1,ETL4;S1844;,0.03781167951367865
MAPK1,8,2,1,KDM2A;S718;,0.035703157855254034
MAPK1,8,2,1,NACA;S914;,0.033511226465768554
MAPK1,8,2,1,LIMA1;S608;,0.03479375055031652
MAPK1,8,2,1,PPP1R13L;S110;,0.03798969135985145
MAPK1,8,2,1,GIGYF1;S28;,0.037127247429817795
MAPK1,8,2,1,FHOD1;S501;,0.0379494536985154
MAPK1,8,2,1,LOC685707;S1251;,0.036535052701952286
MAPK1,8,2,1,ATXN2L;S447;,0.03489461369812084
MAPK1,8,2,1,PDXDC1;T554;,0.004815320498996811
MAPK1,8,2,1,NHSL1;T1376;,0.010891654444516157
MAPK1,8,2,1,PHF1;S415;,0.03559978990236312
MAPK1,8,2,1,PIEZO1;S1370;,0.03765026152723807
MAPK1,8,2,2,ACIN1;S711;,0.03650899946120267
MAPK1,8,2,2,DDX3X;S261;,0.03579645577984542
MAPK1,8,2,2,RPS6KB1;S404;,0.03607747884276754
MAPK1,8,2,2,ABCC4;S604;,0.01561870351410233
MAPK1,8,2,2,PBXIP1;S132;,0.036509351396342815
MAPK1,8,2,2,FAM134C;S320;,0.036078822243991227
MAPK1,8,2,2,RGD1308297;S518;,0.036078187188765806
MAPK1,8,2,2,ATG14;S5;,0.03640370828265105
MAPK1,8,2,2,FOXK2;T200;,0.034648147601059893
MAPK1,8,2,2,SBF1;S1141;,0.03599385954419131
MAPK1,8,2,2,NEXN;S280;,0.036416918355506776
MAPK1,8,2,2,MAF1;S60;,0.012279430516896022
MAPK1,8,2,2,KDM5C;S316;,0.03650930897214183
MAPK1,8,2,2,PI4K2A;S46;,0.03220857676480753
MAPK1,8,2,2,NUP35;S73;,0.0067025201223524095
MAPK1,8,2,2,DOCK6;S1339;,0.036240365413885124
MAPK1,8,2,2,AKAP1;S103;,0.03607807649283164
MAPK1,8,2,2,BCL9L;S116;,0.03650940563231275
MAPK1,8,2,2,SRSF11;S200;,0.03157623097290628
MAPK1,8,2,2,ZFP295;S411;,0.036509069931064
MAPK1,8,2,2,EEF2;T57;,0.03607773905397634
MAPK1,8,2,2,SRRM2;S2228;,0.03437030812042623
MAPK1,8,2,2,STIM1;S524;,0.03597196336390391
MAPK1,8,2,2,MED24;S861;,0.036509220193215834
MAPK1,8,2,2,RRP1B;T521;,0.036077862119528285
MAPK1,8,2,2,PDLIM7;S209;,0.03625208261471569
MAPK1,8,2,2,PRRC2A;S765;,0.0363196869852113
MAPK1,8,2,2,AZI1;S304;,0.03650947375952825
MAPK1,8,2,2,BBX;S243;,0.034781323859941836
MAPK1,8,2,2,DOPEY1;S1261;,0.03638672289992796
MAPK1,8,3,1,DYNC1I2;S81;,0.03909777225680442
MAPK1,8,3,1,HUWE1;S3898;,0.03777849787319779
MAPK1,8,3,1,GBF1;S1786;,0.03778830785395652
MAPK1,8,3,1,PARVA;S14;,0.03870229395791273
MAPK1,8,3,1,BCL9L;S25;,0.038225546409596474
MAPK1,8,3,1,TMEM245;S327;,0.037813283377299584
MAPK1,8,3,1,MAP1S;S683;,0.038973525054029026
MAPK1,8,3,1,CEP68;S510;,0.03777896170123842
MAPK1,8,3,1,MYOZ2;T32;,0.003052714787250899
MAPK1,8,3,1,PI4K2A;S50;,0.03868862307866134
MAPK1,8,3,1,HUWE1;T3903;,0.012165639335144115
MAPK1,8,3,1,SAMD4B;S271;,0.03902951550001832
MAPK1,8,3,1,TACC2;S575;,0.03775262309012766
MAPK1,8,3,1,DLG2;S323;,0.037992599686271326
MAPK1,8,3,1,PPP1R13L;S360;,0.03778001072088398
MAPK1,8,3,1,BRD8;S274;,0.03777943817580158
MAPK1,8,3,1,AKAP2;S152;,0.03777720273864598
MAPK1,8,3,1,ETL4;S1844;,0.0387448576365141
MAPK1,8,3,1,KDM2A;S718;,0.03777921081729463
MAPK1,8,3,1,NACA;S914;,0.030181474700800466
MAPK1,8,3,1,LIMA1;S608;,0.037100646534569355
MAPK1,8,3,1,PPP1R13L;S110;,0.03869450226456425
MAPK1,8,3,1,GIGYF1;S28;,0.037778568720755044
MAPK1,8,3,1,FHOD1;S501;,0.0381797335373794
MAPK1,8,3,1,LOC685707;S1251;,0.0379745017108949
MAPK1,8,3,1,ATXN2L;S447;,0.03687918131353257
MAPK1,8,3,1,PDXDC1;T554;,0.0015800977098458261
MAPK1,8,3,1,NHSL1;T1376;,0.0025874332502301392
MAPK1,8,3,1,PHF1;S415;,0.03634397861038668
MAPK1,8,3,1,PIEZO1;S1370;,0.03799925759639258
MAPK1,8,3,2,ACIN1;S711;,0.03676860634004542
MAPK1,8,3,2,DDX3X;S261;,0.03642011187832864
MAPK1,8,3,2,RPS6KB1;S404;,0.03653258337690392
MAPK1,8,3,2,ABCC4;S604;,0.020478672170803725
MAPK1,8,3,2,PBXIP1;S132;,0.036979235528353305
MAPK1,8,3,2,FAM134C;S320;,0.03653528191906576
MAPK1,8,3,2,RGD1308297;S518;,0.03653581619655193
MAPK1,8,3,2,ATG14;S5;,0.03697909039853318
MAPK1,8,3,2,FOXK2;T200;,0.03653610854351749
MAPK1,8,3,2,SBF1;S1141;,0.03628140466887413
MAPK1,8,3,2,NEXN;S280;,0.03697890546583486
MAPK1,8,3,2,MAF1;S60;,0.004889661670257668
MAPK1,8,3,2,KDM5C;S316;,0.03682305191666905
MAPK1,8,3,2,PI4K2A;S46;,0.035928489571473654
MAPK1,8,3,2,NUP35;S73;,0.0026666966030030317
MAPK1,8,3,2,DOCK6;S1339;,0.03646904511179573
MAPK1,8,3,2,AKAP1;S103;,0.03603580415004695
MAPK1,8,3,2,BCL9L;S116;,0.03688435052112928
MAPK1,8,3,2,SRSF11;S200;,0.02796671011241874
MAPK1,8,3,2,ZFP295;S411;,0.036753137973636545
MAPK1,8,3,2,EEF2;T57;,0.036536108523317824
MAPK1,8,3,2,SRRM2;S2228;,0.03653628724877346
MAPK1,8,3,2,STIM1;S524;,0.03653610274510508
MAPK1,8,3,2,MED24;S861;,0.036978867771434366
MAPK1,8,3,2,RRP1B;T521;,0.03671309789966147
MAPK1,8,3,2,PDLIM7;S209;,0.03686916466712373
MAPK1,8,3,2,PRRC2A;S765;,0.036692103407946215
MAPK1,8,3,2,AZI1;S304;,0.03687656443711077
MAPK1,8,3,2,BBX;S243;,0.028216838403111035
MAPK1,8,3,2,DOPEY1;S1261;,0.03660210077917301
MAPK1,8,4,1,DYNC1I2;S81;,0.039653702501612834
MAPK1,8,4,1,HUWE1;S3898;,0.037850927534674644
MAPK1,8,4,1,GBF1;S1786;,0.03828870861052317
MAPK1,8,4,1,PARVA;S14;,0.03967599762941412
MAPK1,8,4,1,BCL9L;S25;,0.03895545873731443
MAPK1,8,4,1,TMEM245;S327;,0.037848989548337715
MAPK1,8,4,1,MAP1S;S683;,0.03913234167213895
MAPK1,8,4,1,CEP68;S510;,0.037851105888841496
MAPK1,8,4,1,MYOZ2;T32;,0.003908892742649737
MAPK1,8,4,1,PI4K2A;S50;,0.03957470657699295
MAPK1,8,4,1,HUWE1;T3903;,0.011604847192202998
MAPK1,8,4,1,SAMD4B;S271;,0.03955521365548784
MAPK1,8,4,1,TACC2;S575;,0.037850028329538675
MAPK1,8,4,1,DLG2;S323;,0.03847916323094462
MAPK1,8,4,1,PPP1R13L;S360;,0.03855598808562989
MAPK1,8,4,1,BRD8;S274;,0.037849362525788646
MAPK1,8,4,1,AKAP2;S152;,0.031056355967870434
MAPK1,8,4,1,ETL4;S1844;,0.03849578342264911
MAPK1,8,4,1,KDM2A;S718;,0.03427440283721535
MAPK1,8,4,1,NACA;S914;,0.03279258013664171
MAPK1,8,4,1,LIMA1;S608;,0.03590842433803857
MAPK1,8,4,1,PPP1R13L;S110;,0.038150511257795124
MAPK1,8,4,1,GIGYF1;S28;,0.038159489351837106
MAPK1,8,4,1,FHOD1;S501;,0.038250118900143924
MAPK1,8,4,1,LOC685707;S1251;,0.03785228350413274
MAPK1,8,4,1,ATXN2L;S447;,0.03785035619050196
MAPK1,8,4,1,PDXDC1;T554;,0.0023283915359690894
MAPK1,8,4,1,NHSL1;T1376;,0.003919470972305092
MAPK1,8,4,1,PHF1;S415;,0.036291009791314596
MAPK1,8,4,1,PIEZO1;S1370;,0.03803538733149238
MAPK1,8,4,2,ACIN1;S711;,0.0370391141750587
MAPK1,8,4,2,DDX3X;S261;,0.03664079310916361
MAPK1,8,4,2,RPS6KB1;S404;,0.036640614211929504
MAPK1,8,4,2,ABCC4;S604;,0.017156613972150396
MAPK1,8,4,2,PBXIP1;S132;,0.03713814227194685
MAPK1,8,4,2,FAM134C;S320;,0.03664093750336588
MAPK1,8,4,2,RGD1308297;S518;,0.036640764897192
MAPK1,8,4,2,ATG14;S5;,0.036992227034917426
MAPK1,8,4,2,FOXK2;T200;,0.03598745329310222
MAPK1,8,4,2,SBF1;S1141;,0.036641286490178296
MAPK1,8,4,2,NEXN;S280;,0.03701993554444197
MAPK1,8,4,2,MAF1;S60;,0.007257312311676408
MAPK1,8,4,2,KDM5C;S316;,0.03713814249347107
MAPK1,8,4,2,PI4K2A;S46;,0.03125844549447254
MAPK1,8,4,2,NUP35;S73;,0.005664272980710575
MAPK1,8,4,2,DOCK6;S1339;,0.03689184878914705
MAPK1,8,4,2,AKAP1;S103;,0.036640478443131334
MAPK1,8,4,2,BCL9L;S116;,0.037138437542124106
MAPK1,8,4,2,SRSF11;S200;,0.02272141461710024
MAPK1,8,4,2,ZFP295;S411;,0.03713808281260216
MAPK1,8,4,2,EEF2;T57;,0.03612513409651699
MAPK1,8,4,2,SRRM2;S2228;,0.03503587506030343
MAPK1,8,4,2,STIM1;S524;,0.03664070801536262
MAPK1,8,4,2,MED24;S861;,0.03697953579883484
MAPK1,8,4,2,RRP1B;T521;,0.03664041489366847
MAPK1,8,4,2,PDLIM7;S209;,0.03682369120870946
MAPK1,8,4,2,PRRC2A;S765;,0.036640377194325016
MAPK1,8,4,2,AZI1;S304;,0.03713823374257995
MAPK1,8,4,2,BBX;S243;,0.03456741468978912
MAPK1,8,4,2,DOPEY1;S1261;,0.03702229731202781
MAPK1,8,5,1,DYNC1I2;S81;,0.0415967882870145
MAPK1,8,5,1,HUWE1;S3898;,0.04007394257470321
MAPK1,8,5,1,GBF1;S1786;,0.04007467264417794
MAPK1,8,5,1,PARVA;S14;,0.041238004676284544
MAPK1,8,5,1,BCL9L;S25;,0.04007318019055069
MAPK1,8,5,1,TMEM245;S327;,0.04007539461191393
MAPK1,8,5,1,MAP1S;S683;,0.04050888196013487
MAPK1,8,5,1,CEP68;S510;,0.040073730695391156
MAPK1,8,5,1,MYOZ2;T32;,0.002129428716390764
MAPK1,8,5,1,PI4K2A;S50;,0.04065426800229151
MAPK1,8,5,1,HUWE1;T3903;,0.008447319359670668
MAPK1,8,5,1,SAMD4B;S271;,0.04154162530882296
MAPK1,8,5,1,TACC2;S575;,0.04007429477537938
MAPK1,8,5,1,DLG2;S323;,0.04007450499101698
MAPK1,8,5,1,PPP1R13L;S360;,0.04013023964436509
MAPK1,8,5,1,BRD8;S274;,0.03981098793428104
MAPK1,8,5,1,AKAP2;S152;,0.032559765902202886
MAPK1,8,5,1,ETL4;S1844;,0.04007683234051945
MAPK1,8,5,1,KDM2A;S718;,0.026175959068486923
MAPK1,8,5,1,NACA;S914;,0.015529131253259453
MAPK1,8,5,1,LIMA1;S608;,0.03958686025283228
MAPK1,8,5,1,PPP1R13L;S110;,0.04058219447325869
MAPK1,8,5,1,GIGYF1;S28;,0.040078011694835755
MAPK1,8,5,1,FHOD1;S501;,0.0400739539373777
MAPK1,8,5,1,LOC685707;S1251;,0.040073651628498644
MAPK1,8,5,1,ATXN2L;S447;,0.037515842774526846
MAPK1,8,5,1,PDXDC1;T554;,0.0011360759616505978
MAPK1,8,5,1,NHSL1;T1376;,0.001649236047845045
MAPK1,8,5,1,PHF1;S415;,0.029229732221549672
MAPK1,8,5,1,PIEZO1;S1370;,0.03915548807076685
MAPK1,8,5,2,ACIN1;S711;,0.035640287916471135
MAPK1,8,5,2,DDX3X;S261;,0.03522532720140419
MAPK1,8,5,2,RPS6KB1;S404;,0.03535056139771646
MAPK1,8,5,2,ABCC4;S604;,0.029604022335696263
MAPK1,8,5,2,PBXIP1;S132;,0.03564032971870976
MAPK1,8,5,2,FAM134C;S320;,0.03503044477469762
MAPK1,8,5,2,RGD1308297;S518;,0.0355157205104211
MAPK1,8,5,2,ATG14;S5;,0.03564012964162518
MAPK1,8,5,2,FOXK2;T200;,0.03522545394234381
MAPK1,8,5,2,SBF1;S1141;,0.0352250682706088
MAPK1,8,5,2,NEXN;S280;,0.03563983357291607
MAPK1,8,5,2,MAF1;S60;,0.009511114613483581
MAPK1,8,5,2,KDM5C;S316;,0.03563990595659179
MAPK1,8,5,2,PI4K2A;S46;,0.03522581432424582
MAPK1,8,5,2,NUP35;S73;,0.00871720117041376
MAPK1,8,5,2,DOCK6;S1339;,0.03534222337554749
MAPK1,8,5,2,AKAP1;S103;,0.03522570674976054
MAPK1,8,5,2,BCL9L;S116;,0.03564024945155086
MAPK1,8,5,2,SRSF11;S200;,0.0315696166651132
MAPK1,8,5,2,ZFP295;S411;,0.03564022164331151
MAPK1,8,5,2,EEF2;T57;,0.034762199075603586
MAPK1,8,5,2,SRRM2;S2228;,0.035225749144880025
MAPK1,8,5,2,STIM1;S524;,0.035225069745352645
MAPK1,8,5,2,MED24;S861;,0.03564032775442456
MAPK1,8,5,2,RRP1B;T521;,0.03525716715413884
MAPK1,8,5,2,PDLIM7;S209;,0.035640077442810135
MAPK1,8,5,2,PRRC2A;S765;,0.03563972857665305
MAPK1,8,5,2,AZI1;S304;,0.03564033282698532
MAPK1,8,5,2,BBX;S243;,0.035225236160924545
MAPK1,8,5,2,DOPEY1;S1261;,0.03549487888559852
MAPK1,9,1,1,DYNC1I2;S81;,0.03548136369333246
MAPK1,9,1,1,HUWE1;S3898;,0.033145434990348804
MAPK1,9,1,1,GBF1;S1786;,0.03314288781741941
MAPK1,9,1,1,PARVA;S14;,0.034380917129605774
MAPK1,9,1,1,BCL9L;S25;,0.03339839218707404
MAPK1,9,1,1,TMEM245;S327;,0.0336800569813975
MAPK1,9,1,1,MAP1S;S683;,0.03500105972105078
MAPK1,9,1,1,CEP68;S510;,0.033145378436884525
MAPK1,9,1,1,MYOZ2;T32;,0.033142304662041655
MAPK1,9,1,1,PI4K2A;S50;,0.03581687387920813
MAPK1,9,1,1,HUWE1;T3903;,0.03468152445495817
MAPK1,9,1,1,SAMD4B;S271;,0.0359115454468153
MAPK1,9,1,1,TACC2;S575;,0.032488876139407014
MAPK1,9,1,1,DLG2;S323;,0.03313968024924925
MAPK1,9,1,1,PPP1R13L;S360;,0.03414491392794118
MAPK1,9,1,1,BRD8;S274;,0.033875911913027766
MAPK1,9,1,1,AKAP2;S152;,0.03150225423377101
MAPK1,9,1,1,ETL4;S1844;,0.03396347422317121
MAPK1,9,1,1,KDM2A;S718;,0.03347801469871602
MAPK1,9,1,1,NACA;S914;,0.03011760572385504
MAPK1,9,1,1,LIMA1;S608;,0.032445859893957485
MAPK1,9,1,1,PPP1R13L;S110;,0.03495051564212669
MAPK1,9,1,1,GIGYF1;S28;,0.033842157209455895
MAPK1,9,1,1,FHOD1;S501;,0.03313778216184894
MAPK1,9,1,1,LOC685707;S1251;,0.03314078253048828
MAPK1,9,1,1,ATXN2L;S447;,0.02871991315942244
MAPK1,9,1,1,PDXDC1;T554;,0.03093403997031385
MAPK1,9,1,1,NHSL1;T1376;,0.03314695439622268
MAPK1,9,1,1,PHF1;S415;,0.03289780180849
MAPK1,9,1,1,PIEZO1;S1370;,0.033145722718398746
MAPK1,9,1,2,MLLT4;S246;,0.03849704266833088
MAPK1,9,1,2,MTFR1L;S100;,0.03837271748423242
MAPK1,9,1,2,UBE2O;S835;,0.012285526098607998
MAPK1,9,1,2,SRSF10;S131;,0.03837264430750964
MAPK1,9,1,2,EEF2;T57;,0.03837231348561329
MAPK1,9,1,2,RTF1;S416;,0.03861561627547704
MAPK1,9,1,2,GAB2;S143;,0.023121273330932078
MAPK1,9,1,2,RGD1311783;S45;,0.03837264945001851
MAPK1,9,1,2,LIMA1;S360;,0.0104985596502702
MAPK1,9,1,2,PI4K2A;S461;,0.0384950973203828
MAPK1,9,1,2,EIF5B;S183;,0.03851482484922942
MAPK1,9,1,2,FOSL2;S320;,0.02185758289124435
MAPK1,9,1,2,PSMA5;T55;,0.038372364146719275
MAPK1,9,1,2,PPAN;S233;,0.038378192518114834
MAPK1,9,1,2,TFE3;S531;,0.03837245968968084
MAPK1,9,1,2,SYNPO2L;S401;,0.038495218346103977
MAPK1,9,1,2,MAP1B;S1257;,0.009347135391670274
MAPK1,9,1,2,HECTD1;S1393;,0.038195729592815184
MAPK1,9,1,2,TNKS1BP1;S1642;,0.03850260644530583
MAPK1,9,1,2,NDRG2;T334;,0.038372260373623686
MAPK1,9,1,2,ARHGEF5;S721;,0.03837276657254093
MAPK1,9,1,2,PBXIP1;S132;,0.03843569298532494
MAPK1,9,1,2,LOC100912115;S649;,0.016269117958181915
MAPK1,9,1,2,SMCR8;S491;,0.03840675574434623
MAPK1,9,1,2,MAPK1;Y185;,0.038372877765115734
MAPK1,9,1,2,RANBP3;S58;,0.0384554309897757
MAPK1,9,1,2,WIPF2;S235;,0.02312879520938921
MAPK1,9,1,2,ATF7;T53;,0.03837246055607092
MAPK1,9,1,2,CACNB1;S53;,0.03837211743627772
MAPK1,9,1,2,SIPA1L1;S1408;,0.038402170467094106
MAPK1,9,2,1,DYNC1I2;S81;,0.0354219591865439
MAPK1,9,2,1,HUWE1;S3898;,0.033145537729649135
MAPK1,9,2,1,GBF1;S1786;,0.030451951096134015
MAPK1,9,2,1,PARVA;S14;,0.03358767172453114
MAPK1,9,2,1,BCL9L;S25;,0.03355104295837253
MAPK1,9,2,1,TMEM245;S327;,0.033508496316602826
MAPK1,9,2,1,MAP1S;S683;,0.03487154703137707
MAPK1,9,2,1,CEP68;S510;,0.03401044966116302
MAPK1,9,2,1,MYOZ2;T32;,0.03351645458986883
MAPK1,9,2,1,PI4K2A;S50;,0.035566866599909396
MAPK1,9,2,1,HUWE1;T3903;,0.03459980161470983
MAPK1,9,2,1,SAMD4B;S271;,0.0355089535308242
MAPK1,9,2,1,TACC2;S575;,0.029293114717268302
MAPK1,9,2,1,DLG2;S323;,0.03396126041714545
MAPK1,9,2,1,PPP1R13L;S360;,0.03386621862833643
MAPK1,9,2,1,BRD8;S274;,0.03360192630244256
MAPK1,9,2,1,AKAP2;S152;,0.03231787238054021
MAPK1,9,2,1,ETL4;S1844;,0.03350889184640853
MAPK1,9,2,1,KDM2A;S718;,0.033516834049001736
MAPK1,9,2,1,NACA;S914;,0.029217511222179634
MAPK1,9,2,1,LIMA1;S608;,0.03285348522728471
MAPK1,9,2,1,PPP1R13L;S110;,0.03528556312080893
MAPK1,9,2,1,GIGYF1;S28;,0.033511424805215
MAPK1,9,2,1,FHOD1;S501;,0.032250281695097666
MAPK1,9,2,1,LOC685707;S1251;,0.0337478873561699
MAPK1,9,2,1,ATXN2L;S447;,0.031271867503650214
MAPK1,9,2,1,PDXDC1;T554;,0.03351363492131341
MAPK1,9,2,1,NHSL1;T1376;,0.03351357063856282
MAPK1,9,2,1,PHF1;S415;,0.033512698400581936
MAPK1,9,2,1,PIEZO1;S1370;,0.03351522472830665
MAPK1,9,2,2,MLLT4;S246;,0.03939490477288299
MAPK1,9,2,2,MTFR1L;S100;,0.0391277168854397
MAPK1,9,2,2,UBE2O;S835;,0.01385222472717529
MAPK1,9,2,2,SRSF10;S131;,0.039128767085193264
MAPK1,9,2,2,EEF2;T57;,0.03804980424383349
MAPK1,9,2,2,RTF1;S416;,0.03935731269630129
MAPK1,9,2,2,GAB2;S143;,0.023397239016198848
MAPK1,9,2,2,RGD1311783;S45;,0.03912366871867696
MAPK1,9,2,2,LIMA1;S360;,0.009453946262246318
MAPK1,9,2,2,PI4K2A;S461;,0.03934858502564954
MAPK1,9,2,2,EIF5B;S183;,0.03938284776244853
MAPK1,9,2,2,FOSL2;S320;,0.018943723405252612
MAPK1,9,2,2,PSMA5;T55;,0.03912774295052163
MAPK1,9,2,2,PPAN;S233;,0.039128680259575145
MAPK1,9,2,2,TFE3;S531;,0.03912825724055845
MAPK1,9,2,2,SYNPO2L;S401;,0.03931769191685972
MAPK1,9,2,2,MAP1B;S1257;,0.008314701921981036
MAPK1,9,2,2,HECTD1;S1393;,0.03884137519697705
MAPK1,9,2,2,TNKS1BP1;S1642;,0.03934622648642364
MAPK1,9,2,2,NDRG2;T334;,0.03912818519778859
MAPK1,9,2,2,ARHGEF5;S721;,0.03876881082867166
MAPK1,9,2,2,PBXIP1;S132;,0.03912752597574298
MAPK1,9,2,2,LOC100912115;S649;,0.009644357946291229
MAPK1,9,2,2,SMCR8;S491;,0.03912868024793272
MAPK1,9,2,2,MAPK1;Y185;,0.03650060428874659
MAPK1,9,2,2,RANBP3;S58;,0.03926838950957879
MAPK1,9,2,2,WIPF2;S235;,0.019823890685601458
MAPK1,9,2,2,ATF7;T53;,0.038633962719043256
MAPK1,9,2,2,CACNB1;S53;,0.03912748566791283
MAPK1,9,2,2,SIPA1L1;S1408;,0.03908269035849431
MAPK1,9,3,1,DYNC1I2;S81;,0.03436429925256725
MAPK1,9,3,1,HUWE1;S3898;,0.03303403871974069
MAPK1,9,3,1,GBF1;S1786;,0.033146478201756584
MAPK1,9,3,1,PARVA;S14;,0.03338304751680919
MAPK1,9,3,1,BCL9L;S25;,0.033956626696261885
MAPK1,9,3,1,TMEM245;S327;,0.0331467702787585
MAPK1,9,3,1,MAP1S;S683;,0.03403464390102564
MAPK1,9,3,1,CEP68;S510;,0.03314466379101571
MAPK1,9,3,1,MYOZ2;T32;,0.03314681120042025
MAPK1,9,3,1,PI4K2A;S50;,0.03483035734009973
MAPK1,9,3,1,HUWE1;T3903;,0.03429991053957181
MAPK1,9,3,1,SAMD4B;S271;,0.03512452094177925
MAPK1,9,3,1,TACC2;S575;,0.0334089195100452
MAPK1,9,3,1,DLG2;S323;,0.03266608997249332
MAPK1,9,3,1,PPP1R13L;S360;,0.03316963736641757
MAPK1,9,3,1,BRD8;S274;,0.033835597206213174
MAPK1,9,3,1,AKAP2;S152;,0.033148681991063786
MAPK1,9,3,1,ETL4;S1844;,0.03409438814760227
MAPK1,9,3,1,KDM2A;S718;,0.0335091299950398
MAPK1,9,3,1,NACA;S914;,0.033148306738079565
MAPK1,9,3,1,LIMA1;S608;,0.033146686578919185
MAPK1,9,3,1,PPP1R13L;S110;,0.03443265168050428
MAPK1,9,3,1,GIGYF1;S28;,0.03400077051642922
MAPK1,9,3,1,FHOD1;S501;,0.033590298490953116
MAPK1,9,3,1,LOC685707;S1251;,0.03314469760431138
MAPK1,9,3,1,ATXN2L;S447;,0.029679945345315685
MAPK1,9,3,1,PDXDC1;T554;,0.030358651067657116
MAPK1,9,3,1,NHSL1;T1376;,0.03314815358367417
MAPK1,9,3,1,PHF1;S415;,0.03276019769583852
MAPK1,9,3,1,PIEZO1;S1370;,0.033145028129636205
MAPK1,9,3,2,MLLT4;S246;,0.04041534871791609
MAPK1,9,3,2,MTFR1L;S100;,0.04034829785089213
MAPK1,9,3,2,UBE2O;S835;,0.006897533440153505
MAPK1,9,3,2,SRSF10;S131;,0.04034914323008816
MAPK1,9,3,2,EEF2;T57;,0.04034792022234107
MAPK1,9,3,2,RTF1;S416;,0.04055451125866668
MAPK1,9,3,2,GAB2;S143;,0.01786198584336546
MAPK1,9,3,2,RGD1311783;S45;,0.04022707116410619
MAPK1,9,3,2,LIMA1;S360;,0.005642890071849674
MAPK1,9,3,2,PI4K2A;S461;,0.040481582412477846
MAPK1,9,3,2,EIF5B;S183;,0.040509881348757555
MAPK1,9,3,2,FOSL2;S320;,0.011719505478860503
MAPK1,9,3,2,PSMA5;T55;,0.04034818650399279
MAPK1,9,3,2,PPAN;S233;,0.04023326923790794
MAPK1,9,3,2,TFE3;S531;,0.03984892360698744
MAPK1,9,3,2,SYNPO2L;S401;,0.040434276820992626
MAPK1,9,3,2,MAP1B;S1257;,0.006616960736659594
MAPK1,9,3,2,HECTD1;S1393;,0.039575042313314795
MAPK1,9,3,2,TNKS1BP1;S1642;,0.04049547122657066
MAPK1,9,3,2,NDRG2;T334;,0.0403489133129478
MAPK1,9,3,2,ARHGEF5;S721;,0.04034872316256523
MAPK1,9,3,2,PBXIP1;S132;,0.040362812707803786
MAPK1,9,3,2,LOC100912115;S649;,0.011398071467528406
MAPK1,9,3,2,SMCR8;S491;,0.040262137238703165
MAPK1,9,3,2,MAPK1;Y185;,0.03657669694098917
MAPK1,9,3,2,RANBP3;S58;,0.04044502669518862
MAPK1,9,3,2,WIPF2;S235;,0.017139942479664657
MAPK1,9,3,2,ATF7;T53;,0.03982894326336514
MAPK1,9,3,2,CACNB1;S53;,0.03999547245631078
MAPK1,9,3,2,SIPA1L1;S1408;,0.04038545878903246
MAPK1,9,4,1,DYNC1I2;S81;,0.03442167533727006
MAPK1,9,4,1,HUWE1;S3898;,0.03313578024517034
MAPK1,9,4,1,GBF1;S1786;,0.03331213087225934
MAPK1,9,4,1,PARVA;S14;,0.03338278248663201
MAPK1,9,4,1,BCL9L;S25;,0.03399617773210616
MAPK1,9,4,1,TMEM245;S327;,0.03323754760450032
MAPK1,9,4,1,MAP1S;S683;,0.03402163416641828
MAPK1,9,4,1,CEP68;S510;,0.0336890183637795
MAPK1,9,4,1,MYOZ2;T32;,0.03186173444255937
MAPK1,9,4,1,PI4K2A;S50;,0.03427436939876199
MAPK1,9,4,1,HUWE1;T3903;,0.03343573492559183
MAPK1,9,4,1,SAMD4B;S271;,0.03442236330591219
MAPK1,9,4,1,TACC2;S575;,0.033240698281947895
MAPK1,9,4,1,DLG2;S323;,0.033517011129536756
MAPK1,9,4,1,PPP1R13L;S360;,0.03330735838473471
MAPK1,9,4,1,BRD8;S274;,0.03319812913564951
MAPK1,9,4,1,AKAP2;S152;,0.033236749981285583
MAPK1,9,4,1,ETL4;S1844;,0.03358199151319147
MAPK1,9,4,1,KDM2A;S718;,0.03354558751764369
MAPK1,9,4,1,NACA;S914;,0.03323592600433503
MAPK1,9,4,1,LIMA1;S608;,0.03323887377367707
MAPK1,9,4,1,PPP1R13L;S110;,0.03410749426941597
MAPK1,9,4,1,GIGYF1;S28;,0.033680674688903074
MAPK1,9,4,1,FHOD1;S501;,0.03333700470493534
MAPK1,9,4,1,LOC685707;S1251;,0.03348149553662012
MAPK1,9,4,1,ATXN2L;S447;,0.03314248066598992
MAPK1,9,4,1,PDXDC1;T554;,0.030964420525525987
MAPK1,9,4,1,NHSL1;T1376;,0.031839261662483125
MAPK1,9,4,1,PHF1;S415;,0.03291064144612515
MAPK1,9,4,1,PIEZO1;S1370;,0.03324325189703807
MAPK1,9,4,2,MLLT4;S246;,0.04159876345694783
MAPK1,9,4,2,MTFR1L;S100;,0.042153679007452934
MAPK1,9,4,2,UBE2O;S835;,0.004874647459792961
MAPK1,9,4,2,SRSF10;S131;,0.04189124979803842
MAPK1,9,4,2,EEF2;T57;,0.04113281410440428
MAPK1,9,4,2,RTF1;S416;,0.04236002727616341
MAPK1,9,4,2,GAB2;S143;,0.009000436264123909
MAPK1,9,4,2,RGD1311783;S45;,0.04236095500822018
MAPK1,9,4,2,LIMA1;S360;,0.003541391046271937
MAPK1,9,4,2,PI4K2A;S461;,0.04236103797390772
MAPK1,9,4,2,EIF5B;S183;,0.04257045550429783
MAPK1,9,4,2,FOSL2;S320;,0.009473478583882087
MAPK1,9,4,2,PSMA5;T55;,0.0423587029547529
MAPK1,9,4,2,PPAN;S233;,0.04236095500488874
MAPK1,9,4,2,TFE3;S531;,0.04079893892890519
MAPK1,9,4,2,SYNPO2L;S401;,0.04249937550495696
MAPK1,9,4,2,MAP1B;S1257;,0.003634298191161704
MAPK1,9,4,2,HECTD1;S1393;,0.03779323454919055
MAPK1,9,4,2,TNKS1BP1;S1642;,0.04242524265500645
MAPK1,9,4,2,NDRG2;T334;,0.042044567791882224
MAPK1,9,4,2,ARHGEF5;S721;,0.04082219783894674
MAPK1,9,4,2,PBXIP1;S132;,0.042359100505470516
MAPK1,9,4,2,LOC100912115;S649;,0.004776991835755309
MAPK1,9,4,2,SMCR8;S491;,0.04256527984274796
MAPK1,9,4,2,MAPK1;Y185;,0.03682280322654958
MAPK1,9,4,2,RANBP3;S58;,0.04236101050446856
MAPK1,9,4,2,WIPF2;S235;,0.008154853803732721
MAPK1,9,4,2,ATF7;T53;,0.042358756837501926
MAPK1,9,4,2,CACNB1;S53;,0.040183764886207604
MAPK1,9,4,2,SIPA1L1;S1408;,0.042360989654370865
MAPK1,9,5,1,DYNC1I2;S81;,0.03465170187643884
MAPK1,9,5,1,HUWE1;S3898;,0.03415753983307667
MAPK1,9,5,1,GBF1;S1786;,0.0334076542497962
MAPK1,9,5,1,PARVA;S14;,0.03390795971353277
MAPK1,9,5,1,BCL9L;S25;,0.03267803255433649
MAPK1,9,5,1,TMEM245;S327;,0.03387201583400154
MAPK1,9,5,1,MAP1S;S683;,0.03456934306795019
MAPK1,9,5,1,CEP68;S510;,0.033671310797070905
MAPK1,9,5,1,MYOZ2;T32;,0.03332711380628608
MAPK1,9,5,1,PI4K2A;S50;,0.03469102099668414
MAPK1,9,5,1,HUWE1;T3903;,0.034339151068129445
MAPK1,9,5,1,SAMD4B;S271;,0.03501566564043774
MAPK1,9,5,1,TACC2;S575;,0.033328025974832615
MAPK1,9,5,1,DLG2;S323;,0.03327002740994061
MAPK1,9,5,1,PPP1R13L;S360;,0.03382425426167284
MAPK1,9,5,1,BRD8;S274;,0.03436667368039214
MAPK1,9,5,1,AKAP2;S152;,0.033328372456408295
MAPK1,9,5,1,ETL4;S1844;,0.03408271759741554
MAPK1,9,5,1,KDM2A;S718;,0.03332624755157189
MAPK1,9,5,1,NACA;S914;,0.029725908438637396
MAPK1,9,5,1,LIMA1;S608;,0.033221541970667935
MAPK1,9,5,1,PPP1R13L;S110;,0.034427498199441284
MAPK1,9,5,1,GIGYF1;S28;,0.03408439391184115
MAPK1,9,5,1,FHOD1;S501;,0.03332653184901193
MAPK1,9,5,1,LOC685707;S1251;,0.0325840315870012
MAPK1,9,5,1,ATXN2L;S447;,0.028122758520348914
MAPK1,9,5,1,PDXDC1;T554;,0.032010227362316
MAPK1,9,5,1,NHSL1;T1376;,0.03158433623451202
MAPK1,9,5,1,PHF1;S415;,0.03332632527997419
MAPK1,9,5,1,PIEZO1;S1370;,0.03377161827627321
MAPK1,9,5,2,MLLT4;S246;,0.04024412396769584
MAPK1,9,5,2,MTFR1L;S100;,0.03964205628529688
MAPK1,9,5,2,UBE2O;S835;,0.007146787637343972
MAPK1,9,5,2,SRSF10;S131;,0.03949946544625228
MAPK1,9,5,2,EEF2;T57;,0.03859401052261508
MAPK1,9,5,2,RTF1;S416;,0.04007612364336258
MAPK1,9,5,2,GAB2;S143;,0.01813056775995875
MAPK1,9,5,2,RGD1311783;S45;,0.03990594875090007
MAPK1,9,5,2,LIMA1;S360;,0.008457149713679194
MAPK1,9,5,2,PI4K2A;S461;,0.04025378394854056
MAPK1,9,5,2,EIF5B;S183;,0.040179329292251494
MAPK1,9,5,2,FOSL2;S320;,0.018549230543382474
MAPK1,9,5,2,PSMA5;T55;,0.039906055088541476
MAPK1,9,5,2,PPAN;S233;,0.03980941580746446
MAPK1,9,5,2,TFE3;S531;,0.03990540254362253
MAPK1,9,5,2,SYNPO2L;S401;,0.04008862313404586
MAPK1,9,5,2,MAP1B;S1257;,0.00705195092724568
MAPK1,9,5,2,HECTD1;S1393;,0.03990474494970441
MAPK1,9,5,2,TNKS1BP1;S1642;,0.04025823304821507
MAPK1,9,5,2,NDRG2;T334;,0.039620628108089986
MAPK1,9,5,2,ARHGEF5;S721;,0.039906019738577825
MAPK1,9,5,2,PBXIP1;S132;,0.03975247892665836
MAPK1,9,5,2,LOC100912115;S649;,0.014057318383622407
MAPK1,9,5,2,SMCR8;S491;,0.039905954522221364
MAPK1,9,5,2,MAPK1;Y185;,0.034708932016267166
MAPK1,9,5,2,RANBP3;S58;,0.0400948562572094
MAPK1,9,5,2,WIPF2;S235;,0.015377820444990692
MAPK1,9,5,2,ATF7;T53;,0.03920910214165178
MAPK1,9,5,2,CACNB1;S53;,0.03985788951210582
MAPK1,9,5,2,SIPA1L1;S1408;,0.03990599693848646
MAPK1,10,1,1,DYNC1I2;S81;,0.03638183704581243
MAPK1,10,1,1,HUWE1;S3898;,0.03451679143402981
MAPK1,10,1,1,GBF1;S1786;,0.034688806634924976
MAPK1,10,1,1,PARVA;S14;,0.03611479417281943
MAPK1,10,1,1,BCL9L;S25;,0.03459733559258308
MAPK1,10,1,1,TMEM245;S327;,0.03580865405090938
MAPK1,10,1,1,MAP1S;S683;,0.035177798530157664
MAPK1,10,1,1,CEP68;S510;,0.03451617820148109
MAPK1,10,1,1,MYOZ2;T32;,0.03451889419669079
MAPK1,10,1,1,PI4K2A;S50;,0.03595412088615463
MAPK1,10,1,1,HUWE1;T3903;,0.03522291072167152
MAPK1,10,1,1,SAMD4B;S271;,0.036256968544045164
MAPK1,10,1,1,TACC2;S575;,0.034519218725397614
MAPK1,10,1,1,DLG2;S323;,0.033530359677497595
MAPK1,10,1,1,PPP1R13L;S360;,0.034823253030892086
MAPK1,10,1,1,BRD8;S274;,0.03451727049156902
MAPK1,10,1,1,AKAP2;S152;,0.03166925149145827
MAPK1,10,1,1,ETL4;S1844;,0.03474059125752308
MAPK1,10,1,1,KDM2A;S718;,0.031172028309049485
MAPK1,10,1,1,NACA;S914;,0.018005906249463948
MAPK1,10,1,1,LIMA1;S608;,0.03269299762242306
MAPK1,10,1,1,PPP1R13L;S110;,0.03562104754641024
MAPK1,10,1,1,GIGYF1;S28;,0.034517306644798476
MAPK1,10,1,1,FHOD1;S501;,0.0345167943946017
MAPK1,10,1,1,LOC685707;S1251;,0.032978436038766594
MAPK1,10,1,1,ATXN2L;S447;,0.02851660950394562
MAPK1,10,1,1,PDXDC1;T554;,0.02985199444101951
MAPK1,10,1,1,NHSL1;T1376;,0.03344952825830786
MAPK1,10,1,1,PHF1;S415;,0.026605003493862783
MAPK1,10,1,1,PIEZO1;S1370;,0.03451731281173314
MAPK1,10,1,2,PTPN21;S599;,0.03726422387341803
MAPK1,10,1,2,HUWE1;S3639;,0.03710501121040503
MAPK1,10,1,2,MAP1A;S1757;,0.03710489699790267
MAPK1,10,1,2,MAPK1;Y185;,0.03710496934356759
MAPK1,10,1,2,SPAG9;S716;,0.037168322808675616
MAPK1,10,1,2,NCOR2;S1747;,0.026593042794878122
MAPK1,10,1,2,ATG2B;S240;,0.03133593211943272
MAPK1,10,1,2,GATAD2B;S338;,0.029829756395468518
MAPK1,10,1,2,SPHK2;S379;,0.03710501122338273
MAPK1,10,1,2,AZI1;S114;,0.037104942513400976
MAPK1,10,1,2,PLEC;S4249;,0.037264406761831334
MAPK1,10,1,2,PID1;S242;,0.03726442122089486
MAPK1,10,1,2,BAG3;S388;,0.036551988134714816
MAPK1,10,1,2,STIM1;S524;,0.037104815518550494
MAPK1,10,1,2,PSMC3;S9;,0.025104534711829357
MAPK1,10,1,2,FLNC;S2234;,0.03726425355151057
MAPK1,10,1,2,ATXN2L;S109;,0.033538255196228675
MAPK1,10,1,2,BRD8;T270;,0.03429535970419783
MAPK1,10,1,2,HBS1L;S147;,0.037264442302684234
MAPK1,10,1,2,GSK3A;S41;,0.03726444180744178
MAPK1,10,1,2,PPAN;S238;,0.03710535233472471
MAPK1,10,1,2,SNX8;S454;,0.02299049183694129
MAPK1,10,1,2,RUFY1;S50;,0.037104846660602
MAPK1,10,1,2,SH3D19;S274;,0.010964479309469827
MAPK1,10,1,2,WNK1;S165;,0.03726403423979678
MAPK1,10,1,2,RGD1311783;S45;,0.03710515477324983
MAPK1,10,1,2,MAF1;S60;,0.02044092496282833
MAPK1,10,1,2,SRRM2;S2338;,0.035102658234931715
MAPK1,10,1,2,MLL2;S2291;,0.029602506252658617
MAPK1,10,1,2,FOXK1;S225;,0.03168652320438099
MAPK1,10,2,1,DYNC1I2;S81;,0.03646684326430961
MAPK1,10,2,1,HUWE1;S3898;,0.0347756273387611
MAPK1,10,2,1,GBF1;S1786;,0.031757881695530905
MAPK1,10,2,1,PARVA;S14;,0.0357066896137444
MAPK1,10,2,1,BCL9L;S25;,0.034425640794346096
MAPK1,10,2,1,TMEM245;S327;,0.035583034407595866
MAPK1,10,2,1,MAP1S;S683;,0.03441932933181557
MAPK1,10,2,1,CEP68;S510;,0.03441960665739412
MAPK1,10,2,1,MYOZ2;T32;,0.0344228605145604
MAPK1,10,2,1,PI4K2A;S50;,0.03590826121563516
MAPK1,10,2,1,HUWE1;T3903;,0.035372912710852134
MAPK1,10,2,1,SAMD4B;S271;,0.03656273587961908
MAPK1,10,2,1,TACC2;S575;,0.030491194771875233
MAPK1,10,2,1,DLG2;S323;,0.033253446023186556
MAPK1,10,2,1,PPP1R13L;S360;,0.03442106690094836
MAPK1,10,2,1,BRD8;S274;,0.03442274037665348
MAPK1,10,2,1,AKAP2;S152;,0.03418283402451713
MAPK1,10,2,1,ETL4;S1844;,0.03392149722320761
MAPK1,10,2,1,KDM2A;S718;,0.031256569214754705
MAPK1,10,2,1,NACA;S914;,0.019789162966522205
MAPK1,10,2,1,LIMA1;S608;,0.034470399797635456
MAPK1,10,2,1,PPP1R13L;S110;,0.03654695378228945
MAPK1,10,2,1,GIGYF1;S28;,0.03453861638796812
MAPK1,10,2,1,FHOD1;S501;,0.03441814670176601
MAPK1,10,2,1,LOC685707;S1251;,0.034419555865564985
MAPK1,10,2,1,ATXN2L;S447;,0.02930742058830195
MAPK1,10,2,1,PDXDC1;T554;,0.029027787169647913
MAPK1,10,2,1,NHSL1;T1376;,0.034427421784929045
MAPK1,10,2,1,PHF1;S415;,0.02643967413347435
MAPK1,10,2,1,PIEZO1;S1370;,0.03484408886259304
MAPK1,10,2,2,PTPN21;S599;,0.041197628646966904
MAPK1,10,2,2,HUWE1;S3639;,0.038529609311597074
MAPK1,10,2,2,MAP1A;S1757;,0.0405786768606215
MAPK1,10,2,2,MAPK1;Y185;,0.04105278795597808
MAPK1,10,2,2,SPAG9;S716;,0.041197849699718916
MAPK1,10,2,2,NCOR2;S1747;,0.019573254196513852
MAPK1,10,2,2,ATG2B;S240;,0.021861228270769254
MAPK1,10,2,2,GATAD2B;S338;,0.028094641620510466
MAPK1,10,2,2,SPHK2;S379;,0.041052428781254195
MAPK1,10,2,2,AZI1;S114;,0.04105260894315103
MAPK1,10,2,2,PLEC;S4249;,0.041063300401171766
MAPK1,10,2,2,PID1;S242;,0.041073024673155815
MAPK1,10,2,2,BAG3;S388;,0.03787553546675305
MAPK1,10,2,2,STIM1;S524;,0.04096686696304081
MAPK1,10,2,2,PSMC3;S9;,0.01898825582726299
MAPK1,10,2,2,FLNC;S2234;,0.04119761671808129
MAPK1,10,2,2,ATXN2L;S109;,0.03199210852048036
MAPK1,10,2,2,BRD8;T270;,0.0295779807507764
MAPK1,10,2,2,HBS1L;S147;,0.04119777161110826
MAPK1,10,2,2,GSK3A;S41;,0.04119758397696193
MAPK1,10,2,2,PPAN;S238;,0.04105254586811517
MAPK1,10,2,2,SNX8;S454;,0.019376578631391243
MAPK1,10,2,2,RUFY1;S50;,0.040683497327139856
MAPK1,10,2,2,SH3D19;S274;,0.005697944584062204
MAPK1,10,2,2,WNK1;S165;,0.04105236915455464
MAPK1,10,2,2,RGD1311783;S45;,0.04105255731621082
MAPK1,10,2,2,MAF1;S60;,0.012218676212839848
MAPK1,10,2,2,SRRM2;S2338;,0.0360575079868602
MAPK1,10,2,2,MLL2;S2291;,0.020993442691924442
MAPK1,10,2,2,FOXK1;S225;,0.02249412103102776
MAPK1,10,3,1,DYNC1I2;S81;,0.04007843465402685
MAPK1,10,3,1,HUWE1;S3898;,0.03326097779972598
MAPK1,10,3,1,GBF1;S1786;,0.0357158665025821
MAPK1,10,3,1,PARVA;S14;,0.038586971481177935
MAPK1,10,3,1,BCL9L;S25;,0.03821053393007582
MAPK1,10,3,1,TMEM245;S327;,0.03696417792758822
MAPK1,10,3,1,MAP1S;S683;,0.0394287274577658
MAPK1,10,3,1,CEP68;S510;,0.03759177051339421
MAPK1,10,3,1,MYOZ2;T32;,0.00982125325330809
MAPK1,10,3,1,PI4K2A;S50;,0.03864199968621755
MAPK1,10,3,1,HUWE1;T3903;,0.020035963675931127
MAPK1,10,3,1,SAMD4B;S271;,0.03983068265416366
MAPK1,10,3,1,TACC2;S575;,0.035528059468992214
MAPK1,10,3,1,DLG2;S323;,0.036871526904175424
MAPK1,10,3,1,PPP1R13L;S360;,0.03762271723581763
MAPK1,10,3,1,BRD8;S274;,0.035477135849954565
MAPK1,10,3,1,AKAP2;S152;,0.03686891688120917
MAPK1,10,3,1,ETL4;S1844;,0.03835668283131451
MAPK1,10,3,1,KDM2A;S718;,0.036863245284147424
MAPK1,10,3,1,NACA;S914;,0.030832154131852824
MAPK1,10,3,1,LIMA1;S608;,0.03555564323715461
MAPK1,10,3,1,PPP1R13L;S110;,0.03873431312626629
MAPK1,10,3,1,GIGYF1;S28;,0.036871519837141695
MAPK1,10,3,1,FHOD1;S501;,0.036883249127765944
MAPK1,10,3,1,LOC685707;S1251;,0.03711924533956807
MAPK1,10,3,1,ATXN2L;S447;,0.034856935445835825
MAPK1,10,3,1,PDXDC1;T554;,0.0038016566986896357
MAPK1,10,3,1,NHSL1;T1376;,0.007006498125765416
MAPK1,10,3,1,PHF1;S415;,0.03556711319469392
MAPK1,10,3,1,PIEZO1;S1370;,0.03701602774369747
MAPK1,10,3,2,PTPN21;S599;,0.04197002046584654
MAPK1,10,3,2,HUWE1;S3639;,0.04153384229815388
MAPK1,10,3,2,MAP1A;S1757;,0.04170646570293093
MAPK1,10,3,2,MAPK1;Y185;,0.04087119048149187
MAPK1,10,3,2,SPAG9;S716;,0.04188546414325497
MAPK1,10,3,2,NCOR2;S1747;,0.009834819136010862
MAPK1,10,3,2,ATG2B;S240;,0.019353415342896852
MAPK1,10,3,2,GATAD2B;S338;,0.01932337390043377
MAPK1,10,3,2,SPHK2;S379;,0.04154671690409032
MAPK1,10,3,2,AZI1;S114;,0.04170618783599519
MAPK1,10,3,2,PLEC;S4249;,0.041079895162671666
MAPK1,10,3,2,PID1;S242;,0.04216759569043062
MAPK1,10,3,2,BAG3;S388;,0.03391144366170622
MAPK1,10,3,2,STIM1;S524;,0.04170594369010759
MAPK1,10,3,2,PSMC3;S9;,0.02108381012858692
MAPK1,10,3,2,FLNC;S2234;,0.04188554269479813
MAPK1,10,3,2,ATXN2L;S109;,0.029081115351251005
MAPK1,10,3,2,BRD8;T270;,0.041707288351314896
MAPK1,10,3,2,HBS1L;S147;,0.04216699935201748
MAPK1,10,3,2,GSK3A;S41;,0.04216724765092176
MAPK1,10,3,2,PPAN;S238;,0.041706465932484574
MAPK1,10,3,2,SNX8;S454;,0.009632588459154958
MAPK1,10,3,2,RUFY1;S50;,0.03827926797261607
MAPK1,10,3,2,SH3D19;S274;,0.019754193172075888
MAPK1,10,3,2,WNK1;S165;,0.04187330516637624
MAPK1,10,3,2,RGD1311783;S45;,0.04170667178761344
MAPK1,10,3,2,MAF1;S60;,0.015745318157895528
MAPK1,10,3,2,SRRM2;S2338;,0.029749467717900182
MAPK1,10,3,2,MLL2;S2291;,0.025638310136559785
MAPK1,10,3,2,FOXK1;S225;,0.019226033552411814
MAPK1,10,4,1,DYNC1I2;S81;,0.03902463241404189
MAPK1,10,4,1,HUWE1;S3898;,0.03449934638382751
MAPK1,10,4,1,GBF1;S1786;,0.03693287924838673
MAPK1,10,4,1,PARVA;S14;,0.03765863657167352
MAPK1,10,4,1,BCL9L;S25;,0.0374019724383515
MAPK1,10,4,1,TMEM245;S327;,0.03854598827982351
MAPK1,10,4,1,MAP1S;S683;,0.03692976415609847
MAPK1,10,4,1,CEP68;S510;,0.0369319809112862
MAPK1,10,4,1,MYOZ2;T32;,0.021103023556726178
MAPK1,10,4,1,PI4K2A;S50;,0.03712790198159525
MAPK1,10,4,1,HUWE1;T3903;,0.0310199865529021
MAPK1,10,4,1,SAMD4B;S271;,0.03887647483565194
MAPK1,10,4,1,TACC2;S575;,0.03693433845303803
MAPK1,10,4,1,DLG2;S323;,0.03425145405927847
MAPK1,10,4,1,PPP1R13L;S360;,0.03552452966281983
MAPK1,10,4,1,BRD8;S274;,0.03624994857201709
MAPK1,10,4,1,AKAP2;S152;,0.03693441003466794
MAPK1,10,4,1,ETL4;S1844;,0.036975246960941344
MAPK1,10,4,1,KDM2A;S718;,0.02998191449613041
MAPK1,10,4,1,NACA;S914;,0.024174172709005425
MAPK1,10,4,1,LIMA1;S608;,0.03681115937184483
MAPK1,10,4,1,PPP1R13L;S110;,0.038416835866401676
MAPK1,10,4,1,GIGYF1;S28;,0.037229816100622815
MAPK1,10,4,1,FHOD1;S501;,0.03611556441529346
MAPK1,10,4,1,LOC685707;S1251;,0.03693300686419377
MAPK1,10,4,1,ATXN2L;S447;,0.02991022225753647
MAPK1,10,4,1,PDXDC1;T554;,0.009807919999450444
MAPK1,10,4,1,NHSL1;T1376;,0.01500188933458832
MAPK1,10,4,1,PHF1;S415;,0.02576468907290995
MAPK1,10,4,1,PIEZO1;S1370;,0.03693029443889502
MAPK1,10,4,2,PTPN21;S599;,0.03981127941983644
MAPK1,10,4,2,HUWE1;S3639;,0.039226027813807775
MAPK1,10,4,2,MAP1A;S1757;,0.039782803029847214
MAPK1,10,4,2,MAPK1;Y185;,0.039599134181281734
MAPK1,10,4,2,SPAG9;S716;,0.039766143841949986
MAPK1,10,4,2,NCOR2;S1747;,0.019493572040617992
MAPK1,10,4,2,ATG2B;S240;,0.029159540402994302
MAPK1,10,4,2,GATAD2B;S338;,0.02759623664678771
MAPK1,10,4,2,SPHK2;S379;,0.03959927204967199
MAPK1,10,4,2,AZI1;S114;,0.03959928466491873
MAPK1,10,4,2,PLEC;S4249;,0.03977161318393
MAPK1,10,4,2,PID1;S242;,0.03991776160008615
MAPK1,10,4,2,BAG3;S388;,0.038045847320870525
MAPK1,10,4,2,STIM1;S524;,0.039599176618480905
MAPK1,10,4,2,PSMC3;S9;,0.018051454112678236
MAPK1,10,4,2,FLNC;S2234;,0.03979765831189516
MAPK1,10,4,2,ATXN2L;S109;,0.03517282522431791
MAPK1,10,4,2,BRD8;T270;,0.03876723784056425
MAPK1,10,4,2,HBS1L;S147;,0.039917705120430164
MAPK1,10,4,2,GSK3A;S41;,0.03991774567851615
MAPK1,10,4,2,PPAN;S238;,0.03959967184545282
MAPK1,10,4,2,SNX8;S454;,0.019958897321108077
MAPK1,10,4,2,RUFY1;S50;,0.03959927190910025
MAPK1,10,4,2,SH3D19;S274;,0.0068248708049537575
MAPK1,10,4,2,WNK1;S165;,0.03972144094234375
MAPK1,10,4,2,RGD1311783;S45;,0.039599789909536054
MAPK1,10,4,2,MAF1;S60;,0.012081300225895892
MAPK1,10,4,2,SRRM2;S2338;,0.03501038991854069
MAPK1,10,4,2,MLL2;S2291;,0.027299662201451188
MAPK1,10,4,2,FOXK1;S225;,0.01771238581813413
MAPK1,10,5,1,DYNC1I2;S81;,0.03884435496337542
MAPK1,10,5,1,HUWE1;S3898;,0.036916302052485694
MAPK1,10,5,1,GBF1;S1786;,0.03725319502526813
MAPK1,10,5,1,PARVA;S14;,0.038854645763687405
MAPK1,10,5,1,BCL9L;S25;,0.03725334273905513
MAPK1,10,5,1,TMEM245;S327;,0.03848879230389286
MAPK1,10,5,1,MAP1S;S683;,0.03725469395920466
MAPK1,10,5,1,CEP68;S510;,0.03725263889149015
MAPK1,10,5,1,MYOZ2;T32;,0.018290412944993183
MAPK1,10,5,1,PI4K2A;S50;,0.03799850137550889
MAPK1,10,5,1,HUWE1;T3903;,0.02881535274085979
MAPK1,10,5,1,SAMD4B;S271;,0.03891992108465972
MAPK1,10,5,1,TACC2;S575;,0.03595352253005874
MAPK1,10,5,1,DLG2;S323;,0.03608333265702548
MAPK1,10,5,1,PPP1R13L;S360;,0.03725490191351035
MAPK1,10,5,1,BRD8;S274;,0.03725061570066351
MAPK1,10,5,1,AKAP2;S152;,0.032517788893473384
MAPK1,10,5,1,ETL4;S1844;,0.03725190504354628
MAPK1,10,5,1,KDM2A;S718;,0.030409341037512944
MAPK1,10,5,1,NACA;S914;,0.021174238350388806
MAPK1,10,5,1,LIMA1;S608;,0.03530083788265289
MAPK1,10,5,1,PPP1R13L;S110;,0.03787230108159385
MAPK1,10,5,1,GIGYF1;S28;,0.03692588483743026
MAPK1,10,5,1,FHOD1;S501;,0.03728310537959184
MAPK1,10,5,1,LOC685707;S1251;,0.03541653573950857
MAPK1,10,5,1,ATXN2L;S447;,0.033267748311997906
MAPK1,10,5,1,PDXDC1;T554;,0.007072616107665831
MAPK1,10,5,1,NHSL1;T1376;,0.015066460450960046
MAPK1,10,5,1,PHF1;S415;,0.030193078401267878
MAPK1,10,5,1,PIEZO1;S1370;,0.03756363183667027
MAPK1,10,5,2,PTPN21;S599;,0.04117773544744727
MAPK1,10,5,2,HUWE1;S3639;,0.04004379611619497
MAPK1,10,5,2,MAP1A;S1757;,0.04130750079661656
MAPK1,10,5,2,MAPK1;Y185;,0.04092078574673049
MAPK1,10,5,2,SPAG9;S716;,0.04126372496100027
MAPK1,10,5,2,NCOR2;S1747;,0.016726439868779534
MAPK1,10,5,2,ATG2B;S240;,0.026275853209256045
MAPK1,10,5,2,GATAD2B;S338;,0.02115100797534705
MAPK1,10,5,2,SPHK2;S379;,0.04091946517681142
MAPK1,10,5,2,AZI1;S114;,0.040919446109734615
MAPK1,10,5,2,PLEC;S4249;,0.040920778483454635
MAPK1,10,5,2,PID1;S242;,0.04169260726926957
MAPK1,10,5,2,BAG3;S388;,0.03756969658948502
MAPK1,10,5,2,STIM1;S524;,0.040920310998375474
MAPK1,10,5,2,PSMC3;S9;,0.017442577643402877
MAPK1,10,5,2,FLNC;S2234;,0.04120951970006604
MAPK1,10,5,2,ATXN2L;S109;,0.028752853450862346
MAPK1,10,5,2,BRD8;T270;,0.04092003213674017
MAPK1,10,5,2,HBS1L;S147;,0.041521847319974145
MAPK1,10,5,2,GSK3A;S41;,0.04152098816177327
MAPK1,10,5,2,PPAN;S238;,0.0409208258547125
MAPK1,10,5,2,SNX8;S454;,0.016368466241988178
MAPK1,10,5,2,RUFY1;S50;,0.03899489544902269
MAPK1,10,5,2,SH3D19;S274;,0.008419493121695319
MAPK1,10,5,2,WNK1;S165;,0.04114302950599843
MAPK1,10,5,2,RGD1311783;S45;,0.04092031100127539
MAPK1,10,5,2,MAF1;S60;,0.012983211385624732
MAPK1,10,5,2,SRRM2;S2338;,0.02707826212879814
MAPK1,10,5,2,MLL2;S2291;,0.02791831269266623
MAPK1,10,5,2,FOXK1;S225;,0.022076225456896706
PRKAA1,1,1,1,AKAP1;S103;,0.03424857655698296
PRKAA1,1,1,1,LOC100910104;S532;,0.034164611936257784
PRKAA1,1,1,1,MTFR1L;S100;,0.03418885571115507
PRKAA1,1,1,1,TBC1D1;S231;,0.03463451432666277
PRKAA1,1,1,1,TRAK1;S905;,0.03429412552629798
PRKAA1,1,1,1,DMXL1;S574;,0.03281666325297044
PRKAA1,1,1,1,BAIAP2L1;S380;,0.0328127799735815
PRKAA1,1,1,1,ACACA;S79;,0.03287679191568108
PRKAA1,1,1,1,TBC1D1;S662;,0.03476197461014403
PRKAA1,1,1,1,SMCR8;S488;,0.033840772075375405
PRKAA1,1,1,1,RGD1310016;S1171;,0.0328468070048697
PRKAA1,1,1,1,RGD1311783;S45;,0.03464445016215608
PRKAA1,1,1,1,YAP1;S46;,0.033829224357853516
PRKAA1,1,1,1,MAP4;S902;,0.03198379160118756
PRKAA1,1,1,1,MAP4K4;S791;,0.034695718876477426
PRKAA1,1,1,1,ARFIP1;S39;,0.03412383247290702
PRKAA1,1,1,1,SRSF10;S131;,0.032813247076126
PRKAA1,1,1,1,RIPK2;S412;,0.032813245797683396
PRKAA1,1,1,1,CHD8;S549;,0.03281400670170284
PRKAA1,1,1,1,SLC4A7;S263;,0.033787639241904845
PRKAA1,1,1,1,SLC2A13;S44;,0.0341912907093865
PRKAA1,1,1,1,BAD;S171;,0.0332184846940657
PRKAA1,1,1,1,GATAD2A;S96;,0.03344492833390174
PRKAA1,1,1,1,SMCR8;S486;,0.03449601410615856
PRKAA1,1,1,1,PPAN;S233;,0.03281609785745697
PRKAA1,1,1,1,SH3PXD2A;S368;,0.032822809232032665
PRKAA1,1,1,1,STIM1;S257;,0.02690818551233673
PRKAA1,1,1,1,DCLK1;S30;,0.030973840553322265
PRKAA1,1,1,1,MAP4K4;S794;,0.033943823342666116
PRKAA1,1,1,1,MTFR1L;S235;,0.03419289648069559
PRKAA1,1,1,2,AKT1S1;T247;,0.03602125148827923
PRKAA1,1,1,2,CDKN1A;S69;,0.03595443857951435
PRKAA1,1,1,2,AKT1S1;S184;,0.03599848757143709
PRKAA1,1,1,2,FHOD1;S504;,0.03587011740945193
PRKAA1,1,1,2,PTPN21;S762;,0.0356969801942294
PRKAA1,1,1,2,PDCD4;S76;,0.03582322965719072
PRKAA1,1,1,2,ITSN1;S315;,0.03569827496958794
PRKAA1,1,1,2,AHNAK;S42;,0.03602794927458076
PRKAA1,1,1,2,MED24;S860;,0.03571714660283042
PRKAA1,1,1,2,FMN1;S589;,0.035895706579165056
PRKAA1,1,1,2,NEK9;S16;,0.016538308437809388
PRKAA1,1,1,2,MEF2C;S226;,0.035829428417445346
PRKAA1,1,1,2,FLNC;S2147;,0.03590874483723053
PRKAA1,1,1,2,RABGEF1;T142;,0.03556601941938672
PRKAA1,1,1,2,AZI1;S304;,0.0357751792931701
PRKAA1,1,1,2,BAG3;S388;,0.03579478783996403
PRKAA1,1,1,2,MYCBP2;S2750;,0.035765790091939996
PRKAA1,1,1,2,SMCR7L;S59;,0.03569735164537483
PRKAA1,1,1,2,AHNAK;S4597;,0.03588334170800777
PRKAA1,1,1,2,MID1;S96;,0.035752176794513646
PRKAA1,1,1,2,RGD1560225;S763;,0.035698374925915766
PRKAA1,1,1,2,AHNAK;S177;,0.03600143550957615
PRKAA1,1,1,2,MAPK8;Y185;,0.035696770324418134
PRKAA1,1,1,2,SVIL;S259;,0.035754463935732075
PRKAA1,1,1,2,PPP1R13L;S360;,0.03569804925185577
PRKAA1,1,1,2,UBA1;S13;,0.0357172989076593
PRKAA1,1,1,2,TJP1;S1604;,0.03603664218297215
PRKAA1,1,1,2,VIM;S430;,0.013672582065170382
PRKAA1,1,1,2,SIK2;S673;,0.03582037322647517
PRKAA1,1,1,2,CORO7;S298;,0.0026892988591157214
PRKAA1,1,2,1,AKAP1;S103;,0.03352815221285564
PRKAA1,1,2,1,LOC100910104;S532;,0.03360569313823872
PRKAA1,1,2,1,MTFR1L;S100;,0.03353632531352686
PRKAA1,1,2,1,TBC1D1;S231;,0.033827735736588246
PRKAA1,1,2,1,TRAK1;S905;,0.03370694596275289
PRKAA1,1,2,1,DMXL1;S574;,0.03282153268766746
PRKAA1,1,2,1,BAIAP2L1;S380;,0.033015969936005286
PRKAA1,1,2,1,ACACA;S79;,0.0330165105674079
PRKAA1,1,2,1,TBC1D1;S662;,0.03395461751428367
PRKAA1,1,2,1,SMCR8;S488;,0.03366300413692136
PRKAA1,1,2,1,RGD1310016;S1171;,0.03308542031560639
PRKAA1,1,2,1,RGD1311783;S45;,0.033925378019322744
PRKAA1,1,2,1,YAP1;S46;,0.03342074357778248
PRKAA1,1,2,1,MAP4;S902;,0.03301612946866949
PRKAA1,1,2,1,MAP4K4;S791;,0.03395898692189391
PRKAA1,1,2,1,ARFIP1;S39;,0.033788453382692846
PRKAA1,1,2,1,SRSF10;S131;,0.03275985040871449
PRKAA1,1,2,1,RIPK2;S412;,0.03301274536525843
PRKAA1,1,2,1,CHD8;S549;,0.033015978964141116
PRKAA1,1,2,1,SLC4A7;S263;,0.033770745038656166
PRKAA1,1,2,1,SLC2A13;S44;,0.03366100693399717
PRKAA1,1,2,1,BAD;S171;,0.0331932498093095
PRKAA1,1,2,1,GATAD2A;S96;,0.03369090093664257
PRKAA1,1,2,1,SMCR8;S486;,0.033829213402229365
PRKAA1,1,2,1,PPAN;S233;,0.033024980549867466
PRKAA1,1,2,1,SH3PXD2A;S368;,0.03313920417912573
PRKAA1,1,2,1,STIM1;S257;,0.030492956777418086
PRKAA1,1,2,1,DCLK1;S30;,0.033015969769214885
PRKAA1,1,2,1,MAP4K4;S794;,0.03368161538174117
PRKAA1,1,2,1,MTFR1L;S235;,0.03383998359146807
PRKAA1,1,2,2,AKT1S1;T247;,0.03699193914155689
PRKAA1,1,2,2,CDKN1A;S69;,0.03679069135429776
PRKAA1,1,2,2,AKT1S1;S184;,0.03683649483884158
PRKAA1,1,2,2,FHOD1;S504;,0.03655566057882862
PRKAA1,1,2,2,PTPN21;S762;,0.03643422479549671
PRKAA1,1,2,2,PDCD4;S76;,0.03664589672268773
PRKAA1,1,2,2,ITSN1;S315;,0.03643404212015278
PRKAA1,1,2,2,AHNAK;S42;,0.03686961455293652
PRKAA1,1,2,2,MED24;S860;,0.036459490980356085
PRKAA1,1,2,2,FMN1;S589;,0.0366531924551377
PRKAA1,1,2,2,NEK9;S16;,0.006738316456160894
PRKAA1,1,2,2,MEF2C;S226;,0.03646594580676432
PRKAA1,1,2,2,FLNC;S2147;,0.03673116346708954
PRKAA1,1,2,2,RABGEF1;T142;,0.03643430313328613
PRKAA1,1,2,2,AZI1;S304;,0.03652337692054823
PRKAA1,1,2,2,BAG3;S388;,0.036467030854228165
PRKAA1,1,2,2,MYCBP2;S2750;,0.036551464889183954
PRKAA1,1,2,2,SMCR7L;S59;,0.03632819329398372
PRKAA1,1,2,2,AHNAK;S4597;,0.0366585489864684
PRKAA1,1,2,2,MID1;S96;,0.03645929189180098
PRKAA1,1,2,2,RGD1560225;S763;,0.0361704468239277
PRKAA1,1,2,2,AHNAK;S177;,0.03688076585668944
PRKAA1,1,2,2,MAPK8;Y185;,0.03643172228939013
PRKAA1,1,2,2,SVIL;S259;,0.03650792461542152
PRKAA1,1,2,2,PPP1R13L;S360;,0.036434716254800416
PRKAA1,1,2,2,UBA1;S13;,0.03646080649907458
PRKAA1,1,2,2,TJP1;S1604;,0.03692126909515137
PRKAA1,1,2,2,VIM;S430;,0.004904744967058579
PRKAA1,1,2,2,SIK2;S673;,0.036541306178064
PRKAA1,1,2,2,CORO7;S298;,0.0007174141806157605
PRKAA1,1,3,1,AKAP1;S103;,0.033321023768716984
PRKAA1,1,3,1,LOC100910104;S532;,0.033329529413187876
PRKAA1,1,3,1,MTFR1L;S100;,0.033496914343278075
PRKAA1,1,3,1,TBC1D1;S231;,0.03387109161828342
PRKAA1,1,3,1,TRAK1;S905;,0.03355080039680034
PRKAA1,1,3,1,DMXL1;S574;,0.03254864400172405
PRKAA1,1,3,1,BAIAP2L1;S380;,0.032699047395301904
PRKAA1,1,3,1,ACACA;S79;,0.033460284877849626
PRKAA1,1,3,1,TBC1D1;S662;,0.03394189855551745
PRKAA1,1,3,1,SMCR8;S488;,0.033407218481656106
PRKAA1,1,3,1,RGD1310016;S1171;,0.03268494930375437
PRKAA1,1,3,1,RGD1311783;S45;,0.033860126045780564
PRKAA1,1,3,1,YAP1;S46;,0.03329391063999232
PRKAA1,1,3,1,MAP4;S902;,0.03343644828163344
PRKAA1,1,3,1,MAP4K4;S791;,0.03380788664382905
PRKAA1,1,3,1,ARFIP1;S39;,0.03393103248709868
PRKAA1,1,3,1,SRSF10;S131;,0.032609010557423275
PRKAA1,1,3,1,RIPK2;S412;,0.03303939812779618
PRKAA1,1,3,1,CHD8;S549;,0.03278457068071791
PRKAA1,1,3,1,SLC4A7;S263;,0.03386357419079188
PRKAA1,1,3,1,SLC2A13;S44;,0.03375452539575164
PRKAA1,1,3,1,BAD;S171;,0.03275772578393108
PRKAA1,1,3,1,GATAD2A;S96;,0.033273722605035014
PRKAA1,1,3,1,SMCR8;S486;,0.03380282427167916
PRKAA1,1,3,1,PPAN;S233;,0.033502718017392075
PRKAA1,1,3,1,SH3PXD2A;S368;,0.033569959488168016
PRKAA1,1,3,1,STIM1;S257;,0.03270159320156042
PRKAA1,1,3,1,DCLK1;S30;,0.03222258497143795
PRKAA1,1,3,1,MAP4K4;S794;,0.033635690399642995
PRKAA1,1,3,1,MTFR1L;S235;,0.033841296054268145
PRKAA1,1,3,2,AKT1S1;T247;,0.037171759732710766
PRKAA1,1,3,2,CDKN1A;S69;,0.037006953903499396
PRKAA1,1,3,2,AKT1S1;S184;,0.03704725632194657
PRKAA1,1,3,2,FHOD1;S504;,0.03683663575948996
PRKAA1,1,3,2,PTPN21;S762;,0.03662652968801905
PRKAA1,1,3,2,PDCD4;S76;,0.03680931331407119
PRKAA1,1,3,2,ITSN1;S315;,0.03657663989332016
PRKAA1,1,3,2,AHNAK;S42;,0.03710767764592546
PRKAA1,1,3,2,MED24;S860;,0.03662367310988453
PRKAA1,1,3,2,FMN1;S589;,0.036918007525765316
PRKAA1,1,3,2,NEK9;S16;,0.0037466035596885193
PRKAA1,1,3,2,MEF2C;S226;,0.036748170907592845
PRKAA1,1,3,2,FLNC;S2147;,0.0369198719682822
PRKAA1,1,3,2,RABGEF1;T142;,0.036623859807268976
PRKAA1,1,3,2,AZI1;S304;,0.03670900740422895
PRKAA1,1,3,2,BAG3;S388;,0.036745963879688516
PRKAA1,1,3,2,MYCBP2;S2750;,0.03671067073107654
PRKAA1,1,3,2,SMCR7L;S59;,0.036625475366748296
PRKAA1,1,3,2,AHNAK;S4597;,0.03691030772196661
PRKAA1,1,3,2,MID1;S96;,0.036713215854174704
PRKAA1,1,3,2,RGD1560225;S763;,0.03651827355991701
PRKAA1,1,3,2,AHNAK;S177;,0.037074073540685495
PRKAA1,1,3,2,MAPK8;Y185;,0.03608604745312719
PRKAA1,1,3,2,SVIL;S259;,0.03667278214415338
PRKAA1,1,3,2,PPP1R13L;S360;,0.0366251140300695
PRKAA1,1,3,2,UBA1;S13;,0.03663187524157394
PRKAA1,1,3,2,TJP1;S1604;,0.037121663262135327
PRKAA1,1,3,2,VIM;S430;,0.002565330327413581
PRKAA1,1,3,2,SIK2;S673;,0.036761795426845545
PRKAA1,1,3,2,CORO7;S298;,0.0007654509187305417
PRKAA1,1,4,1,AKAP1;S103;,0.03378378281134629
PRKAA1,1,4,1,LOC100910104;S532;,0.03369922289944565
PRKAA1,1,4,1,MTFR1L;S100;,0.033851670528389353
PRKAA1,1,4,1,TBC1D1;S231;,0.03408770100969842
PRKAA1,1,4,1,TRAK1;S905;,0.034004547543333506
PRKAA1,1,4,1,DMXL1;S574;,0.03276895932501586
PRKAA1,1,4,1,BAIAP2L1;S380;,0.03221724492984013
PRKAA1,1,4,1,ACACA;S79;,0.03347764364476131
PRKAA1,1,4,1,TBC1D1;S662;,0.03413185615811572
PRKAA1,1,4,1,SMCR8;S488;,0.032946441616222316
PRKAA1,1,4,1,RGD1310016;S1171;,0.03301932762862361
PRKAA1,1,4,1,RGD1311783;S45;,0.033941639631633456
PRKAA1,1,4,1,YAP1;S46;,0.033432386643105494
PRKAA1,1,4,1,MAP4;S902;,0.03350708807766667
PRKAA1,1,4,1,MAP4K4;S791;,0.03393106204499047
PRKAA1,1,4,1,ARFIP1;S39;,0.03400520077902721
PRKAA1,1,4,1,SRSF10;S131;,0.033020377167157486
PRKAA1,1,4,1,RIPK2;S412;,0.033497883286115276
PRKAA1,1,4,1,CHD8;S549;,0.033447731876565905
PRKAA1,1,4,1,SLC4A7;S263;,0.034029022950677425
PRKAA1,1,4,1,SLC2A13;S44;,0.033937785381095424
PRKAA1,1,4,1,BAD;S171;,0.03302081511018786
PRKAA1,1,4,1,GATAD2A;S96;,0.03302257558464091
PRKAA1,1,4,1,SMCR8;S486;,0.03353872396327821
PRKAA1,1,4,1,PPAN;S233;,0.03334393175153657
PRKAA1,1,4,1,SH3PXD2A;S368;,0.03368765790894919
PRKAA1,1,4,1,STIM1;S257;,0.03273510680670667
PRKAA1,1,4,1,DCLK1;S30;,0.028388875376568895
PRKAA1,1,4,1,MAP4K4;S794;,0.033420742845409565
PRKAA1,1,4,1,MTFR1L;S235;,0.03410299471989494
PRKAA1,1,4,2,AKT1S1;T247;,0.036970332401939955
PRKAA1,1,4,2,CDKN1A;S69;,0.036878459825261584
PRKAA1,1,4,2,AKT1S1;S184;,0.036927711709452964
PRKAA1,1,4,2,FHOD1;S504;,0.03679580328536051
PRKAA1,1,4,2,PTPN21;S762;,0.036308994577010124
PRKAA1,1,4,2,PDCD4;S76;,0.036655289118051736
PRKAA1,1,4,2,ITSN1;S315;,0.03655549436344574
PRKAA1,1,4,2,AHNAK;S42;,0.036959016569963664
PRKAA1,1,4,2,MED24;S860;,0.03661457864336639
PRKAA1,1,4,2,FMN1;S589;,0.03683887112883502
PRKAA1,1,4,2,NEK9;S16;,0.004588873216176501
PRKAA1,1,4,2,MEF2C;S226;,0.03678683513269692
PRKAA1,1,4,2,FLNC;S2147;,0.0368300957767383
PRKAA1,1,4,2,RABGEF1;T142;,0.03661591425134153
PRKAA1,1,4,2,AZI1;S304;,0.036679926204617706
PRKAA1,1,4,2,BAG3;S388;,0.03672206451934649
PRKAA1,1,4,2,MYCBP2;S2750;,0.03661472759048635
PRKAA1,1,4,2,SMCR7L;S59;,0.03661633570842846
PRKAA1,1,4,2,AHNAK;S4597;,0.03679134388558903
PRKAA1,1,4,2,MID1;S96;,0.03665512382937756
PRKAA1,1,4,2,RGD1560225;S763;,0.03670889675224318
PRKAA1,1,4,2,AHNAK;S177;,0.036943714468882796
PRKAA1,1,4,2,MAPK8;Y185;,0.036615377738867826
PRKAA1,1,4,2,SVIL;S259;,0.03662814487175911
PRKAA1,1,4,2,PPP1R13L;S360;,0.036530268299807184
PRKAA1,1,4,2,UBA1;S13;,0.03651046046401791
PRKAA1,1,4,2,TJP1;S1604;,0.036960164449590036
PRKAA1,1,4,2,VIM;S430;,0.0030226918129621838
PRKAA1,1,4,2,SIK2;S673;,0.03673850129060962
PRKAA1,1,4,2,CORO7;S298;,0.0009359881137734685
PRKAA1,1,5,1,AKAP1;S103;,0.03332458363723481
PRKAA1,1,5,1,LOC100910104;S532;,0.03335498852401585
PRKAA1,1,5,1,MTFR1L;S100;,0.03347432393645649
PRKAA1,1,5,1,TBC1D1;S231;,0.03383665820398674
PRKAA1,1,5,1,TRAK1;S905;,0.03356834069805924
PRKAA1,1,5,1,DMXL1;S574;,0.032597832314223966
PRKAA1,1,5,1,BAIAP2L1;S380;,0.03259622208413274
PRKAA1,1,5,1,ACACA;S79;,0.03332897307178714
PRKAA1,1,5,1,TBC1D1;S662;,0.033927775311065805
PRKAA1,1,5,1,SMCR8;S488;,0.03344201943543565
PRKAA1,1,5,1,RGD1310016;S1171;,0.032773102465701524
PRKAA1,1,5,1,RGD1311783;S45;,0.033839160955822824
PRKAA1,1,5,1,YAP1;S46;,0.03330450341935177
PRKAA1,1,5,1,MAP4;S902;,0.033323807671605
PRKAA1,1,5,1,MAP4K4;S791;,0.03382396423070901
PRKAA1,1,5,1,ARFIP1;S39;,0.03387624829594766
PRKAA1,1,5,1,SRSF10;S131;,0.03259656044933091
PRKAA1,1,5,1,RIPK2;S412;,0.03311769484970446
PRKAA1,1,5,1,CHD8;S549;,0.0328419552175013
PRKAA1,1,5,1,SLC4A7;S263;,0.03382379624697556
PRKAA1,1,5,1,SLC2A13;S44;,0.03375192665755823
PRKAA1,1,5,1,BAD;S171;,0.03289377215152454
PRKAA1,1,5,1,GATAD2A;S96;,0.03341048671081546
PRKAA1,1,5,1,SMCR8;S486;,0.033752246566239874
PRKAA1,1,5,1,PPAN;S233;,0.03332940178772954
PRKAA1,1,5,1,SH3PXD2A;S368;,0.033544623709069306
PRKAA1,1,5,1,STIM1;S257;,0.03253040576089012
PRKAA1,1,5,1,DCLK1;S30;,0.03259885066535534
PRKAA1,1,5,1,MAP4K4;S794;,0.033578054307129755
PRKAA1,1,5,1,MTFR1L;S235;,0.03383772066463945
PRKAA1,1,5,2,AKT1S1;T247;,0.03715306345850548
PRKAA1,1,5,2,CDKN1A;S69;,0.03700632047246942
PRKAA1,1,5,2,AKT1S1;S184;,0.037044959822261705
PRKAA1,1,5,2,FHOD1;S504;,0.036828439354646664
PRKAA1,1,5,2,PTPN21;S762;,0.0362598875110873
PRKAA1,1,5,2,PDCD4;S76;,0.036754042110759604
PRKAA1,1,5,2,ITSN1;S315;,0.03657576482219773
PRKAA1,1,5,2,AHNAK;S42;,0.03709773235957294
PRKAA1,1,5,2,MED24;S860;,0.03661927940990461
PRKAA1,1,5,2,FMN1;S589;,0.0368840954903238
PRKAA1,1,5,2,NEK9;S16;,0.004042724673326881
PRKAA1,1,5,2,MEF2C;S226;,0.036756068365334627
PRKAA1,1,5,2,FLNC;S2147;,0.03691311381875261
PRKAA1,1,5,2,RABGEF1;T142;,0.0365752387841126
PRKAA1,1,5,2,AZI1;S304;,0.03672685739845914
PRKAA1,1,5,2,BAG3;S388;,0.03671609668821755
PRKAA1,1,5,2,MYCBP2;S2750;,0.03668341682535608
PRKAA1,1,5,2,SMCR7L;S59;,0.0365763425662922
PRKAA1,1,5,2,AHNAK;S4597;,0.03687328795566344
PRKAA1,1,5,2,MID1;S96;,0.03669174390181668
PRKAA1,1,5,2,RGD1560225;S763;,0.03657647917970234
PRKAA1,1,5,2,AHNAK;S177;,0.03706797954180059
PRKAA1,1,5,2,MAPK8;Y185;,0.0364225003643192
PRKAA1,1,5,2,SVIL;S259;,0.03667604941623938
PRKAA1,1,5,2,PPP1R13L;S360;,0.03657548687662062
PRKAA1,1,5,2,UBA1;S13;,0.03657602988558974
PRKAA1,1,5,2,TJP1;S1604;,0.03710211156038336
PRKAA1,1,5,2,VIM;S430;,0.0027479601662920043
PRKAA1,1,5,2,SIK2;S673;,0.036758988673617515
PRKAA1,1,5,2,CORO7;S298;,0.0007179385463740284
PRKAA1,2,1,1,AKAP1;S103;,0.03578163299273056
PRKAA1,2,1,1,LOC100910104;S532;,0.03531881493349315
PRKAA1,2,1,1,MTFR1L;S100;,0.03521781972741844
PRKAA1,2,1,1,TBC1D1;S231;,0.035647334195502846
PRKAA1,2,1,1,TRAK1;S905;,0.0354992624035756
PRKAA1,2,1,1,DMXL1;S574;,0.032759684908826504
PRKAA1,2,1,1,BAIAP2L1;S380;,0.03275429694037477
PRKAA1,2,1,1,ACACA;S79;,0.03302806563605985
PRKAA1,2,1,1,TBC1D1;S662;,0.03513728091013723
PRKAA1,2,1,1,SMCR8;S488;,0.03275294062180603
PRKAA1,2,1,1,RGD1310016;S1171;,0.033108787860854284
PRKAA1,2,1,1,RGD1311783;S45;,0.03482298566359333
PRKAA1,2,1,1,YAP1;S46;,0.03480743839798135
PRKAA1,2,1,1,MAP4;S902;,0.03179341577846566
PRKAA1,2,1,1,MAP4K4;S791;,0.03450844588265303
PRKAA1,2,1,1,ARFIP1;S39;,0.03518819641127122
PRKAA1,2,1,1,SRSF10;S131;,0.0327532094027666
PRKAA1,2,1,1,RIPK2;S412;,0.03241440151942749
PRKAA1,2,1,1,CHD8;S549;,0.03279600266986965
PRKAA1,2,1,1,SLC4A7;S263;,0.033523948593007
PRKAA1,2,1,1,SLC2A13;S44;,0.03386871781539717
PRKAA1,2,1,1,BAD;S171;,0.03343631386353197
PRKAA1,2,1,1,GATAD2A;S96;,0.032749361702529144
PRKAA1,2,1,1,SMCR8;S486;,0.033775466174967836
PRKAA1,2,1,1,PPAN;S233;,0.03275423783967064
PRKAA1,2,1,1,SH3PXD2A;S368;,0.03186583118210231
PRKAA1,2,1,1,STIM1;S257;,0.0273547561364031
PRKAA1,2,1,1,DCLK1;S30;,0.027464521140651385
PRKAA1,2,1,1,MAP4K4;S794;,0.03277812997357148
PRKAA1,2,1,1,MTFR1L;S235;,0.03433869872136042
PRKAA1,2,1,2,RRP1B;T521;,0.037714058291017157
PRKAA1,2,1,2,ELMSAN1;S456;,0.037713299801681505
PRKAA1,2,1,2,SIK2;S673;,0.037990414715808135
PRKAA1,2,1,2,DDX3X;S261;,0.037712737357089736
PRKAA1,2,1,2,ALKBH5;S376;,0.03827265877385703
PRKAA1,2,1,2,PRRC2A;S765;,0.03831150108344921
PRKAA1,2,1,2,MLLT4;S216;,0.03835288282733931
PRKAA1,2,1,2,AHNAK;S5243;,0.03793208761823885
PRKAA1,2,1,2,TJP2;S147;,0.03833289736844456
PRKAA1,2,1,2,MUSK;S689;,0.03825788450411875
PRKAA1,2,1,2,VAPA;S164;,0.009573857588153573
PRKAA1,2,1,2,DOCK7;S1361;,0.03771398245183113
PRKAA1,2,1,2,NCOR1;S363;,0.03810978261837428
PRKAA1,2,1,2,HUWE1;S1876;,0.038273959347625855
PRKAA1,2,1,2,ZZEF1;S1535;,0.03792009701069642
PRKAA1,2,1,2,STIM2;S675;,0.00896476493863272
PRKAA1,2,1,2,LOC684259;S780;,0.012879835396426106
PRKAA1,2,1,2,TNRC6B;S421;,0.03814516353932324
PRKAA1,2,1,2,ULK1;T468;,0.03190276732598865
PRKAA1,2,1,2,AHNAK;S177;,0.03821062094247367
PRKAA1,2,1,2,PBXIP1;S132;,0.03817898876513157
PRKAA1,2,1,2,STIM1;S523;,0.016456999736345818
PRKAA1,2,1,2,RUFY1;S50;,0.037906935002160434
PRKAA1,2,1,2,LOC100910104;S475;,0.03811374625693938
PRKAA1,2,1,2,RRP1B;S524;,0.03806398063847543
PRKAA1,2,1,2,DOCK7;S2107;,0.03828678504569366
PRKAA1,2,1,2,MED1;S1465;,0.038156933411742214
PRKAA1,2,1,2,LOC312502;S138;,0.007098093906202429
PRKAA1,2,1,2,MUSK;S690;,0.037714246203324885
PRKAA1,2,1,2,NACA;S914;,0.037738037533414315
PRKAA1,2,2,1,AKAP1;S103;,0.03471511211718425
PRKAA1,2,2,1,LOC100910104;S532;,0.034494320970161585
PRKAA1,2,2,1,MTFR1L;S100;,0.034551518589267985
PRKAA1,2,2,1,TBC1D1;S231;,0.03485027161179593
PRKAA1,2,2,1,TRAK1;S905;,0.03490601595480056
PRKAA1,2,2,1,DMXL1;S574;,0.03296322554945841
PRKAA1,2,2,1,BAIAP2L1;S380;,0.033125089878413075
PRKAA1,2,2,1,ACACA;S79;,0.03287115233309977
PRKAA1,2,2,1,TBC1D1;S662;,0.034994849472972274
PRKAA1,2,2,1,SMCR8;S488;,0.03391017712364691
PRKAA1,2,2,1,RGD1310016;S1171;,0.033393888831557285
PRKAA1,2,2,1,RGD1311783;S45;,0.03476403658959216
PRKAA1,2,2,1,YAP1;S46;,0.03460729545843997
PRKAA1,2,2,1,MAP4;S902;,0.030185732307112828
PRKAA1,2,2,1,MAP4K4;S791;,0.03450528581781561
PRKAA1,2,2,1,ARFIP1;S39;,0.03501105434052155
PRKAA1,2,2,1,SRSF10;S131;,0.03296044603679708
PRKAA1,2,2,1,RIPK2;S412;,0.0321355844181389
PRKAA1,2,2,1,CHD8;S549;,0.0319637243691455
PRKAA1,2,2,1,SLC4A7;S263;,0.03343754161934027
PRKAA1,2,2,1,SLC2A13;S44;,0.03383815892272228
PRKAA1,2,2,1,BAD;S171;,0.03364171528538523
PRKAA1,2,2,1,GATAD2A;S96;,0.034018414997602525
PRKAA1,2,2,1,SMCR8;S486;,0.034728723395331604
PRKAA1,2,2,1,PPAN;S233;,0.03296637952906368
PRKAA1,2,2,1,SH3PXD2A;S368;,0.03202109978422575
PRKAA1,2,2,1,STIM1;S257;,0.023090002765121385
PRKAA1,2,2,1,DCLK1;S30;,0.032963252687121594
PRKAA1,2,2,1,MAP4K4;S794;,0.03390468942137931
PRKAA1,2,2,1,MTFR1L;S235;,0.0344812398227847
PRKAA1,2,2,2,RRP1B;T521;,0.038258553705659525
PRKAA1,2,2,2,ELMSAN1;S456;,0.038261698627512435
PRKAA1,2,2,2,SIK2;S673;,0.03851862341322022
PRKAA1,2,2,2,DDX3X;S261;,0.03826080079865493
PRKAA1,2,2,2,ALKBH5;S376;,0.038898424811832914
PRKAA1,2,2,2,PRRC2A;S765;,0.03892285364586514
PRKAA1,2,2,2,MLLT4;S216;,0.03897727539731258
PRKAA1,2,2,2,AHNAK;S5243;,0.03854551790132135
PRKAA1,2,2,2,TJP2;S147;,0.03895164049771841
PRKAA1,2,2,2,MUSK;S689;,0.03886974955277667
PRKAA1,2,2,2,VAPA;S164;,0.006459990233069996
PRKAA1,2,2,2,DOCK7;S1361;,0.03826207240246723
PRKAA1,2,2,2,NCOR1;S363;,0.0387226197665751
PRKAA1,2,2,2,HUWE1;S1876;,0.03888062754401103
PRKAA1,2,2,2,ZZEF1;S1535;,0.038495686967882074
PRKAA1,2,2,2,STIM2;S675;,0.0053327459483678286
PRKAA1,2,2,2,LOC684259;S780;,0.003805889380568409
PRKAA1,2,2,2,TNRC6B;S421;,0.03876196438480935
PRKAA1,2,2,2,ULK1;T468;,0.0382609902070574
PRKAA1,2,2,2,AHNAK;S177;,0.03882751239481114
PRKAA1,2,2,2,PBXIP1;S132;,0.03878219222613508
PRKAA1,2,2,2,STIM1;S523;,0.014433313676167833
PRKAA1,2,2,2,RUFY1;S50;,0.03853702778523268
PRKAA1,2,2,2,LOC100910104;S475;,0.03872095411118116
PRKAA1,2,2,2,RRP1B;S524;,0.038683467856616374
PRKAA1,2,2,2,DOCK7;S2107;,0.03890270344912319
PRKAA1,2,2,2,MED1;S1465;,0.038766104561743425
PRKAA1,2,2,2,LOC312502;S138;,0.004266516955648877
PRKAA1,2,2,2,MUSK;S690;,0.03826169864667807
PRKAA1,2,2,2,NACA;S914;,0.03837078314997951
PRKAA1,2,3,1,AKAP1;S103;,0.03360102015260356
PRKAA1,2,3,1,LOC100910104;S532;,0.03361127479164875
PRKAA1,2,3,1,MTFR1L;S100;,0.03354802232117358
PRKAA1,2,3,1,TBC1D1;S231;,0.03372045080287473
PRKAA1,2,3,1,TRAK1;S905;,0.0336933429515712
PRKAA1,2,3,1,DMXL1;S574;,0.03289285502185647
PRKAA1,2,3,1,BAIAP2L1;S380;,0.033184387406914505
PRKAA1,2,3,1,ACACA;S79;,0.033185267729670495
PRKAA1,2,3,1,TBC1D1;S662;,0.033870328713020606
PRKAA1,2,3,1,SMCR8;S488;,0.033437485839977396
PRKAA1,2,3,1,RGD1310016;S1171;,0.033005888535480477
PRKAA1,2,3,1,RGD1311783;S45;,0.033856697421999815
PRKAA1,2,3,1,YAP1;S46;,0.03352181445473701
PRKAA1,2,3,1,MAP4;S902;,0.0331846793507551
PRKAA1,2,3,1,MAP4K4;S791;,0.03386848554765576
PRKAA1,2,3,1,ARFIP1;S39;,0.03367347940516776
PRKAA1,2,3,1,SRSF10;S131;,0.033184868693960194
PRKAA1,2,3,1,RIPK2;S412;,0.033336409523635285
PRKAA1,2,3,1,CHD8;S549;,0.03329029907965843
PRKAA1,2,3,1,SLC4A7;S263;,0.03360112851478508
PRKAA1,2,3,1,SLC2A13;S44;,0.03377816517493292
PRKAA1,2,3,1,BAD;S171;,0.033078661491674585
PRKAA1,2,3,1,GATAD2A;S96;,0.03318438741856006
PRKAA1,2,3,1,SMCR8;S486;,0.033777673760979385
PRKAA1,2,3,1,PPAN;S233;,0.03318375778720927
PRKAA1,2,3,1,SH3PXD2A;S368;,0.03349942332990363
PRKAA1,2,3,1,STIM1;S257;,0.032045309108917015
PRKAA1,2,3,1,DCLK1;S30;,0.030770080204167532
PRKAA1,2,3,1,MAP4K4;S794;,0.033667386905740705
PRKAA1,2,3,1,MTFR1L;S235;,0.03374696855876879
PRKAA1,2,3,2,RRP1B;T521;,0.04045739429765295
PRKAA1,2,3,2,ELMSAN1;S456;,0.04045771473271767
PRKAA1,2,3,2,SIK2;S673;,0.04071857852816617
PRKAA1,2,3,2,DDX3X;S261;,0.039908787513267395
PRKAA1,2,3,2,ALKBH5;S376;,0.04116250231911935
PRKAA1,2,3,2,PRRC2A;S765;,0.04124437599732162
PRKAA1,2,3,2,MLLT4;S216;,0.04131310570836756
PRKAA1,2,3,2,AHNAK;S5243;,0.040636451275825235
PRKAA1,2,3,2,TJP2;S147;,0.04124382548038274
PRKAA1,2,3,2,MUSK;S689;,0.041145404186061954
PRKAA1,2,3,2,VAPA;S164;,0.0014147925632654404
PRKAA1,2,3,2,DOCK7;S1361;,0.040456356846873036
PRKAA1,2,3,2,NCOR1;S363;,0.04102082612899408
PRKAA1,2,3,2,HUWE1;S1876;,0.04117643800242696
PRKAA1,2,3,2,ZZEF1;S1535;,0.04061489052726674
PRKAA1,2,3,2,STIM2;S675;,0.0016731580992897536
PRKAA1,2,3,2,LOC684259;S780;,0.002568938590830419
PRKAA1,2,3,2,TNRC6B;S421;,0.041100729912952265
PRKAA1,2,3,2,ULK1;T468;,0.010707921065641708
PRKAA1,2,3,2,AHNAK;S177;,0.041035135650365415
PRKAA1,2,3,2,PBXIP1;S132;,0.040971969755163325
PRKAA1,2,3,2,STIM1;S523;,0.002189344951775085
PRKAA1,2,3,2,RUFY1;S50;,0.040695047328999166
PRKAA1,2,3,2,LOC100910104;S475;,0.04096194431962085
PRKAA1,2,3,2,RRP1B;S524;,0.040968745442637046
PRKAA1,2,3,2,DOCK7;S2107;,0.04114705394786651
PRKAA1,2,3,2,MED1;S1465;,0.041103425546480776
PRKAA1,2,3,2,LOC312502;S138;,0.0009917622330532785
PRKAA1,2,3,2,MUSK;S690;,0.04045753085850243
PRKAA1,2,3,2,NACA;S914;,0.040455848189113276
PRKAA1,2,4,1,AKAP1;S103;,0.03347223209284585
PRKAA1,2,4,1,LOC100910104;S532;,0.03359807943702524
PRKAA1,2,4,1,MTFR1L;S100;,0.033509464166186276
PRKAA1,2,4,1,TBC1D1;S231;,0.033671801128898296
PRKAA1,2,4,1,TRAK1;S905;,0.0336338528154691
PRKAA1,2,4,1,DMXL1;S574;,0.03321916202396008
PRKAA1,2,4,1,BAIAP2L1;S380;,0.03321898165384496
PRKAA1,2,4,1,ACACA;S79;,0.03321958347695955
PRKAA1,2,4,1,TBC1D1;S662;,0.033786913569935226
PRKAA1,2,4,1,SMCR8;S488;,0.0334505560522252
PRKAA1,2,4,1,RGD1310016;S1171;,0.033282748889847696
PRKAA1,2,4,1,RGD1311783;S45;,0.03377050027696227
PRKAA1,2,4,1,YAP1;S46;,0.03352296270113996
PRKAA1,2,4,1,MAP4;S902;,0.03321868324297102
PRKAA1,2,4,1,MAP4K4;S791;,0.03377955715791632
PRKAA1,2,4,1,ARFIP1;S39;,0.033621455267352024
PRKAA1,2,4,1,SRSF10;S131;,0.03293568158013678
PRKAA1,2,4,1,RIPK2;S412;,0.0332831180428736
PRKAA1,2,4,1,CHD8;S549;,0.03312743569441511
PRKAA1,2,4,1,SLC4A7;S263;,0.0335775680568886
PRKAA1,2,4,1,SLC2A13;S44;,0.03369674273163131
PRKAA1,2,4,1,BAD;S171;,0.033305069614611806
PRKAA1,2,4,1,GATAD2A;S96;,0.03321870701859233
PRKAA1,2,4,1,SMCR8;S486;,0.03364666906946071
PRKAA1,2,4,1,PPAN;S233;,0.03319068328850627
PRKAA1,2,4,1,SH3PXD2A;S368;,0.03344566703315422
PRKAA1,2,4,1,STIM1;S257;,0.03237219252008648
PRKAA1,2,4,1,DCLK1;S30;,0.030995043446627416
PRKAA1,2,4,1,MAP4K4;S794;,0.033541409427802774
PRKAA1,2,4,1,MTFR1L;S235;,0.033687478521673496
PRKAA1,2,4,2,RRP1B;T521;,0.04088185994555878
PRKAA1,2,4,2,ELMSAN1;S456;,0.04088299120583364
PRKAA1,2,4,2,SIK2;S673;,0.04028322087835485
PRKAA1,2,4,2,DDX3X;S261;,0.040882835789376695
PRKAA1,2,4,2,ALKBH5;S376;,0.041087177839028
PRKAA1,2,4,2,PRRC2A;S765;,0.04146156019960487
PRKAA1,2,4,2,MLLT4;S216;,0.041403440641843925
PRKAA1,2,4,2,AHNAK;S5243;,0.04109768429155144
PRKAA1,2,4,2,TJP2;S147;,0.041396543646267166
PRKAA1,2,4,2,MUSK;S689;,0.041215953943895274
PRKAA1,2,4,2,VAPA;S164;,0.0013122496581804953
PRKAA1,2,4,2,DOCK7;S1361;,0.03803227410943587
PRKAA1,2,4,2,NCOR1;S363;,0.04129000117733576
PRKAA1,2,4,2,HUWE1;S1876;,0.04142305527757665
PRKAA1,2,4,2,ZZEF1;S1535;,0.0409967438419545
PRKAA1,2,4,2,STIM2;S675;,0.0015723150003359736
PRKAA1,2,4,2,LOC684259;S780;,0.002550728033048923
PRKAA1,2,4,2,TNRC6B;S421;,0.04134323786449525
PRKAA1,2,4,2,ULK1;T468;,0.008356157818750492
PRKAA1,2,4,2,AHNAK;S177;,0.04088139035329011
PRKAA1,2,4,2,PBXIP1;S132;,0.04088066522349087
PRKAA1,2,4,2,STIM1;S523;,0.0020570953432145745
PRKAA1,2,4,2,RUFY1;S50;,0.04092339355035665
PRKAA1,2,4,2,LOC100910104;S475;,0.04118085752178754
PRKAA1,2,4,2,RRP1B;S524;,0.041305364812286145
PRKAA1,2,4,2,DOCK7;S2107;,0.041303377171725615
PRKAA1,2,4,2,MED1;S1465;,0.04137444089676175
PRKAA1,2,4,2,LOC312502;S138;,0.0010281535150171845
PRKAA1,2,4,2,MUSK;S690;,0.04088369180939202
PRKAA1,2,4,2,NACA;S914;,0.04071153864024879
PRKAA1,2,5,1,AKAP1;S103;,0.03355030532835669
PRKAA1,2,5,1,LOC100910104;S532;,0.033583510903657264
PRKAA1,2,5,1,MTFR1L;S100;,0.03352092115507706
PRKAA1,2,5,1,TBC1D1;S231;,0.03372716330760976
PRKAA1,2,5,1,TRAK1;S905;,0.0338327821047609
PRKAA1,2,5,1,DMXL1;S574;,0.032753680009181066
PRKAA1,2,5,1,BAIAP2L1;S380;,0.032620125872040495
PRKAA1,2,5,1,ACACA;S79;,0.03298515411952285
PRKAA1,2,5,1,TBC1D1;S662;,0.034116655226275584
PRKAA1,2,5,1,SMCR8;S488;,0.033539737331601524
PRKAA1,2,5,1,RGD1310016;S1171;,0.03312831919937885
PRKAA1,2,5,1,RGD1311783;S45;,0.03394100057372341
PRKAA1,2,5,1,YAP1;S46;,0.033480257519958985
PRKAA1,2,5,1,MAP4;S902;,0.03241268409290409
PRKAA1,2,5,1,MAP4K4;S791;,0.034038259470303714
PRKAA1,2,5,1,ARFIP1;S39;,0.03385740839998358
PRKAA1,2,5,1,SRSF10;S131;,0.03312745720010241
PRKAA1,2,5,1,RIPK2;S412;,0.03312642101230175
PRKAA1,2,5,1,CHD8;S549;,0.033024615441065885
PRKAA1,2,5,1,SLC4A7;S263;,0.03352701778193498
PRKAA1,2,5,1,SLC2A13;S44;,0.033629718617086225
PRKAA1,2,5,1,BAD;S171;,0.03312560743580427
PRKAA1,2,5,1,GATAD2A;S96;,0.03373786983551058
PRKAA1,2,5,1,SMCR8;S486;,0.03386957253780682
PRKAA1,2,5,1,PPAN;S233;,0.03313067292712826
PRKAA1,2,5,1,SH3PXD2A;S368;,0.03312462380929717
PRKAA1,2,5,1,STIM1;S257;,0.030712464163191112
PRKAA1,2,5,1,DCLK1;S30;,0.0331275392911648
PRKAA1,2,5,1,MAP4K4;S794;,0.03376989233779027
PRKAA1,2,5,1,MTFR1L;S235;,0.03387856299547952
PRKAA1,2,5,2,RRP1B;T521;,0.04006567604407976
PRKAA1,2,5,2,ELMSAN1;S456;,0.039533544620275154
PRKAA1,2,5,2,SIK2;S673;,0.0403396550238085
PRKAA1,2,5,2,DDX3X;S261;,0.03897237495340305
PRKAA1,2,5,2,ALKBH5;S376;,0.04081844902339676
PRKAA1,2,5,2,PRRC2A;S765;,0.040839982753236144
PRKAA1,2,5,2,MLLT4;S216;,0.040893754936172665
PRKAA1,2,5,2,AHNAK;S5243;,0.04009156264273741
PRKAA1,2,5,2,TJP2;S147;,0.04090788590882853
PRKAA1,2,5,2,MUSK;S689;,0.04074354836254803
PRKAA1,2,5,2,VAPA;S164;,0.003382101079713609
PRKAA1,2,5,2,DOCK7;S1361;,0.04006567601278856
PRKAA1,2,5,2,NCOR1;S363;,0.040646280588314786
PRKAA1,2,5,2,HUWE1;S1876;,0.04076136533337423
PRKAA1,2,5,2,ZZEF1;S1535;,0.04006298885584521
PRKAA1,2,5,2,STIM2;S675;,0.003366331146163871
PRKAA1,2,5,2,LOC684259;S780;,0.0024801683240534833
PRKAA1,2,5,2,TNRC6B;S421;,0.040696289205706816
PRKAA1,2,5,2,ULK1;T468;,0.014633021321429674
PRKAA1,2,5,2,AHNAK;S177;,0.04068935275532867
PRKAA1,2,5,2,PBXIP1;S132;,0.04065296408619009
PRKAA1,2,5,2,STIM1;S523;,0.0049413660877091125
PRKAA1,2,5,2,RUFY1;S50;,0.0401452305676404
PRKAA1,2,5,2,LOC100910104;S475;,0.04044993318180985
PRKAA1,2,5,2,RRP1B;S524;,0.04057801291763365
PRKAA1,2,5,2,DOCK7;S2107;,0.04080556933454614
PRKAA1,2,5,2,MED1;S1465;,0.040622297387735165
PRKAA1,2,5,2,LOC312502;S138;,0.002413671181421178
PRKAA1,2,5,2,MUSK;S690;,0.039333797518867494
PRKAA1,2,5,2,NACA;S914;,0.04006714884524201
PRKAA1,3,1,1,AKAP1;S103;,0.033483602636464875
PRKAA1,3,1,1,LOC100910104;S532;,0.033577205514018785
PRKAA1,3,1,1,MTFR1L;S100;,0.033745030529413855
PRKAA1,3,1,1,TBC1D1;S231;,0.03388458649695814
PRKAA1,3,1,1,TRAK1;S905;,0.03374462341881877
PRKAA1,3,1,1,DMXL1;S574;,0.03276536369842346
PRKAA1,3,1,1,BAIAP2L1;S380;,0.032447565219235204
PRKAA1,3,1,1,ACACA;S79;,0.033101145805108784
PRKAA1,3,1,1,TBC1D1;S662;,0.03409842750757502
PRKAA1,3,1,1,SMCR8;S488;,0.03347469666389152
PRKAA1,3,1,1,RGD1310016;S1171;,0.032765869604076854
PRKAA1,3,1,1,RGD1311783;S45;,0.03373213776466111
PRKAA1,3,1,1,YAP1;S46;,0.0332090732761452
PRKAA1,3,1,1,MAP4;S902;,0.03329890472996935
PRKAA1,3,1,1,MAP4K4;S791;,0.03407607717972016
PRKAA1,3,1,1,ARFIP1;S39;,0.03363118265441615
PRKAA1,3,1,1,SRSF10;S131;,0.032759434646322305
PRKAA1,3,1,1,RIPK2;S412;,0.03349769328512283
PRKAA1,3,1,1,CHD8;S549;,0.033079093022688834
PRKAA1,3,1,1,SLC4A7;S263;,0.03393230328795925
PRKAA1,3,1,1,SLC2A13;S44;,0.03389513449644128
PRKAA1,3,1,1,BAD;S171;,0.03295015083726984
PRKAA1,3,1,1,GATAD2A;S96;,0.033068811216888094
PRKAA1,3,1,1,SMCR8;S486;,0.03346900251045107
PRKAA1,3,1,1,PPAN;S233;,0.032762709873501605
PRKAA1,3,1,1,SH3PXD2A;S368;,0.03369865505521206
PRKAA1,3,1,1,STIM1;S257;,0.032762266843314805
PRKAA1,3,1,1,DCLK1;S30;,0.0318547847747214
PRKAA1,3,1,1,MAP4K4;S794;,0.03333434215631076
PRKAA1,3,1,1,MTFR1L;S235;,0.03390012529489828
PRKAA1,3,1,2,ABL2;S799;,0.034942733813198165
PRKAA1,3,1,2,STK3;S385;,0.03506795955083989
PRKAA1,3,1,2,SRRM2;S2228;,0.03473363956376522
PRKAA1,3,1,2,RRP1B;T521;,0.03462197197015462
PRKAA1,3,1,2,LMO7;S1541;,0.03489658920906953
PRKAA1,3,1,2,PI4K2A;S50;,0.03455164934213396
PRKAA1,3,1,2,STK11IP;S443;,0.034876386785942036
PRKAA1,3,1,2,LRRFIP2;S18;,0.035010048326302196
PRKAA1,3,1,2,SIPA1L1;S1411;,0.0030312559725906877
PRKAA1,3,1,2,DUSP27;S366;,0.03485233461520606
PRKAA1,3,1,2,PFKFB2;S469;,0.034551845412383736
PRKAA1,3,1,2,KPNA1;S2;,0.03462849629353417
PRKAA1,3,1,2,EEF2K;S365;,0.022654427939014163
PRKAA1,3,1,2,PRRC2B;S259;,0.03455195400650209
PRKAA1,3,1,2,AKT1S1;T247;,0.03504109894067323
PRKAA1,3,1,2,CAP2;S301;,0.03484787322921445
PRKAA1,3,1,2,SOX6;S399;,0.03477368563532808
PRKAA1,3,1,2,ZC3HC1;S343;,0.034671215206498865
PRKAA1,3,1,2,LOC100910646;S166;,0.034973944708316405
PRKAA1,3,1,2,LRRFIP2;T136;,0.03489229220307266
PRKAA1,3,1,2,DYNC1H1;S4365;,0.034972611914736954
PRKAA1,3,1,2,ZNRF2;S154;,0.03486930050818614
PRKAA1,3,1,2,TRIP12;T1454;,0.03505666401709421
PRKAA1,3,1,2,PTPN21;S599;,0.034800978932767394
PRKAA1,3,1,2,ATG2B;S255;,0.03487989619405823
PRKAA1,3,1,2,KDM5C;S316;,0.03489331909416147
PRKAA1,3,1,2,RABGEF1;T142;,0.03420239889364769
PRKAA1,3,1,2,RPS6KB1;S404;,0.03496978584114731
PRKAA1,3,1,2,RAI14;T249;,0.03455251990805256
PRKAA1,3,1,2,EIF4B;S422;,0.03463112197240809
PRKAA1,3,2,1,AKAP1;S103;,0.03406631421978305
PRKAA1,3,2,1,LOC100910104;S532;,0.034047734048331064
PRKAA1,3,2,1,MTFR1L;S100;,0.034000720987812295
PRKAA1,3,2,1,TBC1D1;S231;,0.03410361542423598
PRKAA1,3,2,1,TRAK1;S905;,0.03407154320820678
PRKAA1,3,2,1,DMXL1;S574;,0.03263386324141422
PRKAA1,3,2,1,BAIAP2L1;S380;,0.03308826167895603
PRKAA1,3,2,1,ACACA;S79;,0.033090409803035695
PRKAA1,3,2,1,TBC1D1;S662;,0.034398444308803344
PRKAA1,3,2,1,SMCR8;S488;,0.0335440920315499
PRKAA1,3,2,1,RGD1310016;S1171;,0.03308342019537102
PRKAA1,3,2,1,RGD1311783;S45;,0.034145626003340944
PRKAA1,3,2,1,YAP1;S46;,0.03354461843510162
PRKAA1,3,2,1,MAP4;S902;,0.033091038012795074
PRKAA1,3,2,1,MAP4K4;S791;,0.03449538410849224
PRKAA1,3,2,1,ARFIP1;S39;,0.033809866632021505
PRKAA1,3,2,1,SRSF10;S131;,0.03269272900110897
PRKAA1,3,2,1,RIPK2;S412;,0.03306911829027654
PRKAA1,3,2,1,CHD8;S549;,0.033142843669106296
PRKAA1,3,2,1,SLC4A7;S263;,0.03403489278189603
PRKAA1,3,2,1,SLC2A13;S44;,0.03402428297896677
PRKAA1,3,2,1,BAD;S171;,0.03314783654553096
PRKAA1,3,2,1,GATAD2A;S96;,0.033088725927009684
PRKAA1,3,2,1,SMCR8;S486;,0.03393996266402881
PRKAA1,3,2,1,PPAN;S233;,0.03308976858699104
PRKAA1,3,2,1,SH3PXD2A;S368;,0.03363886135182734
PRKAA1,3,2,1,STIM1;S257;,0.03053493541650671
PRKAA1,3,2,1,DCLK1;S30;,0.028733708062902093
PRKAA1,3,2,1,MAP4K4;S794;,0.03364636109142737
PRKAA1,3,2,1,MTFR1L;S235;,0.034001021293170584
PRKAA1,3,2,2,ABL2;S799;,0.03491960093939393
PRKAA1,3,2,2,STK3;S385;,0.035099971678623464
PRKAA1,3,2,2,SRRM2;S2228;,0.03484556790898423
PRKAA1,3,2,2,RRP1B;T521;,0.03432577280496965
PRKAA1,3,2,2,LMO7;S1541;,0.03492718881444432
PRKAA1,3,2,2,PI4K2A;S50;,0.034656605105387005
PRKAA1,3,2,2,STK11IP;S443;,0.034942531199312996
PRKAA1,3,2,2,LRRFIP2;S18;,0.03503599317090836
PRKAA1,3,2,2,SIPA1L1;S1411;,0.0030235172232480575
PRKAA1,3,2,2,DUSP27;S366;,0.03491337832712887
PRKAA1,3,2,2,PFKFB2;S469;,0.03465676340314598
PRKAA1,3,2,2,KPNA1;S2;,0.03465595980361995
PRKAA1,3,2,2,EEF2K;S365;,0.023388985882856997
PRKAA1,3,2,2,PRRC2B;S259;,0.03460672532364528
PRKAA1,3,2,2,AKT1S1;T247;,0.03483193276679866
PRKAA1,3,2,2,CAP2;S301;,0.034988793574412924
PRKAA1,3,2,2,SOX6;S399;,0.03485141264923031
PRKAA1,3,2,2,ZC3HC1;S343;,0.03474946629779503
PRKAA1,3,2,2,LOC100910646;S166;,0.035016374208462264
PRKAA1,3,2,2,LRRFIP2;T136;,0.03465661334809963
PRKAA1,3,2,2,DYNC1H1;S4365;,0.035003122829306316
PRKAA1,3,2,2,ZNRF2;S154;,0.034911605911971504
PRKAA1,3,2,2,TRIP12;T1454;,0.034950922626488586
PRKAA1,3,2,2,PTPN21;S599;,0.03486864710909642
PRKAA1,3,2,2,ATG2B;S255;,0.03493657865233254
PRKAA1,3,2,2,KDM5C;S316;,0.03491275794516184
PRKAA1,3,2,2,RABGEF1;T142;,0.03293632692754832
PRKAA1,3,2,2,RPS6KB1;S404;,0.03502228051218833
PRKAA1,3,2,2,RAI14;T249;,0.03465661338629601
PRKAA1,3,2,2,EIF4B;S422;,0.03470798966914235
PRKAA1,3,3,1,AKAP1;S103;,0.033914194282039775
PRKAA1,3,3,1,LOC100910104;S532;,0.0338831859517161
PRKAA1,3,3,1,MTFR1L;S100;,0.03366918201878645
PRKAA1,3,3,1,TBC1D1;S231;,0.033981732561098134
PRKAA1,3,3,1,TRAK1;S905;,0.03393457300278216
PRKAA1,3,3,1,DMXL1;S574;,0.03258051182321618
PRKAA1,3,3,1,BAIAP2L1;S380;,0.03268799882979519
PRKAA1,3,3,1,ACACA;S79;,0.03359442103221674
PRKAA1,3,3,1,TBC1D1;S662;,0.034088441640090325
PRKAA1,3,3,1,SMCR8;S488;,0.03334478617146897
PRKAA1,3,3,1,RGD1310016;S1171;,0.03252311486077599
PRKAA1,3,3,1,RGD1311783;S45;,0.03405753536423949
PRKAA1,3,3,1,YAP1;S46;,0.03338349086684928
PRKAA1,3,3,1,MAP4;S902;,0.033670304959314
PRKAA1,3,3,1,MAP4K4;S791;,0.03407387164050376
PRKAA1,3,3,1,ARFIP1;S39;,0.03381608655793742
PRKAA1,3,3,1,SRSF10;S131;,0.03350174990630759
PRKAA1,3,3,1,RIPK2;S412;,0.033684974438745546
PRKAA1,3,3,1,CHD8;S549;,0.03372223837287981
PRKAA1,3,3,1,SLC4A7;S263;,0.03386792573531216
PRKAA1,3,3,1,SLC2A13;S44;,0.03411081925306144
PRKAA1,3,3,1,BAD;S171;,0.03268733042099067
PRKAA1,3,3,1,GATAD2A;S96;,0.03268790814344581
PRKAA1,3,3,1,SMCR8;S486;,0.033850031298003444
PRKAA1,3,3,1,PPAN;S233;,0.0335956341299969
PRKAA1,3,3,1,SH3PXD2A;S368;,0.03384043414101564
PRKAA1,3,3,1,STIM1;S257;,0.03268799872438882
PRKAA1,3,3,1,DCLK1;S30;,0.02667092495685816
PRKAA1,3,3,1,MAP4K4;S794;,0.033935823682569206
PRKAA1,3,3,1,MTFR1L;S235;,0.03395277523359479
PRKAA1,3,3,2,ABL2;S799;,0.03488386880469339
PRKAA1,3,3,2,STK3;S385;,0.034829058984139426
PRKAA1,3,3,2,SRRM2;S2228;,0.034525054600918564
PRKAA1,3,3,2,RRP1B;T521;,0.0343922713517831
PRKAA1,3,3,2,LMO7;S1541;,0.03490106998561996
PRKAA1,3,3,2,PI4K2A;S50;,0.0342979728896688
PRKAA1,3,3,2,STK11IP;S443;,0.034644033510004724
PRKAA1,3,3,2,LRRFIP2;S18;,0.03480182605836121
PRKAA1,3,3,2,SIPA1L1;S1411;,0.0007877278382291881
PRKAA1,3,3,2,DUSP27;S366;,0.034679838643192205
PRKAA1,3,3,2,PFKFB2;S469;,0.034299812603649935
PRKAA1,3,3,2,KPNA1;S2;,0.034642497876583175
PRKAA1,3,3,2,EEF2K;S365;,0.029563871185236956
PRKAA1,3,3,2,PRRC2B;S259;,0.03429995278550534
PRKAA1,3,3,2,AKT1S1;T247;,0.03486580511069837
PRKAA1,3,3,2,CAP2;S301;,0.0346596521685415
PRKAA1,3,3,2,SOX6;S399;,0.034540835168940895
PRKAA1,3,3,2,ZC3HC1;S343;,0.03443753853096163
PRKAA1,3,3,2,LOC100910646;S166;,0.03479472797746394
PRKAA1,3,3,2,LRRFIP2;T136;,0.03475009702601676
PRKAA1,3,3,2,DYNC1H1;S4365;,0.034788001611149665
PRKAA1,3,3,2,ZNRF2;S154;,0.0346193631161245
PRKAA1,3,3,2,TRIP12;T1454;,0.03483459570068846
PRKAA1,3,3,2,PTPN21;S599;,0.03458193736791488
PRKAA1,3,3,2,ATG2B;S255;,0.03482281659595066
PRKAA1,3,3,2,KDM5C;S316;,0.03490309533936445
PRKAA1,3,3,2,RABGEF1;T142;,0.03429906672185684
PRKAA1,3,3,2,RPS6KB1;S404;,0.03478411176739755
PRKAA1,3,3,2,RAI14;T249;,0.03430061144658993
PRKAA1,3,3,2,EIF4B;S422;,0.034468887232753855
PRKAA1,3,4,1,AKAP1;S103;,0.033878442077220086
PRKAA1,3,4,1,LOC100910104;S532;,0.03387336896283152
PRKAA1,3,4,1,MTFR1L;S100;,0.03378654597411355
PRKAA1,3,4,1,TBC1D1;S231;,0.03404107350420683
PRKAA1,3,4,1,TRAK1;S905;,0.034044940047927665
PRKAA1,3,4,1,DMXL1;S574;,0.032615905429126596
PRKAA1,3,4,1,BAIAP2L1;S380;,0.031822085709878184
PRKAA1,3,4,1,ACACA;S79;,0.03367480766522448
PRKAA1,3,4,1,TBC1D1;S662;,0.034137752495977815
PRKAA1,3,4,1,SMCR8;S488;,0.0332040191745055
PRKAA1,3,4,1,RGD1310016;S1171;,0.03286365625877397
PRKAA1,3,4,1,RGD1311783;S45;,0.034011949607202205
PRKAA1,3,4,1,YAP1;S46;,0.03320036777770457
PRKAA1,3,4,1,MAP4;S902;,0.033786761027593294
PRKAA1,3,4,1,MAP4K4;S791;,0.034113771220633915
PRKAA1,3,4,1,ARFIP1;S39;,0.033865372973252685
PRKAA1,3,4,1,SRSF10;S131;,0.03332707621158952
PRKAA1,3,4,1,RIPK2;S412;,0.03369481613382739
PRKAA1,3,4,1,CHD8;S549;,0.03371420287701082
PRKAA1,3,4,1,SLC4A7;S263;,0.03404969792051065
PRKAA1,3,4,1,SLC2A13;S44;,0.03413157798369697
PRKAA1,3,4,1,BAD;S171;,0.032862187075419796
PRKAA1,3,4,1,GATAD2A;S96;,0.03286213154655627
PRKAA1,3,4,1,SMCR8;S486;,0.033612221250064016
PRKAA1,3,4,1,PPAN;S233;,0.033604376468369786
PRKAA1,3,4,1,SH3PXD2A;S368;,0.0339231673117412
PRKAA1,3,4,1,STIM1;S257;,0.03286356424909171
PRKAA1,3,4,1,DCLK1;S30;,0.026578769395090053
PRKAA1,3,4,1,MAP4K4;S794;,0.03380849884918185
PRKAA1,3,4,1,MTFR1L;S235;,0.03404689282167698
PRKAA1,3,4,2,ABL2;S799;,0.03485463688488097
PRKAA1,3,4,2,STK3;S385;,0.03478106084364285
PRKAA1,3,4,2,SRRM2;S2228;,0.0344697750706037
PRKAA1,3,4,2,RRP1B;T521;,0.03429138311190368
PRKAA1,3,4,2,LMO7;S1541;,0.034875216382830025
PRKAA1,3,4,2,PI4K2A;S50;,0.03425362876738869
PRKAA1,3,4,2,STK11IP;S443;,0.03458257254449535
PRKAA1,3,4,2,LRRFIP2;S18;,0.034761270380224044
PRKAA1,3,4,2,SIPA1L1;S1411;,0.000978848558889227
PRKAA1,3,4,2,DUSP27;S366;,0.034639289804621366
PRKAA1,3,4,2,PFKFB2;S469;,0.034253596874749555
PRKAA1,3,4,2,KPNA1;S2;,0.03461243738273558
PRKAA1,3,4,2,EEF2K;S365;,0.03056959878514916
PRKAA1,3,4,2,PRRC2B;S259;,0.034253628745122174
PRKAA1,3,4,2,AKT1S1;T247;,0.03483633463756679
PRKAA1,3,4,2,CAP2;S301;,0.034613800565949725
PRKAA1,3,4,2,SOX6;S399;,0.03449953002430503
PRKAA1,3,4,2,ZC3HC1;S343;,0.03440189089526461
PRKAA1,3,4,2,LOC100910646;S166;,0.03476634576567992
PRKAA1,3,4,2,LRRFIP2;T136;,0.03476101901417069
PRKAA1,3,4,2,DYNC1H1;S4365;,0.03475133990515454
PRKAA1,3,4,2,ZNRF2;S154;,0.03455865937044317
PRKAA1,3,4,2,TRIP12;T1454;,0.03480023397085155
PRKAA1,3,4,2,PTPN21;S599;,0.03453474291853967
PRKAA1,3,4,2,ATG2B;S255;,0.034781099813878516
PRKAA1,3,4,2,KDM5C;S316;,0.0348745380682096
PRKAA1,3,4,2,RABGEF1;T142;,0.034251789423802845
PRKAA1,3,4,2,RPS6KB1;S404;,0.03476262830367149
PRKAA1,3,4,2,RAI14;T249;,0.03422591279408548
PRKAA1,3,4,2,EIF4B;S422;,0.03440319039118999
PRKAA1,3,5,1,AKAP1;S103;,0.033297384486520254
PRKAA1,3,5,1,LOC100910104;S532;,0.03336928990274179
PRKAA1,3,5,1,MTFR1L;S100;,0.033376462522238394
PRKAA1,3,5,1,TBC1D1;S231;,0.03382129739232909
PRKAA1,3,5,1,TRAK1;S905;,0.03361486541068852
PRKAA1,3,5,1,DMXL1;S574;,0.03233825209373888
PRKAA1,3,5,1,BAIAP2L1;S380;,0.03198548871156967
PRKAA1,3,5,1,ACACA;S79;,0.0334955995121869
PRKAA1,3,5,1,TBC1D1;S662;,0.03393222056289341
PRKAA1,3,5,1,SMCR8;S488;,0.03345157290035426
PRKAA1,3,5,1,RGD1310016;S1171;,0.032599515272135594
PRKAA1,3,5,1,RGD1311783;S45;,0.03382667960528302
PRKAA1,3,5,1,YAP1;S46;,0.0329019530059892
PRKAA1,3,5,1,MAP4;S902;,0.033542594775341945
PRKAA1,3,5,1,MAP4K4;S791;,0.03390812018167344
PRKAA1,3,5,1,ARFIP1;S39;,0.03376756722146818
PRKAA1,3,5,1,SRSF10;S131;,0.03275698085138608
PRKAA1,3,5,1,RIPK2;S412;,0.03319713028787786
PRKAA1,3,5,1,CHD8;S549;,0.0330169589404049
PRKAA1,3,5,1,SLC4A7;S263;,0.03390971834915685
PRKAA1,3,5,1,SLC2A13;S44;,0.03384854277836321
PRKAA1,3,5,1,BAD;S171;,0.032755779409141296
PRKAA1,3,5,1,GATAD2A;S96;,0.03353355491101966
PRKAA1,3,5,1,SMCR8;S486;,0.03366474214041831
PRKAA1,3,5,1,PPAN;S233;,0.03350362285923232
PRKAA1,3,5,1,SH3PXD2A;S368;,0.03364678618525503
PRKAA1,3,5,1,STIM1;S257;,0.03275375299175789
PRKAA1,3,5,1,DCLK1;S30;,0.03260413877801577
PRKAA1,3,5,1,MAP4K4;S794;,0.033733137096215185
PRKAA1,3,5,1,MTFR1L;S235;,0.03384629086460308
PRKAA1,3,5,2,ABL2;S799;,0.035035666866996336
PRKAA1,3,5,2,STK3;S385;,0.03509836136837105
PRKAA1,3,5,2,SRRM2;S2228;,0.03474394911964831
PRKAA1,3,5,2,RRP1B;T521;,0.03454829092718859
PRKAA1,3,5,2,LMO7;S1541;,0.03500487550742495
PRKAA1,3,5,2,PI4K2A;S50;,0.03453010471218946
PRKAA1,3,5,2,STK11IP;S443;,0.03488806790563634
PRKAA1,3,5,2,LRRFIP2;S18;,0.03507015566984952
PRKAA1,3,5,2,SIPA1L1;S1411;,0.001077563705391557
PRKAA1,3,5,2,DUSP27;S366;,0.03487779966821038
PRKAA1,3,5,2,PFKFB2;S469;,0.034528365791416944
PRKAA1,3,5,2,KPNA1;S2;,0.03472587851804916
PRKAA1,3,5,2,EEF2K;S365;,0.023806946857528283
PRKAA1,3,5,2,PRRC2B;S259;,0.03447926951664577
PRKAA1,3,5,2,AKT1S1;T247;,0.035139915609501575
PRKAA1,3,5,2,CAP2;S301;,0.034847801525620406
PRKAA1,3,5,2,SOX6;S399;,0.03477786378224237
PRKAA1,3,5,2,ZC3HC1;S343;,0.03466079677922717
PRKAA1,3,5,2,LOC100910646;S166;,0.035018484742943515
PRKAA1,3,5,2,LRRFIP2;T136;,0.0350010286629666
PRKAA1,3,5,2,DYNC1H1;S4365;,0.03502369349670826
PRKAA1,3,5,2,ZNRF2;S154;,0.034870929153638916
PRKAA1,3,5,2,TRIP12;T1454;,0.035139377955385895
PRKAA1,3,5,2,PTPN21;S599;,0.03482066869284057
PRKAA1,3,5,2,ATG2B;S255;,0.03491251531750841
PRKAA1,3,5,2,KDM5C;S316;,0.03499613705475704
PRKAA1,3,5,2,RABGEF1;T142;,0.0342750571840963
PRKAA1,3,5,2,RPS6KB1;S404;,0.03503943757343945
PRKAA1,3,5,2,RAI14;T249;,0.03444940682168409
PRKAA1,3,5,2,EIF4B;S422;,0.03461158951289288
PRKAA1,4,1,1,AKAP1;S103;,0.034511590462278995
PRKAA1,4,1,1,LOC100910104;S532;,0.03414359799601967
PRKAA1,4,1,1,MTFR1L;S100;,0.0341943138659214
PRKAA1,4,1,1,TBC1D1;S231;,0.03443901782161717
PRKAA1,4,1,1,TRAK1;S905;,0.034371250347719505
PRKAA1,4,1,1,DMXL1;S574;,0.03281431571109933
PRKAA1,4,1,1,BAIAP2L1;S380;,0.032813758177893185
PRKAA1,4,1,1,ACACA;S79;,0.03350011256570853
PRKAA1,4,1,1,TBC1D1;S662;,0.0346470470080817
PRKAA1,4,1,1,SMCR8;S488;,0.033097395507942926
PRKAA1,4,1,1,RGD1310016;S1171;,0.03307873324025893
PRKAA1,4,1,1,RGD1311783;S45;,0.034169672675815714
PRKAA1,4,1,1,YAP1;S46;,0.03361303091805256
PRKAA1,4,1,1,MAP4;S902;,0.03281197099080418
PRKAA1,4,1,1,MAP4K4;S791;,0.034422001656366455
PRKAA1,4,1,1,ARFIP1;S39;,0.03351667719762197
PRKAA1,4,1,1,SRSF10;S131;,0.0331675533384818
PRKAA1,4,1,1,RIPK2;S412;,0.032809966333629016
PRKAA1,4,1,1,CHD8;S549;,0.03326835806113687
PRKAA1,4,1,1,SLC4A7;S263;,0.03346469942927149
PRKAA1,4,1,1,SLC2A13;S44;,0.03397268979460234
PRKAA1,4,1,1,BAD;S171;,0.03320371635587117
PRKAA1,4,1,1,GATAD2A;S96;,0.03281221559024226
PRKAA1,4,1,1,SMCR8;S486;,0.033796736779797165
PRKAA1,4,1,1,PPAN;S233;,0.0330519728017994
PRKAA1,4,1,1,SH3PXD2A;S368;,0.032812973559745356
PRKAA1,4,1,1,STIM1;S257;,0.03086727850720237
PRKAA1,4,1,1,DCLK1;S30;,0.028929743219167612
PRKAA1,4,1,1,MAP4K4;S794;,0.03370344210105221
PRKAA1,4,1,1,MTFR1L;S235;,0.033994167984798804
PRKAA1,4,1,2,TSSC4;S190;,0.03638150271212224
PRKAA1,4,1,2,HUWE1;S3898;,0.03633479252230168
PRKAA1,4,1,2,HERC1;S1163;,0.03637568755797401
PRKAA1,4,1,2,HERC1;T1154;,0.03633279226940942
PRKAA1,4,1,2,PNISR;S290;,0.03655696615780341
PRKAA1,4,1,2,PRKAB1;S108;,0.004067217255660242
PRKAA1,4,1,2,MUSK;S689;,0.036449139702441666
PRKAA1,4,1,2,NACA;S942;,0.03633468613010722
PRKAA1,4,1,2,SZT2;S1641;,0.03651330637026017
PRKAA1,4,1,2,CDC42EP4;S140;,0.03641085885486714
PRKAA1,4,1,2,ADD1;S613;,0.03663069407881807
PRKAA1,4,1,2,MAPK1;Y185;,0.036333412679730816
PRKAA1,4,1,2,BCL9L;S21;,0.011086653491589073
PRKAA1,4,1,2,PHLDB1;S431;,0.03653545072374257
PRKAA1,4,1,2,NACA;S1125;,0.03633330070778016
PRKAA1,4,1,2,MLLT4;S246;,0.036450664011911015
PRKAA1,4,1,2,DOCK7;S2107;,0.036487244645320514
PRKAA1,4,1,2,ATXN2;S622;,0.03654560204527818
PRKAA1,4,1,2,FLNC;S2234;,0.03646149060838273
PRKAA1,4,1,2,SON;S94;,0.03648074778482819
PRKAA1,4,1,2,ARHGAP5;S1195;,0.03650668109667573
PRKAA1,4,1,2,VIM;S430;,0.009573855637470104
PRKAA1,4,1,2,FAM134C;S320;,0.027818315257735465
PRKAA1,4,1,2,UBA1;S13;,0.036452563834326
PRKAA1,4,1,2,AHNAK;S2060;,0.03646031884324427
PRKAA1,4,1,2,MAF1;S60;,0.03641154703769595
PRKAA1,4,1,2,PFKFB2;S469;,0.036333126389571174
PRKAA1,4,1,2,CIC;S1394;,0.03638903536943508
PRKAA1,4,1,2,DCAF6;S336;,0.03661929686831464
PRKAA1,4,1,2,TCF12;S583;,0.03633304935520306
PRKAA1,4,2,1,AKAP1;S103;,0.033129687527986486
PRKAA1,4,2,1,LOC100910104;S532;,0.033248721780697224
PRKAA1,4,2,1,MTFR1L;S100;,0.033448332940129666
PRKAA1,4,2,1,TBC1D1;S231;,0.03368519138603262
PRKAA1,4,2,1,TRAK1;S905;,0.03342224915808799
PRKAA1,4,2,1,DMXL1;S574;,0.03272414406247414
PRKAA1,4,2,1,BAIAP2L1;S380;,0.03272525076302866
PRKAA1,4,2,1,ACACA;S79;,0.03328295709114927
PRKAA1,4,2,1,TBC1D1;S662;,0.033823193552930474
PRKAA1,4,2,1,SMCR8;S488;,0.033453992101453736
PRKAA1,4,2,1,RGD1310016;S1171;,0.03291154628845589
PRKAA1,4,2,1,RGD1311783;S45;,0.03375401983927414
PRKAA1,4,2,1,YAP1;S46;,0.033332873331289495
PRKAA1,4,2,1,MAP4;S902;,0.03332491675131435
PRKAA1,4,2,1,MAP4K4;S791;,0.03377982979483373
PRKAA1,4,2,1,ARFIP1;S39;,0.033682478834229465
PRKAA1,4,2,1,SRSF10;S131;,0.032727424716510425
PRKAA1,4,2,1,RIPK2;S412;,0.033151161377789916
PRKAA1,4,2,1,CHD8;S549;,0.03287915692937317
PRKAA1,4,2,1,SLC4A7;S263;,0.033778833084072306
PRKAA1,4,2,1,SLC2A13;S44;,0.03369671639668745
PRKAA1,4,2,1,BAD;S171;,0.03300800761395875
PRKAA1,4,2,1,GATAD2A;S96;,0.03345901969161755
PRKAA1,4,2,1,SMCR8;S486;,0.03369414703008584
PRKAA1,4,2,1,PPAN;S233;,0.0333678128602907
PRKAA1,4,2,1,SH3PXD2A;S368;,0.03358671252922244
PRKAA1,4,2,1,STIM1;S257;,0.03272450403012796
PRKAA1,4,2,1,DCLK1;S30;,0.032724825582711135
PRKAA1,4,2,1,MAP4K4;S794;,0.03368673829054255
PRKAA1,4,2,1,MTFR1L;S235;,0.03378555466364253
PRKAA1,4,2,2,TSSC4;S190;,0.037764287441728536
PRKAA1,4,2,2,HUWE1;S3898;,0.03769670289029879
PRKAA1,4,2,2,HERC1;S1163;,0.03776420999387493
PRKAA1,4,2,2,HERC1;T1154;,0.03769751931462562
PRKAA1,4,2,2,PNISR;S290;,0.037858385136852066
PRKAA1,4,2,2,PRKAB1;S108;,0.001065008766390281
PRKAA1,4,2,2,MUSK;S689;,0.0377567375250791
PRKAA1,4,2,2,NACA;S942;,0.03769723057935646
PRKAA1,4,2,2,SZT2;S1641;,0.03785018672921661
PRKAA1,4,2,2,CDC42EP4;S140;,0.03775069865175877
PRKAA1,4,2,2,ADD1;S613;,0.037901480572903816
PRKAA1,4,2,2,MAPK1;Y185;,0.03769729123004609
PRKAA1,4,2,2,BCL9L;S21;,0.0019074035067806574
PRKAA1,4,2,2,PHLDB1;S431;,0.03783479304378943
PRKAA1,4,2,2,NACA;S1125;,0.0376625636543116
PRKAA1,4,2,2,MLLT4;S246;,0.03775070474209307
PRKAA1,4,2,2,DOCK7;S2107;,0.03780609984887583
PRKAA1,4,2,2,ATXN2;S622;,0.03785976481376509
PRKAA1,4,2,2,FLNC;S2234;,0.03782009472419665
PRKAA1,4,2,2,SON;S94;,0.03780271218829383
PRKAA1,4,2,2,ARHGAP5;S1195;,0.037757420784251094
PRKAA1,4,2,2,VIM;S430;,0.0023389814845063773
PRKAA1,4,2,2,FAM134C;S320;,0.012574622064962855
PRKAA1,4,2,2,UBA1;S13;,0.037790142088864005
PRKAA1,4,2,2,AHNAK;S2060;,0.037797479668133904
PRKAA1,4,2,2,MAF1;S60;,0.03776639047533384
PRKAA1,4,2,2,PFKFB2;S469;,0.03769821451381069
PRKAA1,4,2,2,CIC;S1394;,0.037719760684443895
PRKAA1,4,2,2,DCAF6;S336;,0.03791622945238618
PRKAA1,4,2,2,TCF12;S583;,0.037696883429069974
PRKAA1,4,3,1,AKAP1;S103;,0.03337919506410465
PRKAA1,4,3,1,LOC100910104;S532;,0.033282189400683254
PRKAA1,4,3,1,MTFR1L;S100;,0.03351479327818554
PRKAA1,4,3,1,TBC1D1;S231;,0.03372482271082761
PRKAA1,4,3,1,TRAK1;S905;,0.03356498960526981
PRKAA1,4,3,1,DMXL1;S574;,0.032598217186708016
PRKAA1,4,3,1,BAIAP2L1;S380;,0.03276103496407313
PRKAA1,4,3,1,ACACA;S79;,0.03341582853722639
PRKAA1,4,3,1,TBC1D1;S662;,0.033890153061103774
PRKAA1,4,3,1,SMCR8;S488;,0.03320498779223997
PRKAA1,4,3,1,RGD1310016;S1171;,0.03284878149847599
PRKAA1,4,3,1,RGD1311783;S45;,0.03368519968787936
PRKAA1,4,3,1,YAP1;S46;,0.03325576739182698
PRKAA1,4,3,1,MAP4;S902;,0.03332020098254792
PRKAA1,4,3,1,MAP4K4;S791;,0.03378539658982882
PRKAA1,4,3,1,ARFIP1;S39;,0.03365135812695831
PRKAA1,4,3,1,SRSF10;S131;,0.03287489063240703
PRKAA1,4,3,1,RIPK2;S412;,0.03301743063193455
PRKAA1,4,3,1,CHD8;S549;,0.03293503604447889
PRKAA1,4,3,1,SLC4A7;S263;,0.03375582643042015
PRKAA1,4,3,1,SLC2A13;S44;,0.033599615346630675
PRKAA1,4,3,1,BAD;S171;,0.032966720906318726
PRKAA1,4,3,1,GATAD2A;S96;,0.033481388161310945
PRKAA1,4,3,1,SMCR8;S486;,0.03367875370976285
PRKAA1,4,3,1,PPAN;S233;,0.0334250170901337
PRKAA1,4,3,1,SH3PXD2A;S368;,0.033407878347550546
PRKAA1,4,3,1,STIM1;S257;,0.03275951643938153
PRKAA1,4,3,1,DCLK1;S30;,0.03276032834002043
PRKAA1,4,3,1,MAP4K4;S794;,0.03367155453220803
PRKAA1,4,3,1,MTFR1L;S235;,0.03378312750950237
PRKAA1,4,3,2,TSSC4;S190;,0.037621838876226964
PRKAA1,4,3,2,HUWE1;S3898;,0.03749563345187383
PRKAA1,4,3,2,HERC1;S1163;,0.03762773822632136
PRKAA1,4,3,2,HERC1;T1154;,0.03748979717581308
PRKAA1,4,3,2,PNISR;S290;,0.03772335493360265
PRKAA1,4,3,2,PRKAB1;S108;,0.0013716283653044282
PRKAA1,4,3,2,MUSK;S689;,0.03760504860605116
PRKAA1,4,3,2,NACA;S942;,0.03749602344962967
PRKAA1,4,3,2,SZT2;S1641;,0.037746925328885225
PRKAA1,4,3,2,CDC42EP4;S140;,0.037637316670425955
PRKAA1,4,3,2,ADD1;S613;,0.03780536731207713
PRKAA1,4,3,2,MAPK1;Y185;,0.03262380362679641
PRKAA1,4,3,2,BCL9L;S21;,0.0024915587847422504
PRKAA1,4,3,2,PHLDB1;S431;,0.03773130577997743
PRKAA1,4,3,2,NACA;S1125;,0.03748736719301077
PRKAA1,4,3,2,MLLT4;S246;,0.03762722296882842
PRKAA1,4,3,2,DOCK7;S2107;,0.03769310053279534
PRKAA1,4,3,2,ATXN2;S622;,0.03779011526621946
PRKAA1,4,3,2,FLNC;S2234;,0.03769800853987081
PRKAA1,4,3,2,SON;S94;,0.03771435662186513
PRKAA1,4,3,2,ARHGAP5;S1195;,0.037681510952520196
PRKAA1,4,3,2,VIM;S430;,0.0029829679428895945
PRKAA1,4,3,2,FAM134C;S320;,0.01950188158012016
PRKAA1,4,3,2,UBA1;S13;,0.03765888051422893
PRKAA1,4,3,2,AHNAK;S2060;,0.03765837817482339
PRKAA1,4,3,2,MAF1;S60;,0.03764953423291437
PRKAA1,4,3,2,PFKFB2;S469;,0.03748709766054473
PRKAA1,4,3,2,CIC;S1394;,0.03755952605490077
PRKAA1,4,3,2,DCAF6;S336;,0.03785316376638189
PRKAA1,4,3,2,TCF12;S583;,0.03748954741035871
PRKAA1,4,4,1,AKAP1;S103;,0.03360091110442276
PRKAA1,4,4,1,LOC100910104;S532;,0.03358581439927098
PRKAA1,4,4,1,MTFR1L;S100;,0.0337056112387923
PRKAA1,4,4,1,TBC1D1;S231;,0.03373151320955221
PRKAA1,4,4,1,TRAK1;S905;,0.03373719765188825
PRKAA1,4,4,1,DMXL1;S574;,0.033178022106174355
PRKAA1,4,4,1,BAIAP2L1;S380;,0.032896722250198004
PRKAA1,4,4,1,ACACA;S79;,0.03342732521964606
PRKAA1,4,4,1,TBC1D1;S662;,0.033796909399214745
PRKAA1,4,4,1,SMCR8;S488;,0.033120402873250236
PRKAA1,4,4,1,RGD1310016;S1171;,0.03325915813372189
PRKAA1,4,4,1,RGD1311783;S45;,0.03365598373422773
PRKAA1,4,4,1,YAP1;S46;,0.03350057932085503
PRKAA1,4,4,1,MAP4;S902;,0.03348746348780366
PRKAA1,4,4,1,MAP4K4;S791;,0.03370094311038079
PRKAA1,4,4,1,ARFIP1;S39;,0.03359696543538802
PRKAA1,4,4,1,SRSF10;S131;,0.03325872948511373
PRKAA1,4,4,1,RIPK2;S412;,0.033570216926755006
PRKAA1,4,4,1,CHD8;S549;,0.033482910006624116
PRKAA1,4,4,1,SLC4A7;S263;,0.033659645219105756
PRKAA1,4,4,1,SLC2A13;S44;,0.0337796783310926
PRKAA1,4,4,1,BAD;S171;,0.03325931730399421
PRKAA1,4,4,1,GATAD2A;S96;,0.03255389704519595
PRKAA1,4,4,1,SMCR8;S486;,0.03339049239383469
PRKAA1,4,4,1,PPAN;S233;,0.033327504783916634
PRKAA1,4,4,1,SH3PXD2A;S368;,0.03370080878389191
PRKAA1,4,4,1,STIM1;S257;,0.03326044438131906
PRKAA1,4,4,1,DCLK1;S30;,0.02956881509850426
PRKAA1,4,4,1,MAP4K4;S794;,0.033457806644405036
PRKAA1,4,4,1,MTFR1L;S235;,0.03374821092146008
PRKAA1,4,4,2,TSSC4;S190;,0.03771069091468147
PRKAA1,4,4,2,HUWE1;S3898;,0.037637544715742745
PRKAA1,4,4,2,HERC1;S1163;,0.037719205606504456
PRKAA1,4,4,2,HERC1;T1154;,0.03760184147210846
PRKAA1,4,4,2,PNISR;S290;,0.037854587234484406
PRKAA1,4,4,2,PRKAB1;S108;,0.0010958521854485344
PRKAA1,4,4,2,MUSK;S689;,0.037620090534035644
PRKAA1,4,4,2,NACA;S942;,0.037606586369642085
PRKAA1,4,4,2,SZT2;S1641;,0.03781026631204554
PRKAA1,4,4,2,CDC42EP4;S140;,0.037715774164435584
PRKAA1,4,4,2,ADD1;S613;,0.037936961189253646
PRKAA1,4,4,2,MAPK1;Y185;,0.03760060766767014
PRKAA1,4,4,2,BCL9L;S21;,0.0033146283731891246
PRKAA1,4,4,2,PHLDB1;S431;,0.03780056051723335
PRKAA1,4,4,2,NACA;S1125;,0.03760058965308458
PRKAA1,4,4,2,MLLT4;S246;,0.037671181101319756
PRKAA1,4,4,2,DOCK7;S2107;,0.03773911193630212
PRKAA1,4,4,2,ATXN2;S622;,0.03787718185294733
PRKAA1,4,4,2,FLNC;S2234;,0.03776825869673602
PRKAA1,4,4,2,SON;S94;,0.03773704648209772
PRKAA1,4,4,2,ARHGAP5;S1195;,0.03762898363943657
PRKAA1,4,4,2,VIM;S430;,0.0017493434058694205
PRKAA1,4,4,2,FAM134C;S320;,0.01319993789423648
PRKAA1,4,4,2,UBA1;S13;,0.03772938177725523
PRKAA1,4,4,2,AHNAK;S2060;,0.03776403436953938
PRKAA1,4,4,2,MAF1;S60;,0.03774037980690292
PRKAA1,4,4,2,PFKFB2;S469;,0.03760050473163698
PRKAA1,4,4,2,CIC;S1394;,0.03760052824919637
PRKAA1,4,4,2,DCAF6;S336;,0.03796633377275931
PRKAA1,4,4,2,TCF12;S583;,0.037602005374204696
PRKAA1,4,5,1,AKAP1;S103;,0.03355133672765245
PRKAA1,4,5,1,LOC100910104;S532;,0.03355787274448783
PRKAA1,4,5,1,MTFR1L;S100;,0.03365239283591255
PRKAA1,4,5,1,TBC1D1;S231;,0.0337460085490379
PRKAA1,4,5,1,TRAK1;S905;,0.03382143561973531
PRKAA1,4,5,1,DMXL1;S574;,0.03307169702091504
PRKAA1,4,5,1,BAIAP2L1;S380;,0.03214632013396965
PRKAA1,4,5,1,ACACA;S79;,0.03327592912891872
PRKAA1,4,5,1,TBC1D1;S662;,0.03398049873262135
PRKAA1,4,5,1,SMCR8;S488;,0.03322788398591383
PRKAA1,4,5,1,RGD1310016;S1171;,0.033154592769876944
PRKAA1,4,5,1,RGD1311783;S45;,0.03365821992537069
PRKAA1,4,5,1,YAP1;S46;,0.03322648538495738
PRKAA1,4,5,1,MAP4;S902;,0.03311343770667312
PRKAA1,4,5,1,MAP4K4;S791;,0.0338952683871559
PRKAA1,4,5,1,ARFIP1;S39;,0.033419228284255885
PRKAA1,4,5,1,SRSF10;S131;,0.033115019736215605
PRKAA1,4,5,1,RIPK2;S412;,0.03331491016763801
PRKAA1,4,5,1,CHD8;S549;,0.033131092593935756
PRKAA1,4,5,1,SLC4A7;S263;,0.03377956125992703
PRKAA1,4,5,1,SLC2A13;S44;,0.03363689973336297
PRKAA1,4,5,1,BAD;S171;,0.033213834207749676
PRKAA1,4,5,1,GATAD2A;S96;,0.033665995207435295
PRKAA1,4,5,1,SMCR8;S486;,0.033308560183988
PRKAA1,4,5,1,PPAN;S233;,0.03311473913156085
PRKAA1,4,5,1,SH3PXD2A;S368;,0.03320036675656118
PRKAA1,4,5,1,STIM1;S257;,0.0318107755511134
PRKAA1,4,5,1,DCLK1;S30;,0.03266976629508149
PRKAA1,4,5,1,MAP4K4;S794;,0.03361221008764429
PRKAA1,4,5,1,MTFR1L;S235;,0.033927661150332106
PRKAA1,4,5,2,TSSC4;S190;,0.03720654003314041
PRKAA1,4,5,2,HUWE1;S3898;,0.03716074021572565
PRKAA1,4,5,2,HERC1;S1163;,0.03720309307319224
PRKAA1,4,5,2,HERC1;T1154;,0.03716376173018732
PRKAA1,4,5,2,PNISR;S290;,0.03738676209329457
PRKAA1,4,5,2,PRKAB1;S108;,0.0013213859416482225
PRKAA1,4,5,2,MUSK;S689;,0.03733543502126117
PRKAA1,4,5,2,NACA;S942;,0.037174432752311234
PRKAA1,4,5,2,SZT2;S1641;,0.037271361935100694
PRKAA1,4,5,2,CDC42EP4;S140;,0.037194379566676906
PRKAA1,4,5,2,ADD1;S613;,0.037494203642395314
PRKAA1,4,5,2,MAPK1;Y185;,0.037161954905416
PRKAA1,4,5,2,BCL9L;S21;,0.002365402540076438
PRKAA1,4,5,2,PHLDB1;S431;,0.03734244364921079
PRKAA1,4,5,2,NACA;S1125;,0.037161690035765894
PRKAA1,4,5,2,MLLT4;S246;,0.037222142813382826
PRKAA1,4,5,2,DOCK7;S2107;,0.03727928546456432
PRKAA1,4,5,2,ATXN2;S622;,0.037364796934780196
PRKAA1,4,5,2,FLNC;S2234;,0.03716162218777648
PRKAA1,4,5,2,SON;S94;,0.0373007338083517
PRKAA1,4,5,2,ARHGAP5;S1195;,0.03739926380359827
PRKAA1,4,5,2,VIM;S430;,0.0038211294224022147
PRKAA1,4,5,2,FAM134C;S320;,0.02458703729947358
PRKAA1,4,5,2,UBA1;S13;,0.03716197079397725
PRKAA1,4,5,2,AHNAK;S2060;,0.037332680142327525
PRKAA1,4,5,2,MAF1;S60;,0.03723908506902242
PRKAA1,4,5,2,PFKFB2;S469;,0.036615312286236094
PRKAA1,4,5,2,CIC;S1394;,0.0371612328247722
PRKAA1,4,5,2,DCAF6;S336;,0.03748566203757675
PRKAA1,4,5,2,TCF12;S583;,0.03692445797635531
PRKAA1,5,1,1,AKAP1;S103;,0.034291867875725066
PRKAA1,5,1,1,LOC100910104;S532;,0.034043017119028636
PRKAA1,5,1,1,MTFR1L;S100;,0.03399699126450685
PRKAA1,5,1,1,TBC1D1;S231;,0.034439641069386656
PRKAA1,5,1,1,TRAK1;S905;,0.034215236847601416
PRKAA1,5,1,1,DMXL1;S574;,0.03273920881392989
PRKAA1,5,1,1,BAIAP2L1;S380;,0.0327425103169062
PRKAA1,5,1,1,ACACA;S79;,0.033332097318324455
PRKAA1,5,1,1,TBC1D1;S662;,0.034477926100927696
PRKAA1,5,1,1,SMCR8;S488;,0.033605354182539224
PRKAA1,5,1,1,RGD1310016;S1171;,0.0328743886856063
PRKAA1,5,1,1,RGD1311783;S45;,0.03416109005422431
PRKAA1,5,1,1,YAP1;S46;,0.03340517001829574
PRKAA1,5,1,1,MAP4;S902;,0.03273861584728501
PRKAA1,5,1,1,MAP4K4;S791;,0.034261553277870976
PRKAA1,5,1,1,ARFIP1;S39;,0.033947168455411514
PRKAA1,5,1,1,SRSF10;S131;,0.03273810390502147
PRKAA1,5,1,1,RIPK2;S412;,0.03274309181067125
PRKAA1,5,1,1,CHD8;S549;,0.03273887280276314
PRKAA1,5,1,1,SLC4A7;S263;,0.033562189116765985
PRKAA1,5,1,1,SLC2A13;S44;,0.03368231553889721
PRKAA1,5,1,1,BAD;S171;,0.03297488517931678
PRKAA1,5,1,1,GATAD2A;S96;,0.03313701966949162
PRKAA1,5,1,1,SMCR8;S486;,0.03361943352932828
PRKAA1,5,1,1,PPAN;S233;,0.032742633503159424
PRKAA1,5,1,1,SH3PXD2A;S368;,0.032737575257233684
PRKAA1,5,1,1,STIM1;S257;,0.030766324621214824
PRKAA1,5,1,1,DCLK1;S30;,0.03219130253145443
PRKAA1,5,1,1,MAP4K4;S794;,0.03333768794468172
PRKAA1,5,1,1,MTFR1L;S235;,0.033756727342430126
PRKAA1,5,1,2,NCOR2;S1747;,0.03625647552908571
PRKAA1,5,1,2,NES;S784;,0.00892348808696518
PRKAA1,5,1,2,PDAP1;S178;,0.03632508341502029
PRKAA1,5,1,2,KDM5C;S316;,0.03629597524728173
PRKAA1,5,1,2,FLNC;S2234;,0.03620069665175451
PRKAA1,5,1,2,HOMER3;S158;,0.03599818515156312
PRKAA1,5,1,2,GSK3A;S41;,0.0365968186360713
PRKAA1,5,1,2,SOS1;S1120;,0.03598142818440681
PRKAA1,5,1,2,AKAP9;S3669;,0.036461052826746845
PRKAA1,5,1,2,PPAN;S240;,0.005254555644802914
PRKAA1,5,1,2,AHNAK;S3915;,0.03660236855684939
PRKAA1,5,1,2,MAP1A;T504;,0.036188663698261556
PRKAA1,5,1,2,WNK1;S165;,0.03636904837632078
PRKAA1,5,1,2,RPS6KB1;S404;,0.03641559104188939
PRKAA1,5,1,2,DOCK7;S1361;,0.03585681956980655
PRKAA1,5,1,2,ARHGEF5;S721;,0.03656964044884462
PRKAA1,5,1,2,MTFR1L;S234;,0.0052537289700771185
PRKAA1,5,1,2,IREB2;S178;,0.03665280502859211
PRKAA1,5,1,2,PEX1;S1209;,0.03635328628412527
PRKAA1,5,1,2,FLNC;S2147;,0.0364680228565557
PRKAA1,5,1,2,GIGYF1;S28;,0.036077681901020266
PRKAA1,5,1,2,GYS1;S728;,0.035981480072082635
PRKAA1,5,1,2,ABLIM3;S566;,0.03659744494464714
PRKAA1,5,1,2,NACA;S1345;,0.03633040699969771
PRKAA1,5,1,2,PDXDC1;T554;,0.03598018390865649
PRKAA1,5,1,2,MYBBP1A;S1283;,0.03627261972860919
PRKAA1,5,1,2,RFX7;S1177;,0.03630565504348826
PRKAA1,5,1,2,DBNDD1;S123;,0.0364075356612171
PRKAA1,5,1,2,TJP2;S147;,0.036601853971377996
PRKAA1,5,1,2,ARFGAP2;S145;,0.036421403564182345
PRKAA1,5,2,1,AKAP1;S103;,0.033462771193804385
PRKAA1,5,2,1,LOC100910104;S532;,0.03347553470292318
PRKAA1,5,2,1,MTFR1L;S100;,0.033538247555428544
PRKAA1,5,2,1,TBC1D1;S231;,0.03360299340725232
PRKAA1,5,2,1,TRAK1;S905;,0.03354108882729598
PRKAA1,5,2,1,DMXL1;S574;,0.03305629138937079
PRKAA1,5,2,1,BAIAP2L1;S380;,0.03305891734654214
PRKAA1,5,2,1,ACACA;S79;,0.03323176940763201
PRKAA1,5,2,1,TBC1D1;S662;,0.03370378864261101
PRKAA1,5,2,1,SMCR8;S488;,0.0333059878235737
PRKAA1,5,2,1,RGD1310016;S1171;,0.033069986274785815
PRKAA1,5,2,1,RGD1311783;S45;,0.03367996815673928
PRKAA1,5,2,1,YAP1;S46;,0.0334561227419407
PRKAA1,5,2,1,MAP4;S902;,0.03336641063998416
PRKAA1,5,2,1,MAP4K4;S791;,0.033681914004315555
PRKAA1,5,2,1,ARFIP1;S39;,0.033569695030018845
PRKAA1,5,2,1,SRSF10;S131;,0.0331181104455265
PRKAA1,5,2,1,RIPK2;S412;,0.03341438803219442
PRKAA1,5,2,1,CHD8;S549;,0.03334781680424423
PRKAA1,5,2,1,SLC4A7;S263;,0.033598392029548604
PRKAA1,5,2,1,SLC2A13;S44;,0.033717467225548574
PRKAA1,5,2,1,BAD;S171;,0.033101929850267144
PRKAA1,5,2,1,GATAD2A;S96;,0.03305629137275195
PRKAA1,5,2,1,SMCR8;S486;,0.03357671773687715
PRKAA1,5,2,1,PPAN;S233;,0.033280852414220546
PRKAA1,5,2,1,SH3PXD2A;S368;,0.03362316447334311
PRKAA1,5,2,1,STIM1;S257;,0.03305937928722974
PRKAA1,5,2,1,DCLK1;S30;,0.03112354443482048
PRKAA1,5,2,1,MAP4K4;S794;,0.033519403735632204
PRKAA1,5,2,1,MTFR1L;S235;,0.03366105501357676
PRKAA1,5,2,2,NCOR2;S1747;,0.03698817102117593
PRKAA1,5,2,2,NES;S784;,0.001531658120946424
PRKAA1,5,2,2,PDAP1;S178;,0.03669504062085388
PRKAA1,5,2,2,KDM5C;S316;,0.03677842557979663
PRKAA1,5,2,2,FLNC;S2234;,0.036902175530408816
PRKAA1,5,2,2,HOMER3;S158;,0.036694780152467986
PRKAA1,5,2,2,GSK3A;S41;,0.03719798025008009
PRKAA1,5,2,2,SOS1;S1120;,0.03669350056497597
PRKAA1,5,2,2,AKAP9;S3669;,0.03707160182120293
PRKAA1,5,2,2,PPAN;S240;,0.0008795628692777987
PRKAA1,5,2,2,AHNAK;S3915;,0.03720321243521807
PRKAA1,5,2,2,MAP1A;T504;,0.03691758199297385
PRKAA1,5,2,2,WNK1;S165;,0.037009002791213365
PRKAA1,5,2,2,RPS6KB1;S404;,0.03699238326781678
PRKAA1,5,2,2,DOCK7;S1361;,0.03544669743450231
PRKAA1,5,2,2,ARHGEF5;S721;,0.037178311974085596
PRKAA1,5,2,2,MTFR1L;S234;,0.0009575209673655497
PRKAA1,5,2,2,IREB2;S178;,0.03730150570705556
PRKAA1,5,2,2,PEX1;S1209;,0.03705208912319316
PRKAA1,5,2,2,FLNC;S2147;,0.037114108952702146
PRKAA1,5,2,2,GIGYF1;S28;,0.0367331736809007
PRKAA1,5,2,2,GYS1;S728;,0.03669684968350394
PRKAA1,5,2,2,ABLIM3;S566;,0.03723076262411988
PRKAA1,5,2,2,NACA;S1345;,0.03687912280035754
PRKAA1,5,2,2,PDXDC1;T554;,0.036693668003443924
PRKAA1,5,2,2,MYBBP1A;S1283;,0.03694102883656138
PRKAA1,5,2,2,RFX7;S1177;,0.03699222943191214
PRKAA1,5,2,2,DBNDD1;S123;,0.03704401451590739
PRKAA1,5,2,2,TJP2;S147;,0.0371156865384151
PRKAA1,5,2,2,ARFGAP2;S145;,0.03706815270756508
PRKAA1,5,3,1,AKAP1;S103;,0.03314752499246411
PRKAA1,5,3,1,LOC100910104;S532;,0.03326013945261026
PRKAA1,5,3,1,MTFR1L;S100;,0.0334018309357653
PRKAA1,5,3,1,TBC1D1;S231;,0.03355322647973555
PRKAA1,5,3,1,TRAK1;S905;,0.033382808987728815
PRKAA1,5,3,1,DMXL1;S574;,0.03305278419941387
PRKAA1,5,3,1,BAIAP2L1;S380;,0.03277187323007136
PRKAA1,5,3,1,ACACA;S79;,0.03322460189879151
PRKAA1,5,3,1,TBC1D1;S662;,0.033648043009077595
PRKAA1,5,3,1,SMCR8;S488;,0.03342682067351971
PRKAA1,5,3,1,RGD1310016;S1171;,0.033052690894721126
PRKAA1,5,3,1,RGD1311783;S45;,0.033603590906156444
PRKAA1,5,3,1,YAP1;S46;,0.03330527876386549
PRKAA1,5,3,1,MAP4;S902;,0.033333878453419244
PRKAA1,5,3,1,MAP4K4;S791;,0.03364753474836844
PRKAA1,5,3,1,ARFIP1;S39;,0.033563574178949694
PRKAA1,5,3,1,SRSF10;S131;,0.03283730946753002
PRKAA1,5,3,1,RIPK2;S412;,0.03331164448110298
PRKAA1,5,3,1,CHD8;S549;,0.033053612265913204
PRKAA1,5,3,1,SLC4A7;S263;,0.03363473929985015
PRKAA1,5,3,1,SLC2A13;S44;,0.03362973778679603
PRKAA1,5,3,1,BAD;S171;,0.03315189799843828
PRKAA1,5,3,1,GATAD2A;S96;,0.03341320370082069
PRKAA1,5,3,1,SMCR8;S486;,0.0335254057621216
PRKAA1,5,3,1,PPAN;S233;,0.03327448937179911
PRKAA1,5,3,1,SH3PXD2A;S368;,0.033564339325454225
PRKAA1,5,3,1,STIM1;S257;,0.0330554420405703
PRKAA1,5,3,1,DCLK1;S30;,0.033054415536904205
PRKAA1,5,3,1,MAP4K4;S794;,0.03348904474077226
PRKAA1,5,3,1,MTFR1L;S235;,0.033628516417268536
PRKAA1,5,3,2,NCOR2;S1747;,0.037289623851205454
PRKAA1,5,3,2,NES;S784;,0.0014329769130759183
PRKAA1,5,3,2,PDAP1;S178;,0.036995747552174885
PRKAA1,5,3,2,KDM5C;S316;,0.03678579524161053
PRKAA1,5,3,2,FLNC;S2234;,0.03714495043121777
PRKAA1,5,3,2,HOMER3;S158;,0.03628714923573589
PRKAA1,5,3,2,GSK3A;S41;,0.03740997512727099
PRKAA1,5,3,2,SOS1;S1120;,0.036995733939117974
PRKAA1,5,3,2,AKAP9;S3669;,0.03699436327986127
PRKAA1,5,3,2,PPAN;S240;,0.0008286210576085006
PRKAA1,5,3,2,AHNAK;S3915;,0.03708895866602432
PRKAA1,5,3,2,MAP1A;T504;,0.03567673362193118
PRKAA1,5,3,2,WNK1;S165;,0.03702310033893904
PRKAA1,5,3,2,RPS6KB1;S404;,0.03728596105440981
PRKAA1,5,3,2,DOCK7;S1361;,0.03510713740375061
PRKAA1,5,3,2,ARHGEF5;S721;,0.03745892634786484
PRKAA1,5,3,2,MTFR1L;S234;,0.0008953128290283175
PRKAA1,5,3,2,IREB2;S178;,0.03743676262881369
PRKAA1,5,3,2,PEX1;S1209;,0.03731737219788481
PRKAA1,5,3,2,FLNC;S2147;,0.03748974769237753
PRKAA1,5,3,2,GIGYF1;S28;,0.037039785448850934
PRKAA1,5,3,2,GYS1;S728;,0.036996708187734
PRKAA1,5,3,2,ABLIM3;S566;,0.03735993277083669
PRKAA1,5,3,2,NACA;S1345;,0.03713594241335518
PRKAA1,5,3,2,PDXDC1;T554;,0.03419990690646585
PRKAA1,5,3,2,MYBBP1A;S1283;,0.03712543084520561
PRKAA1,5,3,2,RFX7;S1177;,0.03718140753884222
PRKAA1,5,3,2,DBNDD1;S123;,0.03733142604952849
PRKAA1,5,3,2,TJP2;S147;,0.03742417677120039
PRKAA1,5,3,2,ARFGAP2;S145;,0.03726033365807739
PRKAA1,5,4,1,AKAP1;S103;,0.033226104314050875
PRKAA1,5,4,1,LOC100910104;S532;,0.033288782128506875
PRKAA1,5,4,1,MTFR1L;S100;,0.03340870827830247
PRKAA1,5,4,1,TBC1D1;S231;,0.03357117481611856
PRKAA1,5,4,1,TRAK1;S905;,0.033411486114419374
PRKAA1,5,4,1,DMXL1;S574;,0.032922924196836977
PRKAA1,5,4,1,BAIAP2L1;S380;,0.032922844762032
PRKAA1,5,4,1,ACACA;S79;,0.03320284347020581
PRKAA1,5,4,1,TBC1D1;S662;,0.033672458546985196
PRKAA1,5,4,1,SMCR8;S488;,0.033434226318511104
PRKAA1,5,4,1,RGD1310016;S1171;,0.032987553800908495
PRKAA1,5,4,1,RGD1311783;S45;,0.03364701779071034
PRKAA1,5,4,1,YAP1;S46;,0.03337336405441568
PRKAA1,5,4,1,MAP4;S902;,0.033286175688437156
PRKAA1,5,4,1,MAP4K4;S791;,0.03365684910322304
PRKAA1,5,4,1,ARFIP1;S39;,0.03357888991469021
PRKAA1,5,4,1,SRSF10;S131;,0.03292299058476218
PRKAA1,5,4,1,RIPK2;S412;,0.033262595706996106
PRKAA1,5,4,1,CHD8;S549;,0.03306399996870679
PRKAA1,5,4,1,SLC4A7;S263;,0.033608441625152335
PRKAA1,5,4,1,SLC2A13;S44;,0.03362409756442533
PRKAA1,5,4,1,BAD;S171;,0.03308065377546287
PRKAA1,5,4,1,GATAD2A;S96;,0.033363951166706256
PRKAA1,5,4,1,SMCR8;S486;,0.03362571217417612
PRKAA1,5,4,1,PPAN;S233;,0.03327822862884409
PRKAA1,5,4,1,SH3PXD2A;S368;,0.033546689419177156
PRKAA1,5,4,1,STIM1;S257;,0.03292139609504272
PRKAA1,5,4,1,DCLK1;S30;,0.032925517799099344
PRKAA1,5,4,1,MAP4K4;S794;,0.033552109289421886
PRKAA1,5,4,1,MTFR1L;S235;,0.033632212903672604
PRKAA1,5,4,2,NCOR2;S1747;,0.037045704449206164
PRKAA1,5,4,2,NES;S784;,0.0015443512802701172
PRKAA1,5,4,2,PDAP1;S178;,0.036597769986480684
PRKAA1,5,4,2,KDM5C;S316;,0.03689602359839517
PRKAA1,5,4,2,FLNC;S2234;,0.03700523407768336
PRKAA1,5,4,2,HOMER3;S158;,0.036827077972106964
PRKAA1,5,4,2,GSK3A;S41;,0.037166657414940914
PRKAA1,5,4,2,SOS1;S1120;,0.03682632500198037
PRKAA1,5,4,2,AKAP9;S3669;,0.03702755786412846
PRKAA1,5,4,2,PPAN;S240;,0.0008149336211698174
PRKAA1,5,4,2,AHNAK;S3915;,0.03709971896585599
PRKAA1,5,4,2,MAP1A;T504;,0.03682774671277562
PRKAA1,5,4,2,WNK1;S165;,0.03709305606936925
PRKAA1,5,4,2,RPS6KB1;S404;,0.03701854652346053
PRKAA1,5,4,2,DOCK7;S1361;,0.03531430512143944
PRKAA1,5,4,2,ARHGEF5;S721;,0.03714240802510491
PRKAA1,5,4,2,MTFR1L;S234;,0.000896263288234426
PRKAA1,5,4,2,IREB2;S178;,0.037291952698757055
PRKAA1,5,4,2,PEX1;S1209;,0.03714132342923217
PRKAA1,5,4,2,FLNC;S2147;,0.037125831084225076
PRKAA1,5,4,2,GIGYF1;S28;,0.03682794115496322
PRKAA1,5,4,2,GYS1;S728;,0.03682903655693918
PRKAA1,5,4,2,ABLIM3;S566;,0.03720673691724642
PRKAA1,5,4,2,NACA;S1345;,0.0368905197394855
PRKAA1,5,4,2,PDXDC1;T554;,0.036252874139935054
PRKAA1,5,4,2,MYBBP1A;S1283;,0.03696133251800916
PRKAA1,5,4,2,RFX7;S1177;,0.037058829915106166
PRKAA1,5,4,2,DBNDD1;S123;,0.03712011737569149
PRKAA1,5,4,2,TJP2;S147;,0.03707905646204543
PRKAA1,5,4,2,ARFGAP2;S145;,0.037070768035761995
PRKAA1,5,5,1,AKAP1;S103;,0.033134080979064985
PRKAA1,5,5,1,LOC100910104;S532;,0.03315751814257862
PRKAA1,5,5,1,MTFR1L;S100;,0.03340315592731471
PRKAA1,5,5,1,TBC1D1;S231;,0.03366464499070656
PRKAA1,5,5,1,TRAK1;S905;,0.0334131046982096
PRKAA1,5,5,1,DMXL1;S574;,0.03260922110032452
PRKAA1,5,5,1,BAIAP2L1;S380;,0.032339240447642366
PRKAA1,5,5,1,ACACA;S79;,0.03338580798459699
PRKAA1,5,5,1,TBC1D1;S662;,0.03375174146382299
PRKAA1,5,5,1,SMCR8;S488;,0.03332325200270304
PRKAA1,5,5,1,RGD1310016;S1171;,0.03263653462398487
PRKAA1,5,5,1,RGD1311783;S45;,0.033664752524258434
PRKAA1,5,5,1,YAP1;S46;,0.033157982815705714
PRKAA1,5,5,1,MAP4;S902;,0.03345916059916294
PRKAA1,5,5,1,MAP4K4;S791;,0.03374646252871948
PRKAA1,5,5,1,ARFIP1;S39;,0.03363483776688459
PRKAA1,5,5,1,SRSF10;S131;,0.03299049283392981
PRKAA1,5,5,1,RIPK2;S412;,0.03336425845180894
PRKAA1,5,5,1,CHD8;S549;,0.03311338209162866
PRKAA1,5,5,1,SLC4A7;S263;,0.03378416273980903
PRKAA1,5,5,1,SLC2A13;S44;,0.03372126959876446
PRKAA1,5,5,1,BAD;S171;,0.03298969391874646
PRKAA1,5,5,1,GATAD2A;S96;,0.0335276136517047
PRKAA1,5,5,1,SMCR8;S486;,0.03360367013650492
PRKAA1,5,5,1,PPAN;S233;,0.03343099625274273
PRKAA1,5,5,1,SH3PXD2A;S368;,0.033615954902800484
PRKAA1,5,5,1,STIM1;S257;,0.03298971267234891
PRKAA1,5,5,1,DCLK1;S30;,0.03299177603326314
PRKAA1,5,5,1,MAP4K4;S794;,0.03365598543721845
PRKAA1,5,5,1,MTFR1L;S235;,0.033739532683048905
PRKAA1,5,5,2,NCOR2;S1747;,0.03679855577396928
PRKAA1,5,5,2,NES;S784;,0.001553128010286657
PRKAA1,5,5,2,PDAP1;S178;,0.03698427365715084
PRKAA1,5,5,2,KDM5C;S316;,0.03692190100570472
PRKAA1,5,5,2,FLNC;S2234;,0.03659999648294182
PRKAA1,5,5,2,HOMER3;S158;,0.03668535179401342
PRKAA1,5,5,2,GSK3A;S41;,0.037221225487757754
PRKAA1,5,5,2,SOS1;S1120;,0.03620080769887086
PRKAA1,5,5,2,AKAP9;S3669;,0.0371331365895101
PRKAA1,5,5,2,PPAN;S240;,0.0009304724452152374
PRKAA1,5,5,2,AHNAK;S3915;,0.037253214283830494
PRKAA1,5,5,2,MAP1A;T504;,0.03686123315146132
PRKAA1,5,5,2,WNK1;S165;,0.03699063357097188
PRKAA1,5,5,2,RPS6KB1;S404;,0.03705764756987575
PRKAA1,5,5,2,DOCK7;S1361;,0.036601737629860485
PRKAA1,5,5,2,ARHGEF5;S721;,0.037174456072022175
PRKAA1,5,5,2,MTFR1L;S234;,0.0008920815445739832
PRKAA1,5,5,2,IREB2;S178;,0.037283556382813395
PRKAA1,5,5,2,PEX1;S1209;,0.0369019481287117
PRKAA1,5,5,2,FLNC;S2147;,0.037044258596462584
PRKAA1,5,5,2,GIGYF1;S28;,0.036689298380637315
PRKAA1,5,5,2,GYS1;S728;,0.036600664764923636
PRKAA1,5,5,2,ABLIM3;S566;,0.03723364004195507
PRKAA1,5,5,2,NACA;S1345;,0.0369360106366258
PRKAA1,5,5,2,PDXDC1;T554;,0.03659913467220347
PRKAA1,5,5,2,MYBBP1A;S1283;,0.03688455160658763
PRKAA1,5,5,2,RFX7;S1177;,0.03679946838889949
PRKAA1,5,5,2,DBNDD1;S123;,0.036895690175663014
PRKAA1,5,5,2,TJP2;S147;,0.037229699954515166
PRKAA1,5,5,2,ARFGAP2;S145;,0.037042225501985035
PRKAA1,6,1,1,AKAP1;S103;,0.03516825948399429
PRKAA1,6,1,1,LOC100910104;S532;,0.03501202692372082
PRKAA1,6,1,1,MTFR1L;S100;,0.03406930369240589
PRKAA1,6,1,1,TBC1D1;S231;,0.03455546102599598
PRKAA1,6,1,1,TRAK1;S905;,0.0350679405851507
PRKAA1,6,1,1,DMXL1;S574;,0.0328856762976373
PRKAA1,6,1,1,BAIAP2L1;S380;,0.03279034025507814
PRKAA1,6,1,1,ACACA;S79;,0.03336314014658398
PRKAA1,6,1,1,TBC1D1;S662;,0.035093326504437077
PRKAA1,6,1,1,SMCR8;S488;,0.03290130523283166
PRKAA1,6,1,1,RGD1310016;S1171;,0.0330923767705681
PRKAA1,6,1,1,RGD1311783;S45;,0.034664757566725164
PRKAA1,6,1,1,YAP1;S46;,0.03326184262938636
PRKAA1,6,1,1,MAP4;S902;,0.032905751999482265
PRKAA1,6,1,1,MAP4K4;S791;,0.03509110383409392
PRKAA1,6,1,1,ARFIP1;S39;,0.033759572913744235
PRKAA1,6,1,1,SRSF10;S131;,0.03372767053289721
PRKAA1,6,1,1,RIPK2;S412;,0.03290067675981715
PRKAA1,6,1,1,CHD8;S549;,0.03418608185726348
PRKAA1,6,1,1,SLC4A7;S263;,0.03361979071192478
PRKAA1,6,1,1,SLC2A13;S44;,0.03457141423520908
PRKAA1,6,1,1,BAD;S171;,0.032902008527528205
PRKAA1,6,1,1,GATAD2A;S96;,0.03290403458828949
PRKAA1,6,1,1,SMCR8;S486;,0.033946495656760285
PRKAA1,6,1,1,PPAN;S233;,0.03304848511258734
PRKAA1,6,1,1,SH3PXD2A;S368;,0.0329069259193021
PRKAA1,6,1,1,STIM1;S257;,0.02879640063707309
PRKAA1,6,1,1,DCLK1;S30;,0.024604499892126507
PRKAA1,6,1,1,MAP4K4;S794;,0.03423984252163171
PRKAA1,6,1,1,MTFR1L;S235;,0.03396348718575369
PRKAA1,6,1,2,MAP1B;T1781;,0.03613206946122664
PRKAA1,6,1,2,FRMD8;S21;,0.036516707845393584
PRKAA1,6,1,2,NFIX;S265;,0.036542146708963226
PRKAA1,6,1,2,MEF2C;S226;,0.03676611611585768
PRKAA1,6,1,2,SOS1;S1120;,0.0363007080779916
PRKAA1,6,1,2,ATG2A;S1246;,0.03659480523013402
PRKAA1,6,1,2,HERC1;T1154;,0.036708917091237185
PRKAA1,6,1,2,ULK1;T659;,0.013716651514927455
PRKAA1,6,1,2,VIM;S420;,0.0074746183613554566
PRKAA1,6,1,2,NCAPH;S24;,0.03662283544902517
PRKAA1,6,1,2,BAZ2A;S1388;,0.036528057196914904
PRKAA1,6,1,2,FLNC;S2234;,0.03636478035414927
PRKAA1,6,1,2,GIGYF1;S28;,0.03636342179107465
PRKAA1,6,1,2,SBF1;S1141;,0.02917282458699502
PRKAA1,6,1,2,AKAP11;S1090;,0.032736178469386264
PRKAA1,6,1,2,NACA;S1454;,0.036374046981811195
PRKAA1,6,1,2,ULK1;S637;,0.004775241973266251
PRKAA1,6,1,2,SVIL;S1177;,0.036667286509651516
PRKAA1,6,1,2,DAB2IP;S802;,0.03660026807774894
PRKAA1,6,1,2,DUSP27;S427;,0.03659649316300232
PRKAA1,6,1,2,NEXN;S280;,0.03675443699661266
PRKAA1,6,1,2,GATAD2B;S338;,0.036450336815297295
PRKAA1,6,1,2,ADD1;T614;,0.036560740950442906
PRKAA1,6,1,2,ZFP295;S411;,0.03629961940500107
PRKAA1,6,1,2,RFX7;S1177;,0.036411025877230635
PRKAA1,6,1,2,MACF1;S5293;,0.03650356910166433
PRKAA1,6,1,2,LOC100365259;S393;,0.03640005627954069
PRKAA1,6,1,2,RUFY1;S50;,0.0364647630838934
PRKAA1,6,1,2,GAB2;S143;,0.036300190072389264
PRKAA1,6,1,2,FHOD1;S523;,0.0363010864578155
PRKAA1,6,2,1,AKAP1;S103;,0.03493269925061322
PRKAA1,6,2,1,LOC100910104;S532;,0.03472599134843634
PRKAA1,6,2,1,MTFR1L;S100;,0.033863293064354844
PRKAA1,6,2,1,TBC1D1;S231;,0.03442481399601332
PRKAA1,6,2,1,TRAK1;S905;,0.034807839336833395
PRKAA1,6,2,1,DMXL1;S574;,0.033321453661270484
PRKAA1,6,2,1,BAIAP2L1;S380;,0.03332359162081269
PRKAA1,6,2,1,ACACA;S79;,0.033828429482747516
PRKAA1,6,2,1,TBC1D1;S662;,0.034726728191303256
PRKAA1,6,2,1,SMCR8;S488;,0.03332455761719092
PRKAA1,6,2,1,RGD1310016;S1171;,0.033321452741749226
PRKAA1,6,2,1,RGD1311783;S45;,0.034601729187521954
PRKAA1,6,2,1,YAP1;S46;,0.033912214022048255
PRKAA1,6,2,1,MAP4;S902;,0.03329698619023069
PRKAA1,6,2,1,MAP4K4;S791;,0.034773834950018685
PRKAA1,6,2,1,ARFIP1;S39;,0.0338130724315736
PRKAA1,6,2,1,SRSF10;S131;,0.03450841770424619
PRKAA1,6,2,1,RIPK2;S412;,0.03398344763894798
PRKAA1,6,2,1,CHD8;S549;,0.03455610603990297
PRKAA1,6,2,1,SLC4A7;S263;,0.03327440470864927
PRKAA1,6,2,1,SLC2A13;S44;,0.0345457452760959
PRKAA1,6,2,1,BAD;S171;,0.03278654682473193
PRKAA1,6,2,1,GATAD2A;S96;,0.03131517963968737
PRKAA1,6,2,1,SMCR8;S486;,0.03402243307723428
PRKAA1,6,2,1,PPAN;S233;,0.0333656971740835
PRKAA1,6,2,1,SH3PXD2A;S368;,0.033321689543892925
PRKAA1,6,2,1,STIM1;S257;,0.030902048131952357
PRKAA1,6,2,1,DCLK1;S30;,0.019562124440062615
PRKAA1,6,2,1,MAP4K4;S794;,0.03455802110663272
PRKAA1,6,2,1,MTFR1L;S235;,0.03429945160116162
PRKAA1,6,2,2,MAP1B;T1781;,0.03687046352179286
PRKAA1,6,2,2,FRMD8;S21;,0.036586113404850996
PRKAA1,6,2,2,NFIX;S265;,0.03658513462913041
PRKAA1,6,2,2,MEF2C;S226;,0.037139525582273084
PRKAA1,6,2,2,SOS1;S1120;,0.035937541286865514
PRKAA1,6,2,2,ATG2A;S1246;,0.036740237426044764
PRKAA1,6,2,2,HERC1;T1154;,0.03698307003159552
PRKAA1,6,2,2,ULK1;T659;,0.009395923023826242
PRKAA1,6,2,2,VIM;S420;,0.003394992552717848
PRKAA1,6,2,2,NCAPH;S24;,0.03675376451686775
PRKAA1,6,2,2,BAZ2A;S1388;,0.036591057466689676
PRKAA1,6,2,2,FLNC;S2234;,0.03609718092362802
PRKAA1,6,2,2,GIGYF1;S28;,0.03625859794157088
PRKAA1,6,2,2,SBF1;S1141;,0.034027467835357435
PRKAA1,6,2,2,AKAP11;S1090;,0.03631617337827888
PRKAA1,6,2,2,NACA;S1454;,0.0363467329448504
PRKAA1,6,2,2,ULK1;S637;,0.0022178970727956245
PRKAA1,6,2,2,SVIL;S1177;,0.03688504433140323
PRKAA1,6,2,2,DAB2IP;S802;,0.03674105887454386
PRKAA1,6,2,2,DUSP27;S427;,0.03675960347595378
PRKAA1,6,2,2,NEXN;S280;,0.03734016273616952
PRKAA1,6,2,2,GATAD2B;S338;,0.03651497578325412
PRKAA1,6,2,2,ADD1;T614;,0.036439883380977534
PRKAA1,6,2,2,ZFP295;S411;,0.035934083921312726
PRKAA1,6,2,2,RFX7;S1177;,0.03631582223299169
PRKAA1,6,2,2,MACF1;S5293;,0.036559575294418244
PRKAA1,6,2,2,LOC100365259;S393;,0.03730214386269082
PRKAA1,6,2,2,RUFY1;S50;,0.03658242318203825
PRKAA1,6,2,2,GAB2;S143;,0.03631405949596558
PRKAA1,6,2,2,FHOD1;S523;,0.03606928988914472
PRKAA1,6,3,1,AKAP1;S103;,0.034327058086544494
PRKAA1,6,3,1,LOC100910104;S532;,0.03400372878258043
PRKAA1,6,3,1,MTFR1L;S100;,0.0337902717252615
PRKAA1,6,3,1,TBC1D1;S231;,0.034063445433072416
PRKAA1,6,3,1,TRAK1;S905;,0.03421807930606228
PRKAA1,6,3,1,DMXL1;S574;,0.03268448406050947
PRKAA1,6,3,1,BAIAP2L1;S380;,0.032682300890622025
PRKAA1,6,3,1,ACACA;S79;,0.03391649646198979
PRKAA1,6,3,1,TBC1D1;S662;,0.034241404126326376
PRKAA1,6,3,1,SMCR8;S488;,0.03218726579082339
PRKAA1,6,3,1,RGD1310016;S1171;,0.032399302546797557
PRKAA1,6,3,1,RGD1311783;S45;,0.0339532403222221
PRKAA1,6,3,1,YAP1;S46;,0.03358238701025324
PRKAA1,6,3,1,MAP4;S902;,0.033621394033709166
PRKAA1,6,3,1,MAP4K4;S791;,0.0341882901173786
PRKAA1,6,3,1,ARFIP1;S39;,0.03350121209125063
PRKAA1,6,3,1,SRSF10;S131;,0.034181468130484755
PRKAA1,6,3,1,RIPK2;S412;,0.033981726616996354
PRKAA1,6,3,1,CHD8;S549;,0.034138571316927074
PRKAA1,6,3,1,SLC4A7;S263;,0.033573231739969775
PRKAA1,6,3,1,SLC2A13;S44;,0.034040349614118594
PRKAA1,6,3,1,BAD;S171;,0.03268190006576447
PRKAA1,6,3,1,GATAD2A;S96;,0.032682009026354535
PRKAA1,6,3,1,SMCR8;S486;,0.03361191561066419
PRKAA1,6,3,1,PPAN;S233;,0.03377097250159441
PRKAA1,6,3,1,SH3PXD2A;S368;,0.03333771396169537
PRKAA1,6,3,1,STIM1;S257;,0.03268212643055668
PRKAA1,6,3,1,DCLK1;S30;,0.025594999173027655
PRKAA1,6,3,1,MAP4K4;S794;,0.03427742725267854
PRKAA1,6,3,1,MTFR1L;S235;,0.034085227773764104
PRKAA1,6,3,2,MAP1B;T1781;,0.0368245847117657
PRKAA1,6,3,2,FRMD8;S21;,0.03707791847115713
PRKAA1,6,3,2,NFIX;S265;,0.0370585079401214
PRKAA1,6,3,2,MEF2C;S226;,0.03727026317247204
PRKAA1,6,3,2,SOS1;S1120;,0.03682327016523234
PRKAA1,6,3,2,ATG2A;S1246;,0.037079466816507756
PRKAA1,6,3,2,HERC1;T1154;,0.03723432739273632
PRKAA1,6,3,2,ULK1;T659;,0.003276579111540667
PRKAA1,6,3,2,VIM;S420;,0.0018354109704000483
PRKAA1,6,3,2,NCAPH;S24;,0.037082730313014046
PRKAA1,6,3,2,BAZ2A;S1388;,0.03695291460025676
PRKAA1,6,3,2,FLNC;S2234;,0.03687961631506091
PRKAA1,6,3,2,GIGYF1;S28;,0.036802110987217945
PRKAA1,6,3,2,SBF1;S1141;,0.03267509255539703
PRKAA1,6,3,2,AKAP11;S1090;,0.03599972959325944
PRKAA1,6,3,2,NACA;S1454;,0.036823701818321404
PRKAA1,6,3,2,ULK1;S637;,0.0016684722767892647
PRKAA1,6,3,2,SVIL;S1177;,0.03711951252071527
PRKAA1,6,3,2,DAB2IP;S802;,0.03705748095450169
PRKAA1,6,3,2,DUSP27;S427;,0.03718051843588481
PRKAA1,6,3,2,NEXN;S280;,0.03738206287439371
PRKAA1,6,3,2,GATAD2B;S338;,0.03684295682411511
PRKAA1,6,3,2,ADD1;T614;,0.03692515512969382
PRKAA1,6,3,2,ZFP295;S411;,0.03682445873426771
PRKAA1,6,3,2,RFX7;S1177;,0.036941947150045555
PRKAA1,6,3,2,MACF1;S5293;,0.03689994632247922
PRKAA1,6,3,2,LOC100365259;S393;,0.03724369296194172
PRKAA1,6,3,2,RUFY1;S50;,0.03682458473200255
PRKAA1,6,3,2,GAB2;S143;,0.03656846483507539
PRKAA1,6,3,2,FHOD1;S523;,0.03682452131363315
PRKAA1,6,4,1,AKAP1;S103;,0.033403554190539
PRKAA1,6,4,1,LOC100910104;S532;,0.03307501841337134
PRKAA1,6,4,1,MTFR1L;S100;,0.03310807558302867
PRKAA1,6,4,1,TBC1D1;S231;,0.03395529261599286
PRKAA1,6,4,1,TRAK1;S905;,0.03361887533693993
PRKAA1,6,4,1,DMXL1;S574;,0.031087382407683557
PRKAA1,6,4,1,BAIAP2L1;S380;,0.03149465350348075
PRKAA1,6,4,1,ACACA;S79;,0.033876869716341046
PRKAA1,6,4,1,TBC1D1;S662;,0.03407983274706876
PRKAA1,6,4,1,SMCR8;S488;,0.03307417669561016
PRKAA1,6,4,1,RGD1310016;S1171;,0.03149037714155608
PRKAA1,6,4,1,RGD1311783;S45;,0.03393522435266592
PRKAA1,6,4,1,YAP1;S46;,0.03280586062323191
PRKAA1,6,4,1,MAP4;S902;,0.03376980657781115
PRKAA1,6,4,1,MAP4K4;S791;,0.03404643012275857
PRKAA1,6,4,1,ARFIP1;S39;,0.03387669914227929
PRKAA1,6,4,1,SRSF10;S131;,0.03339301277528917
PRKAA1,6,4,1,RIPK2;S412;,0.03340927519435105
PRKAA1,6,4,1,CHD8;S549;,0.033288788580154
PRKAA1,6,4,1,SLC4A7;S263;,0.033951057172067374
PRKAA1,6,4,1,SLC2A13;S44;,0.033933533128260154
PRKAA1,6,4,1,BAD;S171;,0.03188850348006401
PRKAA1,6,4,1,GATAD2A;S96;,0.03366087482427136
PRKAA1,6,4,1,SMCR8;S486;,0.03390992548886012
PRKAA1,6,4,1,PPAN;S233;,0.03389526109192595
PRKAA1,6,4,1,SH3PXD2A;S368;,0.033659434618816174
PRKAA1,6,4,1,STIM1;S257;,0.03307255142568979
PRKAA1,6,4,1,DCLK1;S30;,0.03307417625538171
PRKAA1,6,4,1,MAP4K4;S794;,0.034180793391642886
PRKAA1,6,4,1,MTFR1L;S235;,0.033984683402867276
PRKAA1,6,4,2,MAP1B;T1781;,0.031116801363029373
PRKAA1,6,4,2,FRMD8;S21;,0.03801471554669153
PRKAA1,6,4,2,NFIX;S265;,0.03796448280861027
PRKAA1,6,4,2,MEF2C;S226;,0.038124325821316384
PRKAA1,6,4,2,SOS1;S1120;,0.03771047566317994
PRKAA1,6,4,2,ATG2A;S1246;,0.0380184447173651
PRKAA1,6,4,2,HERC1;T1154;,0.038107876654415444
PRKAA1,6,4,2,ULK1;T659;,0.002604447511162566
PRKAA1,6,4,2,VIM;S420;,0.0013715422523443417
PRKAA1,6,4,2,NCAPH;S24;,0.038033542828439085
PRKAA1,6,4,2,BAZ2A;S1388;,0.03788372274654153
PRKAA1,6,4,2,FLNC;S2234;,0.03779446834907294
PRKAA1,6,4,2,GIGYF1;S28;,0.037710187978183436
PRKAA1,6,4,2,SBF1;S1141;,0.027233416707354893
PRKAA1,6,4,2,AKAP11;S1090;,0.027773416800537794
PRKAA1,6,4,2,NACA;S1454;,0.037675608660736035
PRKAA1,6,4,2,ULK1;S637;,0.0010886898463005638
PRKAA1,6,4,2,SVIL;S1177;,0.03805431200529661
PRKAA1,6,4,2,DAB2IP;S802;,0.03797301997595227
PRKAA1,6,4,2,DUSP27;S427;,0.03813576592993379
PRKAA1,6,4,2,NEXN;S280;,0.03820052729527334
PRKAA1,6,4,2,GATAD2B;S338;,0.03775875829707332
PRKAA1,6,4,2,ADD1;T614;,0.03771027034798536
PRKAA1,6,4,2,ZFP295;S411;,0.03770652204688297
PRKAA1,6,4,2,RFX7;S1177;,0.03789428898769664
PRKAA1,6,4,2,MACF1;S5293;,0.037830700421143615
PRKAA1,6,4,2,LOC100365259;S393;,0.037710058060869515
PRKAA1,6,4,2,RUFY1;S50;,0.037711057283547206
PRKAA1,6,4,2,GAB2;S143;,0.0373780554808672
PRKAA1,6,4,2,FHOD1;S523;,0.03771049761219686
PRKAA1,6,5,1,AKAP1;S103;,0.03367297345418086
PRKAA1,6,5,1,LOC100910104;S532;,0.033669494561497766
PRKAA1,6,5,1,MTFR1L;S100;,0.03347462053445829
PRKAA1,6,5,1,TBC1D1;S231;,0.03381821615726344
PRKAA1,6,5,1,TRAK1;S905;,0.033807242256783256
PRKAA1,6,5,1,DMXL1;S574;,0.032970611024860846
PRKAA1,6,5,1,BAIAP2L1;S380;,0.032970539782369114
PRKAA1,6,5,1,ACACA;S79;,0.03297003620766618
PRKAA1,6,5,1,TBC1D1;S662;,0.034043459401376985
PRKAA1,6,5,1,SMCR8;S488;,0.03357762758737593
PRKAA1,6,5,1,RGD1310016;S1171;,0.03299337834454816
PRKAA1,6,5,1,RGD1311783;S45;,0.03395727106673516
PRKAA1,6,5,1,YAP1;S46;,0.033529467076346166
PRKAA1,6,5,1,MAP4;S902;,0.03275125684557339
PRKAA1,6,5,1,MAP4K4;S791;,0.03408074115447819
PRKAA1,6,5,1,ARFIP1;S39;,0.03364810956601068
PRKAA1,6,5,1,SRSF10;S131;,0.033077554374757775
PRKAA1,6,5,1,RIPK2;S412;,0.0331177165523555
PRKAA1,6,5,1,CHD8;S549;,0.0329715970429626
PRKAA1,6,5,1,SLC4A7;S263;,0.03348463826874998
PRKAA1,6,5,1,SLC2A13;S44;,0.0336840155899453
PRKAA1,6,5,1,BAD;S171;,0.03324529931378122
PRKAA1,6,5,1,GATAD2A;S96;,0.033653223093723525
PRKAA1,6,5,1,SMCR8;S486;,0.0338421974671471
PRKAA1,6,5,1,PPAN;S233;,0.032968965331064366
PRKAA1,6,5,1,SH3PXD2A;S368;,0.03284125648992782
PRKAA1,6,5,1,STIM1;S257;,0.030473642576021177
PRKAA1,6,5,1,DCLK1;S30;,0.03297301426091153
PRKAA1,6,5,1,MAP4K4;S794;,0.03389776430835412
PRKAA1,6,5,1,MTFR1L;S235;,0.033834070308773376
PRKAA1,6,5,2,MAP1B;T1781;,0.033266032645713955
PRKAA1,6,5,2,FRMD8;S21;,0.0384228647227626
PRKAA1,6,5,2,NFIX;S265;,0.03847300922207388
PRKAA1,6,5,2,MEF2C;S226;,0.038514622409555575
PRKAA1,6,5,2,SOS1;S1120;,0.03815948261394808
PRKAA1,6,5,2,ATG2A;S1246;,0.038547739040619464
PRKAA1,6,5,2,HERC1;T1154;,0.038416178154253716
PRKAA1,6,5,2,ULK1;T659;,0.006560193292473194
PRKAA1,6,5,2,VIM;S420;,0.002734478544653942
PRKAA1,6,5,2,NCAPH;S24;,0.03859152610821537
PRKAA1,6,5,2,BAZ2A;S1388;,0.03847632609956697
PRKAA1,6,5,2,FLNC;S2234;,0.0382845272015166
PRKAA1,6,5,2,GIGYF1;S28;,0.03831694122924831
PRKAA1,6,5,2,SBF1;S1141;,0.014655796219882097
PRKAA1,6,5,2,AKAP11;S1090;,0.0223698908773118
PRKAA1,6,5,2,NACA;S1454;,0.038308250819720155
PRKAA1,6,5,2,ULK1;S637;,0.0012614737644022934
PRKAA1,6,5,2,SVIL;S1177;,0.03856839374763505
PRKAA1,6,5,2,DAB2IP;S802;,0.038533062023227746
PRKAA1,6,5,2,DUSP27;S427;,0.03845020457685469
PRKAA1,6,5,2,NEXN;S280;,0.038248396043921024
PRKAA1,6,5,2,GATAD2B;S338;,0.038424715853451565
PRKAA1,6,5,2,ADD1;T614;,0.03824639415153799
PRKAA1,6,5,2,ZFP295;S411;,0.03824687972356614
PRKAA1,6,5,2,RFX7;S1177;,0.03829327625157598
PRKAA1,6,5,2,MACF1;S5293;,0.03846520301376714
PRKAA1,6,5,2,LOC100365259;S393;,0.03629473559354061
PRKAA1,6,5,2,RUFY1;S50;,0.03837513435449404
PRKAA1,6,5,2,GAB2;S143;,0.03824737895222959
PRKAA1,6,5,2,FHOD1;S523;,0.03824689274828035
PRKAA1,7,1,1,AKAP1;S103;,0.034243809252589574
PRKAA1,7,1,1,LOC100910104;S532;,0.0344238088207913
PRKAA1,7,1,1,MTFR1L;S100;,0.03361473697973424
PRKAA1,7,1,1,TBC1D1;S231;,0.03406170226083698
PRKAA1,7,1,1,TRAK1;S905;,0.03433523411805642
PRKAA1,7,1,1,DMXL1;S574;,0.03306449784702086
PRKAA1,7,1,1,BAIAP2L1;S380;,0.0330456600376427
PRKAA1,7,1,1,ACACA;S79;,0.03322744136873541
PRKAA1,7,1,1,TBC1D1;S662;,0.03431580922670008
PRKAA1,7,1,1,SMCR8;S488;,0.03358592087784494
PRKAA1,7,1,1,RGD1310016;S1171;,0.03336486685026929
PRKAA1,7,1,1,RGD1311783;S45;,0.03431250595417337
PRKAA1,7,1,1,YAP1;S46;,0.033265284415601164
PRKAA1,7,1,1,MAP4;S902;,0.033072595115598374
PRKAA1,7,1,1,MAP4K4;S791;,0.03433894005624542
PRKAA1,7,1,1,ARFIP1;S39;,0.033405511342345234
PRKAA1,7,1,1,SRSF10;S131;,0.03306307018092106
PRKAA1,7,1,1,RIPK2;S412;,0.033112435176178213
PRKAA1,7,1,1,CHD8;S549;,0.03353938658618961
PRKAA1,7,1,1,SLC4A7;S263;,0.03333730671320839
PRKAA1,7,1,1,SLC2A13;S44;,0.03388026731338925
PRKAA1,7,1,1,BAD;S171;,0.0330644975154645
PRKAA1,7,1,1,GATAD2A;S96;,0.0330685647216636
PRKAA1,7,1,1,SMCR8;S486;,0.03346176667280628
PRKAA1,7,1,1,PPAN;S233;,0.03289210579616017
PRKAA1,7,1,1,SH3PXD2A;S368;,0.03306471129916737
PRKAA1,7,1,1,STIM1;S257;,0.03154179416199799
PRKAA1,7,1,1,DCLK1;S30;,0.028847050067959602
PRKAA1,7,1,1,MAP4K4;S794;,0.03368067513837596
PRKAA1,7,1,1,MTFR1L;S235;,0.03376804413233252
PRKAA1,7,1,2,TBC1D1;T590;,0.035983154123381975
PRKAA1,7,1,2,AKAP2;S730;,0.03628277454836996
PRKAA1,7,1,2,GIGYF1;S28;,0.03625330507797617
PRKAA1,7,1,2,ADNP;S971;,0.03660186306616693
PRKAA1,7,1,2,BAG3;S387;,0.03645800933289597
PRKAA1,7,1,2,CIC;S1399;,0.03652245964901394
PRKAA1,7,1,2,AKAP2;S152;,0.03598487563233205
PRKAA1,7,1,2,BICD2;S819;,0.0359833172819826
PRKAA1,7,1,2,RPS6KA3;S715;,0.03635953745306388
PRKAA1,7,1,2,TSSC4;S190;,0.03642806358117643
PRKAA1,7,1,2,NACA;S942;,0.03625860311867254
PRKAA1,7,1,2,PARVA;S14;,0.03598419684302368
PRKAA1,7,1,2,TBC1D16;S382;,0.03651682040432643
PRKAA1,7,1,2,EIF4EBP2;S2;,0.03632945517139799
PRKAA1,7,1,2,AP3D1;S755;,0.03598413408156504
PRKAA1,7,1,2,LOC100910104;S719;,0.03639928134199168
PRKAA1,7,1,2,SYNPO2L;S401;,0.0361536369168397
PRKAA1,7,1,2,NCOR1;S363;,0.03646442687967286
PRKAA1,7,1,2,GSK3A;S21;,0.035983123732454526
PRKAA1,7,1,2,SNW1;S224;,0.011105892135931644
PRKAA1,7,1,2,PPP6R2;S629;,0.03623087152512281
PRKAA1,7,1,2,SRRM2;S2338;,0.036322072045664525
PRKAA1,7,1,2,AHNAK;T4049;,0.03598595165688253
PRKAA1,7,1,2,UBE2O;S835;,0.036349967198583265
PRKAA1,7,1,2,COBL;S31;,0.0050774756687928125
PRKAA1,7,1,2,ADD1;T614;,0.036311529447702474
PRKAA1,7,1,2,EIF5B;S183;,0.036102642271741356
PRKAA1,7,1,2,RUFY1;S50;,0.036225395879700494
PRKAA1,7,1,2,BSDC1;S216;,0.036448585292783234
PRKAA1,7,1,2,SLC2A13;S38;,0.004908578640790483
PRKAA1,7,2,1,AKAP1;S103;,0.034125379466598785
PRKAA1,7,2,1,LOC100910104;S532;,0.033963914819340725
PRKAA1,7,2,1,MTFR1L;S100;,0.033790218137535605
PRKAA1,7,2,1,TBC1D1;S231;,0.034086142893786454
PRKAA1,7,2,1,TRAK1;S905;,0.03417158097714181
PRKAA1,7,2,1,DMXL1;S574;,0.03300961399185753
PRKAA1,7,2,1,BAIAP2L1;S380;,0.03224915495186931
PRKAA1,7,2,1,ACACA;S79;,0.033451980181106775
PRKAA1,7,2,1,TBC1D1;S662;,0.034041396653371345
PRKAA1,7,2,1,SMCR8;S488;,0.03306816389921898
PRKAA1,7,2,1,RGD1310016;S1171;,0.033009329174925606
PRKAA1,7,2,1,RGD1311783;S45;,0.03412655550817056
PRKAA1,7,2,1,YAP1;S46;,0.033460181608158404
PRKAA1,7,2,1,MAP4;S902;,0.03360575665899811
PRKAA1,7,2,1,MAP4K4;S791;,0.033934719740458516
PRKAA1,7,2,1,ARFIP1;S39;,0.033716884253049424
PRKAA1,7,2,1,SRSF10;S131;,0.033588526550901075
PRKAA1,7,2,1,RIPK2;S412;,0.03379104854142856
PRKAA1,7,2,1,CHD8;S549;,0.03404116160616708
PRKAA1,7,2,1,SLC4A7;S263;,0.03371655149142794
PRKAA1,7,2,1,SLC2A13;S44;,0.034136038060805035
PRKAA1,7,2,1,BAD;S171;,0.03289655104848417
PRKAA1,7,2,1,GATAD2A;S96;,0.033009269359709464
PRKAA1,7,2,1,SMCR8;S486;,0.03336973790400282
PRKAA1,7,2,1,PPAN;S233;,0.03330146421244364
PRKAA1,7,2,1,SH3PXD2A;S368;,0.03356533089875831
PRKAA1,7,2,1,STIM1;S257;,0.033006283528939515
PRKAA1,7,2,1,DCLK1;S30;,0.02588348884153897
PRKAA1,7,2,1,MAP4K4;S794;,0.03373447906125265
PRKAA1,7,2,1,MTFR1L;S235;,0.03414909597855294
PRKAA1,7,2,2,TBC1D1;T590;,0.036337075917437206
PRKAA1,7,2,2,AKAP2;S730;,0.03649042188748764
PRKAA1,7,2,2,GIGYF1;S28;,0.03648002886344126
PRKAA1,7,2,2,ADNP;S971;,0.03668269563426323
PRKAA1,7,2,2,BAG3;S387;,0.03657118218747441
PRKAA1,7,2,2,CIC;S1399;,0.03661751892525832
PRKAA1,7,2,2,AKAP2;S152;,0.036336885024507146
PRKAA1,7,2,2,BICD2;S819;,0.03618170017052423
PRKAA1,7,2,2,RPS6KA3;S715;,0.03653636474727354
PRKAA1,7,2,2,TSSC4;S190;,0.03658458490091811
PRKAA1,7,2,2,NACA;S942;,0.036492187540938026
PRKAA1,7,2,2,PARVA;S14;,0.03633661730505427
PRKAA1,7,2,2,TBC1D16;S382;,0.0366213408901998
PRKAA1,7,2,2,EIF4EBP2;S2;,0.03649046107922028
PRKAA1,7,2,2,AP3D1;S755;,0.036336402672629456
PRKAA1,7,2,2,LOC100910104;S719;,0.036564734415502356
PRKAA1,7,2,2,SYNPO2L;S401;,0.03642990591572449
PRKAA1,7,2,2,NCOR1;S363;,0.036593313884631294
PRKAA1,7,2,2,GSK3A;S21;,0.036335981259881196
PRKAA1,7,2,2,SNW1;S224;,0.01063293486338259
PRKAA1,7,2,2,PPP6R2;S629;,0.03647860371882348
PRKAA1,7,2,2,SRRM2;S2338;,0.03649542344231653
PRKAA1,7,2,2,AHNAK;T4049;,0.0363366172868895
PRKAA1,7,2,2,UBE2O;S835;,0.036528170573028054
PRKAA1,7,2,2,COBL;S31;,0.0022293272687624287
PRKAA1,7,2,2,ADD1;T614;,0.03657184212188042
PRKAA1,7,2,2,EIF5B;S183;,0.036397511951011596
PRKAA1,7,2,2,RUFY1;S50;,0.03648489334431685
PRKAA1,7,2,2,BSDC1;S216;,0.036563326773802106
PRKAA1,7,2,2,SLC2A13;S38;,0.0022619454334203296
PRKAA1,7,3,1,AKAP1;S103;,0.034016431429853694
PRKAA1,7,3,1,LOC100910104;S532;,0.03385928340866145
PRKAA1,7,3,1,MTFR1L;S100;,0.033978188750278054
PRKAA1,7,3,1,TBC1D1;S231;,0.034193800239855326
PRKAA1,7,3,1,TRAK1;S905;,0.034170983221945755
PRKAA1,7,3,1,DMXL1;S574;,0.0329246462646572
PRKAA1,7,3,1,BAIAP2L1;S380;,0.03210762207230572
PRKAA1,7,3,1,ACACA;S79;,0.03384772625582813
PRKAA1,7,3,1,TBC1D1;S662;,0.034238880459134854
PRKAA1,7,3,1,SMCR8;S488;,0.03255681403592709
PRKAA1,7,3,1,RGD1310016;S1171;,0.032914260532125275
PRKAA1,7,3,1,RGD1311783;S45;,0.033801251974071536
PRKAA1,7,3,1,YAP1;S46;,0.03363102057271441
PRKAA1,7,3,1,MAP4;S902;,0.033598980415212545
PRKAA1,7,3,1,MAP4K4;S791;,0.03400237487117272
PRKAA1,7,3,1,ARFIP1;S39;,0.03376974090092275
PRKAA1,7,3,1,SRSF10;S131;,0.0336331970487788
PRKAA1,7,3,1,RIPK2;S412;,0.03384716023582483
PRKAA1,7,3,1,CHD8;S549;,0.03366763726717133
PRKAA1,7,3,1,SLC4A7;S263;,0.033816203954047615
PRKAA1,7,3,1,SLC2A13;S44;,0.03390249833350543
PRKAA1,7,3,1,BAD;S171;,0.03326872698456234
PRKAA1,7,3,1,GATAD2A;S96;,0.032278928321506216
PRKAA1,7,3,1,SMCR8;S486;,0.03324767084651721
PRKAA1,7,3,1,PPAN;S233;,0.03363499515399431
PRKAA1,7,3,1,SH3PXD2A;S368;,0.03363204723525408
PRKAA1,7,3,1,STIM1;S257;,0.03210098291891553
PRKAA1,7,3,1,DCLK1;S30;,0.027561084539803608
PRKAA1,7,3,1,MAP4K4;S794;,0.03375653462639715
PRKAA1,7,3,1,MTFR1L;S235;,0.03404032712905512
PRKAA1,7,3,2,TBC1D1;T590;,0.03627344671271239
PRKAA1,7,3,2,AKAP2;S730;,0.036548954590888874
PRKAA1,7,3,2,GIGYF1;S28;,0.03655071829383631
PRKAA1,7,3,2,ADNP;S971;,0.03684765289019474
PRKAA1,7,3,2,BAG3;S387;,0.036730239546806036
PRKAA1,7,3,2,CIC;S1399;,0.03675184021057583
PRKAA1,7,3,2,AKAP2;S152;,0.036270681252032894
PRKAA1,7,3,2,BICD2;S819;,0.03619128749007878
PRKAA1,7,3,2,RPS6KA3;S715;,0.036610802181489877
PRKAA1,7,3,2,TSSC4;S190;,0.036669119537678804
PRKAA1,7,3,2,NACA;S942;,0.03658483939205948
PRKAA1,7,3,2,PARVA;S14;,0.03627224008980886
PRKAA1,7,3,2,TBC1D16;S382;,0.03674243625280711
PRKAA1,7,3,2,EIF4EBP2;S2;,0.036504833996982115
PRKAA1,7,3,2,AP3D1;S755;,0.036271913748120846
PRKAA1,7,3,2,LOC100910104;S719;,0.03665526401528936
PRKAA1,7,3,2,SYNPO2L;S401;,0.036450156835091826
PRKAA1,7,3,2,NCOR1;S363;,0.03673808720867879
PRKAA1,7,3,2,GSK3A;S21;,0.03627192846978368
PRKAA1,7,3,2,SNW1;S224;,0.008186258362162937
PRKAA1,7,3,2,PPP6R2;S629;,0.03656197699795274
PRKAA1,7,3,2,SRRM2;S2338;,0.0365833052991104
PRKAA1,7,3,2,AHNAK;T4049;,0.036272240166563864
PRKAA1,7,3,2,UBE2O;S835;,0.03662719214118436
PRKAA1,7,3,2,COBL;S31;,0.0024482485532936974
PRKAA1,7,3,2,ADD1;T614;,0.03667412357239533
PRKAA1,7,3,2,EIF5B;S183;,0.0364134648879663
PRKAA1,7,3,2,RUFY1;S50;,0.036478695067903924
PRKAA1,7,3,2,BSDC1;S216;,0.03673217628123404
PRKAA1,7,3,2,SLC2A13;S38;,0.0030858759553156743
PRKAA1,7,4,1,AKAP1;S103;,0.03318672749840239
PRKAA1,7,4,1,LOC100910104;S532;,0.0333116482386697
PRKAA1,7,4,1,MTFR1L;S100;,0.03334646920890347
PRKAA1,7,4,1,TBC1D1;S231;,0.03363399564682278
PRKAA1,7,4,1,TRAK1;S905;,0.033397541285717085
PRKAA1,7,4,1,DMXL1;S574;,0.03290537729642144
PRKAA1,7,4,1,BAIAP2L1;S380;,0.03290438660956605
PRKAA1,7,4,1,ACACA;S79;,0.033296778870445146
PRKAA1,7,4,1,TBC1D1;S662;,0.033716730070014266
PRKAA1,7,4,1,SMCR8;S488;,0.03350079405685462
PRKAA1,7,4,1,RGD1310016;S1171;,0.033046178526984174
PRKAA1,7,4,1,RGD1311783;S45;,0.033699506627271274
PRKAA1,7,4,1,YAP1;S46;,0.03327743386361462
PRKAA1,7,4,1,MAP4;S902;,0.03335355303900217
PRKAA1,7,4,1,MAP4K4;S791;,0.033690629932578126
PRKAA1,7,4,1,ARFIP1;S39;,0.03367419867224683
PRKAA1,7,4,1,SRSF10;S131;,0.03264559946843038
PRKAA1,7,4,1,RIPK2;S412;,0.033084222672368775
PRKAA1,7,4,1,CHD8;S549;,0.03290794274374356
PRKAA1,7,4,1,SLC4A7;S263;,0.033658687639347575
PRKAA1,7,4,1,SLC2A13;S44;,0.03364585677711763
PRKAA1,7,4,1,BAD;S171;,0.03306574163092934
PRKAA1,7,4,1,GATAD2A;S96;,0.03346936643392584
PRKAA1,7,4,1,SMCR8;S486;,0.0336458437177836
PRKAA1,7,4,1,PPAN;S233;,0.03336311772323964
PRKAA1,7,4,1,SH3PXD2A;S368;,0.03352223012955192
PRKAA1,7,4,1,STIM1;S257;,0.032905769640807485
PRKAA1,7,4,1,DCLK1;S30;,0.03290576954785229
PRKAA1,7,4,1,MAP4K4;S794;,0.033593806347973564
PRKAA1,7,4,1,MTFR1L;S235;,0.03364409608341427
PRKAA1,7,4,2,TBC1D1;T590;,0.036633849080744
PRKAA1,7,4,2,AKAP2;S730;,0.03697447715559173
PRKAA1,7,4,2,GIGYF1;S28;,0.036939345366094604
PRKAA1,7,4,2,ADNP;S971;,0.03729535217507639
PRKAA1,7,4,2,BAG3;S387;,0.03711547025124984
PRKAA1,7,4,2,CIC;S1399;,0.03714779867176417
PRKAA1,7,4,2,AKAP2;S152;,0.03663408279726121
PRKAA1,7,4,2,BICD2;S819;,0.036343702220105994
PRKAA1,7,4,2,RPS6KA3;S715;,0.037055695366037644
PRKAA1,7,4,2,TSSC4;S190;,0.03709007466943972
PRKAA1,7,4,2,NACA;S942;,0.036929056655276196
PRKAA1,7,4,2,PARVA;S14;,0.036634192339795195
PRKAA1,7,4,2,TBC1D16;S382;,0.037170148795313024
PRKAA1,7,4,2,EIF4EBP2;S2;,0.03691713106178831
PRKAA1,7,4,2,AP3D1;S755;,0.036633438381420316
PRKAA1,7,4,2,LOC100910104;S719;,0.03706880610252421
PRKAA1,7,4,2,SYNPO2L;S401;,0.036842532456289386
PRKAA1,7,4,2,NCOR1;S363;,0.03715069076384193
PRKAA1,7,4,2,GSK3A;S21;,0.036632583986217666
PRKAA1,7,4,2,SNW1;S224;,0.0016410315647867216
PRKAA1,7,4,2,PPP6R2;S629;,0.0369199796943976
PRKAA1,7,4,2,SRRM2;S2338;,0.03698328379106508
PRKAA1,7,4,2,AHNAK;T4049;,0.03657009924649778
PRKAA1,7,4,2,UBE2O;S835;,0.03702735061562831
PRKAA1,7,4,2,COBL;S31;,0.0008815128380879403
PRKAA1,7,4,2,ADD1;T614;,0.03706376221398753
PRKAA1,7,4,2,EIF5B;S183;,0.03682697041769409
PRKAA1,7,4,2,RUFY1;S50;,0.03684571553644415
PRKAA1,7,4,2,BSDC1;S216;,0.03712302319659297
PRKAA1,7,4,2,SLC2A13;S38;,0.0009088425889862986
PRKAA1,7,5,1,AKAP1;S103;,0.033348003206955364
PRKAA1,7,5,1,LOC100910104;S532;,0.033447908195555834
PRKAA1,7,5,1,MTFR1L;S100;,0.03336395418662716
PRKAA1,7,5,1,TBC1D1;S231;,0.03356639698559665
PRKAA1,7,5,1,TRAK1;S905;,0.03348235309442727
PRKAA1,7,5,1,DMXL1;S574;,0.03304098327680544
PRKAA1,7,5,1,BAIAP2L1;S380;,0.03310146340918838
PRKAA1,7,5,1,ACACA;S79;,0.033100564908228235
PRKAA1,7,5,1,TBC1D1;S662;,0.03371070483611846
PRKAA1,7,5,1,SMCR8;S488;,0.03356332029222729
PRKAA1,7,5,1,RGD1310016;S1171;,0.033155720492728545
PRKAA1,7,5,1,RGD1311783;S45;,0.03370490698024673
PRKAA1,7,5,1,YAP1;S46;,0.033351084701121976
PRKAA1,7,5,1,MAP4;S902;,0.033089595613066784
PRKAA1,7,5,1,MAP4K4;S791;,0.03375056895360561
PRKAA1,7,5,1,ARFIP1;S39;,0.03356511395251052
PRKAA1,7,5,1,SRSF10;S131;,0.032972583674352254
PRKAA1,7,5,1,RIPK2;S412;,0.03316563863018801
PRKAA1,7,5,1,CHD8;S549;,0.03310033791231826
PRKAA1,7,5,1,SLC4A7;S263;,0.033546972532103286
PRKAA1,7,5,1,SLC2A13;S44;,0.033577270684596476
PRKAA1,7,5,1,BAD;S171;,0.033201446135984865
PRKAA1,7,5,1,GATAD2A;S96;,0.03353815442880721
PRKAA1,7,5,1,SMCR8;S486;,0.03366839507916167
PRKAA1,7,5,1,PPAN;S233;,0.033152429364609146
PRKAA1,7,5,1,SH3PXD2A;S368;,0.033353264013998955
PRKAA1,7,5,1,STIM1;S257;,0.032073063707760696
PRKAA1,7,5,1,DCLK1;S30;,0.03309987375801533
PRKAA1,7,5,1,MAP4K4;S794;,0.033599185416809084
PRKAA1,7,5,1,MTFR1L;S235;,0.03360874157628435
PRKAA1,7,5,2,TBC1D1;T590;,0.0366791400232869
PRKAA1,7,5,2,AKAP2;S730;,0.0371258862131763
PRKAA1,7,5,2,GIGYF1;S28;,0.037059720924436254
PRKAA1,7,5,2,ADNP;S971;,0.03743215726038564
PRKAA1,7,5,2,BAG3;S387;,0.03738367560712244
PRKAA1,7,5,2,CIC;S1399;,0.037458055570568874
PRKAA1,7,5,2,AKAP2;S152;,0.036637463167732046
PRKAA1,7,5,2,BICD2;S819;,0.036678365355858285
PRKAA1,7,5,2,RPS6KA3;S715;,0.03713842949529025
PRKAA1,7,5,2,TSSC4;S190;,0.03729127925000315
PRKAA1,7,5,2,NACA;S942;,0.03714164523700053
PRKAA1,7,5,2,PARVA;S14;,0.03667715177534924
PRKAA1,7,5,2,TBC1D16;S382;,0.03741721589434897
PRKAA1,7,5,2,EIF4EBP2;S2;,0.037141104083960826
PRKAA1,7,5,2,AP3D1;S755;,0.03667642287527942
PRKAA1,7,5,2,LOC100910104;S719;,0.03724911893490716
PRKAA1,7,5,2,SYNPO2L;S401;,0.03693226609323301
PRKAA1,7,5,2,NCOR1;S363;,0.037355677113633134
PRKAA1,7,5,2,GSK3A;S21;,0.03673173017324655
PRKAA1,7,5,2,SNW1;S224;,0.0013592834274844799
PRKAA1,7,5,2,PPP6R2;S629;,0.03709532304526791
PRKAA1,7,5,2,SRRM2;S2338;,0.03720398804641035
PRKAA1,7,5,2,AHNAK;T4049;,0.03297589870780744
PRKAA1,7,5,2,UBE2O;S835;,0.037191922220818616
PRKAA1,7,5,2,COBL;S31;,0.0011241427522441757
PRKAA1,7,5,2,ADD1;T614;,0.03667728152262943
PRKAA1,7,5,2,EIF5B;S183;,0.036897438609956146
PRKAA1,7,5,2,RUFY1;S50;,0.037064286595743644
PRKAA1,7,5,2,BSDC1;S216;,0.03725326571340903
PRKAA1,7,5,2,SLC2A13;S38;,0.0009506643094099185
PRKAA1,8,1,1,AKAP1;S103;,0.036131805834336984
PRKAA1,8,1,1,LOC100910104;S532;,0.035580640824291944
PRKAA1,8,1,1,MTFR1L;S100;,0.03544211896591904
PRKAA1,8,1,1,TBC1D1;S231;,0.035582685079923224
PRKAA1,8,1,1,TRAK1;S905;,0.03607345435474793
PRKAA1,8,1,1,DMXL1;S574;,0.0331643260210672
PRKAA1,8,1,1,BAIAP2L1;S380;,0.03316432652709964
PRKAA1,8,1,1,ACACA;S79;,0.0331679665643277
PRKAA1,8,1,1,TBC1D1;S662;,0.03571423352915526
PRKAA1,8,1,1,SMCR8;S488;,0.03326794773521611
PRKAA1,8,1,1,RGD1310016;S1171;,0.03354688218006666
PRKAA1,8,1,1,RGD1311783;S45;,0.034131862595602705
PRKAA1,8,1,1,YAP1;S46;,0.03425094118116361
PRKAA1,8,1,1,MAP4;S902;,0.031203088481053805
PRKAA1,8,1,1,MAP4K4;S791;,0.03537366486099888
PRKAA1,8,1,1,ARFIP1;S39;,0.033171187913602344
PRKAA1,8,1,1,SRSF10;S131;,0.033861354319208815
PRKAA1,8,1,1,RIPK2;S412;,0.033162934164553015
PRKAA1,8,1,1,CHD8;S549;,0.03316429982403969
PRKAA1,8,1,1,SLC4A7;S263;,0.033179781764422586
PRKAA1,8,1,1,SLC2A13;S44;,0.0331691725059842
PRKAA1,8,1,1,BAD;S171;,0.03417497797397675
PRKAA1,8,1,1,GATAD2A;S96;,0.03316260106620383
PRKAA1,8,1,1,SMCR8;S486;,0.03319500639242591
PRKAA1,8,1,1,PPAN;S233;,0.031101165838618838
PRKAA1,8,1,1,SH3PXD2A;S368;,0.030499254008754476
PRKAA1,8,1,1,STIM1;S257;,0.024707290430388235
PRKAA1,8,1,1,DCLK1;S30;,0.030443504015610485
PRKAA1,8,1,1,MAP4K4;S794;,0.033173455621021086
PRKAA1,8,1,1,MTFR1L;S235;,0.0340380694262192
PRKAA1,8,1,2,LIMA1;S603;,0.03925886216795361
PRKAA1,8,1,2,LOC312502;S138;,0.009024344505735941
PRKAA1,8,1,2,PDLIM7;T215;,0.039045363324573285
PRKAA1,8,1,2,RAF1;S296;,0.039204560354093886
PRKAA1,8,1,2,BRD8;S274;,0.039107492008156115
PRKAA1,8,1,2,SAMD4B;S271;,0.03912189565687458
PRKAA1,8,1,2,COBL;S31;,0.009585865732639646
PRKAA1,8,1,2,DNAJC2;T48;,0.03904650554616484
PRKAA1,8,1,2,PLEC;S4246;,0.03904707680599679
PRKAA1,8,1,2,AGAP3;S107;,0.03921785787551223
PRKAA1,8,1,2,EHD4;S459;,0.03946488944698609
PRKAA1,8,1,2,STMN1;S16;,0.039145056849255476
PRKAA1,8,1,2,LOC100911178;S1643;,0.03938037195964291
PRKAA1,8,1,2,TRIO;S2459;,0.03937701649017061
PRKAA1,8,1,2,FAM134C;S313;,0.02364134773207192
PRKAA1,8,1,2,CIC;S1399;,0.039414449587155155
PRKAA1,8,1,2,BCL9L;S25;,0.03904480744437958
PRKAA1,8,1,2,NCOR2;S1747;,0.03930874760316087
PRKAA1,8,1,2,SVIL;S259;,0.03918018064545724
PRKAA1,8,1,2,RGD1560225;S763;,0.03904586836506148
PRKAA1,8,1,2,SIPA1L1;S1411;,0.010783256584464867
PRKAA1,8,1,2,VIM;S430;,0.020561799640888282
PRKAA1,8,1,2,BICD2;S819;,0.03904521528448504
PRKAA1,8,1,2,MUSK;S690;,0.039137709410648196
PRKAA1,8,1,2,CEP68;S510;,0.03910131969274331
PRKAA1,8,1,2,SIPA1L1;S1408;,0.01240285494518991
PRKAA1,8,1,2,PPAN;S240;,0.012477041823754467
PRKAA1,8,1,2,FHOD1;S489;,0.03933611144488124
PRKAA1,8,1,2,ZC3HC1;T351;,0.03904500926077107
PRKAA1,8,1,2,PRRC2A;S765;,0.039447121811131455
PRKAA1,8,2,1,AKAP1;S103;,0.034035059753960234
PRKAA1,8,2,1,LOC100910104;S532;,0.033760130750849014
PRKAA1,8,2,1,MTFR1L;S100;,0.03382734904491661
PRKAA1,8,2,1,TBC1D1;S231;,0.03401661540316543
PRKAA1,8,2,1,TRAK1;S905;,0.03404069844435616
PRKAA1,8,2,1,DMXL1;S574;,0.032695472003326946
PRKAA1,8,2,1,BAIAP2L1;S380;,0.03269812036198506
PRKAA1,8,2,1,ACACA;S79;,0.03371216704209172
PRKAA1,8,2,1,TBC1D1;S662;,0.034141261931318306
PRKAA1,8,2,1,SMCR8;S488;,0.032970498350292005
PRKAA1,8,2,1,RGD1310016;S1171;,0.03281529923941438
PRKAA1,8,2,1,RGD1311783;S45;,0.033637665570781176
PRKAA1,8,2,1,YAP1;S46;,0.0334558166660916
PRKAA1,8,2,1,MAP4;S902;,0.0331343851621828
PRKAA1,8,2,1,MAP4K4;S791;,0.033845663734376016
PRKAA1,8,2,1,ARFIP1;S39;,0.03357786260958
PRKAA1,8,2,1,SRSF10;S131;,0.03329455828222562
PRKAA1,8,2,1,RIPK2;S412;,0.033196336836253074
PRKAA1,8,2,1,CHD8;S549;,0.0328564430073208
PRKAA1,8,2,1,SLC4A7;S263;,0.03350547538633685
PRKAA1,8,2,1,SLC2A13;S44;,0.0334606731605334
PRKAA1,8,2,1,BAD;S171;,0.033045503447637695
PRKAA1,8,2,1,GATAD2A;S96;,0.03287563088379198
PRKAA1,8,2,1,SMCR8;S486;,0.033317460405853455
PRKAA1,8,2,1,PPAN;S233;,0.033201272035806105
PRKAA1,8,2,1,SH3PXD2A;S368;,0.03289536227755462
PRKAA1,8,2,1,STIM1;S257;,0.03269754976566954
PRKAA1,8,2,1,DCLK1;S30;,0.03180321592713677
PRKAA1,8,2,1,MAP4K4;S794;,0.033558621595834656
PRKAA1,8,2,1,MTFR1L;S235;,0.03392783091935791
PRKAA1,8,2,2,LIMA1;S603;,0.04192251425364575
PRKAA1,8,2,2,LOC312502;S138;,0.003660237773800493
PRKAA1,8,2,2,PDLIM7;T215;,0.04157719445021918
PRKAA1,8,2,2,RAF1;S296;,0.04184307898783679
PRKAA1,8,2,2,BRD8;S274;,0.04175913033813799
PRKAA1,8,2,2,SAMD4B;S271;,0.041715524538316326
PRKAA1,8,2,2,COBL;S31;,0.0030690173407064824
PRKAA1,8,2,2,DNAJC2;T48;,0.041576077531423894
PRKAA1,8,2,2,PLEC;S4246;,0.04003478157985261
PRKAA1,8,2,2,AGAP3;S107;,0.04178506660902736
PRKAA1,8,2,2,EHD4;S459;,0.04219535449610469
PRKAA1,8,2,2,STMN1;S16;,0.04175558318110074
PRKAA1,8,2,2,LOC100911178;S1643;,0.04201777454791637
PRKAA1,8,2,2,TRIO;S2459;,0.04207989214248878
PRKAA1,8,2,2,FAM134C;S313;,0.014606209873749764
PRKAA1,8,2,2,CIC;S1399;,0.042130630402863266
PRKAA1,8,2,2,BCL9L;S25;,0.041577801552058306
PRKAA1,8,2,2,NCOR2;S1747;,0.04193344362462659
PRKAA1,8,2,2,SVIL;S259;,0.04157791919585433
PRKAA1,8,2,2,RGD1560225;S763;,0.04157719429581893
PRKAA1,8,2,2,SIPA1L1;S1411;,0.004133065782477787
PRKAA1,8,2,2,VIM;S430;,0.005935473946401573
PRKAA1,8,2,2,BICD2;S819;,0.04151530598942202
PRKAA1,8,2,2,MUSK;S690;,0.04157619875398064
PRKAA1,8,2,2,CEP68;S510;,0.041673653904289495
PRKAA1,8,2,2,SIPA1L1;S1408;,0.0038669137862596265
PRKAA1,8,2,2,PPAN;S240;,0.005194965208820448
PRKAA1,8,2,2,FHOD1;S489;,0.041973700768966456
PRKAA1,8,2,2,ZC3HC1;T351;,0.041579062710959055
PRKAA1,8,2,2,PRRC2A;S765;,0.04215723243287423
PRKAA1,8,3,1,AKAP1;S103;,0.034083468080067084
PRKAA1,8,3,1,LOC100910104;S532;,0.03381529811524493
PRKAA1,8,3,1,MTFR1L;S100;,0.03412349155718592
PRKAA1,8,3,1,TBC1D1;S231;,0.03418092644833218
PRKAA1,8,3,1,TRAK1;S905;,0.034120127204192115
PRKAA1,8,3,1,DMXL1;S574;,0.032953259261468595
PRKAA1,8,3,1,BAIAP2L1;S380;,0.033111679033677024
PRKAA1,8,3,1,ACACA;S79;,0.03355257765546263
PRKAA1,8,3,1,TBC1D1;S662;,0.03426707040050696
PRKAA1,8,3,1,SMCR8;S488;,0.03324721503283157
PRKAA1,8,3,1,RGD1310016;S1171;,0.03310698678462138
PRKAA1,8,3,1,RGD1311783;S45;,0.033939272257242505
PRKAA1,8,3,1,YAP1;S46;,0.03363844579148118
PRKAA1,8,3,1,MAP4;S902;,0.03310612565685765
PRKAA1,8,3,1,MAP4K4;S791;,0.034121623682350825
PRKAA1,8,3,1,ARFIP1;S39;,0.03379869033134132
PRKAA1,8,3,1,SRSF10;S131;,0.03310944734035651
PRKAA1,8,3,1,RIPK2;S412;,0.03325471395212738
PRKAA1,8,3,1,CHD8;S549;,0.03321271691169414
PRKAA1,8,3,1,SLC4A7;S263;,0.03361555040148523
PRKAA1,8,3,1,SLC2A13;S44;,0.03413045118714858
PRKAA1,8,3,1,BAD;S171;,0.03311199969261202
PRKAA1,8,3,1,GATAD2A;S96;,0.031706585810103285
PRKAA1,8,3,1,SMCR8;S486;,0.03382933104484078
PRKAA1,8,3,1,PPAN;S233;,0.03310649878711461
PRKAA1,8,3,1,SH3PXD2A;S368;,0.033786962458775445
PRKAA1,8,3,1,STIM1;S257;,0.03272102684927167
PRKAA1,8,3,1,DCLK1;S30;,0.02806007107776684
PRKAA1,8,3,1,MAP4K4;S794;,0.03342153732126757
PRKAA1,8,3,1,MTFR1L;S235;,0.03376684987257231
PRKAA1,8,3,2,LIMA1;S603;,0.04205072421797191
PRKAA1,8,3,2,LOC312502;S138;,0.003018369219233272
PRKAA1,8,3,2,PDLIM7;T215;,0.04200987955212395
PRKAA1,8,3,2,RAF1;S296;,0.041977805015078036
PRKAA1,8,3,2,BRD8;S274;,0.041893788807502566
PRKAA1,8,3,2,SAMD4B;S271;,0.041875002107912014
PRKAA1,8,3,2,COBL;S31;,0.0036189116644525896
PRKAA1,8,3,2,DNAJC2;T48;,0.04177232633738277
PRKAA1,8,3,2,PLEC;S4246;,0.04177276543523171
PRKAA1,8,3,2,AGAP3;S107;,0.041964536189366644
PRKAA1,8,3,2,EHD4;S459;,0.04234721031761544
PRKAA1,8,3,2,STMN1;S16;,0.04198802111015053
PRKAA1,8,3,2,LOC100911178;S1643;,0.04219300432607894
PRKAA1,8,3,2,TRIO;S2459;,0.04219792450916568
PRKAA1,8,3,2,FAM134C;S313;,0.008584554643843416
PRKAA1,8,3,2,CIC;S1399;,0.04226051353034186
PRKAA1,8,3,2,BCL9L;S25;,0.04177394601130562
PRKAA1,8,3,2,NCOR2;S1747;,0.04210934531743429
PRKAA1,8,3,2,SVIL;S259;,0.04197710875270813
PRKAA1,8,3,2,RGD1560225;S763;,0.04177232633231834
PRKAA1,8,3,2,SIPA1L1;S1411;,0.0038285178244862306
PRKAA1,8,3,2,VIM;S430;,0.006641332694972319
PRKAA1,8,3,2,BICD2;S819;,0.04169711888106671
PRKAA1,8,3,2,MUSK;S690;,0.041928057230608266
PRKAA1,8,3,2,CEP68;S510;,0.04186782857615763
PRKAA1,8,3,2,SIPA1L1;S1408;,0.005162799668787998
PRKAA1,8,3,2,PPAN;S240;,0.0034203816858706143
PRKAA1,8,3,2,FHOD1;S489;,0.04218234928927719
PRKAA1,8,3,2,ZC3HC1;T351;,0.041772708576140495
PRKAA1,8,3,2,PRRC2A;S765;,0.04234084217541473
PRKAA1,8,4,1,AKAP1;S103;,0.03324068251929077
PRKAA1,8,4,1,LOC100910104;S532;,0.03326388938731256
PRKAA1,8,4,1,MTFR1L;S100;,0.03339625928656371
PRKAA1,8,4,1,TBC1D1;S231;,0.03359517014785655
PRKAA1,8,4,1,TRAK1;S905;,0.033423841933459764
PRKAA1,8,4,1,DMXL1;S574;,0.03282466829069413
PRKAA1,8,4,1,BAIAP2L1;S380;,0.03294182910358164
PRKAA1,8,4,1,ACACA;S79;,0.033247088307857234
PRKAA1,8,4,1,TBC1D1;S662;,0.033681523224493345
PRKAA1,8,4,1,SMCR8;S488;,0.03341070465785456
PRKAA1,8,4,1,RGD1310016;S1171;,0.032941826431760975
PRKAA1,8,4,1,RGD1311783;S45;,0.03364539708587298
PRKAA1,8,4,1,YAP1;S46;,0.03334555567775957
PRKAA1,8,4,1,MAP4;S902;,0.03328950828176072
PRKAA1,8,4,1,MAP4K4;S791;,0.03365468915277699
PRKAA1,8,4,1,ARFIP1;S39;,0.033609076148391794
PRKAA1,8,4,1,SRSF10;S131;,0.0329413632689048
PRKAA1,8,4,1,RIPK2;S412;,0.03325409955001502
PRKAA1,8,4,1,CHD8;S549;,0.03308992737861034
PRKAA1,8,4,1,SLC4A7;S263;,0.03361146608284529
PRKAA1,8,4,1,SLC2A13;S44;,0.03361446980122606
PRKAA1,8,4,1,BAD;S171;,0.033031132229148503
PRKAA1,8,4,1,GATAD2A;S96;,0.033392131000657646
PRKAA1,8,4,1,SMCR8;S486;,0.03363714451140315
PRKAA1,8,4,1,PPAN;S233;,0.03328572440355067
PRKAA1,8,4,1,SH3PXD2A;S368;,0.03354899864569236
PRKAA1,8,4,1,STIM1;S257;,0.032943160824598784
PRKAA1,8,4,1,DCLK1;S30;,0.032944716170571264
PRKAA1,8,4,1,MAP4K4;S794;,0.03356075577774093
PRKAA1,8,4,1,MTFR1L;S235;,0.03363320071774781
PRKAA1,8,4,2,LIMA1;S603;,0.04385746700780481
PRKAA1,8,4,2,LOC312502;S138;,0.0009187444508352271
PRKAA1,8,4,2,PDLIM7;T215;,0.04317733036660231
PRKAA1,8,4,2,RAF1;S296;,0.04378130977578004
PRKAA1,8,4,2,BRD8;S274;,0.04368177378948535
PRKAA1,8,4,2,SAMD4B;S271;,0.04373092262432758
PRKAA1,8,4,2,COBL;S31;,0.0010598300393456727
PRKAA1,8,4,2,DNAJC2;T48;,0.03634413168807635
PRKAA1,8,4,2,PLEC;S4246;,0.04318048570364333
PRKAA1,8,4,2,AGAP3;S107;,0.04375621318539215
PRKAA1,8,4,2,EHD4;S459;,0.04404626973860548
PRKAA1,8,4,2,STMN1;S16;,0.04317890928746138
PRKAA1,8,4,2,LOC100911178;S1643;,0.04389285962752199
PRKAA1,8,4,2,TRIO;S2459;,0.04398452579375947
PRKAA1,8,4,2,FAM134C;S313;,0.0021082047009453667
PRKAA1,8,4,2,CIC;S1399;,0.04349970242989334
PRKAA1,8,4,2,BCL9L;S25;,0.04358880647926848
PRKAA1,8,4,2,NCOR2;S1747;,0.04393786409871789
PRKAA1,8,4,2,SVIL;S259;,0.043407643261691206
PRKAA1,8,4,2,RGD1560225;S763;,0.043178909262278596
PRKAA1,8,4,2,SIPA1L1;S1411;,0.0011936272126171158
PRKAA1,8,4,2,VIM;S430;,0.002178237298475648
PRKAA1,8,4,2,BICD2;S819;,0.0404330482568686
PRKAA1,8,4,2,MUSK;S690;,0.043564349222450734
PRKAA1,8,4,2,CEP68;S510;,0.043638106064471466
PRKAA1,8,4,2,SIPA1L1;S1408;,0.0017564707540468271
PRKAA1,8,4,2,PPAN;S240;,0.0009719498827811212
PRKAA1,8,4,2,FHOD1;S489;,0.04365043687860306
PRKAA1,8,4,2,ZC3HC1;T351;,0.0404868332901711
PRKAA1,8,4,2,PRRC2A;S765;,0.04381503782807849
PRKAA1,8,5,1,AKAP1;S103;,0.033304394701002125
PRKAA1,8,5,1,LOC100910104;S532;,0.033302955188744224
PRKAA1,8,5,1,MTFR1L;S100;,0.03339868907242444
PRKAA1,8,5,1,TBC1D1;S231;,0.03366705642425368
PRKAA1,8,5,1,TRAK1;S905;,0.03349823182110266
PRKAA1,8,5,1,DMXL1;S574;,0.03263077544332369
PRKAA1,8,5,1,BAIAP2L1;S380;,0.03286956247180487
PRKAA1,8,5,1,ACACA;S79;,0.03331268759278776
PRKAA1,8,5,1,TBC1D1;S662;,0.033770262681055666
PRKAA1,8,5,1,SMCR8;S488;,0.03345160567029959
PRKAA1,8,5,1,RGD1310016;S1171;,0.032870863090247095
PRKAA1,8,5,1,RGD1311783;S45;,0.03371122278153835
PRKAA1,8,5,1,YAP1;S46;,0.03330109565995554
PRKAA1,8,5,1,MAP4;S902;,0.033316988794283846
PRKAA1,8,5,1,MAP4K4;S791;,0.03372020179807228
PRKAA1,8,5,1,ARFIP1;S39;,0.033673525854930504
PRKAA1,8,5,1,SRSF10;S131;,0.03287184937479053
PRKAA1,8,5,1,RIPK2;S412;,0.03317672761474135
PRKAA1,8,5,1,CHD8;S549;,0.033012761699256744
PRKAA1,8,5,1,SLC4A7;S263;,0.033639865380776686
PRKAA1,8,5,1,SLC2A13;S44;,0.03365242761539197
PRKAA1,8,5,1,BAD;S171;,0.032911227702461625
PRKAA1,8,5,1,GATAD2A;S96;,0.033361492175692974
PRKAA1,8,5,1,SMCR8;S486;,0.03369962339900868
PRKAA1,8,5,1,PPAN;S233;,0.033310468635322596
PRKAA1,8,5,1,SH3PXD2A;S368;,0.033543713242674765
PRKAA1,8,5,1,STIM1;S257;,0.03287013073401966
PRKAA1,8,5,1,DCLK1;S30;,0.032871225587738674
PRKAA1,8,5,1,MAP4K4;S794;,0.03360919761295746
PRKAA1,8,5,1,MTFR1L;S235;,0.03366917017933998
PRKAA1,8,5,2,LIMA1;S603;,0.042983737250592624
PRKAA1,8,5,2,LOC312502;S138;,0.0009856221305857438
PRKAA1,8,5,2,PDLIM7;T215;,0.04276178287519302
PRKAA1,8,5,2,RAF1;S296;,0.04286693743381072
PRKAA1,8,5,2,BRD8;S274;,0.042904295729130265
PRKAA1,8,5,2,SAMD4B;S271;,0.042836606058323824
PRKAA1,8,5,2,COBL;S31;,0.0010932620027960694
PRKAA1,8,5,2,DNAJC2;T48;,0.04276457304253599
PRKAA1,8,5,2,PLEC;S4246;,0.04276336402522429
PRKAA1,8,5,2,AGAP3;S107;,0.04300594292170493
PRKAA1,8,5,2,EHD4;S459;,0.043347858620799436
PRKAA1,8,5,2,STMN1;S16;,0.04307967810943643
PRKAA1,8,5,2,LOC100911178;S1643;,0.04315339006683754
PRKAA1,8,5,2,TRIO;S2459;,0.043231629579222525
PRKAA1,8,5,2,FAM134C;S313;,0.003429619544352815
PRKAA1,8,5,2,CIC;S1399;,0.043386385309689114
PRKAA1,8,5,2,BCL9L;S25;,0.04276456527480202
PRKAA1,8,5,2,NCOR2;S1747;,0.04313214810546139
PRKAA1,8,5,2,SVIL;S259;,0.043058845892952446
PRKAA1,8,5,2,RGD1560225;S763;,0.04226721619853294
PRKAA1,8,5,2,SIPA1L1;S1411;,0.0011837825676150767
PRKAA1,8,5,2,VIM;S430;,0.0025001299086726838
PRKAA1,8,5,2,BICD2;S819;,0.042763763352733665
PRKAA1,8,5,2,MUSK;S690;,0.04295631978758772
PRKAA1,8,5,2,CEP68;S510;,0.04283991073109661
PRKAA1,8,5,2,SIPA1L1;S1408;,0.00183814482575234
PRKAA1,8,5,2,PPAN;S240;,0.0010781870674620778
PRKAA1,8,5,2,FHOD1;S489;,0.043228765781792085
PRKAA1,8,5,2,ZC3HC1;T351;,0.04236036292079788
PRKAA1,8,5,2,PRRC2A;S765;,0.04343317288450582
PRKAA1,9,1,1,AKAP1;S103;,0.035245684614180914
PRKAA1,9,1,1,LOC100910104;S532;,0.03455694954963714
PRKAA1,9,1,1,MTFR1L;S100;,0.03554822160855827
PRKAA1,9,1,1,TBC1D1;S231;,0.035493321681900274
PRKAA1,9,1,1,TRAK1;S905;,0.034605700375773756
PRKAA1,9,1,1,DMXL1;S574;,0.03257663233369547
PRKAA1,9,1,1,BAIAP2L1;S380;,0.032088211661937566
PRKAA1,9,1,1,ACACA;S79;,0.03348499017841877
PRKAA1,9,1,1,TBC1D1;S662;,0.03511593348702997
PRKAA1,9,1,1,SMCR8;S488;,0.03282865062470424
PRKAA1,9,1,1,RGD1310016;S1171;,0.03282551128747971
PRKAA1,9,1,1,RGD1311783;S45;,0.03385177707262789
PRKAA1,9,1,1,YAP1;S46;,0.03387959684602069
PRKAA1,9,1,1,MAP4;S902;,0.032363586425829045
PRKAA1,9,1,1,MAP4K4;S791;,0.03562430902451672
PRKAA1,9,1,1,ARFIP1;S39;,0.03355412565406146
PRKAA1,9,1,1,SRSF10;S131;,0.03282368418261406
PRKAA1,9,1,1,RIPK2;S412;,0.0328287322345727
PRKAA1,9,1,1,CHD8;S549;,0.0328244781126033
PRKAA1,9,1,1,SLC4A7;S263;,0.03430870579436344
PRKAA1,9,1,1,SLC2A13;S44;,0.033474204014916166
PRKAA1,9,1,1,BAD;S171;,0.03402977290898698
PRKAA1,9,1,1,GATAD2A;S96;,0.032826310913802385
PRKAA1,9,1,1,SMCR8;S486;,0.03286943240291987
PRKAA1,9,1,1,PPAN;S233;,0.032686017600930935
PRKAA1,9,1,1,SH3PXD2A;S368;,0.031954095877687494
PRKAA1,9,1,1,STIM1;S257;,0.02891385758918381
PRKAA1,9,1,1,DCLK1;S30;,0.030374880208259493
PRKAA1,9,1,1,MAP4K4;S794;,0.03220719821993502
PRKAA1,9,1,1,MTFR1L;S235;,0.034235427512852426
PRKAA1,9,1,2,ULK1;S465;,0.009709848387726457
PRKAA1,9,1,2,ZYX;S144;,0.03902634537621173
PRKAA1,9,1,2,MED1;S1468;,0.03902618136424606
PRKAA1,9,1,2,MAPK14;Y182;,0.03877337339375016
PRKAA1,9,1,2,AHNAK;S222;,0.010808583800567104
PRKAA1,9,1,2,CDKN1B;S12;,0.03900773306475356
PRKAA1,9,1,2,GOLGA4;S116;,0.010826545833981703
PRKAA1,9,1,2,PDS5B;S1176;,0.03892832037444198
PRKAA1,9,1,2,FHOD1;S504;,0.0388837579402511
PRKAA1,9,1,2,CAP2;S301;,0.03893547351934797
PRKAA1,9,1,2,EIF4B;T420;,0.03896328092679868
PRKAA1,9,1,2,MAP1A;T504;,0.0387737057009029
PRKAA1,9,1,2,ALKBH5;S362;,0.03877405542620868
PRKAA1,9,1,2,LOC100911178;S1643;,0.03897233330571261
PRKAA1,9,1,2,HBS1L;S147;,0.03903077793471494
PRKAA1,9,1,2,OPTN;S188;,0.012175295219714477
PRKAA1,9,1,2,AHNAK2;S425;,0.03896353031381266
PRKAA1,9,1,2,WNK1;S165;,0.03881097516897975
PRKAA1,9,1,2,ZZEF1;S1535;,0.038774421924330976
PRKAA1,9,1,2,SRPK2;S487;,0.03878502065593788
PRKAA1,9,1,2,FMN1;S589;,0.03897059980381297
PRKAA1,9,1,2,CDC42EP2;S137;,0.03879703341834089
PRKAA1,9,1,2,STIM1;S523;,0.01750348928039686
PRKAA1,9,1,2,MLLT4;S216;,0.039030011269151926
PRKAA1,9,1,2,FOSL2;T322;,0.03877390267652427
PRKAA1,9,1,2,TTN;S305;,0.015047151429212178
PRKAA1,9,1,2,EEF2K;S365;,0.02955088623653422
PRKAA1,9,1,2,BCL9L;S25;,0.03877510968415893
PRKAA1,9,1,2,ARHGAP5;S1202;,0.03882714688247854
PRKAA1,9,1,2,STAT3;S727;,0.03877510968699792
PRKAA1,9,2,1,AKAP1;S103;,0.03387403755236769
PRKAA1,9,2,1,LOC100910104;S532;,0.03379475751146892
PRKAA1,9,2,1,MTFR1L;S100;,0.03421703489666925
PRKAA1,9,2,1,TBC1D1;S231;,0.0342238108700814
PRKAA1,9,2,1,TRAK1;S905;,0.034094524647958584
PRKAA1,9,2,1,DMXL1;S574;,0.03316026983818305
PRKAA1,9,2,1,BAIAP2L1;S380;,0.032173235122754267
PRKAA1,9,2,1,ACACA;S79;,0.0336762317519589
PRKAA1,9,2,1,TBC1D1;S662;,0.03434785010100141
PRKAA1,9,2,1,SMCR8;S488;,0.03316299800647193
PRKAA1,9,2,1,RGD1310016;S1171;,0.03315977372821049
PRKAA1,9,2,1,RGD1311783;S45;,0.03370060497227059
PRKAA1,9,2,1,YAP1;S46;,0.03316194060122098
PRKAA1,9,2,1,MAP4;S902;,0.03381150821661147
PRKAA1,9,2,1,MAP4K4;S791;,0.03452504406595978
PRKAA1,9,2,1,ARFIP1;S39;,0.03311902165102241
PRKAA1,9,2,1,SRSF10;S131;,0.033036283852432534
PRKAA1,9,2,1,RIPK2;S412;,0.03401225262553409
PRKAA1,9,2,1,CHD8;S549;,0.03352712127817571
PRKAA1,9,2,1,SLC4A7;S263;,0.03407822208582222
PRKAA1,9,2,1,SLC2A13;S44;,0.03436552602515733
PRKAA1,9,2,1,BAD;S171;,0.033190132820028195
PRKAA1,9,2,1,GATAD2A;S96;,0.03202631216563868
PRKAA1,9,2,1,SMCR8;S486;,0.0331602928723556
PRKAA1,9,2,1,PPAN;S233;,0.03316240305777881
PRKAA1,9,2,1,SH3PXD2A;S368;,0.03415527905898727
PRKAA1,9,2,1,STIM1;S257;,0.033161537517338836
PRKAA1,9,2,1,DCLK1;S30;,0.0268217920559168
PRKAA1,9,2,1,MAP4K4;S794;,0.033161723238219816
PRKAA1,9,2,1,MTFR1L;S235;,0.03393847781240296
PRKAA1,9,2,2,ULK1;S465;,0.0038686074145192935
PRKAA1,9,2,2,ZYX;S144;,0.04154287908516101
PRKAA1,9,2,2,MED1;S1468;,0.041498861142474794
PRKAA1,9,2,2,MAPK14;Y182;,0.04120082534425087
PRKAA1,9,2,2,AHNAK;S222;,0.004030614413225131
PRKAA1,9,2,2,CDKN1B;S12;,0.04136356899811129
PRKAA1,9,2,2,GOLGA4;S116;,0.0040052797314250686
PRKAA1,9,2,2,PDS5B;S1176;,0.04132035744497491
PRKAA1,9,2,2,FHOD1;S504;,0.04132918579532089
PRKAA1,9,2,2,CAP2;S301;,0.04143832745789694
PRKAA1,9,2,2,EIF4B;T420;,0.04135078312473776
PRKAA1,9,2,2,MAP1A;T504;,0.041331424590768225
PRKAA1,9,2,2,ALKBH5;S362;,0.04088714887101409
PRKAA1,9,2,2,LOC100911178;S1643;,0.04144049418829314
PRKAA1,9,2,2,HBS1L;S147;,0.041480665872398424
PRKAA1,9,2,2,OPTN;S188;,0.00673280322253543
PRKAA1,9,2,2,AHNAK2;S425;,0.041446137813507894
PRKAA1,9,2,2,WNK1;S165;,0.04098652718257575
PRKAA1,9,2,2,ZZEF1;S1535;,0.04120084928907139
PRKAA1,9,2,2,SRPK2;S487;,0.04120164050095519
PRKAA1,9,2,2,FMN1;S589;,0.04147080918464404
PRKAA1,9,2,2,CDC42EP2;S137;,0.041253140138983735
PRKAA1,9,2,2,STIM1;S523;,0.004360928751134488
PRKAA1,9,2,2,MLLT4;S216;,0.0414554850024621
PRKAA1,9,2,2,FOSL2;T322;,0.041200663513740736
PRKAA1,9,2,2,TTN;S305;,0.004013933171199696
PRKAA1,9,2,2,EEF2K;S365;,0.022951336781730756
PRKAA1,9,2,2,BCL9L;S25;,0.041155949105482106
PRKAA1,9,2,2,ARHGAP5;S1202;,0.04127887831094532
PRKAA1,9,2,2,STAT3;S727;,0.0412018945564595
PRKAA1,9,3,1,AKAP1;S103;,0.03338673666757051
PRKAA1,9,3,1,LOC100910104;S532;,0.03346320517601748
PRKAA1,9,3,1,MTFR1L;S100;,0.033473292522965804
PRKAA1,9,3,1,TBC1D1;S231;,0.03361396578154735
PRKAA1,9,3,1,TRAK1;S905;,0.033564774907508296
PRKAA1,9,3,1,DMXL1;S574;,0.03304055912603821
PRKAA1,9,3,1,BAIAP2L1;S380;,0.03304122906625353
PRKAA1,9,3,1,ACACA;S79;,0.03305105035831583
PRKAA1,9,3,1,TBC1D1;S662;,0.03376545903466472
PRKAA1,9,3,1,SMCR8;S488;,0.03351822293934213
PRKAA1,9,3,1,RGD1310016;S1171;,0.033163719710542945
PRKAA1,9,3,1,RGD1311783;S45;,0.03370506767044804
PRKAA1,9,3,1,YAP1;S46;,0.03341340913316705
PRKAA1,9,3,1,MAP4;S902;,0.03304094889826457
PRKAA1,9,3,1,MAP4K4;S791;,0.03377521517131339
PRKAA1,9,3,1,ARFIP1;S39;,0.03354555892974965
PRKAA1,9,3,1,SRSF10;S131;,0.03304205574485934
PRKAA1,9,3,1,RIPK2;S412;,0.033222141211632375
PRKAA1,9,3,1,CHD8;S549;,0.03305529121104778
PRKAA1,9,3,1,SLC4A7;S263;,0.033591072488939236
PRKAA1,9,3,1,SLC2A13;S44;,0.033574709419168756
PRKAA1,9,3,1,BAD;S171;,0.033258731987646624
PRKAA1,9,3,1,GATAD2A;S96;,0.03354475842983724
PRKAA1,9,3,1,SMCR8;S486;,0.03364345157530498
PRKAA1,9,3,1,PPAN;S233;,0.03304074852283949
PRKAA1,9,3,1,SH3PXD2A;S368;,0.033287427132012964
PRKAA1,9,3,1,STIM1;S257;,0.03184070323603066
PRKAA1,9,3,1,DCLK1;S30;,0.033042732915113546
PRKAA1,9,3,1,MAP4K4;S794;,0.03360444316833745
PRKAA1,9,3,1,MTFR1L;S235;,0.03368931786351995
PRKAA1,9,3,2,ULK1;S465;,0.0010623484505394
PRKAA1,9,3,2,ZYX;S144;,0.042766097439941815
PRKAA1,9,3,2,MED1;S1468;,0.0427013765527041
PRKAA1,9,3,2,MAPK14;Y182;,0.042141467183902284
PRKAA1,9,3,2,AHNAK;S222;,0.0017788603845503624
PRKAA1,9,3,2,CDKN1B;S12;,0.04258710895467029
PRKAA1,9,3,2,GOLGA4;S116;,0.0014581290380541736
PRKAA1,9,3,2,PDS5B;S1176;,0.04248151003054435
PRKAA1,9,3,2,FHOD1;S504;,0.04244864741027961
PRKAA1,9,3,2,CAP2;S301;,0.04255644911136663
PRKAA1,9,3,2,EIF4B;T420;,0.042620376814204726
PRKAA1,9,3,2,MAP1A;T504;,0.04239070490535101
PRKAA1,9,3,2,ALKBH5;S362;,0.042141393652960525
PRKAA1,9,3,2,LOC100911178;S1643;,0.042612542631417984
PRKAA1,9,3,2,HBS1L;S147;,0.042738441349997505
PRKAA1,9,3,2,OPTN;S188;,0.0013212911203462332
PRKAA1,9,3,2,AHNAK2;S425;,0.04260153285191495
PRKAA1,9,3,2,WNK1;S165;,0.04214229291192571
PRKAA1,9,3,2,ZZEF1;S1535;,0.04205131235735559
PRKAA1,9,3,2,SRPK2;S487;,0.04223145185552676
PRKAA1,9,3,2,FMN1;S589;,0.04261168601423258
PRKAA1,9,3,2,CDC42EP2;S137;,0.042217361587895186
PRKAA1,9,3,2,STIM1;S523;,0.0022826755938585683
PRKAA1,9,3,2,MLLT4;S216;,0.04274044348276224
PRKAA1,9,3,2,FOSL2;T322;,0.04214267786617785
PRKAA1,9,3,2,TTN;S305;,0.0016927992382452552
PRKAA1,9,3,2,EEF2K;S365;,0.014850335299933718
PRKAA1,9,3,2,BCL9L;S25;,0.04214220455894758
PRKAA1,9,3,2,ARHGAP5;S1202;,0.042343390483768964
PRKAA1,9,3,2,STAT3;S727;,0.042143090866624315
PRKAA1,9,4,1,AKAP1;S103;,0.03318216467922026
PRKAA1,9,4,1,LOC100910104;S532;,0.03329316367950834
PRKAA1,9,4,1,MTFR1L;S100;,0.03342154216535452
PRKAA1,9,4,1,TBC1D1;S231;,0.03368720013662853
PRKAA1,9,4,1,TRAK1;S905;,0.03344586929469175
PRKAA1,9,4,1,DMXL1;S574;,0.032680110063617485
PRKAA1,9,4,1,BAIAP2L1;S380;,0.03284367170370889
PRKAA1,9,4,1,ACACA;S79;,0.03331781122728626
PRKAA1,9,4,1,TBC1D1;S662;,0.03378620316582571
PRKAA1,9,4,1,SMCR8;S488;,0.03349367167766039
PRKAA1,9,4,1,RGD1310016;S1171;,0.0329122899813693
PRKAA1,9,4,1,RGD1311783;S45;,0.03374984951193014
PRKAA1,9,4,1,YAP1;S46;,0.033277976277366214
PRKAA1,9,4,1,MAP4;S902;,0.03337838176332138
PRKAA1,9,4,1,MAP4K4;S791;,0.03375341627123791
PRKAA1,9,4,1,ARFIP1;S39;,0.03371830629946045
PRKAA1,9,4,1,SRSF10;S131;,0.03260292792062409
PRKAA1,9,4,1,RIPK2;S412;,0.03308364968670016
PRKAA1,9,4,1,CHD8;S549;,0.032825304535603436
PRKAA1,9,4,1,SLC4A7;S263;,0.03374144844365072
PRKAA1,9,4,1,SLC2A13;S44;,0.0336634970102321
PRKAA1,9,4,1,BAD;S171;,0.03295186063765576
PRKAA1,9,4,1,GATAD2A;S96;,0.03346204650382042
PRKAA1,9,4,1,SMCR8;S486;,0.03372606004768626
PRKAA1,9,4,1,PPAN;S233;,0.03340299924088222
PRKAA1,9,4,1,SH3PXD2A;S368;,0.03355119860440703
PRKAA1,9,4,1,STIM1;S257;,0.03284352863920054
PRKAA1,9,4,1,DCLK1;S30;,0.032844636488107114
PRKAA1,9,4,1,MAP4K4;S794;,0.033648545446930724
PRKAA1,9,4,1,MTFR1L;S235;,0.03371066889631187
PRKAA1,9,4,2,ULK1;S465;,0.0010849349407905363
PRKAA1,9,4,2,ZYX;S144;,0.04267337032230016
PRKAA1,9,4,2,MED1;S1468;,0.04261859281922875
PRKAA1,9,4,2,MAPK14;Y182;,0.04214710599137281
PRKAA1,9,4,2,AHNAK;S222;,0.0013803238752907487
PRKAA1,9,4,2,CDKN1B;S12;,0.042490908435752935
PRKAA1,9,4,2,GOLGA4;S116;,0.0013369353142306316
PRKAA1,9,4,2,PDS5B;S1176;,0.04243621002095912
PRKAA1,9,4,2,FHOD1;S504;,0.04240197610276523
PRKAA1,9,4,2,CAP2;S301;,0.042488657946999166
PRKAA1,9,4,2,EIF4B;T420;,0.042559467247567165
PRKAA1,9,4,2,MAP1A;T504;,0.042383539978942196
PRKAA1,9,4,2,ALKBH5;S362;,0.04214803219509348
PRKAA1,9,4,2,LOC100911178;S1643;,0.04252663196564463
PRKAA1,9,4,2,HBS1L;S147;,0.042637557168564995
PRKAA1,9,4,2,OPTN;S188;,0.0012097352111045815
PRKAA1,9,4,2,AHNAK2;S425;,0.04252193500761065
PRKAA1,9,4,2,WNK1;S165;,0.0421671245537175
PRKAA1,9,4,2,ZZEF1;S1535;,0.04214637407286526
PRKAA1,9,4,2,SRPK2;S487;,0.04225082028245714
PRKAA1,9,4,2,FMN1;S589;,0.04252899600483621
PRKAA1,9,4,2,CDC42EP2;S137;,0.0422625297907836
PRKAA1,9,4,2,STIM1;S523;,0.00178945782422277
PRKAA1,9,4,2,MLLT4;S216;,0.042644371874693054
PRKAA1,9,4,2,FOSL2;T322;,0.042145695623235016
PRKAA1,9,4,2,TTN;S305;,0.0014529082842673852
PRKAA1,9,4,2,EEF2K;S365;,0.016947877238373828
PRKAA1,9,4,2,BCL9L;S25;,0.04214637408612112
PRKAA1,9,4,2,ARHGAP5;S1202;,0.04232649013664192
PRKAA1,9,4,2,STAT3;S727;,0.042145065683567344
PRKAA1,9,5,1,AKAP1;S103;,0.03354706427134103
PRKAA1,9,5,1,LOC100910104;S532;,0.033545645392374125
PRKAA1,9,5,1,MTFR1L;S100;,0.033535575410836106
PRKAA1,9,5,1,TBC1D1;S231;,0.033645894399897285
PRKAA1,9,5,1,TRAK1;S905;,0.0336621117399215
PRKAA1,9,5,1,DMXL1;S574;,0.03312246513239511
PRKAA1,9,5,1,BAIAP2L1;S380;,0.0326718009263295
PRKAA1,9,5,1,ACACA;S79;,0.03328791842036927
PRKAA1,9,5,1,TBC1D1;S662;,0.0337345967654688
PRKAA1,9,5,1,SMCR8;S488;,0.03317155115065732
PRKAA1,9,5,1,RGD1310016;S1171;,0.03312254947263897
PRKAA1,9,5,1,RGD1311783;S45;,0.033649445100515214
PRKAA1,9,5,1,YAP1;S46;,0.03334938492475457
PRKAA1,9,5,1,MAP4;S902;,0.03344380664324771
PRKAA1,9,5,1,MAP4K4;S791;,0.03368231303766923
PRKAA1,9,5,1,ARFIP1;S39;,0.033541306813673046
PRKAA1,9,5,1,SRSF10;S131;,0.033213624089336306
PRKAA1,9,5,1,RIPK2;S412;,0.03352800391705122
PRKAA1,9,5,1,CHD8;S549;,0.03345659740512873
PRKAA1,9,5,1,SLC4A7;S263;,0.03363064229539644
PRKAA1,9,5,1,SLC2A13;S44;,0.033741144624444636
PRKAA1,9,5,1,BAD;S171;,0.03312410874149098
PRKAA1,9,5,1,GATAD2A;S96;,0.033123577632524645
PRKAA1,9,5,1,SMCR8;S486;,0.03338267245149053
PRKAA1,9,5,1,PPAN;S233;,0.03327395282149953
PRKAA1,9,5,1,SH3PXD2A;S368;,0.03361022837918926
PRKAA1,9,5,1,STIM1;S257;,0.033125167487035395
PRKAA1,9,5,1,DCLK1;S30;,0.030931602651902812
PRKAA1,9,5,1,MAP4K4;S794;,0.03344680808528503
PRKAA1,9,5,1,MTFR1L;S235;,0.03369843981613576
PRKAA1,9,5,2,ULK1;S465;,0.0011033295973863404
PRKAA1,9,5,2,ZYX;S144;,0.043255299135240226
PRKAA1,9,5,2,MED1;S1468;,0.043203983865068754
PRKAA1,9,5,2,MAPK14;Y182;,0.03266347347949612
PRKAA1,9,5,2,AHNAK;S222;,0.001443903753554113
PRKAA1,9,5,2,CDKN1B;S12;,0.04308005241572266
PRKAA1,9,5,2,GOLGA4;S116;,0.001219655888980612
PRKAA1,9,5,2,PDS5B;S1176;,0.04283082629862066
PRKAA1,9,5,2,FHOD1;S504;,0.0430108018267705
PRKAA1,9,5,2,CAP2;S301;,0.043163993853757215
PRKAA1,9,5,2,EIF4B;T420;,0.04302219042940587
PRKAA1,9,5,2,MAP1A;T504;,0.04282636521407582
PRKAA1,9,5,2,ALKBH5;S362;,0.04204448304335382
PRKAA1,9,5,2,LOC100911178;S1643;,0.04320295096057318
PRKAA1,9,5,2,HBS1L;S147;,0.04324427857050883
PRKAA1,9,5,2,OPTN;S188;,0.0014857545394082717
PRKAA1,9,5,2,AHNAK2;S425;,0.043213939251318
PRKAA1,9,5,2,WNK1;S165;,0.04254081616354149
PRKAA1,9,5,2,ZZEF1;S1535;,0.04219647691237492
PRKAA1,9,5,2,SRPK2;S487;,0.04254072707971421
PRKAA1,9,5,2,FMN1;S589;,0.043191169493037695
PRKAA1,9,5,2,CDC42EP2;S137;,0.04260108470894685
PRKAA1,9,5,2,STIM1;S523;,0.0016713172025911677
PRKAA1,9,5,2,MLLT4;S216;,0.04317914624195695
PRKAA1,9,5,2,FOSL2;T322;,0.04254272950027749
PRKAA1,9,5,2,TTN;S305;,0.0015522314486836012
PRKAA1,9,5,2,EEF2K;S365;,0.01603115048423469
PRKAA1,9,5,2,BCL9L;S25;,0.04254173273294835
PRKAA1,9,5,2,ARHGAP5;S1202;,0.042855279861308264
PRKAA1,9,5,2,STAT3;S727;,0.04254085604714348
PRKAA1,10,1,1,AKAP1;S103;,0.03443825286709232
PRKAA1,10,1,1,LOC100910104;S532;,0.03393067384927398
PRKAA1,10,1,1,MTFR1L;S100;,0.03461658900109083
PRKAA1,10,1,1,TBC1D1;S231;,0.03455463072826283
PRKAA1,10,1,1,TRAK1;S905;,0.03448158876655917
PRKAA1,10,1,1,DMXL1;S574;,0.03271061879018564
PRKAA1,10,1,1,BAIAP2L1;S380;,0.031820678612858595
PRKAA1,10,1,1,ACACA;S79;,0.03358500686931328
PRKAA1,10,1,1,TBC1D1;S662;,0.03468015385428974
PRKAA1,10,1,1,SMCR8;S488;,0.032718196819704684
PRKAA1,10,1,1,RGD1310016;S1171;,0.03340916034429571
PRKAA1,10,1,1,RGD1311783;S45;,0.03334669295692287
PRKAA1,10,1,1,YAP1;S46;,0.0333500827067879
PRKAA1,10,1,1,MAP4;S902;,0.0327181979387838
PRKAA1,10,1,1,MAP4K4;S791;,0.034601267518233905
PRKAA1,10,1,1,ARFIP1;S39;,0.033419359623529994
PRKAA1,10,1,1,SRSF10;S131;,0.032759622039178316
PRKAA1,10,1,1,RIPK2;S412;,0.03271884349153665
PRKAA1,10,1,1,CHD8;S549;,0.03271676622134236
PRKAA1,10,1,1,SLC4A7;S263;,0.034282589393379935
PRKAA1,10,1,1,SLC2A13;S44;,0.03332269858706176
PRKAA1,10,1,1,BAD;S171;,0.03371245686266332
PRKAA1,10,1,1,GATAD2A;S96;,0.03394195021603431
PRKAA1,10,1,1,SMCR8;S486;,0.03271482955335197
PRKAA1,10,1,1,PPAN;S233;,0.03272261428187972
PRKAA1,10,1,1,SH3PXD2A;S368;,0.032715015704756024
PRKAA1,10,1,1,STIM1;S257;,0.03109634336595649
PRKAA1,10,1,1,DCLK1;S30;,0.032036988361861335
PRKAA1,10,1,1,MAP4K4;S794;,0.03271657017071191
PRKAA1,10,1,1,MTFR1L;S235;,0.0341615605031005
PRKAA1,10,1,2,GOLGA4;S116;,0.007437760035476099
PRKAA1,10,1,2,ABLIM3;S575;,0.026947848381358847
PRKAA1,10,1,2,LARP4B;S498;,0.03769518025290727
PRKAA1,10,1,2,AHNAK;S4597;,0.037772356751720575
PRKAA1,10,1,2,SYNPO2L;S401;,0.037632742217742016
PRKAA1,10,1,2,HECTD1;S1393;,0.03771950753805899
PRKAA1,10,1,2,LMNA;S404;,0.03757105818160591
PRKAA1,10,1,2,LOC312502;S483;,0.037540167383746804
PRKAA1,10,1,2,NES;S1131;,0.008109059050144453
PRKAA1,10,1,2,GSK3A;S21;,0.03754169156679894
PRKAA1,10,1,2,LRRFIP2;T136;,0.037542174508328016
PRKAA1,10,1,2,LOC685707;S1251;,0.03754056508482271
PRKAA1,10,1,2,NACA;S1454;,0.03754052330072041
PRKAA1,10,1,2,CCDC91;S71;,0.037838743365443996
PRKAA1,10,1,2,FOXK1;S225;,0.03760902645555805
PRKAA1,10,1,2,HOMER3;S158;,0.03754205476702731
PRKAA1,10,1,2,ULK1;S450;,0.03777769496833311
PRKAA1,10,1,2,FAM171A2;S423;,0.03782065882615499
PRKAA1,10,1,2,SLK;S778;,0.0077396629168259585
PRKAA1,10,1,2,ZYX;S144;,0.03794359408758822
PRKAA1,10,1,2,HBP1;S401;,0.03759234655119891
PRKAA1,10,1,2,KDM5C;S316;,0.03767238003196126
PRKAA1,10,1,2,MUSK;S689;,0.037898190466080374
PRKAA1,10,1,2,HUWE1;T3903;,0.037540217212051356
PRKAA1,10,1,2,SIPA1L1;S1411;,0.007864432516924017
PRKAA1,10,1,2,DLG2;S328;,0.03778450687010969
PRKAA1,10,1,2,LOC100910104;S475;,0.03776312158666413
PRKAA1,10,1,2,PRKAA1;S496;,0.037693253833246336
PRKAA1,10,1,2,RGD1307838;S900;,0.03754057680454727
PRKAA1,10,1,2,CAP2;S301;,0.037788904486854125
PRKAA1,10,2,1,AKAP1;S103;,0.03372916107330699
PRKAA1,10,2,1,LOC100910104;S532;,0.033594851972552124
PRKAA1,10,2,1,MTFR1L;S100;,0.03367514896567655
PRKAA1,10,2,1,TBC1D1;S231;,0.033652492842420105
PRKAA1,10,2,1,TRAK1;S905;,0.03367435643346808
PRKAA1,10,2,1,DMXL1;S574;,0.03309850237560215
PRKAA1,10,2,1,BAIAP2L1;S380;,0.03309933894941841
PRKAA1,10,2,1,ACACA;S79;,0.03329023370082415
PRKAA1,10,2,1,TBC1D1;S662;,0.03377826358790749
PRKAA1,10,2,1,SMCR8;S488;,0.03294866251113685
PRKAA1,10,2,1,RGD1310016;S1171;,0.03317113761579885
PRKAA1,10,2,1,RGD1311783;S45;,0.033595714039959194
PRKAA1,10,2,1,YAP1;S46;,0.033458742263960645
PRKAA1,10,2,1,MAP4;S902;,0.03333523495409838
PRKAA1,10,2,1,MAP4K4;S791;,0.03373241639640269
PRKAA1,10,2,1,ARFIP1;S39;,0.03345908588520658
PRKAA1,10,2,1,SRSF10;S131;,0.0334071153819556
PRKAA1,10,2,1,RIPK2;S412;,0.0334671317632449
PRKAA1,10,2,1,CHD8;S549;,0.03356066897951479
PRKAA1,10,2,1,SLC4A7;S263;,0.033613666177763776
PRKAA1,10,2,1,SLC2A13;S44;,0.0337107248681213
PRKAA1,10,2,1,BAD;S171;,0.03325776353818004
PRKAA1,10,2,1,GATAD2A;S96;,0.03309852535588426
PRKAA1,10,2,1,SMCR8;S486;,0.03340867597887049
PRKAA1,10,2,1,PPAN;S233;,0.03328045381319753
PRKAA1,10,2,1,SH3PXD2A;S368;,0.033562913129161875
PRKAA1,10,2,1,STIM1;S257;,0.03309423258096996
PRKAA1,10,2,1,DCLK1;S30;,0.030119128571926442
PRKAA1,10,2,1,MAP4K4;S794;,0.03343123553071448
PRKAA1,10,2,1,MTFR1L;S235;,0.033694420762755285
PRKAA1,10,2,2,GOLGA4;S116;,0.0024152016601411987
PRKAA1,10,2,2,ABLIM3;S575;,0.014348187904014783
PRKAA1,10,2,2,LARP4B;S498;,0.039136820448606446
PRKAA1,10,2,2,AHNAK;S4597;,0.0392730835667322
PRKAA1,10,2,2,SYNPO2L;S401;,0.039124619060328436
PRKAA1,10,2,2,HECTD1;S1393;,0.039117421622462935
PRKAA1,10,2,2,LMNA;S404;,0.03896562946516531
PRKAA1,10,2,2,LOC312502;S483;,0.03893849228740635
PRKAA1,10,2,2,NES;S1131;,0.0028181689032983964
PRKAA1,10,2,2,GSK3A;S21;,0.03893888599040082
PRKAA1,10,2,2,LRRFIP2;T136;,0.03769420835280246
PRKAA1,10,2,2,LOC685707;S1251;,0.038968869268038685
PRKAA1,10,2,2,NACA;S1454;,0.03883158359920843
PRKAA1,10,2,2,CCDC91;S71;,0.03929444589233087
PRKAA1,10,2,2,FOXK1;S225;,0.0389895578868361
PRKAA1,10,2,2,HOMER3;S158;,0.03808453444046507
PRKAA1,10,2,2,ULK1;S450;,0.03926660674000124
PRKAA1,10,2,2,FAM171A2;S423;,0.03924257912311873
PRKAA1,10,2,2,SLK;S778;,0.00250583979880391
PRKAA1,10,2,2,ZYX;S144;,0.03948112805813803
PRKAA1,10,2,2,HBP1;S401;,0.039043552377659815
PRKAA1,10,2,2,KDM5C;S316;,0.03893902391125031
PRKAA1,10,2,2,MUSK;S689;,0.03920476964133222
PRKAA1,10,2,2,HUWE1;T3903;,0.0389374180012425
PRKAA1,10,2,2,SIPA1L1;S1411;,0.002675269087907825
PRKAA1,10,2,2,DLG2;S328;,0.03923451947735352
PRKAA1,10,2,2,LOC100910104;S475;,0.03926580998429575
PRKAA1,10,2,2,PRKAA1;S496;,0.03919357931077216
PRKAA1,10,2,2,RGD1307838;S900;,0.038938908955590566
PRKAA1,10,2,2,CAP2;S301;,0.03913128518429477
PRKAA1,10,3,1,AKAP1;S103;,0.03321400483387074
PRKAA1,10,3,1,LOC100910104;S532;,0.033409475999789474
PRKAA1,10,3,1,MTFR1L;S100;,0.03345161195351688
PRKAA1,10,3,1,TBC1D1;S231;,0.03364038473316147
PRKAA1,10,3,1,TRAK1;S905;,0.033505710811802154
PRKAA1,10,3,1,DMXL1;S574;,0.03316696423934741
PRKAA1,10,3,1,BAIAP2L1;S380;,0.032839062451656714
PRKAA1,10,3,1,ACACA;S79;,0.03316540949820477
PRKAA1,10,3,1,TBC1D1;S662;,0.03375802811735216
PRKAA1,10,3,1,SMCR8;S488;,0.03356101963723853
PRKAA1,10,3,1,RGD1310016;S1171;,0.03319904045103482
PRKAA1,10,3,1,RGD1311783;S45;,0.03369534427374218
PRKAA1,10,3,1,YAP1;S46;,0.03336185185245478
PRKAA1,10,3,1,MAP4;S902;,0.03316652183128344
PRKAA1,10,3,1,MAP4K4;S791;,0.03376024134527056
PRKAA1,10,3,1,ARFIP1;S39;,0.03359494924813874
PRKAA1,10,3,1,SRSF10;S131;,0.03262465264718913
PRKAA1,10,3,1,RIPK2;S412;,0.03316623161355
PRKAA1,10,3,1,CHD8;S549;,0.03280285722131175
PRKAA1,10,3,1,SLC4A7;S263;,0.03364707574896828
PRKAA1,10,3,1,SLC2A13;S44;,0.03362031689326057
PRKAA1,10,3,1,BAD;S171;,0.03330797574611078
PRKAA1,10,3,1,GATAD2A;S96;,0.033560830966124784
PRKAA1,10,3,1,SMCR8;S486;,0.0336075693565595
PRKAA1,10,3,1,PPAN;S233;,0.033129718196747086
PRKAA1,10,3,1,SH3PXD2A;S368;,0.033417338941716154
PRKAA1,10,3,1,STIM1;S257;,0.03224933347482309
PRKAA1,10,3,1,DCLK1;S30;,0.0331659538489465
PRKAA1,10,3,1,MAP4K4;S794;,0.03352831958808861
PRKAA1,10,3,1,MTFR1L;S235;,0.03368220447873897
PRKAA1,10,3,2,GOLGA4;S116;,0.0013982583266810356
PRKAA1,10,3,2,ABLIM3;S575;,0.010403484003780224
PRKAA1,10,3,2,LARP4B;S498;,0.03938072632659609
PRKAA1,10,3,2,AHNAK;S4597;,0.039583976963760245
PRKAA1,10,3,2,SYNPO2L;S401;,0.0393855409883427
PRKAA1,10,3,2,HECTD1;S1393;,0.039382755413030136
PRKAA1,10,3,2,LMNA;S404;,0.039200728218922724
PRKAA1,10,3,2,LOC312502;S483;,0.03920073705731556
PRKAA1,10,3,2,NES;S1131;,0.001027138688766712
PRKAA1,10,3,2,GSK3A;S21;,0.038924090899268335
PRKAA1,10,3,2,LRRFIP2;T136;,0.03919855559123927
PRKAA1,10,3,2,LOC685707;S1251;,0.039126860994509155
PRKAA1,10,3,2,NACA;S1454;,0.039199724261582594
PRKAA1,10,3,2,CCDC91;S71;,0.039618572229730475
PRKAA1,10,3,2,FOXK1;S225;,0.03924555603561226
PRKAA1,10,3,2,HOMER3;S158;,0.03919949375414864
PRKAA1,10,3,2,ULK1;S450;,0.039595754178761856
PRKAA1,10,3,2,FAM171A2;S423;,0.03967583591134521
PRKAA1,10,3,2,SLK;S778;,0.0012797459197165803
PRKAA1,10,3,2,ZYX;S144;,0.03985597992896412
PRKAA1,10,3,2,HBP1;S401;,0.03920451135725189
PRKAA1,10,3,2,KDM5C;S316;,0.03943190680915471
PRKAA1,10,3,2,MUSK;S689;,0.03970094673171923
PRKAA1,10,3,2,HUWE1;T3903;,0.03919764980436957
PRKAA1,10,3,2,SIPA1L1;S1411;,0.0013538177280343956
PRKAA1,10,3,2,DLG2;S328;,0.03956698972077751
PRKAA1,10,3,2,LOC100910104;S475;,0.039529511056155146
PRKAA1,10,3,2,PRKAA1;S496;,0.03941802840132967
PRKAA1,10,3,2,RGD1307838;S900;,0.03919747283978887
PRKAA1,10,3,2,CAP2;S301;,0.03951564985934518
PRKAA1,10,4,1,AKAP1;S103;,0.033551566608513946
PRKAA1,10,4,1,LOC100910104;S532;,0.03363696769959544
PRKAA1,10,4,1,MTFR1L;S100;,0.03354322787426429
PRKAA1,10,4,1,TBC1D1;S231;,0.033674522432806955
PRKAA1,10,4,1,TRAK1;S905;,0.03370485547971158
PRKAA1,10,4,1,DMXL1;S574;,0.03300071735176693
PRKAA1,10,4,1,BAIAP2L1;S380;,0.0329332763153646
PRKAA1,10,4,1,ACACA;S79;,0.033009459963788554
PRKAA1,10,4,1,TBC1D1;S662;,0.03390289548679761
PRKAA1,10,4,1,SMCR8;S488;,0.03348929500809261
PRKAA1,10,4,1,RGD1310016;S1171;,0.03317743327243067
PRKAA1,10,4,1,RGD1311783;S45;,0.03379861268110001
PRKAA1,10,4,1,YAP1;S46;,0.03339441959863977
PRKAA1,10,4,1,MAP4;S902;,0.03290186675792904
PRKAA1,10,4,1,MAP4K4;S791;,0.03393396742806728
PRKAA1,10,4,1,ARFIP1;S39;,0.033529465253718346
PRKAA1,10,4,1,SRSF10;S131;,0.03300199803838814
PRKAA1,10,4,1,RIPK2;S412;,0.03313654373397508
PRKAA1,10,4,1,CHD8;S549;,0.033033249414476516
PRKAA1,10,4,1,SLC4A7;S263;,0.03363779833227847
PRKAA1,10,4,1,SLC2A13;S44;,0.033618472962722266
PRKAA1,10,4,1,BAD;S171;,0.03327098969313523
PRKAA1,10,4,1,GATAD2A;S96;,0.033631513752408256
PRKAA1,10,4,1,SMCR8;S486;,0.03368490428454506
PRKAA1,10,4,1,PPAN;S233;,0.03299955665261047
PRKAA1,10,4,1,SH3PXD2A;S368;,0.03321946792979168
PRKAA1,10,4,1,STIM1;S257;,0.03144749217273003
PRKAA1,10,4,1,DCLK1;S30;,0.03269088738562122
PRKAA1,10,4,1,MAP4K4;S794;,0.03368078426631873
PRKAA1,10,4,1,MTFR1L;S235;,0.03376379216841128
PRKAA1,10,4,2,GOLGA4;S116;,0.0019687284415647287
PRKAA1,10,4,2,ABLIM3;S575;,0.018699741441692834
PRKAA1,10,4,2,LARP4B;S498;,0.03897670903260992
PRKAA1,10,4,2,AHNAK;S4597;,0.0390817920846912
PRKAA1,10,4,2,SYNPO2L;S401;,0.0388958632775243
PRKAA1,10,4,2,HECTD1;S1393;,0.03901700983348191
PRKAA1,10,4,2,LMNA;S404;,0.03882789553243633
PRKAA1,10,4,2,LOC312502;S483;,0.03879362552828359
PRKAA1,10,4,2,NES;S1131;,0.001711802482199743
PRKAA1,10,4,2,GSK3A;S21;,0.038794211919674255
PRKAA1,10,4,2,LRRFIP2;T136;,0.038792404381619336
PRKAA1,10,4,2,LOC685707;S1251;,0.03879283765589261
PRKAA1,10,4,2,NACA;S1454;,0.038794598875261876
PRKAA1,10,4,2,CCDC91;S71;,0.03917240461060599
PRKAA1,10,4,2,FOXK1;S225;,0.03888009429618443
PRKAA1,10,4,2,HOMER3;S158;,0.038793715743281144
PRKAA1,10,4,2,ULK1;S450;,0.03911345322189099
PRKAA1,10,4,2,FAM171A2;S423;,0.03912472471712767
PRKAA1,10,4,2,SLK;S778;,0.0018045280967523502
PRKAA1,10,4,2,ZYX;S144;,0.03927704955483788
PRKAA1,10,4,2,HBP1;S401;,0.038870478445564884
PRKAA1,10,4,2,KDM5C;S316;,0.03897755871533911
PRKAA1,10,4,2,MUSK;S689;,0.03922285399294671
PRKAA1,10,4,2,HUWE1;T3903;,0.03879371577019747
PRKAA1,10,4,2,SIPA1L1;S1411;,0.0017406688733708256
PRKAA1,10,4,2,DLG2;S328;,0.03909796022559625
PRKAA1,10,4,2,LOC100910104;S475;,0.03907531994466667
PRKAA1,10,4,2,PRKAA1;S496;,0.03897639222321995
PRKAA1,10,4,2,RGD1307838;S900;,0.03882630723815351
PRKAA1,10,4,2,CAP2;S301;,0.0391055538433314
PRKAA1,10,5,1,AKAP1;S103;,0.033462557080456375
PRKAA1,10,5,1,LOC100910104;S532;,0.03349290628462175
PRKAA1,10,5,1,MTFR1L;S100;,0.033512475527642374
PRKAA1,10,5,1,TBC1D1;S231;,0.03364760561108768
PRKAA1,10,5,1,TRAK1;S905;,0.03353470731962497
PRKAA1,10,5,1,DMXL1;S574;,0.03296694614987093
PRKAA1,10,5,1,BAIAP2L1;S380;,0.033061831223845775
PRKAA1,10,5,1,ACACA;S79;,0.03330593260060342
PRKAA1,10,5,1,TBC1D1;S662;,0.03374184432790074
PRKAA1,10,5,1,SMCR8;S488;,0.033257537021281966
PRKAA1,10,5,1,RGD1310016;S1171;,0.03305901797570148
PRKAA1,10,5,1,RGD1311783;S45;,0.03373164304505651
PRKAA1,10,5,1,YAP1;S46;,0.03346384422365177
PRKAA1,10,5,1,MAP4;S902;,0.033423920601973155
PRKAA1,10,5,1,MAP4K4;S791;,0.03370760298873316
PRKAA1,10,5,1,ARFIP1;S39;,0.03364318787284074
PRKAA1,10,5,1,SRSF10;S131;,0.03301747716450731
PRKAA1,10,5,1,RIPK2;S412;,0.03332885853971071
PRKAA1,10,5,1,CHD8;S549;,0.03329914311087217
PRKAA1,10,5,1,SLC4A7;S263;,0.033636156065085625
PRKAA1,10,5,1,SLC2A13;S44;,0.03372988533547203
PRKAA1,10,5,1,BAD;S171;,0.03309352030973584
PRKAA1,10,5,1,GATAD2A;S96;,0.03306153363635341
PRKAA1,10,5,1,SMCR8;S486;,0.03364664556917375
PRKAA1,10,5,1,PPAN;S233;,0.03337966993773644
PRKAA1,10,5,1,SH3PXD2A;S368;,0.033638911687864696
PRKAA1,10,5,1,STIM1;S257;,0.03305984873616431
PRKAA1,10,5,1,DCLK1;S30;,0.03083783358164135
PRKAA1,10,5,1,MAP4K4;S794;,0.033577907619037735
PRKAA1,10,5,1,MTFR1L;S235;,0.03367904885175162
PRKAA1,10,5,2,GOLGA4;S116;,0.0011348165562303611
PRKAA1,10,5,2,ABLIM3;S575;,0.013801366672406846
PRKAA1,10,5,2,LARP4B;S498;,0.03923619271013417
PRKAA1,10,5,2,AHNAK;S4597;,0.03942555820484218
PRKAA1,10,5,2,SYNPO2L;S401;,0.039244456273566056
PRKAA1,10,5,2,HECTD1;S1393;,0.03926363661679498
PRKAA1,10,5,2,LMNA;S404;,0.039084862411247145
PRKAA1,10,5,2,LOC312502;S483;,0.03908395787203328
PRKAA1,10,5,2,NES;S1131;,0.0011112216672248198
PRKAA1,10,5,2,GSK3A;S21;,0.03886541787192623
PRKAA1,10,5,2,LRRFIP2;T136;,0.039084499884166395
PRKAA1,10,5,2,LOC685707;S1251;,0.039084414144053434
PRKAA1,10,5,2,NACA;S1454;,0.039084575965315276
PRKAA1,10,5,2,CCDC91;S71;,0.03952223405529449
PRKAA1,10,5,2,FOXK1;S225;,0.039187764971549736
PRKAA1,10,5,2,HOMER3;S158;,0.03908494333268714
PRKAA1,10,5,2,ULK1;S450;,0.03946419504275465
PRKAA1,10,5,2,FAM171A2;S423;,0.03952400658910529
PRKAA1,10,5,2,SLK;S778;,0.0011608250965938456
PRKAA1,10,5,2,ZYX;S144;,0.039674460220995064
PRKAA1,10,5,2,HBP1;S401;,0.03913724206248747
PRKAA1,10,5,2,KDM5C;S316;,0.03927376403238599
PRKAA1,10,5,2,MUSK;S689;,0.03959694193590532
PRKAA1,10,5,2,HUWE1;T3903;,0.03908510755729244
PRKAA1,10,5,2,SIPA1L1;S1411;,0.0011282411583635834
PRKAA1,10,5,2,DLG2;S328;,0.03945810825649047
PRKAA1,10,5,2,LOC100910104;S475;,0.03937018533925601
PRKAA1,10,5,2,PRKAA1;S496;,0.03929559231180748
PRKAA1,10,5,2,RGD1307838;S900;,0.03908523539464376
PRKAA1,10,5,2,CAP2;S301;,0.03944617579244603
