kinase,ensemble,site,decision_value_class_1
MAPK1,1,AAK1;S677;,-1.1722150350136675
MAPK1,1,ABCC4;S604;,0.723026942127478
MAPK1,1,ABI2;S165;,-1.2471449451399046
MAPK1,1,ABI2;S168;,-1.0006916289281895
MAPK1,1,ABL2;S799;,-1.3972782363404748
MAPK1,1,ABLIM3;S566;,0.3433446019476962
MAPK1,1,ABLIM3;S575;,-1.3383944287059184
MAPK1,1,ACACA;S79;,-0.8392889746677945
MAPK1,1,ACIN1;S711;,-1.3291620764850358
MAPK1,1,ADD1;S613;,-0.33868894877975775
MAPK1,1,ADD1;T614;,0.7728517942300133
MAPK1,1,ADNP;S971;,0.3387599562628617
MAPK1,1,AFF4;S823;,-0.9561838032788896
MAPK1,1,AGAP3;S107;,0.49506609178024674
MAPK1,1,AHCTF1;S1214;,-1.0087605360355258
MAPK1,1,AHNAK;S1191;,-0.7612251310770053
MAPK1,1,AHNAK;S177;,-1.1966619659717292
MAPK1,1,AHNAK;S2060;,0.26970273358150243
MAPK1,1,AHNAK;S211;,-1.229034304428859
MAPK1,1,AHNAK;S2117;,-0.7584149844026864
MAPK1,1,AHNAK;S222;,-0.9520707793583965
MAPK1,1,AHNAK;S3915;,-0.008637110383101998
MAPK1,1,AHNAK;S42;,0.30585751646625914
MAPK1,1,AHNAK;S4597;,0.46364376766899695
MAPK1,1,AHNAK;S5243;,0.5924545763153748
MAPK1,1,AHNAK;T4049;,-0.3392274228461948
MAPK1,1,AHNAK2;S425;,0.2585035486164202
MAPK1,1,AHNAK2;T438;,-0.5722018051304522
MAPK1,1,AIMP1;S110;,-1.4693265873193275
MAPK1,1,AJUBA;S129;,0.8523477000098072
MAPK1,1,AKAP1;S103;,-0.8452079620834339
MAPK1,1,AKAP10;S278;,-0.8106544333323269
MAPK1,1,AKAP11;S1090;,-1.1907833053274113
MAPK1,1,AKAP11;S21;,-1.0002930106776273
MAPK1,1,AKAP11;S23;,-1.0763727312266136
MAPK1,1,AKAP11;S448;,0.3715238691348631
MAPK1,1,AKAP13;S2515;,-0.9756343337147525
MAPK1,1,AKAP2;S152;,0.9997323750090388
MAPK1,1,AKAP2;S730;,-1.1303330012300332
MAPK1,1,AKAP6;S562;,-0.8933785407091371
MAPK1,1,AKAP9;S3669;,-0.21259955376718487
MAPK1,1,AKT1S1;S184;,-0.9108743432547424
MAPK1,1,AKT1S1;T247;,-0.9140693530921269
MAPK1,1,ALKBH5;S362;,-1.4541647995974962
MAPK1,1,ALKBH5;S376;,-1.1366526509716492
MAPK1,1,AMOTL1;S580;,-0.8783919607204491
MAPK1,1,ANP32A;S15;,-1.2013752909923456
MAPK1,1,AP3D1;S755;,-1.16797882745469
MAPK1,1,ARFGAP2;S145;,0.6212982076760887
MAPK1,1,ARFGEF2;S214;,-1.0606009884939014
MAPK1,1,ARFIP1;S39;,-0.9691334491220743
MAPK1,1,ARHGAP17;S710;,-1.056511230893892
MAPK1,1,ARHGAP22;S200;,0.8251579869486563
MAPK1,1,ARHGAP22;S236;,-1.0908234886817725
MAPK1,1,ARHGAP35;S1174;,-0.9530906624163684
MAPK1,1,ARHGAP39;S284;,-0.20587043031259555
MAPK1,1,ARHGAP5;S1195;,-1.2024836809439663
MAPK1,1,ARHGAP5;S1202;,0.46074549959122824
MAPK1,1,ARHGAP5;S967;,0.40984268252638545
MAPK1,1,ARHGEF12;S337;,-0.9874760839194522
MAPK1,1,ARHGEF12;S341;,0.5120193954943135
MAPK1,1,ARHGEF17;S995;,-0.8196670108710294
MAPK1,1,ARHGEF5;S721;,-0.8789786321530533
MAPK1,1,ARPP21;S256;,-1.1682419980792602
MAPK1,1,ATF7;T53;,-0.9998272749942425
MAPK1,1,ATG14;S5;,-0.9931064328963255
MAPK1,1,ATG2A;S1246;,-0.3138466474502525
MAPK1,1,ATG2B;S240;,0.4532036653064263
MAPK1,1,ATG2B;S255;,-0.10147119893094514
MAPK1,1,ATRX;S761;,-1.4858123230402833
MAPK1,1,ATXN2;S622;,0.4528490765968842
MAPK1,1,ATXN2L;S109;,0.639383855624317
MAPK1,1,ATXN2L;S447;,0.9999146188833075
MAPK1,1,AZI1;S114;,-1.033932413249412
MAPK1,1,AZI1;S304;,-1.2648281852635737
MAPK1,1,BAD;S171;,-0.9981025782389662
MAPK1,1,BAG3;S271;,-0.12863706103064843
MAPK1,1,BAG3;S387;,-0.7330497707160806
MAPK1,1,BAG3;S388;,0.5078983273240523
MAPK1,1,BAIAP2L1;S218;,0.15446068982872696
MAPK1,1,BAIAP2L1;S380;,-1.0125539749747015
MAPK1,1,BAZ2A;S1388;,0.8096775260444633
MAPK1,1,BBX;S243;,0.01615311514555151
MAPK1,1,BCL9L;S116;,-1.4726871226613918
MAPK1,1,BCL9L;S21;,-1.0618236455304602
MAPK1,1,BCL9L;S25;,1.1787371616734497
MAPK1,1,BICD2;S611;,0.7917275430878994
MAPK1,1,BICD2;S819;,-1.035165875075362
MAPK1,1,BRAF;S134;,0.6825676901708884
MAPK1,1,BRD8;S274;,1.063922116603104
MAPK1,1,BRD8;T270;,0.27844883039691826
MAPK1,1,BSDC1;S216;,-0.8045473524330563
MAPK1,1,C2CD4C;S262;,-1.50269987846421
MAPK1,1,CACNB1;S53;,-0.9088254933486157
MAPK1,1,CALD1;S527;,0.13135041370311573
MAPK1,1,CAMK2D;T371;,-0.6204741816261646
MAPK1,1,CAMSAP1;S1154;,0.7995579852014361
MAPK1,1,CAMSAP1;S517;,-0.6444557978568135
MAPK1,1,CAP2;S301;,0.2704616140350613
MAPK1,1,CBX5;S93;,-1.1867847138154273
MAPK1,1,CCDC6;S143;,0.7495376234990756
MAPK1,1,CCDC88A;S1638;,-1.3198053981604472
MAPK1,1,CCDC91;S71;,-0.03326292523904295
MAPK1,1,CDC42EP2;S137;,0.5842922180083597
MAPK1,1,CDC42EP2;S141;,0.7501559847671746
MAPK1,1,CDC42EP4;S140;,0.7407712295883295
MAPK1,1,CDKN1A;S69;,-0.05803185154215462
MAPK1,1,CDKN1B;S12;,-1.1368483628703876
MAPK1,1,CDKN1B;S7;,-0.8479156215353082
MAPK1,1,CEP170B;S1166;,-1.4143859957097151
MAPK1,1,CEP68;S503;,-1.3797080921620357
MAPK1,1,CEP68;S510;,1.1535616964303148
MAPK1,1,CHAMP1;S532;,0.9876903290645875
MAPK1,1,CHD8;S549;,-0.8478089790502401
MAPK1,1,CHRND;S379;,-0.8172486781324829
MAPK1,1,CIC;S1394;,-1.4407735190711664
MAPK1,1,CIC;S1399;,-0.969990427753099
MAPK1,1,CLASP2;S331;,-0.9773594691251193
MAPK1,1,CLIP1;S159;,0.49307398634610444
MAPK1,1,COBL;S31;,-0.9507240618850472
MAPK1,1,COBL;S34;,-0.9610965140868166
MAPK1,1,COG3;S536;,-0.9211812584845941
MAPK1,1,CORO7;S298;,-0.9838146076863221
MAPK1,1,DAB2IP;S802;,0.5465641273937167
MAPK1,1,DAP;S2;,-1.0989272316753533
MAPK1,1,DAP;S3;,0.1665511501333271
MAPK1,1,DBNDD1;S123;,-1.2451910219593008
MAPK1,1,DCAF6;S336;,-0.05940741205622968
MAPK1,1,DCLK1;S30;,-0.9718452381765588
MAPK1,1,DDX19A;S86;,0.7853587120659971
MAPK1,1,DDX3X;S261;,-0.47954105248531426
MAPK1,1,DENND4C;S1037;,-0.9180192423972834
MAPK1,1,DLG2;S323;,1.1470679911162156
MAPK1,1,DLG2;S328;,0.5088651265621945
MAPK1,1,DMXL1;S574;,-0.9754365795279544
MAPK1,1,DNAJC2;T48;,-0.7856823096522467
MAPK1,1,DNAJC25;T353;,-0.9293561321520012
MAPK1,1,DOCK6;S1339;,-1.4761550324019044
MAPK1,1,DOCK7;S1361;,-1.5417561545431846
MAPK1,1,DOCK7;S2107;,-1.0088455097665214
MAPK1,1,DOPEY1;S1261;,-1.529271094394328
MAPK1,1,DTNA;S606;,0.34473612821568067
MAPK1,1,DUSP27;S366;,-1.168860586325616
MAPK1,1,DUSP27;S368;,-1.2228783316358784
MAPK1,1,DUSP27;S370;,-1.0646299332679328
MAPK1,1,DUSP27;S427;,-1.216120677624212
MAPK1,1,DYNC1H1;S4365;,-1.2098177765397382
MAPK1,1,DYNC1I2;S81;,1.315495162966449
MAPK1,1,EEF2;T57;,-0.6138915560226434
MAPK1,1,EEF2K;S365;,-1.2579646520741776
MAPK1,1,EHBP1L1;S1363;,-1.0219518816896165
MAPK1,1,EHD4;S459;,0.45236567909042713
MAPK1,1,EIF3A;S584;,-1.3020886996166736
MAPK1,1,EIF4B;S422;,-0.9636288171789538
MAPK1,1,EIF4B;S424;,-1.0959175456814285
MAPK1,1,EIF4B;S425;,-0.8638813717065723
MAPK1,1,EIF4B;T420;,-1.1360319284579048
MAPK1,1,EIF4EBP1;S64;,0.3222886224319008
MAPK1,1,EIF4EBP2;S2;,-0.9973934443260907
MAPK1,1,EIF5B;S183;,-1.308937966007893
MAPK1,1,ELMSAN1;S456;,-1.0992189013370006
MAPK1,1,EPS8;S659;,-1.0670925388236718
MAPK1,1,ETL4;S1844;,1.0702117260709796
MAPK1,1,ETV3;S139;,-0.3519294549754976
MAPK1,1,FAM120C;S55;,0.7835899339732246
MAPK1,1,FAM134C;S313;,-1.1473512853718286
MAPK1,1,FAM134C;S320;,-1.1636594061682493
MAPK1,1,FAM171A2;S423;,-1.2718346899345856
MAPK1,1,FAM65A;S752;,-0.9998831413648865
MAPK1,1,FBXO30;S379;,0.5999616199813789
MAPK1,1,FHOD1;S489;,-0.8907160895436136
MAPK1,1,FHOD1;S501;,1.010135548030456
MAPK1,1,FHOD1;S504;,0.5913387705385114
MAPK1,1,FHOD1;S513;,-1.2147898633141037
MAPK1,1,FHOD1;S523;,0.6876616954592951
MAPK1,1,FLNC;S2147;,-1.1640403832934125
MAPK1,1,FLNC;S2234;,-1.1243568621349571
MAPK1,1,FMN1;S589;,0.34293994687946405
MAPK1,1,FOSL2;S320;,0.6437670769951132
MAPK1,1,FOSL2;T322;,-0.7245537577050993
MAPK1,1,FOXK1;S225;,0.6409604513356038
MAPK1,1,FOXK2;T200;,0.3926285020121094
MAPK1,1,FOXO3;S252;,-1.304741916667291
MAPK1,1,FRMD8;S21;,-1.3148222788004758
MAPK1,1,FRYL;T1959;,-1.1125133004637207
MAPK1,1,GAB1;S418;,-1.176356567353409
MAPK1,1,GAB2;S142;,-0.2962999323717409
MAPK1,1,GAB2;S143;,0.5623807172345577
MAPK1,1,GAB2;S211;,-1.0103927225776028
MAPK1,1,GAB2;S365;,0.10881354392773979
MAPK1,1,GAB2;T388;,-1.137502849455304
MAPK1,1,GATAD2A;S103;,-0.9511918481153624
MAPK1,1,GATAD2A;S96;,-0.9839597169870626
MAPK1,1,GATAD2B;S338;,0.830777450487407
MAPK1,1,GBF1;S1786;,1.0381230958341152
MAPK1,1,GIGYF1;S28;,1.074383336726222
MAPK1,1,GIT2;S568;,-0.9715289864856163
MAPK1,1,GOLGA4;S116;,-0.9403053621565244
MAPK1,1,GSK3A;S21;,-1.2291805416766364
MAPK1,1,GSK3A;S41;,-1.0363937078590846
MAPK1,1,GSK3B;S9;,-1.149818851313458
MAPK1,1,GYS1;S728;,1.0203888676215307
MAPK1,1,HBP1;S401;,0.6890102066906505
MAPK1,1,HBS1L;S147;,-1.0413813428955718
MAPK1,1,HDAC6;S21;,0.35893976585719645
MAPK1,1,HECTD1;S1392;,-0.8035202525925277
MAPK1,1,HECTD1;S1393;,-0.7248453974744606
MAPK1,1,HECTD1;S1573;,-0.8143768181064148
MAPK1,1,HELB;S944;,0.8108463450439476
MAPK1,1,HERC1;S1163;,0.9565722516708595
MAPK1,1,HERC1;T1154;,0.005012635214001748
MAPK1,1,HIRIP3;S27;,0.12720767645439424
MAPK1,1,HN1L;S97;,0.504273712435896
MAPK1,1,HOMER3;S158;,-1.4857990096698426
MAPK1,1,HUWE1;S1876;,-0.8363112787568252
MAPK1,1,HUWE1;S3639;,0.08594664725653622
MAPK1,1,HUWE1;S3898;,0.964828886373392
MAPK1,1,HUWE1;T3903;,1.1186815192589303
MAPK1,1,IREB2;S178;,-0.9245727696702598
MAPK1,1,IRF2BPL;S69;,0.6849474545475649
MAPK1,1,ITSN1;S1063;,-0.8801990720672754
MAPK1,1,ITSN1;S315;,-1.1951376824992042
MAPK1,1,JMY;S56;,-1.0776216668001082
MAPK1,1,JSRP1;S47;,-1.1452967286667348
MAPK1,1,KANK2;S358;,-1.3531962547051921
MAPK1,1,KCTD3;S809;,-0.9431590083690876
MAPK1,1,KDM2A;S718;,1.0223685078875633
MAPK1,1,KDM2A;T713;,0.7661662343836653
MAPK1,1,KDM5C;S316;,-1.5058186024363265
MAPK1,1,KPNA1;S2;,-1.0153033956923996
MAPK1,1,KPNA1;T3;,-0.059141752417436966
MAPK1,1,LAMTOR1;S98;,-1.1324857422028252
MAPK1,1,LARP1;S916;,-1.0138208818485164
MAPK1,1,LARP1;T932;,0.7174105944460634
MAPK1,1,LARP4B;S498;,-1.4032824283523577
MAPK1,1,LDB3;S112;,0.03216217278362765
MAPK1,1,LIMA1;S360;,0.8691675729117632
MAPK1,1,LIMA1;S603;,0.5953548883479435
MAPK1,1,LIMA1;S608;,1.0001553510364694
MAPK1,1,LIMA1;S703;,0.6271785149865783
MAPK1,1,LMNA;S404;,-1.1296874223238316
MAPK1,1,LMNA;S406;,-1.39279405520216
MAPK1,1,LMNA;S407;,-0.7400396220133724
MAPK1,1,LMNA;S423;,-1.0416968261961237
MAPK1,1,LMNA;S424;,-0.8742409479731879
MAPK1,1,LMO7;S1541;,-1.507718253412543
MAPK1,1,LMO7;S1543;,-1.3599155205344964
MAPK1,1,LOC100360205;S239;,-1.114968483799234
MAPK1,1,LOC100365259;S393;,-1.3988723242703893
MAPK1,1,LOC100910104;S475;,-1.2407551527742253
MAPK1,1,LOC100910104;S532;,-0.9080542257001557
MAPK1,1,LOC100910104;S719;,0.6957821201162881
MAPK1,1,LOC100910646;S166;,-0.9096472041551014
MAPK1,1,LOC100911178;S1643;,0.11944185095106452
MAPK1,1,LOC100911302;S1721;,0.6617488497366715
MAPK1,1,LOC100911677;S490;,-1.0681092414962219
MAPK1,1,LOC100912115;S649;,0.6491119430608885
MAPK1,1,LOC312502;S1164;,0.6465779897382817
MAPK1,1,LOC312502;S138;,-1.0217009250810163
MAPK1,1,LOC312502;S139;,-0.9900159072223448
MAPK1,1,LOC312502;S483;,0.7283966926990277
MAPK1,1,LOC683007;S1204;,0.843027729955695
MAPK1,1,LOC683007;S1207;,-0.7971223745569209
MAPK1,1,LOC684259;S780;,-0.9995404647925131
MAPK1,1,LOC685707;S1251;,1.112804925185679
MAPK1,1,LRRFIP2;S18;,-1.010599556753275
MAPK1,1,LRRFIP2;T136;,-0.9117078883782552
MAPK1,1,LYSMD1;S33;,-0.9670762063210998
MAPK1,1,MACF1;S1376;,-1.2647177245369332
MAPK1,1,MACF1;S5293;,1.0552990274378076
MAPK1,1,MAF1;S60;,0.859475170693579
MAPK1,1,MAP1A;S1757;,-0.5756448261470193
MAPK1,1,MAP1A;T2177;,0.5635837876502517
MAPK1,1,MAP1A;T504;,0.8568490898351644
MAPK1,1,MAP1B;S1257;,0.9132486804884319
MAPK1,1,MAP1B;S1389;,0.6909580495460392
MAPK1,1,MAP1B;S1393;,0.5377609596995323
MAPK1,1,MAP1B;T1781;,-0.8166895333134925
MAPK1,1,MAP1S;S683;,1.1830182488699834
MAPK1,1,MAP4;S902;,-0.9006183865960321
MAPK1,1,MAP4K4;S591;,-0.8148334278414011
MAPK1,1,MAP4K4;S791;,-0.9847553444717542
MAPK1,1,MAP4K4;S794;,-0.9362420187490915
MAPK1,1,MAPK1;Y185;,-0.4282908537771028
MAPK1,1,MAPK14;Y182;,-0.46843460714973684
MAPK1,1,MAPK8;Y185;,-0.49294635907721973
MAPK1,1,MARCKS;S141;,-1.0233237239352122
MAPK1,1,MARK3;S593;,-1.031834442192449
MAPK1,1,MARK3;T594;,-0.7082751172377667
MAPK1,1,MATR3;S188;,-1.6568790790114603
MAPK1,1,MBD3;S85;,-1.4403447033780945
MAPK1,1,MBD3;S86;,-1.0803247367260473
MAPK1,1,MDM2;S138;,-1.115095232867968
MAPK1,1,MED1;S1465;,0.3204760360912158
MAPK1,1,MED1;S1467;,-1.1770727394180174
MAPK1,1,MED1;S1468;,-0.6804609911046908
MAPK1,1,MED24;S860;,-1.389937065588075
MAPK1,1,MED24;S861;,-1.0276662333613245
MAPK1,1,MEF2C;S226;,-0.06004227052906408
MAPK1,1,MID1;S96;,1.009332661281732
MAPK1,1,MKL1;S571;,0.7571036377677227
MAPK1,1,MLL2;S2291;,0.7465889117380113
MAPK1,1,MLLT4;S216;,-1.0451052424196052
MAPK1,1,MLLT4;S246;,-1.1746257247410943
MAPK1,1,MON2;S197;,-1.3079298737290903
MAPK1,1,MPHOSPH10;S168;,-0.9718864398493625
MAPK1,1,MPRIP;S369;,0.6941260721162383
MAPK1,1,MTFR1L;S100;,-0.9455989186421606
MAPK1,1,MTFR1L;S234;,-1.0005328907979887
MAPK1,1,MTFR1L;S235;,-0.9997959189373005
MAPK1,1,MTSS1L;S575;,0.6986158661654216
MAPK1,1,MURC;S20;,-1.2160494153713548
MAPK1,1,MUSK;S689;,-1.1409200523885836
MAPK1,1,MUSK;S690;,0.23217317159791562
MAPK1,1,MYBBP1A;S1283;,0.9992369247968993
MAPK1,1,MYCBP2;S2750;,-1.1681192912332854
MAPK1,1,MYOZ2;T32;,0.9708659962666952
MAPK1,1,NACA;S1125;,0.6755851747614043
MAPK1,1,NACA;S1345;,0.6225107799368212
MAPK1,1,NACA;S1454;,0.7571709521821641
MAPK1,1,NACA;S1720;,0.5357382235769215
MAPK1,1,NACA;S914;,0.9761358641701205
MAPK1,1,NACA;S942;,0.36254972515772554
MAPK1,1,NCAPH;S24;,0.5369152862442045
MAPK1,1,NCOR1;S363;,0.5015935998295005
MAPK1,1,NCOR2;S1747;,0.46117060714061364
MAPK1,1,NDRG1;S330;,-0.8408965968498241
MAPK1,1,NDRG1;T328;,-1.2347541367359711
MAPK1,1,NDRG2;T334;,-1.1226678073239227
MAPK1,1,NEK9;S16;,-0.7695879675688228
MAPK1,1,NEK9;S736;,-1.500808051591721
MAPK1,1,NELFE;S131;,-1.151823690630145
MAPK1,1,NES;S1071;,-0.9748244345447833
MAPK1,1,NES;S1123;,-1.10047952850981
MAPK1,1,NES;S1131;,-1.080907072912526
MAPK1,1,NES;S620;,0.2978192802881491
MAPK1,1,NES;S784;,-0.8979571800183789
MAPK1,1,NEXN;S280;,-1.3935823549217239
MAPK1,1,NFIX;S265;,-0.719174673229116
MAPK1,1,NHSL1;T1376;,0.8837904286350964
MAPK1,1,NUMA1;S1935;,-1.3741368827236786
MAPK1,1,NUMA1;S1958;,-1.135367458531661
MAPK1,1,NUP35;S73;,0.8519787896069249
MAPK1,1,OPTN;S188;,-0.9748974842642741
MAPK1,1,PACS2;S319;,0.579376102255817
MAPK1,1,PAK1;S144;,-0.9667387602160316
MAPK1,1,PAK1;S203;,-1.0395292283897075
MAPK1,1,PAK2;S197;,-1.3028760222102838
MAPK1,1,PARD3;S715;,-1.185452032223128
MAPK1,1,PARVA;S14;,1.0470915716524152
MAPK1,1,PATL1;S184;,0.9302420480605675
MAPK1,1,PBXIP1;S132;,-1.1128060858402342
MAPK1,1,PBXIP1;S133;,0.34851148721766423
MAPK1,1,PCM1;S1280;,-0.9268685526357257
MAPK1,1,PCM1;S380;,-0.905059292877823
MAPK1,1,PCM1;S384;,-0.9271950217362652
MAPK1,1,PDAP1;S176;,-1.3397298458268831
MAPK1,1,PDAP1;S178;,-1.2007218702649363
MAPK1,1,PDCD4;S420;,-1.1790054402625434
MAPK1,1,PDCD4;S76;,-1.182060558442124
MAPK1,1,PDLIM7;S209;,-0.7758497237492925
MAPK1,1,PDLIM7;T214;,-0.27029300152362346
MAPK1,1,PDLIM7;T215;,0.7218170869775222
MAPK1,1,PDS5B;S1176;,-1.3394400959529504
MAPK1,1,PDXDC1;T554;,0.8714498371874966
MAPK1,1,PELO;S55;,-0.7772802889132562
MAPK1,1,PEX1;S1209;,-1.301425212752668
MAPK1,1,PFKFB2;S469;,-1.0002931055109099
MAPK1,1,PHF1;S410;,0.7428168751359416
MAPK1,1,PHF1;S415;,0.9543642868398066
MAPK1,1,PHF2;S782;,1.0560303464100735
MAPK1,1,PHIP;S1251;,-1.3403961261243764
MAPK1,1,PHLDB1;S431;,-1.2927080380671885
MAPK1,1,PHLDB1;S534;,-0.8493335857759047
MAPK1,1,PHLDB2;S241;,-1.1828500860634725
MAPK1,1,PI4K2A;S43;,-0.7609025228456916
MAPK1,1,PI4K2A;S46;,0.1773825155894051
MAPK1,1,PI4K2A;S461;,-1.1238000636290302
MAPK1,1,PI4K2A;S50;,1.2793697039388985
MAPK1,1,PID1;S230;,-0.8440060552494539
MAPK1,1,PID1;S231;,-1.1906342047770746
MAPK1,1,PID1;S232;,-1.2356401916126685
MAPK1,1,PID1;S242;,-0.9160303011980071
MAPK1,1,PIEZO1;S1370;,0.9746919176182374
MAPK1,1,PIK3C2A;S261;,0.40183241540719106
MAPK1,1,PLEC;S4246;,-0.798140551888366
MAPK1,1,PLEC;S4249;,-0.8779151460563932
MAPK1,1,PNISR;S290;,-1.0517509621234584
MAPK1,1,POM121;S370;,-0.6310168951100055
MAPK1,1,PPAN;S233;,-0.8740858953932169
MAPK1,1,PPAN;S238;,-1.1207856829029348
MAPK1,1,PPAN;S240;,-1.046015381391887
MAPK1,1,PPP1R12C;S508;,0.8255203029890257
MAPK1,1,PPP1R13L;S110;,1.1737976376118697
MAPK1,1,PPP1R13L;S154;,0.6065441503494451
MAPK1,1,PPP1R13L;S360;,1.0743297244385095
MAPK1,1,PPP6R2;S629;,0.7142891360694834
MAPK1,1,PPP6R2;S719;,0.6650322026515383
MAPK1,1,PRKAA1;S496;,-1.2086264194983654
MAPK1,1,PRKAB1;S108;,-0.9708607290097383
MAPK1,1,PRRC2A;S765;,-0.7144653561112029
MAPK1,1,PRRC2B;S259;,-0.9292430045777316
MAPK1,1,PSMA5;T55;,-1.1253865831386671
MAPK1,1,PSMC3;S12;,0.5752868884058618
MAPK1,1,PSMC3;S9;,0.6492082958449688
MAPK1,1,PTPN12;T544;,-0.6840740483830928
MAPK1,1,PTPN21;S599;,-1.1590348187541333
MAPK1,1,PTPN21;S762;,-0.7731501331650061
MAPK1,1,PTRF;S169;,-0.7788828740821028
MAPK1,1,PTRF;S171;,-0.665207982216693
MAPK1,1,PUM2;S82;,0.7821916646405298
MAPK1,1,PXN;S106;,-1.145280393714239
MAPK1,1,PXN;S137;,-0.6758967575566731
MAPK1,1,PXN;S83;,0.9786924925166236
MAPK1,1,RABGEF1;T142;,-0.8879800783059255
MAPK1,1,RAF1;S295;,-0.3170191637836454
MAPK1,1,RAF1;S296;,0.2882165662108068
MAPK1,1,RAI14;T249;,0.45184162933592475
MAPK1,1,RANBP10;S481;,-1.2645279333452217
MAPK1,1,RANBP3;S58;,-1.1978814869410628
MAPK1,1,RAPGEF1;S306;,-1.0689166813120212
MAPK1,1,RAPGEF1;S308;,-1.350438571188817
MAPK1,1,RAVER1;S576;,0.22236006508843087
MAPK1,1,RB1CC1;S243;,0.40609296896272706
MAPK1,1,RBM3;S145;,-1.2526465319147018
MAPK1,1,RBM7;S72;,-1.4942721615975552
MAPK1,1,RFX7;S1177;,-1.2183028856838927
MAPK1,1,RGD1307838;S900;,-1.479600072177704
MAPK1,1,RGD1307838;S903;,-1.1278275223683667
MAPK1,1,RGD1308297;S518;,-0.3840006558518904
MAPK1,1,RGD1309586;S243;,-1.1672333796680225
MAPK1,1,RGD1309586;S59;,-1.4346690217915923
MAPK1,1,RGD1310016;S1171;,-0.9925264890407746
MAPK1,1,RGD1311783;S45;,-0.990719937586845
MAPK1,1,RGD1311783;S46;,-0.9719215681892751
MAPK1,1,RGD1560225;S763;,-0.272344438796322
MAPK1,1,RGD1561609;S759;,-1.0614085157330586
MAPK1,1,RGD1562639;S1035;,-1.300043137781191
MAPK1,1,RGD1566017;S802;,-1.0656670089376588
MAPK1,1,RIN2;S494;,-1.0230062166799054
MAPK1,1,RIPK2;S412;,-0.9081195477149362
MAPK1,1,RNF40;S586;,-1.3124403968351261
MAPK1,1,RPS6KA3;S715;,-0.013766621105360533
MAPK1,1,RPS6KA4;S681;,-1.2084579322934328
MAPK1,1,RPS6KA4;S682;,0.036708937643772255
MAPK1,1,RPS6KB1;S404;,-0.8702878332002627
MAPK1,1,RPTOR;S863;,1.065685716352317
MAPK1,1,RRP1B;S524;,0.5246497488292055
MAPK1,1,RRP1B;T521;,0.26899801036957793
MAPK1,1,RTF1;S416;,-1.1731724077735923
MAPK1,1,RUFY1;S50;,0.3195517884404635
MAPK1,1,RUNX1T1;T568;,0.35403321401719845
MAPK1,1,SAMD4B;S271;,1.2803214637670843
MAPK1,1,SAP30L;T91;,-1.1241650843854112
MAPK1,1,SBF1;S1141;,-1.2341248322152052
MAPK1,1,SCRIB;S1315;,0.8810182714203476
MAPK1,1,SCRIB;S1529;,-0.987727796921617
MAPK1,1,SENP7;S47;,0.7408915826073668
MAPK1,1,SETD2;S511;,0.6759705883126301
MAPK1,1,SF3B1;T326;,-0.6777035493721006
MAPK1,1,SFPQ;T586;,0.25970543582780714
MAPK1,1,SGTA;S306;,-1.2327897146042093
MAPK1,1,SGTA;S308;,-0.9238586964574872
MAPK1,1,SH3BP5;S420;,-1.0760946881964761
MAPK1,1,SH3D19;S274;,0.8396841308818372
MAPK1,1,SH3PXD2A;S368;,-0.9997418978166246
MAPK1,1,SH3PXD2A;S495;,0.3181005401414787
MAPK1,1,SH3PXD2A;S956;,-1.5615347110650644
MAPK1,1,SHC3;S359;,0.43709372122178825
MAPK1,1,SIK2;S673;,-1.1872931461411567
MAPK1,1,SIPA1L1;S1408;,-0.8490623707097635
MAPK1,1,SIPA1L1;S1411;,-0.9188103375305616
MAPK1,1,SIPA1L1;S288;,-1.194293318046022
MAPK1,1,SLC2A13;S38;,-1.0052268658183559
MAPK1,1,SLC2A13;S44;,-0.9723205010190616
MAPK1,1,SLC2A13;S47;,-0.95858035255977
MAPK1,1,SLC4A7;S1171;,-0.8793067016824889
MAPK1,1,SLC4A7;S263;,-0.9961968467585562
MAPK1,1,SLK;S778;,-0.9823825448344482
MAPK1,1,SMCR7L;S59;,1.12761781520318
MAPK1,1,SMCR8;S416;,-0.9536933540651547
MAPK1,1,SMCR8;S486;,-1.0114544048812664
MAPK1,1,SMCR8;S488;,-0.9976129135088687
MAPK1,1,SMCR8;S491;,-1.0680519350068332
MAPK1,1,SMCR8;S497;,-1.018463508491894
MAPK1,1,SMG6;S537;,0.565200647776481
MAPK1,1,SNW1;S224;,-1.0249029835859704
MAPK1,1,SNX8;S454;,0.7845459692559063
MAPK1,1,SON;S94;,-1.3666755818429275
MAPK1,1,SORBS1;S857;,0.5057627833418425
MAPK1,1,SOS1;S1120;,-0.9858727733771601
MAPK1,1,SOX6;S399;,0.7992099678325648
MAPK1,1,SOX6;S402;,0.8467081486612789
MAPK1,1,SOX6;T401;,-0.8554478417454761
MAPK1,1,SPAG7;S219;,-1.2905037259863645
MAPK1,1,SPAG9;S203;,-1.217848972440583
MAPK1,1,SPAG9;S716;,-1.312708752049625
MAPK1,1,SPHK2;S379;,-1.0254707547863537
MAPK1,1,SRPK2;S487;,-1.206352296775918
MAPK1,1,SRRM2;S2228;,0.21583048993391507
MAPK1,1,SRRM2;S2338;,0.48773417086855764
MAPK1,1,SRSF10;S131;,-0.7924594186948583
MAPK1,1,SRSF11;S200;,0.6034174015755043
MAPK1,1,STARD13;S334;,0.3924145490051796
MAPK1,1,STAT3;S727;,0.8024823331397357
MAPK1,1,STIM1;S257;,-0.8631888013233854
MAPK1,1,STIM1;S523;,-0.9074008341247018
MAPK1,1,STIM1;S524;,-0.9580023593084015
MAPK1,1,STIM2;S675;,-1.000639909196064
MAPK1,1,STK11IP;S443;,0.5453738382164748
MAPK1,1,STK3;S385;,0.18064192493019182
MAPK1,1,STMN1;S16;,-1.2274925276845563
MAPK1,1,STMN1;S25;,0.7349581380550576
MAPK1,1,STMN1;S38;,1.1099549736001768
MAPK1,1,STRN3;S227;,0.14055330816930378
MAPK1,1,SUN2;S12;,-1.2264987549525794
MAPK1,1,SVIL;S1177;,0.23495977263019607
MAPK1,1,SVIL;S259;,-1.3190848630377348
MAPK1,1,SVIL;S531;,-0.2263975810919353
MAPK1,1,SYNPO2L;S401;,-1.1520909203670582
MAPK1,1,SYNPO2L;T141;,-0.8569736612107117
MAPK1,1,SZT2;S1641;,-1.1314484294942424
MAPK1,1,TACC2;S575;,1.000016186332321
MAPK1,1,TANC2;S1447;,-1.0356916121611328
MAPK1,1,TBC1D1;S231;,-0.9354251816686202
MAPK1,1,TBC1D1;S662;,-0.97272677066017
MAPK1,1,TBC1D1;T590;,-1.2137300518368912
MAPK1,1,TBC1D16;S382;,-0.9899682301575505
MAPK1,1,TCF12;S583;,-1.3782190751813364
MAPK1,1,TDRD3;S256;,-1.3563870286288184
MAPK1,1,TENC1;T996;,-0.45278075354413794
MAPK1,1,TFE3;S531;,-0.9148487229318605
MAPK1,1,TJP1;S1602;,0.8597647699476136
MAPK1,1,TJP1;S1604;,-1.067404763390173
MAPK1,1,TJP2;S147;,-0.8055300526061442
MAPK1,1,TMEM245;S327;,0.9995565922099032
MAPK1,1,TMEM55A;S14;,-1.0522453239715635
MAPK1,1,TNKS1BP1;S1642;,-1.1520826333752852
MAPK1,1,TNRC6B;S306;,0.48377095485160604
MAPK1,1,TNRC6B;S421;,0.5704051596205156
MAPK1,1,TRAK1;S390;,0.30156344618393327
MAPK1,1,TRAK1;S905;,-0.9066787836372726
MAPK1,1,TRAPPC12;S314;,0.5801036398893291
MAPK1,1,TRIM28;S474;,-1.2803172935494032
MAPK1,1,TRIO;S2459;,0.4802195865415253
MAPK1,1,TRIO;S2463;,0.9871301550837632
MAPK1,1,TRIP12;T1454;,-0.8953690789008737
MAPK1,1,TSC2;S939;,-1.3246980978604435
MAPK1,1,TSSC4;S190;,0.4471452534112814
MAPK1,1,TTN;S305;,-1.0013499088665707
MAPK1,1,UBA1;S13;,-1.106837307985523
MAPK1,1,UBA5;S380;,-1.2751796797298525
MAPK1,1,UBE2O;S835;,0.7252131071599657
MAPK1,1,UBE2O;T830;,-1.0493459261896647
MAPK1,1,UBE4B;S88;,0.35940124290770536
MAPK1,1,ULK1;S450;,0.21007965133160456
MAPK1,1,ULK1;S465;,-0.9672191870454495
MAPK1,1,ULK1;S477;,0.6324877668811963
MAPK1,1,ULK1;S479;,0.6184324299710671
MAPK1,1,ULK1;S637;,-1.056110365060646
MAPK1,1,ULK1;T468;,-0.6604786844432127
MAPK1,1,ULK1;T659;,-0.8149753380651092
MAPK1,1,USP10;S224;,0.840247005326719
MAPK1,1,VAPA;S164;,-1.0307748696397905
MAPK1,1,VIM;S420;,-0.9217887594553054
MAPK1,1,VIM;S430;,-0.8471731517597283
MAPK1,1,VIM;T426;,-0.9657229742825947
MAPK1,1,VPS26B;S304;,-0.9151821006470171
MAPK1,1,WIPF2;S235;,0.40412598556951906
MAPK1,1,WNK1;S165;,-1.2271063321218116
MAPK1,1,WWC3;S955;,-1.2480839707961247
MAPK1,1,YAP1;S46;,-1.0031477035317988
MAPK1,1,ZC3H13;S368;,-1.0265437894018268
MAPK1,1,ZC3HAV1;S307;,0.6256413679249619
MAPK1,1,ZC3HAV1;S325;,-0.8774995540322481
MAPK1,1,ZC3HAV1;S544;,0.4921731609347877
MAPK1,1,ZC3HC1;S343;,0.6039916937733911
MAPK1,1,ZC3HC1;T351;,-0.886823374881668
MAPK1,1,ZFP295;S411;,-1.2589440825610407
MAPK1,1,ZFYVE16;S903;,-0.840081476130757
MAPK1,1,ZNRF2;S148;,-0.7353149911009331
MAPK1,1,ZNRF2;S154;,0.6034049010514264
MAPK1,1,ZNRF2;S18;,-1.061453964324849
MAPK1,1,ZNRF2;S81;,-1.0145366770868656
MAPK1,1,ZYX;S143;,-1.1703550314022353
MAPK1,1,ZYX;S144;,-0.8884837544526052
MAPK1,1,ZYX;S336;,0.422893324485649
MAPK1,1,ZZEF1;S1516;,1.0066751908850877
MAPK1,1,ZZEF1;S1535;,-1.2131600822770277
MAPK1,2,AAK1;S677;,-0.9131711930190558
MAPK1,2,ABCC4;S604;,0.7142360852784984
MAPK1,2,ABI2;S165;,-1.0926629395440115
MAPK1,2,ABI2;S168;,-1.0822769822662721
MAPK1,2,ABL2;S799;,-1.2717451763143062
MAPK1,2,ABLIM3;S566;,-0.19473784817558354
MAPK1,2,ABLIM3;S575;,-0.795639683818784
MAPK1,2,ACACA;S79;,-0.7671384267543684
MAPK1,2,ACIN1;S711;,-1.1949894802362302
MAPK1,2,ADD1;S613;,-0.34132358626147435
MAPK1,2,ADD1;T614;,0.5253437792820987
MAPK1,2,ADNP;S971;,0.3541564184265183
MAPK1,2,AFF4;S823;,-0.7334009440462754
MAPK1,2,AGAP3;S107;,0.12408909696998938
MAPK1,2,AHCTF1;S1214;,-0.7761809999783362
MAPK1,2,AHNAK;S1191;,-0.6208325894142634
MAPK1,2,AHNAK;S177;,-1.1326900037646714
MAPK1,2,AHNAK;S2060;,-0.28906011391034137
MAPK1,2,AHNAK;S211;,-1.0273962162454486
MAPK1,2,AHNAK;S2117;,-0.6266950665535229
MAPK1,2,AHNAK;S222;,-0.8941285590713888
MAPK1,2,AHNAK;S3915;,-0.20687957603817153
MAPK1,2,AHNAK;S42;,0.06487100170188836
MAPK1,2,AHNAK;S4597;,0.31898539096211437
MAPK1,2,AHNAK;S5243;,0.2478597673206187
MAPK1,2,AHNAK;T4049;,-0.06923001811739837
MAPK1,2,AHNAK2;S425;,-0.33070191029932267
MAPK1,2,AHNAK2;T438;,-0.32417241595975543
MAPK1,2,AIMP1;S110;,-1.199973351897338
MAPK1,2,AJUBA;S129;,0.7540901491279444
MAPK1,2,AKAP1;S103;,-0.8384564396140073
MAPK1,2,AKAP10;S278;,-0.9384090868022574
MAPK1,2,AKAP11;S1090;,-0.6902511777118738
MAPK1,2,AKAP11;S21;,-1.3334909037805998
MAPK1,2,AKAP11;S23;,-1.0846218714852875
MAPK1,2,AKAP11;S448;,-0.04099604093125675
MAPK1,2,AKAP13;S2515;,-1.0320813227415293
MAPK1,2,AKAP2;S152;,0.9999881665495638
MAPK1,2,AKAP2;S730;,-0.8682300221463799
MAPK1,2,AKAP6;S562;,-0.9422069982003387
MAPK1,2,AKAP9;S3669;,-0.07855955221610927
MAPK1,2,AKT1S1;S184;,-1.0310933158779614
MAPK1,2,AKT1S1;T247;,-0.8282483477132534
MAPK1,2,ALKBH5;S362;,-1.1028855684046175
MAPK1,2,ALKBH5;S376;,-1.0341666918049897
MAPK1,2,AMOTL1;S580;,-0.7668261401668346
MAPK1,2,ANP32A;S15;,-1.036020269519886
MAPK1,2,AP3D1;S755;,-0.9465863953255269
MAPK1,2,ARFGAP2;S145;,0.12704111935381218
MAPK1,2,ARFGEF2;S214;,-0.9195046292479716
MAPK1,2,ARFIP1;S39;,-0.8952596842703053
MAPK1,2,ARHGAP17;S710;,-0.8380475229531692
MAPK1,2,ARHGAP22;S200;,0.7838414728397831
MAPK1,2,ARHGAP22;S236;,-1.079786538915823
MAPK1,2,ARHGAP35;S1174;,-1.0596467653696051
MAPK1,2,ARHGAP39;S284;,-0.34051421195740705
MAPK1,2,ARHGAP5;S1195;,-1.1045445449807376
MAPK1,2,ARHGAP5;S1202;,0.5243793305462705
MAPK1,2,ARHGAP5;S967;,0.05484837446023744
MAPK1,2,ARHGEF12;S337;,-0.8480374830897994
MAPK1,2,ARHGEF12;S341;,0.47970868298716157
MAPK1,2,ARHGEF17;S995;,-0.7153611548616672
MAPK1,2,ARHGEF5;S721;,-1.1708500265554502
MAPK1,2,ARPP21;S256;,-0.7665479668917201
MAPK1,2,ATF7;T53;,-0.5985606650168681
MAPK1,2,ATG14;S5;,-1.0846517351930884
MAPK1,2,ATG2A;S1246;,-0.41111108802302104
MAPK1,2,ATG2B;S240;,0.2895559118159264
MAPK1,2,ATG2B;S255;,-0.30991167335333536
MAPK1,2,ATRX;S761;,-1.149596384191876
MAPK1,2,ATXN2;S622;,0.30168548056787475
MAPK1,2,ATXN2L;S109;,0.5820710341377522
MAPK1,2,ATXN2L;S447;,0.7477697094762232
MAPK1,2,AZI1;S114;,-0.8552808638727325
MAPK1,2,AZI1;S304;,-1.1193942682665625
MAPK1,2,BAD;S171;,-0.8306474088676183
MAPK1,2,BAG3;S271;,-0.5050163395167626
MAPK1,2,BAG3;S387;,-0.6999461005307446
MAPK1,2,BAG3;S388;,-0.6370850049657848
MAPK1,2,BAIAP2L1;S218;,-0.0010264797230737366
MAPK1,2,BAIAP2L1;S380;,-0.8150485778162979
MAPK1,2,BAZ2A;S1388;,0.7636331078093779
MAPK1,2,BBX;S243;,-0.04159953483077056
MAPK1,2,BCL9L;S116;,-1.4511313695987496
MAPK1,2,BCL9L;S21;,-0.7968633728995826
MAPK1,2,BCL9L;S25;,1.1079191072339982
MAPK1,2,BICD2;S611;,0.7967638008477949
MAPK1,2,BICD2;S819;,-1.0761596486794858
MAPK1,2,BRAF;S134;,0.3502542403934
MAPK1,2,BRD8;S274;,1.0747764404842157
MAPK1,2,BRD8;T270;,0.15313555731180478
MAPK1,2,BSDC1;S216;,-0.4870301188748059
MAPK1,2,C2CD4C;S262;,-1.4080287425131373
MAPK1,2,CACNB1;S53;,-1.000207076154992
MAPK1,2,CALD1;S527;,-0.7434458786816278
MAPK1,2,CAMK2D;T371;,-0.447681178458885
MAPK1,2,CAMSAP1;S1154;,0.4911946758569313
MAPK1,2,CAMSAP1;S517;,-0.8632124208439842
MAPK1,2,CAP2;S301;,-0.32851122350970646
MAPK1,2,CBX5;S93;,-1.0595759063489085
MAPK1,2,CCDC6;S143;,0.3407012507082828
MAPK1,2,CCDC88A;S1638;,-1.1044880249650848
MAPK1,2,CCDC91;S71;,-0.8079111223070086
MAPK1,2,CDC42EP2;S137;,0.6904281474945413
MAPK1,2,CDC42EP2;S141;,0.8978387014365448
MAPK1,2,CDC42EP4;S140;,0.6511885627703473
MAPK1,2,CDKN1A;S69;,-0.18249770968737106
MAPK1,2,CDKN1B;S12;,-1.1004648153512335
MAPK1,2,CDKN1B;S7;,-1.1546765071234557
MAPK1,2,CEP170B;S1166;,-1.3275185800998033
MAPK1,2,CEP68;S503;,-0.808970421499247
MAPK1,2,CEP68;S510;,1.055630995195881
MAPK1,2,CHAMP1;S532;,1.052671208102766
MAPK1,2,CHD8;S549;,-0.9073768203583259
MAPK1,2,CHRND;S379;,-0.775078862982485
MAPK1,2,CIC;S1394;,-1.2531138461902278
MAPK1,2,CIC;S1399;,-0.9756506282791237
MAPK1,2,CLASP2;S331;,-0.9150516688724513
MAPK1,2,CLIP1;S159;,-0.014064961703414647
MAPK1,2,COBL;S31;,-0.8778470580352689
MAPK1,2,COBL;S34;,-0.9261536754289323
MAPK1,2,COG3;S536;,-0.817908147668979
MAPK1,2,CORO7;S298;,-0.927282574552982
MAPK1,2,DAB2IP;S802;,0.30871399920735626
MAPK1,2,DAP;S2;,-1.0423012173213115
MAPK1,2,DAP;S3;,-0.6201261872363626
MAPK1,2,DBNDD1;S123;,-1.179374525194211
MAPK1,2,DCAF6;S336;,-0.27997649298928745
MAPK1,2,DCLK1;S30;,-0.6835281845772245
MAPK1,2,DDX19A;S86;,0.729501283471119
MAPK1,2,DDX3X;S261;,-0.41206478892049764
MAPK1,2,DENND4C;S1037;,-0.8287586164486495
MAPK1,2,DLG2;S323;,1.0000732228342724
MAPK1,2,DLG2;S328;,0.1368143016333972
MAPK1,2,DMXL1;S574;,-0.819265157104957
MAPK1,2,DNAJC2;T48;,-0.36962550141819234
MAPK1,2,DNAJC25;T353;,-0.4816604856791028
MAPK1,2,DOCK6;S1339;,-1.1771042014143533
MAPK1,2,DOCK7;S1361;,-1.3978295650597576
MAPK1,2,DOCK7;S2107;,-1.2365545120668278
MAPK1,2,DOPEY1;S1261;,-1.2729718504264937
MAPK1,2,DTNA;S606;,0.07173293211176324
MAPK1,2,DUSP27;S366;,-1.0931418661338286
MAPK1,2,DUSP27;S368;,-1.0161633287603031
MAPK1,2,DUSP27;S370;,-1.0208526148101686
MAPK1,2,DUSP27;S427;,-1.0198151372960262
MAPK1,2,DYNC1H1;S4365;,-1.114112966312145
MAPK1,2,DYNC1I2;S81;,1.2100457721881162
MAPK1,2,EEF2;T57;,-0.4698363024451212
MAPK1,2,EEF2K;S365;,-0.7881775893630532
MAPK1,2,EHBP1L1;S1363;,-0.9252034269619507
MAPK1,2,EHD4;S459;,0.07650247102219404
MAPK1,2,EIF3A;S584;,-1.212307312841908
MAPK1,2,EIF4B;S422;,-0.6657202026413704
MAPK1,2,EIF4B;S424;,-0.9581093124275359
MAPK1,2,EIF4B;S425;,-0.8790924217667802
MAPK1,2,EIF4B;T420;,-1.036248469035835
MAPK1,2,EIF4EBP1;S64;,0.25067150893142826
MAPK1,2,EIF4EBP2;S2;,-1.1731347452836534
MAPK1,2,EIF5B;S183;,-1.0862458387873504
MAPK1,2,ELMSAN1;S456;,-0.8505669040127561
MAPK1,2,EPS8;S659;,-0.808543754640193
MAPK1,2,ETL4;S1844;,1.0809741827208545
MAPK1,2,ETV3;S139;,-0.1665043562801506
MAPK1,2,FAM120C;S55;,0.440470450798698
MAPK1,2,FAM134C;S313;,-0.8576184814919765
MAPK1,2,FAM134C;S320;,-0.6399622025883597
MAPK1,2,FAM171A2;S423;,-1.1170081851313767
MAPK1,2,FAM65A;S752;,-1.0001557312504832
MAPK1,2,FBXO30;S379;,0.2831374290752628
MAPK1,2,FHOD1;S489;,-0.7965608290486288
MAPK1,2,FHOD1;S501;,0.9998828819012462
MAPK1,2,FHOD1;S504;,0.401653667187198
MAPK1,2,FHOD1;S513;,-0.960807617269055
MAPK1,2,FHOD1;S523;,0.7360088430848031
MAPK1,2,FLNC;S2147;,-1.105502786304708
MAPK1,2,FLNC;S2234;,-0.9600977903894792
MAPK1,2,FMN1;S589;,-0.07400772166875846
MAPK1,2,FOSL2;S320;,0.3731103828370906
MAPK1,2,FOSL2;T322;,-0.6064521734623078
MAPK1,2,FOXK1;S225;,0.7030154025343096
MAPK1,2,FOXK2;T200;,0.22804782366359538
MAPK1,2,FOXO3;S252;,-1.0584778275476412
MAPK1,2,FRMD8;S21;,-1.4458148382225364
MAPK1,2,FRYL;T1959;,-0.8862258886217476
MAPK1,2,GAB1;S418;,-1.1102041694611884
MAPK1,2,GAB2;S142;,-0.14442261891346475
MAPK1,2,GAB2;S143;,0.49949735865896233
MAPK1,2,GAB2;S211;,-0.791954351779039
MAPK1,2,GAB2;S365;,-0.30959648076488244
MAPK1,2,GAB2;T388;,-1.0660189307741657
MAPK1,2,GATAD2A;S103;,-0.8638563367582208
MAPK1,2,GATAD2A;S96;,-0.7897203853168147
MAPK1,2,GATAD2B;S338;,0.6570253470387037
MAPK1,2,GBF1;S1786;,1.0147519752189496
MAPK1,2,GIGYF1;S28;,1.1601545751419253
MAPK1,2,GIT2;S568;,-1.0184578013954733
MAPK1,2,GOLGA4;S116;,-0.935192675004596
MAPK1,2,GSK3A;S21;,-1.1588283675549256
MAPK1,2,GSK3A;S41;,-1.0998341636077595
MAPK1,2,GSK3B;S9;,-0.8879457954777297
MAPK1,2,GYS1;S728;,1.1731713203595968
MAPK1,2,HBP1;S401;,0.3241145909792234
MAPK1,2,HBS1L;S147;,-1.1154422396835049
MAPK1,2,HDAC6;S21;,0.03610676713117866
MAPK1,2,HECTD1;S1392;,-0.6773029053358579
MAPK1,2,HECTD1;S1393;,-0.6920832695243859
MAPK1,2,HECTD1;S1573;,-0.7065371963894339
MAPK1,2,HELB;S944;,0.8791260213486882
MAPK1,2,HERC1;S1163;,0.9671316311353377
MAPK1,2,HERC1;T1154;,-0.21785235846122575
MAPK1,2,HIRIP3;S27;,-0.21252249088588226
MAPK1,2,HN1L;S97;,0.26973298254324113
MAPK1,2,HOMER3;S158;,-1.2200622187182726
MAPK1,2,HUWE1;S1876;,-1.1297329113861585
MAPK1,2,HUWE1;S3639;,-0.10365432484866371
MAPK1,2,HUWE1;S3898;,1.1262997325816795
MAPK1,2,HUWE1;T3903;,0.998364889250805
MAPK1,2,IREB2;S178;,-0.9917016174745346
MAPK1,2,IRF2BPL;S69;,0.6728767798514794
MAPK1,2,ITSN1;S1063;,-0.7370698559358988
MAPK1,2,ITSN1;S315;,-1.1235486966847186
MAPK1,2,JMY;S56;,-0.8059307109103238
MAPK1,2,JSRP1;S47;,-1.0043093438504602
MAPK1,2,KANK2;S358;,-1.0920772645866008
MAPK1,2,KCTD3;S809;,-0.9515202752972294
MAPK1,2,KDM2A;S718;,0.645562333999542
MAPK1,2,KDM2A;T713;,0.8314580486672023
MAPK1,2,KDM5C;S316;,-1.2785852700853235
MAPK1,2,KPNA1;S2;,-1.0156184308987408
MAPK1,2,KPNA1;T3;,-0.0872748483061
MAPK1,2,LAMTOR1;S98;,-1.3269757029884595
MAPK1,2,LARP1;S916;,-0.8129386774522169
MAPK1,2,LARP1;T932;,0.37511082359818454
MAPK1,2,LARP4B;S498;,-1.1607530602326324
MAPK1,2,LDB3;S112;,-0.51706381654735
MAPK1,2,LIMA1;S360;,0.8621377555115355
MAPK1,2,LIMA1;S603;,0.486517555352556
MAPK1,2,LIMA1;S608;,1.0046730416529033
MAPK1,2,LIMA1;S703;,0.7333998641155335
MAPK1,2,LMNA;S404;,-0.9536956031253874
MAPK1,2,LMNA;S406;,-1.4235991998838744
MAPK1,2,LMNA;S407;,-0.8658288746134062
MAPK1,2,LMNA;S423;,-0.8923487290881014
MAPK1,2,LMNA;S424;,-0.9661817505922718
MAPK1,2,LMO7;S1541;,-1.223989072438873
MAPK1,2,LMO7;S1543;,-1.1572379413105556
MAPK1,2,LOC100360205;S239;,-1.0413139387952643
MAPK1,2,LOC100365259;S393;,-1.048392925498995
MAPK1,2,LOC100910104;S475;,-1.0365176600159034
MAPK1,2,LOC100910104;S532;,-0.8528861084955701
MAPK1,2,LOC100910104;S719;,0.6294847707898792
MAPK1,2,LOC100910646;S166;,-0.6379643300953757
MAPK1,2,LOC100911178;S1643;,-0.5278764308828183
MAPK1,2,LOC100911302;S1721;,0.5124129800888573
MAPK1,2,LOC100911677;S490;,-0.9607959631377183
MAPK1,2,LOC100912115;S649;,0.17915540015763382
MAPK1,2,LOC312502;S1164;,0.47039500723775457
MAPK1,2,LOC312502;S138;,-1.0296485696212956
MAPK1,2,LOC312502;S139;,-0.9536915911314292
MAPK1,2,LOC312502;S483;,0.4606669736970543
MAPK1,2,LOC683007;S1204;,0.713797245130946
MAPK1,2,LOC683007;S1207;,-0.9692108515030871
MAPK1,2,LOC684259;S780;,-0.7344591246096174
MAPK1,2,LOC685707;S1251;,0.9998660770648164
MAPK1,2,LRRFIP2;S18;,-0.8736338558351955
MAPK1,2,LRRFIP2;T136;,-0.5550338912009233
MAPK1,2,LYSMD1;S33;,-0.7311989960965315
MAPK1,2,MACF1;S1376;,-1.057498357299337
MAPK1,2,MACF1;S5293;,0.8716495108413735
MAPK1,2,MAF1;S60;,0.9198902540028429
MAPK1,2,MAP1A;S1757;,-1.0046074853665161
MAPK1,2,MAP1A;T2177;,0.16111184590866134
MAPK1,2,MAP1A;T504;,0.6630659558696657
MAPK1,2,MAP1B;S1257;,0.7473594898144231
MAPK1,2,MAP1B;S1389;,0.8254594426172446
MAPK1,2,MAP1B;S1393;,0.25929043245359
MAPK1,2,MAP1B;T1781;,-0.5019533843481159
MAPK1,2,MAP1S;S683;,1.026681801079827
MAPK1,2,MAP4;S902;,-0.8478367630273635
MAPK1,2,MAP4K4;S591;,-0.6093386656185789
MAPK1,2,MAP4K4;S791;,-0.928247760749267
MAPK1,2,MAP4K4;S794;,-0.8558553307798848
MAPK1,2,MAPK1;Y185;,-0.2542658240920669
MAPK1,2,MAPK14;Y182;,-0.246699953891884
MAPK1,2,MAPK8;Y185;,-0.3635598354694677
MAPK1,2,MARCKS;S141;,-0.9305433606729276
MAPK1,2,MARK3;S593;,-1.4208372939410567
MAPK1,2,MARK3;T594;,-0.5292372210844745
MAPK1,2,MATR3;S188;,-1.4341237321055238
MAPK1,2,MBD3;S85;,-1.2742659653600583
MAPK1,2,MBD3;S86;,-1.1940391782079882
MAPK1,2,MDM2;S138;,-0.8612059533905794
MAPK1,2,MED1;S1465;,0.04645705243745679
MAPK1,2,MED1;S1467;,-1.084465497077506
MAPK1,2,MED1;S1468;,-1.0734661053421575
MAPK1,2,MED24;S860;,-1.2768373867082508
MAPK1,2,MED24;S861;,-1.1742809634737488
MAPK1,2,MEF2C;S226;,-0.2362003773016525
MAPK1,2,MID1;S96;,0.9467417303556867
MAPK1,2,MKL1;S571;,0.5279430838285146
MAPK1,2,MLL2;S2291;,0.5810483149851531
MAPK1,2,MLLT4;S216;,-0.986722097110249
MAPK1,2,MLLT4;S246;,-1.1274861818596982
MAPK1,2,MON2;S197;,-1.4781696926240844
MAPK1,2,MPHOSPH10;S168;,-0.9182024600788716
MAPK1,2,MPRIP;S369;,0.6359529838411364
MAPK1,2,MTFR1L;S100;,-0.9199498014213416
MAPK1,2,MTFR1L;S234;,-0.9309818720765268
MAPK1,2,MTFR1L;S235;,-0.9561343297276645
MAPK1,2,MTSS1L;S575;,0.2900523380314786
MAPK1,2,MURC;S20;,-1.455621648305422
MAPK1,2,MUSK;S689;,-1.1826912977440118
MAPK1,2,MUSK;S690;,0.14650031907051603
MAPK1,2,MYBBP1A;S1283;,0.824271133717053
MAPK1,2,MYCBP2;S2750;,-0.929988692646202
MAPK1,2,MYOZ2;T32;,1.0001215632400466
MAPK1,2,NACA;S1125;,0.7376284440859842
MAPK1,2,NACA;S1345;,0.2689015059975151
MAPK1,2,NACA;S1454;,0.854034336405272
MAPK1,2,NACA;S1720;,0.6441815506510464
MAPK1,2,NACA;S914;,0.6558456083145463
MAPK1,2,NACA;S942;,0.09370407865957686
MAPK1,2,NCAPH;S24;,0.206166106372681
MAPK1,2,NCOR1;S363;,0.19376430801230632
MAPK1,2,NCOR2;S1747;,0.31887855882381616
MAPK1,2,NDRG1;S330;,-0.6621692381341233
MAPK1,2,NDRG1;T328;,-1.0679273972065195
MAPK1,2,NDRG2;T334;,-0.9469991117409999
MAPK1,2,NEK9;S16;,-0.6394575244905506
MAPK1,2,NEK9;S736;,-1.2169529874657437
MAPK1,2,NELFE;S131;,-1.0576640096209908
MAPK1,2,NES;S1071;,-0.9256536146778542
MAPK1,2,NES;S1123;,-1.1120823561308653
MAPK1,2,NES;S1131;,-0.9676016276015476
MAPK1,2,NES;S620;,0.23930678796190824
MAPK1,2,NES;S784;,-0.8052246930877267
MAPK1,2,NEXN;S280;,-1.1612449674665635
MAPK1,2,NFIX;S265;,-0.8455547652639985
MAPK1,2,NHSL1;T1376;,0.6160390730651482
MAPK1,2,NUMA1;S1935;,-1.2370528505120602
MAPK1,2,NUMA1;S1958;,-0.957471489920509
MAPK1,2,NUP35;S73;,0.8132258461498483
MAPK1,2,OPTN;S188;,-0.8707590695991043
MAPK1,2,PACS2;S319;,0.6463913792305416
MAPK1,2,PAK1;S144;,-1.4336677543820353
MAPK1,2,PAK1;S203;,-1.3310948763116721
MAPK1,2,PAK2;S197;,-0.9837215083426258
MAPK1,2,PARD3;S715;,-0.9078162444649649
MAPK1,2,PARVA;S14;,0.9996637395430585
MAPK1,2,PATL1;S184;,0.8874456067691134
MAPK1,2,PBXIP1;S132;,-1.2578288523271186
MAPK1,2,PBXIP1;S133;,-0.4375865210043278
MAPK1,2,PCM1;S1280;,-0.8108112611093868
MAPK1,2,PCM1;S380;,-0.8379348879057549
MAPK1,2,PCM1;S384;,-0.8136365021285428
MAPK1,2,PDAP1;S176;,-1.1957239529729222
MAPK1,2,PDAP1;S178;,-1.2647982311684496
MAPK1,2,PDCD4;S420;,-0.950909092409693
MAPK1,2,PDCD4;S76;,-0.9989956717162107
MAPK1,2,PDLIM7;S209;,-0.7383281870643286
MAPK1,2,PDLIM7;T214;,-0.0035047357675322965
MAPK1,2,PDLIM7;T215;,0.7331256258752155
MAPK1,2,PDS5B;S1176;,-1.2043282141981198
MAPK1,2,PDXDC1;T554;,0.5709426997539295
MAPK1,2,PELO;S55;,-0.8199763674409506
MAPK1,2,PEX1;S1209;,-1.1036046735669207
MAPK1,2,PFKFB2;S469;,-0.8209420879697336
MAPK1,2,PHF1;S410;,0.7329794939841758
MAPK1,2,PHF1;S415;,0.800201692914436
MAPK1,2,PHF2;S782;,0.8823474203106259
MAPK1,2,PHIP;S1251;,-1.2385304379891482
MAPK1,2,PHLDB1;S431;,-1.1217781013463723
MAPK1,2,PHLDB1;S534;,-0.6820888499913647
MAPK1,2,PHLDB2;S241;,-1.037045244323637
MAPK1,2,PI4K2A;S43;,-0.9069200623731606
MAPK1,2,PI4K2A;S46;,0.13923642351150012
MAPK1,2,PI4K2A;S461;,-1.0042934257151872
MAPK1,2,PI4K2A;S50;,1.2408640328519092
MAPK1,2,PID1;S230;,-0.6190619806456088
MAPK1,2,PID1;S231;,-1.1350636182044802
MAPK1,2,PID1;S232;,-1.1302648115072267
MAPK1,2,PID1;S242;,-0.8832500739075624
MAPK1,2,PIEZO1;S1370;,1.1164340728283675
MAPK1,2,PIK3C2A;S261;,0.03343159774529797
MAPK1,2,PLEC;S4246;,-0.6302125302068262
MAPK1,2,PLEC;S4249;,-0.9999752955557752
MAPK1,2,PNISR;S290;,-1.169616686205682
MAPK1,2,POM121;S370;,-0.6985875607569311
MAPK1,2,PPAN;S233;,-0.756536367967545
MAPK1,2,PPAN;S238;,-0.9999752669465953
MAPK1,2,PPAN;S240;,-0.9740311921240346
MAPK1,2,PPP1R12C;S508;,0.8041684537770573
MAPK1,2,PPP1R13L;S110;,1.119285528232096
MAPK1,2,PPP1R13L;S154;,0.19201667300520003
MAPK1,2,PPP1R13L;S360;,1.0091017051555047
MAPK1,2,PPP6R2;S629;,0.4616147235265727
MAPK1,2,PPP6R2;S719;,0.7727762799505498
MAPK1,2,PRKAA1;S496;,-1.0530959014486019
MAPK1,2,PRKAB1;S108;,-0.9290668192725904
MAPK1,2,PRRC2A;S765;,-0.8065597150145098
MAPK1,2,PRRC2B;S259;,-0.7587016757220042
MAPK1,2,PSMA5;T55;,-0.6115620186243937
MAPK1,2,PSMC3;S12;,0.5749524580956757
MAPK1,2,PSMC3;S9;,0.7095146621043165
MAPK1,2,PTPN12;T544;,-0.45802609792441207
MAPK1,2,PTPN21;S599;,-0.9534746559459824
MAPK1,2,PTPN21;S762;,-0.5687480137118202
MAPK1,2,PTRF;S169;,-0.8308971621910318
MAPK1,2,PTRF;S171;,-0.7033788226085824
MAPK1,2,PUM2;S82;,0.7489859136393513
MAPK1,2,PXN;S106;,-1.1146116619785573
MAPK1,2,PXN;S137;,-0.8733255040678196
MAPK1,2,PXN;S83;,0.7352840036609238
MAPK1,2,RABGEF1;T142;,-0.5687140983325577
MAPK1,2,RAF1;S295;,-0.2774910910209366
MAPK1,2,RAF1;S296;,-0.28270965471860815
MAPK1,2,RAI14;T249;,0.2761670667786355
MAPK1,2,RANBP10;S481;,-0.784547156998898
MAPK1,2,RANBP3;S58;,-0.9983889553259033
MAPK1,2,RAPGEF1;S306;,-0.8317483441571096
MAPK1,2,RAPGEF1;S308;,-1.6348435883455454
MAPK1,2,RAVER1;S576;,0.2976290269557475
MAPK1,2,RB1CC1;S243;,0.39788377298544325
MAPK1,2,RBM3;S145;,-1.4501749130439898
MAPK1,2,RBM7;S72;,-1.197029148744441
MAPK1,2,RFX7;S1177;,-1.0943307881549915
MAPK1,2,RGD1307838;S900;,-1.5145132337428475
MAPK1,2,RGD1307838;S903;,-1.462072881408998
MAPK1,2,RGD1308297;S518;,-0.8596362038228382
MAPK1,2,RGD1309586;S243;,-1.3431900829442212
MAPK1,2,RGD1309586;S59;,-1.166768943862398
MAPK1,2,RGD1310016;S1171;,-0.8077897738815583
MAPK1,2,RGD1311783;S45;,-0.9275167485576741
MAPK1,2,RGD1311783;S46;,-0.9718903861604795
MAPK1,2,RGD1560225;S763;,-0.5700166837723752
MAPK1,2,RGD1561609;S759;,-0.9055072218315026
MAPK1,2,RGD1562639;S1035;,-1.3233726287073653
MAPK1,2,RGD1566017;S802;,-1.029766157970598
MAPK1,2,RIN2;S494;,-0.968084019141277
MAPK1,2,RIPK2;S412;,-0.9998285564671492
MAPK1,2,RNF40;S586;,-1.366044400998753
MAPK1,2,RPS6KA3;S715;,0.05721446144781783
MAPK1,2,RPS6KA4;S681;,-0.9792491529138829
MAPK1,2,RPS6KA4;S682;,-0.058346106479340076
MAPK1,2,RPS6KB1;S404;,-0.8790886187663056
MAPK1,2,RPTOR;S863;,0.674826846739428
MAPK1,2,RRP1B;S524;,0.1300092890594151
MAPK1,2,RRP1B;T521;,0.2773964134476508
MAPK1,2,RTF1;S416;,-1.0772893849789162
MAPK1,2,RUFY1;S50;,-0.1605725394899573
MAPK1,2,RUNX1T1;T568;,0.31772172297967455
MAPK1,2,SAMD4B;S271;,1.3374205150850818
MAPK1,2,SAP30L;T91;,-0.9485969894463799
MAPK1,2,SBF1;S1141;,-0.7541708024438448
MAPK1,2,SCRIB;S1315;,0.6921425409653712
MAPK1,2,SCRIB;S1529;,-0.6454186209102198
MAPK1,2,SENP7;S47;,0.7061664663227161
MAPK1,2,SETD2;S511;,0.1845017554358645
MAPK1,2,SF3B1;T326;,-0.4464064192300313
MAPK1,2,SFPQ;T586;,0.3514138493294507
MAPK1,2,SGTA;S306;,-0.9557918503011091
MAPK1,2,SGTA;S308;,-0.9976797051927406
MAPK1,2,SH3BP5;S420;,-0.8454433052968788
MAPK1,2,SH3D19;S274;,1.03853272921314
MAPK1,2,SH3PXD2A;S368;,-0.999778162298752
MAPK1,2,SH3PXD2A;S495;,-0.20165407376517852
MAPK1,2,SH3PXD2A;S956;,-1.5588077232641127
MAPK1,2,SHC3;S359;,0.35659608553860284
MAPK1,2,SIK2;S673;,-1.0999369957061909
MAPK1,2,SIPA1L1;S1408;,-0.8022133170672846
MAPK1,2,SIPA1L1;S1411;,-0.8238448078229827
MAPK1,2,SIPA1L1;S288;,-1.0607168515004115
MAPK1,2,SLC2A13;S38;,-0.9047634485867277
MAPK1,2,SLC2A13;S44;,-0.9580520601602394
MAPK1,2,SLC2A13;S47;,-0.879561737996992
MAPK1,2,SLC4A7;S1171;,-0.8209793780053745
MAPK1,2,SLC4A7;S263;,-0.9215530278796975
MAPK1,2,SLK;S778;,-0.980215193695368
MAPK1,2,SMCR7L;S59;,0.8905496742110854
MAPK1,2,SMCR8;S416;,-1.253700632369132
MAPK1,2,SMCR8;S486;,-0.8968943497663275
MAPK1,2,SMCR8;S488;,-0.8314931092376573
MAPK1,2,SMCR8;S491;,-0.906540210241491
MAPK1,2,SMCR8;S497;,-0.7183475312239218
MAPK1,2,SMG6;S537;,0.5175059403853057
MAPK1,2,SNW1;S224;,-0.7533090921576924
MAPK1,2,SNX8;S454;,0.3928500036038643
MAPK1,2,SON;S94;,-1.2626179255009486
MAPK1,2,SORBS1;S857;,0.26031395876816216
MAPK1,2,SOS1;S1120;,-0.867335053806835
MAPK1,2,SOX6;S399;,0.7231532671377732
MAPK1,2,SOX6;S402;,0.6029356908896255
MAPK1,2,SOX6;T401;,-0.6996716356282555
MAPK1,2,SPAG7;S219;,-1.172071682093664
MAPK1,2,SPAG9;S203;,-0.9096047942229009
MAPK1,2,SPAG9;S716;,-1.061132291462573
MAPK1,2,SPHK2;S379;,-0.751790611135738
MAPK1,2,SRPK2;S487;,-0.8998007230970171
MAPK1,2,SRRM2;S2228;,-0.15710951867362577
MAPK1,2,SRRM2;S2338;,0.28877908468677344
MAPK1,2,SRSF10;S131;,-0.810872653772762
MAPK1,2,SRSF11;S200;,0.41084651516354304
MAPK1,2,STARD13;S334;,0.05614666935767665
MAPK1,2,STAT3;S727;,0.5731246701472585
MAPK1,2,STIM1;S257;,-0.8172265867486349
MAPK1,2,STIM1;S523;,-0.8284208362486372
MAPK1,2,STIM1;S524;,-0.8797042503238883
MAPK1,2,STIM2;S675;,-0.9189519820010321
MAPK1,2,STK11IP;S443;,0.38612090288119344
MAPK1,2,STK3;S385;,-0.2033007203951761
MAPK1,2,STMN1;S16;,-1.3639277581852374
MAPK1,2,STMN1;S25;,0.2879640192101472
MAPK1,2,STMN1;S38;,0.9393360943183557
MAPK1,2,STRN3;S227;,-0.15706869347795444
MAPK1,2,SUN2;S12;,-1.200809246674721
MAPK1,2,SVIL;S1177;,-0.3858663634618134
MAPK1,2,SVIL;S259;,-1.1488853059234676
MAPK1,2,SVIL;S531;,-0.2638975828848335
MAPK1,2,SYNPO2L;S401;,-0.9297866723533343
MAPK1,2,SYNPO2L;T141;,-0.6311029577502016
MAPK1,2,SZT2;S1641;,-0.8702011774002187
MAPK1,2,TACC2;S575;,1.097102676627808
MAPK1,2,TANC2;S1447;,-1.0904471649524654
MAPK1,2,TBC1D1;S231;,-0.9120908817684881
MAPK1,2,TBC1D1;S662;,-0.9412026979352324
MAPK1,2,TBC1D1;T590;,-0.959950714279918
MAPK1,2,TBC1D16;S382;,-0.9052427502749594
MAPK1,2,TCF12;S583;,-1.1881301101715076
MAPK1,2,TDRD3;S256;,-1.1912257230124148
MAPK1,2,TENC1;T996;,-0.1488279992008987
MAPK1,2,TFE3;S531;,-0.7598354214032568
MAPK1,2,TJP1;S1602;,0.47109684116989553
MAPK1,2,TJP1;S1604;,-1.2251109362387453
MAPK1,2,TJP2;S147;,-0.8979427963914841
MAPK1,2,TMEM245;S327;,0.98451383230223
MAPK1,2,TMEM55A;S14;,-0.9367167473783176
MAPK1,2,TNKS1BP1;S1642;,-0.8940512016033166
MAPK1,2,TNRC6B;S306;,0.21432228915343426
MAPK1,2,TNRC6B;S421;,0.21120791239646602
MAPK1,2,TRAK1;S390;,0.39398586525870255
MAPK1,2,TRAK1;S905;,-0.8983799450418513
MAPK1,2,TRAPPC12;S314;,0.48625359847050326
MAPK1,2,TRIM28;S474;,-0.9391777605712406
MAPK1,2,TRIO;S2459;,0.43533662629620423
MAPK1,2,TRIO;S2463;,0.8918017334498833
MAPK1,2,TRIP12;T1454;,-0.8280840201145445
MAPK1,2,TSC2;S939;,-1.148358510057559
MAPK1,2,TSSC4;S190;,-0.048628705677563555
MAPK1,2,TTN;S305;,-0.9021322938246819
MAPK1,2,UBA1;S13;,-0.8760396189594633
MAPK1,2,UBA5;S380;,-1.141145036622744
MAPK1,2,UBE2O;S835;,0.8660114718534755
MAPK1,2,UBE2O;T830;,-0.5358769730217088
MAPK1,2,UBE4B;S88;,-0.46422965111743386
MAPK1,2,ULK1;S450;,-0.25682749567849855
MAPK1,2,ULK1;S465;,-0.9070072983771198
MAPK1,2,ULK1;S477;,0.6843191621332994
MAPK1,2,ULK1;S479;,0.7040404221317644
MAPK1,2,ULK1;S637;,-0.9942805979523559
MAPK1,2,ULK1;T468;,-0.5468517308178995
MAPK1,2,ULK1;T659;,-0.7941870495430849
MAPK1,2,USP10;S224;,0.7723279383962074
MAPK1,2,VAPA;S164;,-1.005079312231013
MAPK1,2,VIM;S420;,-0.8710207844527345
MAPK1,2,VIM;S430;,-0.7755093826962938
MAPK1,2,VIM;T426;,-0.8842057413161484
MAPK1,2,VPS26B;S304;,-0.879487550106528
MAPK1,2,WIPF2;S235;,0.135016962718359
MAPK1,2,WNK1;S165;,-0.9526454426208564
MAPK1,2,WWC3;S955;,-1.3050626360462967
MAPK1,2,YAP1;S46;,-0.9106957897129897
MAPK1,2,ZC3H13;S368;,-0.9027170222056982
MAPK1,2,ZC3HAV1;S307;,0.7150215210407096
MAPK1,2,ZC3HAV1;S325;,-0.9814755900782339
MAPK1,2,ZC3HAV1;S544;,0.02767781467816749
MAPK1,2,ZC3HC1;S343;,0.596556242422035
MAPK1,2,ZC3HC1;T351;,-0.5471029803859022
MAPK1,2,ZFP295;S411;,-0.9311373134374576
MAPK1,2,ZFYVE16;S903;,-0.7111380583719238
MAPK1,2,ZNRF2;S148;,-0.8369202777971856
MAPK1,2,ZNRF2;S154;,0.39064567309377835
MAPK1,2,ZNRF2;S18;,-0.8667203299544595
MAPK1,2,ZNRF2;S81;,-0.9417166693654735
MAPK1,2,ZYX;S143;,-1.0272192118875936
MAPK1,2,ZYX;S144;,-0.9222162866885371
MAPK1,2,ZYX;S336;,0.0453943771627347
MAPK1,2,ZZEF1;S1516;,1.060978793610316
MAPK1,2,ZZEF1;S1535;,-1.0829163381511868
MAPK1,3,AAK1;S677;,-0.8046457591833232
MAPK1,3,ABCC4;S604;,0.872149225586512
MAPK1,3,ABI2;S165;,-1.3233222915673513
MAPK1,3,ABI2;S168;,-0.9472121132853641
MAPK1,3,ABL2;S799;,-1.539604959480556
MAPK1,3,ABLIM3;S566;,0.10244657448485645
MAPK1,3,ABLIM3;S575;,-0.9102295653838717
MAPK1,3,ACACA;S79;,-0.9711610255926371
MAPK1,3,ACIN1;S711;,-1.40773461470956
MAPK1,3,ADD1;S613;,-0.272434414941185
MAPK1,3,ADD1;T614;,0.6943594058845566
MAPK1,3,ADNP;S971;,0.3586499478623439
MAPK1,3,AFF4;S823;,-0.9729633141568526
MAPK1,3,AGAP3;S107;,0.3963722198020157
MAPK1,3,AHCTF1;S1214;,-0.8844854186349027
MAPK1,3,AHNAK;S1191;,-1.0302638103563004
MAPK1,3,AHNAK;S177;,-1.0530125218107227
MAPK1,3,AHNAK;S2060;,0.07841360715561196
MAPK1,3,AHNAK;S211;,-1.3356547984987692
MAPK1,3,AHNAK;S2117;,-1.032466767614156
MAPK1,3,AHNAK;S222;,-1.0441811123934384
MAPK1,3,AHNAK;S3915;,0.054037698102245124
MAPK1,3,AHNAK;S42;,0.27799191848301646
MAPK1,3,AHNAK;S4597;,0.45106129303171455
MAPK1,3,AHNAK;S5243;,0.46900911778201676
MAPK1,3,AHNAK;T4049;,-0.07753690847748262
MAPK1,3,AHNAK2;S425;,0.12780550948964392
MAPK1,3,AHNAK2;T438;,-0.4315702886079687
MAPK1,3,AIMP1;S110;,-1.3845277086598395
MAPK1,3,AJUBA;S129;,0.8535978844814494
MAPK1,3,AKAP1;S103;,-0.8607186356001231
MAPK1,3,AKAP10;S278;,-0.870365108743637
MAPK1,3,AKAP11;S1090;,-0.803693726325851
MAPK1,3,AKAP11;S21;,-1.164741824825392
MAPK1,3,AKAP11;S23;,-1.0255455176355581
MAPK1,3,AKAP11;S448;,0.33852295291751083
MAPK1,3,AKAP13;S2515;,-1.205800527320941
MAPK1,3,AKAP2;S152;,0.6443314745377671
MAPK1,3,AKAP2;S730;,-1.2739789794209526
MAPK1,3,AKAP6;S562;,-0.9982447779471222
MAPK1,3,AKAP9;S3669;,0.03875787910260331
MAPK1,3,AKT1S1;S184;,-0.8153739504429937
MAPK1,3,AKT1S1;T247;,-1.15150448950394
MAPK1,3,ALKBH5;S362;,-1.4732029310313832
MAPK1,3,ALKBH5;S376;,-0.9459274377032969
MAPK1,3,AMOTL1;S580;,-1.0454335181367338
MAPK1,3,ANP32A;S15;,-1.3431423986193856
MAPK1,3,AP3D1;S755;,-1.2602708219894199
MAPK1,3,ARFGAP2;S145;,0.3817231695803764
MAPK1,3,ARFGEF2;S214;,-0.8216946193872922
MAPK1,3,ARFIP1;S39;,-1.0002027132638471
MAPK1,3,ARHGAP17;S710;,-1.1624331617341739
MAPK1,3,ARHGAP22;S200;,0.7961086928834498
MAPK1,3,ARHGAP22;S236;,-1.1996304437879057
MAPK1,3,ARHGAP35;S1174;,-1.069561273150727
MAPK1,3,ARHGAP39;S284;,-0.24059841932903325
MAPK1,3,ARHGAP5;S1195;,-1.1109921097656472
MAPK1,3,ARHGAP5;S1202;,0.7669903473344466
MAPK1,3,ARHGAP5;S967;,0.3319693622959207
MAPK1,3,ARHGEF12;S337;,-0.593919677689914
MAPK1,3,ARHGEF12;S341;,0.4942685469298678
MAPK1,3,ARHGEF17;S995;,-1.035526007457155
MAPK1,3,ARHGEF5;S721;,-0.8970244098031968
MAPK1,3,ARPP21;S256;,-0.9660808646493575
MAPK1,3,ATF7;T53;,-0.6211980132535124
MAPK1,3,ATG14;S5;,-0.8960542442540791
MAPK1,3,ATG2A;S1246;,-0.2613019386476694
MAPK1,3,ATG2B;S240;,0.44758688307348277
MAPK1,3,ATG2B;S255;,-0.0025589783839140012
MAPK1,3,ATRX;S761;,-1.5877274263235612
MAPK1,3,ATXN2;S622;,0.37103399023711053
MAPK1,3,ATXN2L;S109;,0.8000039209046561
MAPK1,3,ATXN2L;S447;,0.7570374311451495
MAPK1,3,AZI1;S114;,-1.2103770657287074
MAPK1,3,AZI1;S304;,-1.4881596937080455
MAPK1,3,BAD;S171;,-0.8734555891792601
MAPK1,3,BAG3;S271;,-0.031338442415647594
MAPK1,3,BAG3;S387;,-0.5182825557139648
MAPK1,3,BAG3;S388;,0.18873187832953137
MAPK1,3,BAIAP2L1;S218;,0.3597745261944379
MAPK1,3,BAIAP2L1;S380;,-0.8800064494453133
MAPK1,3,BAZ2A;S1388;,0.8503684330340682
MAPK1,3,BBX;S243;,-0.3907990568137895
MAPK1,3,BCL9L;S116;,-1.6266218687090752
MAPK1,3,BCL9L;S21;,-0.8491469313583535
MAPK1,3,BCL9L;S25;,1.1187464421690076
MAPK1,3,BICD2;S611;,0.799228941118161
MAPK1,3,BICD2;S819;,-0.9356534657907729
MAPK1,3,BRAF;S134;,0.402384236471887
MAPK1,3,BRD8;S274;,1.216352839524323
MAPK1,3,BRD8;T270;,0.3248833595651391
MAPK1,3,BSDC1;S216;,-0.5458792498962698
MAPK1,3,C2CD4C;S262;,-1.597589406566482
MAPK1,3,CACNB1;S53;,-0.7342050288064084
MAPK1,3,CALD1;S527;,-0.06815512692180842
MAPK1,3,CAMK2D;T371;,-0.9140079524906937
MAPK1,3,CAMSAP1;S1154;,0.5445005623826906
MAPK1,3,CAMSAP1;S517;,-0.7344277695563504
MAPK1,3,CAP2;S301;,0.28403346107898525
MAPK1,3,CBX5;S93;,-1.35450195329913
MAPK1,3,CCDC6;S143;,0.5734974991058621
MAPK1,3,CCDC88A;S1638;,-0.9748254392859268
MAPK1,3,CCDC91;S71;,-0.16893741487059075
MAPK1,3,CDC42EP2;S137;,0.6282636172207279
MAPK1,3,CDC42EP2;S141;,0.80388992262612
MAPK1,3,CDC42EP4;S140;,0.6571868010959494
MAPK1,3,CDKN1A;S69;,-0.4031917650613367
MAPK1,3,CDKN1B;S12;,-0.9304473696228714
MAPK1,3,CDKN1B;S7;,-0.9188619378576481
MAPK1,3,CEP170B;S1166;,-1.5002245065434487
MAPK1,3,CEP68;S503;,-0.9852630226352337
MAPK1,3,CEP68;S510;,1.1950291547631806
MAPK1,3,CHAMP1;S532;,1.2361092431164815
MAPK1,3,CHD8;S549;,-0.9106909684687785
MAPK1,3,CHRND;S379;,-0.8384253392138892
MAPK1,3,CIC;S1394;,-1.5374456737168516
MAPK1,3,CIC;S1399;,-0.8889215015249423
MAPK1,3,CLASP2;S331;,-0.9370131282957808
MAPK1,3,CLIP1;S159;,0.40118562854657686
MAPK1,3,COBL;S31;,-1.0290389795963037
MAPK1,3,COBL;S34;,-1.0049697051688757
MAPK1,3,COG3;S536;,-0.9378817358355698
MAPK1,3,CORO7;S298;,-0.993276105917875
MAPK1,3,DAB2IP;S802;,0.6170747971708148
MAPK1,3,DAP;S2;,-0.8861737555233129
MAPK1,3,DAP;S3;,-0.21007161728661589
MAPK1,3,DBNDD1;S123;,-1.4536095767165929
MAPK1,3,DCAF6;S336;,-0.19269994432742305
MAPK1,3,DCLK1;S30;,-0.7621957324680609
MAPK1,3,DDX19A;S86;,0.792997261670976
MAPK1,3,DDX3X;S261;,-0.21738775398635082
MAPK1,3,DENND4C;S1037;,-1.0203002968323889
MAPK1,3,DLG2;S323;,0.9998734114574988
MAPK1,3,DLG2;S328;,0.2391185194682875
MAPK1,3,DMXL1;S574;,-0.8410223615665233
MAPK1,3,DNAJC2;T48;,-0.6137716300769738
MAPK1,3,DNAJC25;T353;,-0.6005715709082899
MAPK1,3,DOCK6;S1339;,-1.2683259763979018
MAPK1,3,DOCK7;S1361;,-1.4072452597553682
MAPK1,3,DOCK7;S2107;,-1.1253486649498068
MAPK1,3,DOPEY1;S1261;,-1.5899300677578159
MAPK1,3,DTNA;S606;,0.4031799137103739
MAPK1,3,DUSP27;S366;,-1.4067457903684357
MAPK1,3,DUSP27;S368;,-1.1644448833626977
MAPK1,3,DUSP27;S370;,-0.9431523201808549
MAPK1,3,DUSP27;S427;,-1.23962438455416
MAPK1,3,DYNC1H1;S4365;,-1.4338191190916125
MAPK1,3,DYNC1I2;S81;,1.1203926962737365
MAPK1,3,EEF2;T57;,-0.9999842676756396
MAPK1,3,EEF2K;S365;,-1.016466177933723
MAPK1,3,EHBP1L1;S1363;,-0.9985630371659868
MAPK1,3,EHD4;S459;,0.3001483320792114
MAPK1,3,EIF3A;S584;,-1.440290426057611
MAPK1,3,EIF4B;S422;,-1.1759294211841427
MAPK1,3,EIF4B;S424;,-1.101799125291335
MAPK1,3,EIF4B;S425;,-0.5835783029462751
MAPK1,3,EIF4B;T420;,-1.372092305937628
MAPK1,3,EIF4EBP1;S64;,0.16676290026874424
MAPK1,3,EIF4EBP2;S2;,-1.0499764352478682
MAPK1,3,EIF5B;S183;,-1.4822132936536836
MAPK1,3,ELMSAN1;S456;,-1.3114918041376955
MAPK1,3,EPS8;S659;,-1.1007217060474457
MAPK1,3,ETL4;S1844;,1.0683946722677968
MAPK1,3,ETV3;S139;,0.003027484120741386
MAPK1,3,FAM120C;S55;,0.711399893987356
MAPK1,3,FAM134C;S313;,-0.8808499445274856
MAPK1,3,FAM134C;S320;,-0.785071317299324
MAPK1,3,FAM171A2;S423;,-1.4035390858318004
MAPK1,3,FAM65A;S752;,-0.7821456672253442
MAPK1,3,FBXO30;S379;,0.42570577097361023
MAPK1,3,FHOD1;S489;,-0.6850698227867682
MAPK1,3,FHOD1;S501;,1.1900034371102524
MAPK1,3,FHOD1;S504;,0.7172840009358872
MAPK1,3,FHOD1;S513;,-0.9076875038190988
MAPK1,3,FHOD1;S523;,0.9342232232331789
MAPK1,3,FLNC;S2147;,-1.1601898871992935
MAPK1,3,FLNC;S2234;,-1.375261859505168
MAPK1,3,FMN1;S589;,0.25582098515364465
MAPK1,3,FOSL2;S320;,0.6220579376245803
MAPK1,3,FOSL2;T322;,-0.5556569874183542
MAPK1,3,FOXK1;S225;,0.7041511206827984
MAPK1,3,FOXK2;T200;,0.4258028033628876
MAPK1,3,FOXO3;S252;,-1.4393564646459125
MAPK1,3,FRMD8;S21;,-1.533992202039756
MAPK1,3,FRYL;T1959;,-1.2799686687647407
MAPK1,3,GAB1;S418;,-1.3148245368653486
MAPK1,3,GAB2;S142;,-0.12439557106316165
MAPK1,3,GAB2;S143;,0.3743125337707614
MAPK1,3,GAB2;S211;,-1.1840814671274047
MAPK1,3,GAB2;S365;,-0.47173147405121335
MAPK1,3,GAB2;T388;,-1.3935126689410047
MAPK1,3,GATAD2A;S103;,-1.014358294367806
MAPK1,3,GATAD2A;S96;,-0.8828703478449309
MAPK1,3,GATAD2B;S338;,0.6024752189820664
MAPK1,3,GBF1;S1786;,0.9727893581433
MAPK1,3,GIGYF1;S28;,1.2941813567715443
MAPK1,3,GIT2;S568;,-0.8319978134829564
MAPK1,3,GOLGA4;S116;,-1.0283690319784444
MAPK1,3,GSK3A;S21;,-1.3470128556195575
MAPK1,3,GSK3A;S41;,-0.9085617806388806
MAPK1,3,GSK3B;S9;,-1.2194637464836269
MAPK1,3,GYS1;S728;,1.2080499709639085
MAPK1,3,HBP1;S401;,0.4678636835059307
MAPK1,3,HBS1L;S147;,-1.1346670574657685
MAPK1,3,HDAC6;S21;,0.02242263317480997
MAPK1,3,HECTD1;S1392;,-0.6046611264988995
MAPK1,3,HECTD1;S1393;,-0.6184476307918901
MAPK1,3,HECTD1;S1573;,-1.0303796734916784
MAPK1,3,HELB;S944;,1.0495519517721916
MAPK1,3,HERC1;S1163;,0.8440486135869902
MAPK1,3,HERC1;T1154;,-0.23085298479720784
MAPK1,3,HIRIP3;S27;,0.1535022702616567
MAPK1,3,HN1L;S97;,0.4430749166115671
MAPK1,3,HOMER3;S158;,-1.356170672449841
MAPK1,3,HUWE1;S1876;,-0.9220730157012105
MAPK1,3,HUWE1;S3639;,-0.010370672721264684
MAPK1,3,HUWE1;S3898;,1.088852110373838
MAPK1,3,HUWE1;T3903;,1.183798544290853
MAPK1,3,IREB2;S178;,-0.9007624536283003
MAPK1,3,IRF2BPL;S69;,0.8348678349658303
MAPK1,3,ITSN1;S1063;,-0.5055293572756422
MAPK1,3,ITSN1;S315;,-1.4441638910724277
MAPK1,3,JMY;S56;,-1.2401396960842095
MAPK1,3,JSRP1;S47;,-0.9473635697879321
MAPK1,3,KANK2;S358;,-1.186265205949124
MAPK1,3,KCTD3;S809;,-1.0190451450415816
MAPK1,3,KDM2A;S718;,0.9342906312603452
MAPK1,3,KDM2A;T713;,0.9211416677299373
MAPK1,3,KDM5C;S316;,-1.6150913911696456
MAPK1,3,KPNA1;S2;,-1.0306263301972347
MAPK1,3,KPNA1;T3;,-0.06068547828646015
MAPK1,3,LAMTOR1;S98;,-0.9081717122223691
MAPK1,3,LARP1;S916;,-1.1750415724590488
MAPK1,3,LARP1;T932;,0.5819392679904347
MAPK1,3,LARP4B;S498;,-1.4480034219878257
MAPK1,3,LDB3;S112;,0.045485123463083865
MAPK1,3,LIMA1;S360;,0.8021065901683873
MAPK1,3,LIMA1;S603;,0.593847389728775
MAPK1,3,LIMA1;S608;,0.9999287437007272
MAPK1,3,LIMA1;S703;,0.9631904750079745
MAPK1,3,LMNA;S404;,-1.3108722697204966
MAPK1,3,LMNA;S406;,-1.4012722463183325
MAPK1,3,LMNA;S407;,-0.7325091279023044
MAPK1,3,LMNA;S423;,-0.7521142100734172
MAPK1,3,LMNA;S424;,-0.9999561883020587
MAPK1,3,LMO7;S1541;,-1.5414010654935018
MAPK1,3,LMO7;S1543;,-1.6422601389374643
MAPK1,3,LOC100360205;S239;,-1.2105078097202688
MAPK1,3,LOC100365259;S393;,-1.0243863886552085
MAPK1,3,LOC100910104;S475;,-1.3391401132603138
MAPK1,3,LOC100910104;S532;,-0.8652482126256411
MAPK1,3,LOC100910104;S719;,0.707582436767362
MAPK1,3,LOC100910646;S166;,-0.8107370211472562
MAPK1,3,LOC100911178;S1643;,-0.06380001540311825
MAPK1,3,LOC100911302;S1721;,0.6365085897825207
MAPK1,3,LOC100911677;S490;,-0.9813316683185689
MAPK1,3,LOC100912115;S649;,0.6776456637460269
MAPK1,3,LOC312502;S1164;,0.7433347993794293
MAPK1,3,LOC312502;S138;,-1.0163932138581637
MAPK1,3,LOC312502;S139;,-1.0453758447559052
MAPK1,3,LOC312502;S483;,0.453721704817392
MAPK1,3,LOC683007;S1204;,0.7999547084936787
MAPK1,3,LOC683007;S1207;,-0.6165108611943608
MAPK1,3,LOC684259;S780;,-0.8309239784065041
MAPK1,3,LOC685707;S1251;,0.9271163905430124
MAPK1,3,LRRFIP2;S18;,-0.9097775650916042
MAPK1,3,LRRFIP2;T136;,-0.7534490634991463
MAPK1,3,LYSMD1;S33;,-0.9359847987777314
MAPK1,3,MACF1;S1376;,-1.5018629657198799
MAPK1,3,MACF1;S5293;,0.9355858601225628
MAPK1,3,MAF1;S60;,0.8321485609234194
MAPK1,3,MAP1A;S1757;,-0.5158872714664744
MAPK1,3,MAP1A;T2177;,0.4549947506783342
MAPK1,3,MAP1A;T504;,0.7084136442914826
MAPK1,3,MAP1B;S1257;,0.7968871186454265
MAPK1,3,MAP1B;S1389;,0.7445836285134562
MAPK1,3,MAP1B;S1393;,0.2208375041011072
MAPK1,3,MAP1B;T1781;,-0.3576309223935067
MAPK1,3,MAP1S;S683;,1.00656027057513
MAPK1,3,MAP4;S902;,-1.0149928957310612
MAPK1,3,MAP4K4;S591;,-0.675239231569228
MAPK1,3,MAP4K4;S791;,-0.9292576087052693
MAPK1,3,MAP4K4;S794;,-0.9896344220239719
MAPK1,3,MAPK1;Y185;,-0.25466441429995246
MAPK1,3,MAPK14;Y182;,-0.26836047114441786
MAPK1,3,MAPK8;Y185;,-0.6453731848664191
MAPK1,3,MARCKS;S141;,-0.5711733341527151
MAPK1,3,MARK3;S593;,-1.1539075609348275
MAPK1,3,MARK3;T594;,-0.47144206817340906
MAPK1,3,MATR3;S188;,-1.6593802900015875
MAPK1,3,MBD3;S85;,-1.604755164910664
MAPK1,3,MBD3;S86;,-1.079420627904544
MAPK1,3,MDM2;S138;,-1.2068399913916787
MAPK1,3,MED1;S1465;,-0.027181331673805875
MAPK1,3,MED1;S1467;,-0.9966202735266683
MAPK1,3,MED1;S1468;,-0.6974526395556467
MAPK1,3,MED24;S860;,-1.4545944321696571
MAPK1,3,MED24;S861;,-1.0800562098478588
MAPK1,3,MEF2C;S226;,0.2161978460256319
MAPK1,3,MID1;S96;,0.7896684918328098
MAPK1,3,MKL1;S571;,0.8996388629032299
MAPK1,3,MLL2;S2291;,0.7913443894146288
MAPK1,3,MLLT4;S216;,-1.210823259186677
MAPK1,3,MLLT4;S246;,-1.161797789412761
MAPK1,3,MON2;S197;,-1.4509478388709995
MAPK1,3,MPHOSPH10;S168;,-1.037335785279727
MAPK1,3,MPRIP;S369;,0.8018576497185883
MAPK1,3,MTFR1L;S100;,-0.9079377471863432
MAPK1,3,MTFR1L;S234;,-1.0285963195938057
MAPK1,3,MTFR1L;S235;,-0.9894921656526647
MAPK1,3,MTSS1L;S575;,0.4625241959689768
MAPK1,3,MURC;S20;,-1.6240003069966245
MAPK1,3,MUSK;S689;,-1.0475438803248618
MAPK1,3,MUSK;S690;,0.09692594951727151
MAPK1,3,MYBBP1A;S1283;,1.0128566029669566
MAPK1,3,MYCBP2;S2750;,-1.2710901893272661
MAPK1,3,MYOZ2;T32;,1.000493344024084
MAPK1,3,NACA;S1125;,0.9046302644493371
MAPK1,3,NACA;S1345;,0.5181515453412822
MAPK1,3,NACA;S1454;,1.013301427937753
MAPK1,3,NACA;S1720;,0.8510218673504477
MAPK1,3,NACA;S914;,0.9800258928160857
MAPK1,3,NACA;S942;,0.5113733717016087
MAPK1,3,NCAPH;S24;,0.44526250659012473
MAPK1,3,NCOR1;S363;,0.5316010917624368
MAPK1,3,NCOR2;S1747;,0.3245020366892866
MAPK1,3,NDRG1;S330;,-1.1200106647085943
MAPK1,3,NDRG1;T328;,-1.3619621053610655
MAPK1,3,NDRG2;T334;,-1.4128133904749385
MAPK1,3,NEK9;S16;,-1.0260109454799413
MAPK1,3,NEK9;S736;,-1.3747622046699146
MAPK1,3,NELFE;S131;,-1.114282048979008
MAPK1,3,NES;S1071;,-1.0057827533336918
MAPK1,3,NES;S1123;,-0.9863270209309205
MAPK1,3,NES;S1131;,-0.9598077381052226
MAPK1,3,NES;S620;,0.4788070914757044
MAPK1,3,NES;S784;,-1.0409853376816596
MAPK1,3,NEXN;S280;,-1.1271151659285537
MAPK1,3,NFIX;S265;,-0.6654521076529252
MAPK1,3,NHSL1;T1376;,0.8695864485038549
MAPK1,3,NUMA1;S1935;,-1.5721820279092333
MAPK1,3,NUMA1;S1958;,-1.4042318703784418
MAPK1,3,NUP35;S73;,0.8910910539240815
MAPK1,3,OPTN;S188;,-0.9858405514313726
MAPK1,3,PACS2;S319;,0.7676937288851171
MAPK1,3,PAK1;S144;,-1.0000542268827248
MAPK1,3,PAK1;S203;,-1.0770393468392105
MAPK1,3,PAK2;S197;,-0.9870090661443287
MAPK1,3,PARD3;S715;,-1.3633028883812253
MAPK1,3,PARVA;S14;,1.1953261320247843
MAPK1,3,PATL1;S184;,0.9069614574817664
MAPK1,3,PBXIP1;S132;,-1.0507819435846493
MAPK1,3,PBXIP1;S133;,0.07502830992044363
MAPK1,3,PCM1;S1280;,-1.1259436675223669
MAPK1,3,PCM1;S380;,-0.9065358388675253
MAPK1,3,PCM1;S384;,-1.213104689156444
MAPK1,3,PDAP1;S176;,-1.4450682438671751
MAPK1,3,PDAP1;S178;,-1.1837182955281966
MAPK1,3,PDCD4;S420;,-1.3990224794397548
MAPK1,3,PDCD4;S76;,-1.3457453861507291
MAPK1,3,PDLIM7;S209;,-0.6406441578058419
MAPK1,3,PDLIM7;T214;,-0.1432804990560758
MAPK1,3,PDLIM7;T215;,0.7750570716785392
MAPK1,3,PDS5B;S1176;,-1.4748658896822637
MAPK1,3,PDXDC1;T554;,0.7362226827679299
MAPK1,3,PELO;S55;,-0.6347634488134144
MAPK1,3,PEX1;S1209;,-1.4570945273174638
MAPK1,3,PFKFB2;S469;,-0.9928388425724946
MAPK1,3,PHF1;S410;,0.7774202102605414
MAPK1,3,PHF1;S415;,0.9951461455657826
MAPK1,3,PHF2;S782;,1.0652540090762515
MAPK1,3,PHIP;S1251;,-1.7095394792936782
MAPK1,3,PHLDB1;S431;,-1.2973354493505556
MAPK1,3,PHLDB1;S534;,-0.8393612161413929
MAPK1,3,PHLDB2;S241;,-1.3193890518132783
MAPK1,3,PI4K2A;S43;,-0.6650793619813
MAPK1,3,PI4K2A;S46;,0.37865900053555884
MAPK1,3,PI4K2A;S461;,-1.3558581193942878
MAPK1,3,PI4K2A;S50;,1.2556663053054211
MAPK1,3,PID1;S230;,-0.572264588842516
MAPK1,3,PID1;S231;,-1.4321396762060072
MAPK1,3,PID1;S232;,-1.3477707739264964
MAPK1,3,PID1;S242;,-0.8037579006318092
MAPK1,3,PIEZO1;S1370;,1.0634315065609592
MAPK1,3,PIK3C2A;S261;,0.36619032470175733
MAPK1,3,PLEC;S4246;,-0.8871423600396753
MAPK1,3,PLEC;S4249;,-0.7287595838011476
MAPK1,3,PNISR;S290;,-1.1475627392410115
MAPK1,3,POM121;S370;,-0.4213759756794699
MAPK1,3,PPAN;S233;,-1.017489338151936
MAPK1,3,PPAN;S238;,-0.9425297477014469
MAPK1,3,PPAN;S240;,-0.9829484783934372
MAPK1,3,PPP1R12C;S508;,0.7943104763569426
MAPK1,3,PPP1R13L;S110;,1.102661888523478
MAPK1,3,PPP1R13L;S154;,0.338179619832818
MAPK1,3,PPP1R13L;S360;,1.1609436915160365
MAPK1,3,PPP6R2;S629;,0.6103623635052524
MAPK1,3,PPP6R2;S719;,0.9583705419884994
MAPK1,3,PRKAA1;S496;,-1.3509085362635809
MAPK1,3,PRKAB1;S108;,-0.9990971910817512
MAPK1,3,PRRC2A;S765;,-0.6823939980579963
MAPK1,3,PRRC2B;S259;,-1.0001069122858128
MAPK1,3,PSMA5;T55;,-0.700159331944658
MAPK1,3,PSMC3;S12;,0.6766422430488743
MAPK1,3,PSMC3;S9;,0.822270864476013
MAPK1,3,PTPN12;T544;,-0.8792370378258267
MAPK1,3,PTPN21;S599;,-1.216738933506636
MAPK1,3,PTPN21;S762;,-0.5988733205250872
MAPK1,3,PTRF;S169;,-0.8876841445347414
MAPK1,3,PTRF;S171;,-0.6548327058384009
MAPK1,3,PUM2;S82;,0.7662521044841468
MAPK1,3,PXN;S106;,-0.9221089326257725
MAPK1,3,PXN;S137;,-0.6771107117869881
MAPK1,3,PXN;S83;,0.9532016339572493
MAPK1,3,RABGEF1;T142;,-0.6839761879796828
MAPK1,3,RAF1;S295;,-0.23498848234528105
MAPK1,3,RAF1;S296;,0.325828820626955
MAPK1,3,RAI14;T249;,0.5861630050656119
MAPK1,3,RANBP10;S481;,-0.8861498993438075
MAPK1,3,RANBP3;S58;,-1.323954913167555
MAPK1,3,RAPGEF1;S306;,-1.0090839054565819
MAPK1,3,RAPGEF1;S308;,-1.3752510491911842
MAPK1,3,RAVER1;S576;,-0.0911814026437946
MAPK1,3,RB1CC1;S243;,0.6164409407468285
MAPK1,3,RBM3;S145;,-1.172999660335945
MAPK1,3,RBM7;S72;,-1.535648184357066
MAPK1,3,RFX7;S1177;,-1.5374121263898017
MAPK1,3,RGD1307838;S900;,-1.7958527023131023
MAPK1,3,RGD1307838;S903;,-1.333273979371454
MAPK1,3,RGD1308297;S518;,-0.891247979429445
MAPK1,3,RGD1309586;S243;,-1.270109245696116
MAPK1,3,RGD1309586;S59;,-1.4398484432849494
MAPK1,3,RGD1310016;S1171;,-0.8584936986311418
MAPK1,3,RGD1311783;S45;,-0.9658191093650457
MAPK1,3,RGD1311783;S46;,-1.0022080651733611
MAPK1,3,RGD1560225;S763;,-0.08102158943043797
MAPK1,3,RGD1561609;S759;,-1.3203415979914706
MAPK1,3,RGD1562639;S1035;,-1.6274327877790014
MAPK1,3,RGD1566017;S802;,-1.0488726892527338
MAPK1,3,RIN2;S494;,-1.0132920034675248
MAPK1,3,RIPK2;S412;,-0.9318286941607132
MAPK1,3,RNF40;S586;,-1.1674809047070756
MAPK1,3,RPS6KA3;S715;,-0.04159637223300666
MAPK1,3,RPS6KA4;S681;,-0.7933279268533732
MAPK1,3,RPS6KA4;S682;,-0.1435512820576653
MAPK1,3,RPS6KB1;S404;,-0.6876031562358187
MAPK1,3,RPTOR;S863;,0.8879055753427756
MAPK1,3,RRP1B;S524;,0.5308046008931715
MAPK1,3,RRP1B;T521;,0.2872744269954384
MAPK1,3,RTF1;S416;,-1.016702151816048
MAPK1,3,RUFY1;S50;,-0.04466305371251739
MAPK1,3,RUNX1T1;T568;,0.4336035640488994
MAPK1,3,SAMD4B;S271;,1.2649893850433207
MAPK1,3,SAP30L;T91;,-1.048296878309038
MAPK1,3,SBF1;S1141;,-0.9146943338774911
MAPK1,3,SCRIB;S1315;,0.5827767839222577
MAPK1,3,SCRIB;S1529;,-0.7987171698314939
MAPK1,3,SENP7;S47;,0.8766055535955855
MAPK1,3,SETD2;S511;,0.5761997246981871
MAPK1,3,SF3B1;T326;,-0.8079871720998284
MAPK1,3,SFPQ;T586;,0.35772798646429677
MAPK1,3,SGTA;S306;,-1.4202482492301525
MAPK1,3,SGTA;S308;,-1.1676160732305434
MAPK1,3,SH3BP5;S420;,-1.1446137957068692
MAPK1,3,SH3D19;S274;,1.1774856651280157
MAPK1,3,SH3PXD2A;S368;,-1.0192804774814952
MAPK1,3,SH3PXD2A;S495;,0.02710583895996771
MAPK1,3,SH3PXD2A;S956;,-1.7589469124617576
MAPK1,3,SHC3;S359;,0.7136824253227911
MAPK1,3,SIK2;S673;,-0.9186784183827443
MAPK1,3,SIPA1L1;S1408;,-1.0366612182643566
MAPK1,3,SIPA1L1;S1411;,-0.9966815139690002
MAPK1,3,SIPA1L1;S288;,-1.2991428620211252
MAPK1,3,SLC2A13;S38;,-0.9943971719405869
MAPK1,3,SLC2A13;S44;,-0.9863680393360015
MAPK1,3,SLC2A13;S47;,-0.9993594726447135
MAPK1,3,SLC4A7;S1171;,-1.02814351496673
MAPK1,3,SLC4A7;S263;,-1.0062597070483583
MAPK1,3,SLK;S778;,-0.996718946816687
MAPK1,3,SMCR7L;S59;,1.0101762235026754
MAPK1,3,SMCR8;S416;,-1.0386022713070358
MAPK1,3,SMCR8;S486;,-0.971531319301407
MAPK1,3,SMCR8;S488;,-0.8653079445489511
MAPK1,3,SMCR8;S491;,-0.9635986314661915
MAPK1,3,SMCR8;S497;,-0.7894188946749996
MAPK1,3,SMG6;S537;,0.7618014602801744
MAPK1,3,SNW1;S224;,-0.8152342949696699
MAPK1,3,SNX8;S454;,0.5716376172880655
MAPK1,3,SON;S94;,-1.4935163232998983
MAPK1,3,SORBS1;S857;,0.24624526672135577
MAPK1,3,SOS1;S1120;,-1.1202940173529639
MAPK1,3,SOX6;S399;,0.8173157715222494
MAPK1,3,SOX6;S402;,0.8554644181005397
MAPK1,3,SOX6;T401;,-0.6561195249077905
MAPK1,3,SPAG7;S219;,-1.1447185381331255
MAPK1,3,SPAG9;S203;,-0.9837988537868709
MAPK1,3,SPAG9;S716;,-1.2722481921760043
MAPK1,3,SPHK2;S379;,-0.8536030482651646
MAPK1,3,SRPK2;S487;,-1.34301041410312
MAPK1,3,SRRM2;S2228;,0.15919533004613812
MAPK1,3,SRRM2;S2338;,0.5648379949466846
MAPK1,3,SRSF10;S131;,-0.8777413957318623
MAPK1,3,SRSF11;S200;,0.6484426320158703
MAPK1,3,STARD13;S334;,0.2961691656003785
MAPK1,3,STAT3;S727;,0.7520374025541339
MAPK1,3,STIM1;S257;,-1.018178740472873
MAPK1,3,STIM1;S523;,-0.9533824419903947
MAPK1,3,STIM1;S524;,-1.0290142902963724
MAPK1,3,STIM2;S675;,-1.027461536996505
MAPK1,3,STK11IP;S443;,0.3586571022684912
MAPK1,3,STK3;S385;,-0.061917809918639655
MAPK1,3,STMN1;S16;,-1.3435730107966308
MAPK1,3,STMN1;S25;,0.6059611805485201
MAPK1,3,STMN1;S38;,1.130239795231126
MAPK1,3,STRN3;S227;,0.004560542788642985
MAPK1,3,SUN2;S12;,-1.2527038488509603
MAPK1,3,SVIL;S1177;,-0.07713628854318438
MAPK1,3,SVIL;S259;,-1.4019270374711699
MAPK1,3,SVIL;S531;,-0.03304738732558499
MAPK1,3,SYNPO2L;S401;,-1.3738719046741532
MAPK1,3,SYNPO2L;T141;,-0.7780681930895754
MAPK1,3,SZT2;S1641;,-1.1245077439301536
MAPK1,3,TACC2;S575;,0.999993258520623
MAPK1,3,TANC2;S1447;,-0.7727793127252092
MAPK1,3,TBC1D1;S231;,-0.9666405654158421
MAPK1,3,TBC1D1;S662;,-0.9588223100396365
MAPK1,3,TBC1D1;T590;,-1.3321730369982328
MAPK1,3,TBC1D16;S382;,-1.011157754641711
MAPK1,3,TCF12;S583;,-1.5067787788917422
MAPK1,3,TDRD3;S256;,-1.6164454159270458
MAPK1,3,TENC1;T996;,-0.3065611269610755
MAPK1,3,TFE3;S531;,-1.0091089943644584
MAPK1,3,TJP1;S1602;,0.6293689377019362
MAPK1,3,TJP1;S1604;,-1.046505691797959
MAPK1,3,TJP2;S147;,-0.7552012918746417
MAPK1,3,TMEM245;S327;,1.000015691035849
MAPK1,3,TMEM55A;S14;,-0.9177990387175152
MAPK1,3,TNKS1BP1;S1642;,-1.2755287403793694
MAPK1,3,TNRC6B;S306;,0.415608310766368
MAPK1,3,TNRC6B;S421;,0.42807431440681915
MAPK1,3,TRAK1;S390;,0.5752880755120797
MAPK1,3,TRAK1;S905;,-0.8951418178869399
MAPK1,3,TRAPPC12;S314;,0.4428548796415012
MAPK1,3,TRIM28;S474;,-1.1507091279671662
MAPK1,3,TRIO;S2459;,0.42431997476862987
MAPK1,3,TRIO;S2463;,0.9435487763908481
MAPK1,3,TRIP12;T1454;,-1.1749257655123098
MAPK1,3,TSC2;S939;,-1.2762250082328666
MAPK1,3,TSSC4;S190;,0.18836047652088544
MAPK1,3,TTN;S305;,-0.9675755017333996
MAPK1,3,UBA1;S13;,-1.2031233567964654
MAPK1,3,UBA5;S380;,-1.4957113951224288
MAPK1,3,UBE2O;S835;,1.01159186238932
MAPK1,3,UBE2O;T830;,-0.5751720995016776
MAPK1,3,UBE4B;S88;,0.13896413853535783
MAPK1,3,ULK1;S450;,0.026758853480885525
MAPK1,3,ULK1;S465;,-1.000531720047095
MAPK1,3,ULK1;S477;,0.7348799808253035
MAPK1,3,ULK1;S479;,0.5683119494253319
MAPK1,3,ULK1;S637;,-0.9930110688510219
MAPK1,3,ULK1;T468;,-0.9214835312367184
MAPK1,3,ULK1;T659;,-0.9948156290713834
MAPK1,3,USP10;S224;,0.9338084795097761
MAPK1,3,VAPA;S164;,-0.9755666596604449
MAPK1,3,VIM;S420;,-1.0206272236869132
MAPK1,3,VIM;S430;,-0.965214200312567
MAPK1,3,VIM;T426;,-0.990589658273916
MAPK1,3,VPS26B;S304;,-1.0069628371148638
MAPK1,3,WIPF2;S235;,0.5272138635135966
MAPK1,3,WNK1;S165;,-1.0472356304379355
MAPK1,3,WWC3;S955;,-1.2809577861238088
MAPK1,3,YAP1;S46;,-0.9278749846864831
MAPK1,3,ZC3H13;S368;,-0.9485623226188618
MAPK1,3,ZC3HAV1;S307;,0.6893299114784297
MAPK1,3,ZC3HAV1;S325;,-0.9150263194866648
MAPK1,3,ZC3HAV1;S544;,0.23846462712575495
MAPK1,3,ZC3HC1;S343;,0.8487980680262917
MAPK1,3,ZC3HC1;T351;,-0.4989700831816334
MAPK1,3,ZFP295;S411;,-1.4607187381079918
MAPK1,3,ZFYVE16;S903;,-0.644437840773919
MAPK1,3,ZNRF2;S148;,-0.8395104799515336
MAPK1,3,ZNRF2;S154;,0.37119091240712915
MAPK1,3,ZNRF2;S18;,-1.2314889211538773
MAPK1,3,ZNRF2;S81;,-1.0082138723924727
MAPK1,3,ZYX;S143;,-0.9731634159713418
MAPK1,3,ZYX;S144;,-0.9617563415442685
MAPK1,3,ZYX;S336;,0.29083342224588965
MAPK1,3,ZZEF1;S1516;,1.1556140676252962
MAPK1,3,ZZEF1;S1535;,-1.3636412153489414
MAPK1,4,AAK1;S677;,-0.7400506636948064
MAPK1,4,ABCC4;S604;,0.7767386963807583
MAPK1,4,ABI2;S165;,-0.9580937248415244
MAPK1,4,ABI2;S168;,-0.8802128025228918
MAPK1,4,ABL2;S799;,-1.1615377869671044
MAPK1,4,ABLIM3;S566;,0.2802552271884722
MAPK1,4,ABLIM3;S575;,-0.757571975978605
MAPK1,4,ACACA;S79;,-0.8713134004008514
MAPK1,4,ACIN1;S711;,-1.0229338182804395
MAPK1,4,ADD1;S613;,-0.4534901376442686
MAPK1,4,ADD1;T614;,0.8657668465236616
MAPK1,4,ADNP;S971;,0.3342898381151317
MAPK1,4,AFF4;S823;,-0.5903489131302317
MAPK1,4,AGAP3;S107;,0.4504618997912976
MAPK1,4,AHCTF1;S1214;,-0.8180196622835738
MAPK1,4,AHNAK;S1191;,-0.6776779162262745
MAPK1,4,AHNAK;S177;,-1.0551199067298582
MAPK1,4,AHNAK;S2060;,0.19441501910414227
MAPK1,4,AHNAK;S211;,-0.8979524794538111
MAPK1,4,AHNAK;S2117;,-0.6734750075887395
MAPK1,4,AHNAK;S222;,-0.9274755381310754
MAPK1,4,AHNAK;S3915;,0.12091115902673555
MAPK1,4,AHNAK;S42;,0.27980524738777746
MAPK1,4,AHNAK;S4597;,0.3346253149554096
MAPK1,4,AHNAK;S5243;,0.3565543085406281
MAPK1,4,AHNAK;T4049;,-0.028763970265105687
MAPK1,4,AHNAK2;S425;,0.4205369179377788
MAPK1,4,AHNAK2;T438;,-0.26122665284814284
MAPK1,4,AIMP1;S110;,-1.1325897323673175
MAPK1,4,AJUBA;S129;,0.8055957170699826
MAPK1,4,AKAP1;S103;,-0.8622663457540083
MAPK1,4,AKAP10;S278;,-0.7752037110471893
MAPK1,4,AKAP11;S1090;,-0.6935837363675352
MAPK1,4,AKAP11;S21;,-0.9201249583504795
MAPK1,4,AKAP11;S23;,-0.999280610678067
MAPK1,4,AKAP11;S448;,0.49197285134309365
MAPK1,4,AKAP13;S2515;,-0.7440908147277021
MAPK1,4,AKAP2;S152;,0.9998825441365273
MAPK1,4,AKAP2;S730;,-1.0765003252259997
MAPK1,4,AKAP6;S562;,-0.8732382123051363
MAPK1,4,AKAP9;S3669;,-0.055066243978519336
MAPK1,4,AKT1S1;S184;,-0.7901888304889448
MAPK1,4,AKT1S1;T247;,-0.6926864905125683
MAPK1,4,ALKBH5;S362;,-1.006410693930208
MAPK1,4,ALKBH5;S376;,-0.8952252363974609
MAPK1,4,AMOTL1;S580;,-0.8016008739575802
MAPK1,4,ANP32A;S15;,-1.0431610138224836
MAPK1,4,AP3D1;S755;,-0.8697786998060257
MAPK1,4,ARFGAP2;S145;,0.5688396704241883
MAPK1,4,ARFGEF2;S214;,-0.7184026067159561
MAPK1,4,ARFIP1;S39;,-0.9621994325496608
MAPK1,4,ARHGAP17;S710;,-0.8717684766984067
MAPK1,4,ARHGAP22;S200;,0.7140250755642583
MAPK1,4,ARHGAP22;S236;,-0.8648051408753089
MAPK1,4,ARHGAP35;S1174;,-0.9270549008603041
MAPK1,4,ARHGAP39;S284;,0.029932567906594487
MAPK1,4,ARHGAP5;S1195;,-1.0496764504539744
MAPK1,4,ARHGAP5;S1202;,0.6244446883007592
MAPK1,4,ARHGAP5;S967;,0.39965274811065465
MAPK1,4,ARHGEF12;S337;,-0.9193258345870012
MAPK1,4,ARHGEF12;S341;,0.5767304056657598
MAPK1,4,ARHGEF17;S995;,-0.7705670942206955
MAPK1,4,ARHGEF5;S721;,-0.8536309802377116
MAPK1,4,ARPP21;S256;,-0.7433005970372071
MAPK1,4,ATF7;T53;,-0.5938743834951419
MAPK1,4,ATG14;S5;,-0.7990621230309529
MAPK1,4,ATG2A;S1246;,-0.26694502320301383
MAPK1,4,ATG2B;S240;,0.6422411719555337
MAPK1,4,ATG2B;S255;,0.22320907697854753
MAPK1,4,ATRX;S761;,-1.0707347332817199
MAPK1,4,ATXN2;S622;,0.49443260790224974
MAPK1,4,ATXN2L;S109;,0.6516510210819062
MAPK1,4,ATXN2L;S447;,0.9185051237163844
MAPK1,4,AZI1;S114;,-0.6498300476973103
MAPK1,4,AZI1;S304;,-1.0052722837095849
MAPK1,4,BAD;S171;,-0.8418002727434837
MAPK1,4,BAG3;S271;,0.22926430217481586
MAPK1,4,BAG3;S387;,-0.6518222917776922
MAPK1,4,BAG3;S388;,0.37079404287870255
MAPK1,4,BAIAP2L1;S218;,0.2639067398610716
MAPK1,4,BAIAP2L1;S380;,-0.8601977781042904
MAPK1,4,BAZ2A;S1388;,0.871502770675086
MAPK1,4,BBX;S243;,0.04777120145757663
MAPK1,4,BCL9L;S116;,-1.2645310560508318
MAPK1,4,BCL9L;S21;,-0.7972529409810564
MAPK1,4,BCL9L;S25;,1.1051625712076945
MAPK1,4,BICD2;S611;,0.9242138114224256
MAPK1,4,BICD2;S819;,-0.691183483005698
MAPK1,4,BRAF;S134;,0.550208112069538
MAPK1,4,BRD8;S274;,0.999763290464017
MAPK1,4,BRD8;T270;,0.4940690222944564
MAPK1,4,BSDC1;S216;,-0.9125229008714578
MAPK1,4,C2CD4C;S262;,-1.1407949286010999
MAPK1,4,CACNB1;S53;,-0.9999921955407949
MAPK1,4,CALD1;S527;,0.20529744300875163
MAPK1,4,CAMK2D;T371;,-0.4938375256397951
MAPK1,4,CAMSAP1;S1154;,0.8436157145810907
MAPK1,4,CAMSAP1;S517;,-0.5670592989361659
MAPK1,4,CAP2;S301;,0.2764409476098848
MAPK1,4,CBX5;S93;,-0.8602990947407736
MAPK1,4,CCDC6;S143;,0.6971759988308874
MAPK1,4,CCDC88A;S1638;,-0.958259516580547
MAPK1,4,CCDC91;S71;,0.014392407837467758
MAPK1,4,CDC42EP2;S137;,0.5746514294603683
MAPK1,4,CDC42EP2;S141;,0.7228654257556577
MAPK1,4,CDC42EP4;S140;,0.7304478175925124
MAPK1,4,CDKN1A;S69;,-0.10982756894906998
MAPK1,4,CDKN1B;S12;,-0.99009166951991
MAPK1,4,CDKN1B;S7;,-0.7353726347828065
MAPK1,4,CEP170B;S1166;,-1.026354714018361
MAPK1,4,CEP68;S503;,-0.7307773211514399
MAPK1,4,CEP68;S510;,1.019031067604712
MAPK1,4,CHAMP1;S532;,0.9038893036276805
MAPK1,4,CHD8;S549;,-0.861845678997242
MAPK1,4,CHRND;S379;,-0.7833670625389606
MAPK1,4,CIC;S1394;,-1.2478865462200799
MAPK1,4,CIC;S1399;,-0.8845521806040584
MAPK1,4,CLASP2;S331;,-0.919625365631891
MAPK1,4,CLIP1;S159;,0.5039346473314276
MAPK1,4,COBL;S31;,-0.9143418637062276
MAPK1,4,COBL;S34;,-0.9553599749259601
MAPK1,4,COG3;S536;,-0.8840117560015274
MAPK1,4,CORO7;S298;,-0.973152456699354
MAPK1,4,DAB2IP;S802;,0.5338757349671313
MAPK1,4,DAP;S2;,-0.9445779577188347
MAPK1,4,DAP;S3;,0.1259983912206915
MAPK1,4,DBNDD1;S123;,-0.9957970893827496
MAPK1,4,DCAF6;S336;,-0.05200556991793548
MAPK1,4,DCLK1;S30;,-0.7360110111110829
MAPK1,4,DDX19A;S86;,0.7728727085624016
MAPK1,4,DDX3X;S261;,-0.31617516108420474
MAPK1,4,DENND4C;S1037;,-0.9365838623343575
MAPK1,4,DLG2;S323;,1.0297965166747276
MAPK1,4,DLG2;S328;,0.5598372064098558
MAPK1,4,DMXL1;S574;,-0.8145981903696601
MAPK1,4,DNAJC2;T48;,-0.46380626997349295
MAPK1,4,DNAJC25;T353;,-0.4174318212862109
MAPK1,4,DOCK6;S1339;,-0.8846851585133912
MAPK1,4,DOCK7;S1361;,-0.9895367690713346
MAPK1,4,DOCK7;S2107;,-0.9829237102743159
MAPK1,4,DOPEY1;S1261;,-1.0627757854209525
MAPK1,4,DTNA;S606;,0.4319612996155643
MAPK1,4,DUSP27;S366;,-0.8533753876180165
MAPK1,4,DUSP27;S368;,-0.9743929849304586
MAPK1,4,DUSP27;S370;,-1.0249163022496433
MAPK1,4,DUSP27;S427;,-1.0379128641451838
MAPK1,4,DYNC1H1;S4365;,-1.0689908308284615
MAPK1,4,DYNC1I2;S81;,1.2402266660872714
MAPK1,4,EEF2;T57;,-0.5104261983827394
MAPK1,4,EEF2K;S365;,-0.7223575160441427
MAPK1,4,EHBP1L1;S1363;,-0.9589845659533075
MAPK1,4,EHD4;S459;,0.48340129964391576
MAPK1,4,EIF3A;S584;,-1.1876329872638205
MAPK1,4,EIF4B;S422;,-0.6567144762386775
MAPK1,4,EIF4B;S424;,-1.0403627870281371
MAPK1,4,EIF4B;S425;,-0.8146521520672143
MAPK1,4,EIF4B;T420;,-0.9953168037912677
MAPK1,4,EIF4EBP1;S64;,0.3514812601611338
MAPK1,4,EIF4EBP2;S2;,-0.6802647783733305
MAPK1,4,EIF5B;S183;,-1.0076945785159654
MAPK1,4,ELMSAN1;S456;,-0.7843825734941039
MAPK1,4,EPS8;S659;,-0.8797175040723714
MAPK1,4,ETL4;S1844;,1.1032513259863892
MAPK1,4,ETV3;S139;,-0.31864803970029587
MAPK1,4,FAM120C;S55;,0.7844974108368943
MAPK1,4,FAM134C;S313;,-0.8628453837929966
MAPK1,4,FAM134C;S320;,-0.736573444820696
MAPK1,4,FAM171A2;S423;,-0.9933527163782258
MAPK1,4,FAM65A;S752;,-0.5666271656447301
MAPK1,4,FBXO30;S379;,0.5754349867521257
MAPK1,4,FHOD1;S489;,-0.8843585037113897
MAPK1,4,FHOD1;S501;,1.0114203287540917
MAPK1,4,FHOD1;S504;,0.7120136124393301
MAPK1,4,FHOD1;S513;,-1.1184246563194158
MAPK1,4,FHOD1;S523;,0.6320748248767711
MAPK1,4,FLNC;S2147;,-1.0463181108643216
MAPK1,4,FLNC;S2234;,-0.8358472261231801
MAPK1,4,FMN1;S589;,0.3201190464237682
MAPK1,4,FOSL2;S320;,0.5075965550635659
MAPK1,4,FOSL2;T322;,-0.2806135222888774
MAPK1,4,FOXK1;S225;,0.6522299066269044
MAPK1,4,FOXK2;T200;,0.6719619269435624
MAPK1,4,FOXO3;S252;,-0.9534071174775334
MAPK1,4,FRMD8;S21;,-1.0850363143156143
MAPK1,4,FRYL;T1959;,-0.8180573528991305
MAPK1,4,GAB1;S418;,-0.9162732410670577
MAPK1,4,GAB2;S142;,-0.24940238773223933
MAPK1,4,GAB2;S143;,0.5471737875436711
MAPK1,4,GAB2;S211;,-0.7902551148587822
MAPK1,4,GAB2;S365;,0.17933934136347385
MAPK1,4,GAB2;T388;,-0.8499825806372404
MAPK1,4,GATAD2A;S103;,-0.8999618210367483
MAPK1,4,GATAD2A;S96;,-0.8657132692137179
MAPK1,4,GATAD2B;S338;,0.7323550645074342
MAPK1,4,GBF1;S1786;,1.0137065357715738
MAPK1,4,GIGYF1;S28;,1.0473851518119826
MAPK1,4,GIT2;S568;,-0.8267169611910636
MAPK1,4,GOLGA4;S116;,-0.9363177641639256
MAPK1,4,GSK3A;S21;,-1.0181051358793614
MAPK1,4,GSK3A;S41;,-0.8987802693296385
MAPK1,4,GSK3B;S9;,-0.8090700550207813
MAPK1,4,GYS1;S728;,1.0854409105316836
MAPK1,4,HBP1;S401;,0.6231259042085813
MAPK1,4,HBS1L;S147;,-0.8625908745912123
MAPK1,4,HDAC6;S21;,0.39885457835482463
MAPK1,4,HECTD1;S1392;,-0.5609824141428391
MAPK1,4,HECTD1;S1393;,-0.5614730856526918
MAPK1,4,HECTD1;S1573;,-0.7259930548183486
MAPK1,4,HELB;S944;,0.7802536256310715
MAPK1,4,HERC1;S1163;,0.9837086047909691
MAPK1,4,HERC1;T1154;,0.1999727498084849
MAPK1,4,HIRIP3;S27;,0.24006686964327628
MAPK1,4,HN1L;S97;,0.4329738132510852
MAPK1,4,HOMER3;S158;,-0.9829607944146485
MAPK1,4,HUWE1;S1876;,-0.8423350657636537
MAPK1,4,HUWE1;S3639;,0.08850938168536293
MAPK1,4,HUWE1;S3898;,1.021361688431436
MAPK1,4,HUWE1;T3903;,1.1246637841267582
MAPK1,4,IREB2;S178;,-0.7597361585543301
MAPK1,4,IRF2BPL;S69;,0.7553019411392685
MAPK1,4,ITSN1;S1063;,-0.2676335550798303
MAPK1,4,ITSN1;S315;,-0.839831082831634
MAPK1,4,JMY;S56;,-1.05486378343819
MAPK1,4,JSRP1;S47;,-0.9220305587361555
MAPK1,4,KANK2;S358;,-1.218793738529946
MAPK1,4,KCTD3;S809;,-0.9607656291412158
MAPK1,4,KDM2A;S718;,1.120694747818843
MAPK1,4,KDM2A;T713;,0.8617126238266515
MAPK1,4,KDM5C;S316;,-1.1696487529831723
MAPK1,4,KPNA1;S2;,-0.6487848541516442
MAPK1,4,KPNA1;T3;,0.032718713074272876
MAPK1,4,LAMTOR1;S98;,-0.9864059086620135
MAPK1,4,LARP1;S916;,-0.6555456271282717
MAPK1,4,LARP1;T932;,0.7721573524705354
MAPK1,4,LARP4B;S498;,-1.282537791607302
MAPK1,4,LDB3;S112;,0.06975711099113069
MAPK1,4,LIMA1;S360;,0.7812666975192992
MAPK1,4,LIMA1;S603;,0.6605632828829919
MAPK1,4,LIMA1;S608;,0.9218026523038727
MAPK1,4,LIMA1;S703;,0.6644668123634303
MAPK1,4,LMNA;S404;,-0.7578275571437529
MAPK1,4,LMNA;S406;,-1.2560783149842552
MAPK1,4,LMNA;S407;,-0.6497642480669507
MAPK1,4,LMNA;S423;,-0.9214128208460644
MAPK1,4,LMNA;S424;,-0.8261797656624418
MAPK1,4,LMO7;S1541;,-1.185400314475753
MAPK1,4,LMO7;S1543;,-1.1473604429861672
MAPK1,4,LOC100360205;S239;,-0.9691319441387845
MAPK1,4,LOC100365259;S393;,-0.7043806252691156
MAPK1,4,LOC100910104;S475;,-1.2092526774044239
MAPK1,4,LOC100910104;S532;,-0.8718556196828346
MAPK1,4,LOC100910104;S719;,0.6414640124106228
MAPK1,4,LOC100910646;S166;,-0.8663370749970131
MAPK1,4,LOC100911178;S1643;,0.16376276472112306
MAPK1,4,LOC100911302;S1721;,0.5171176907439866
MAPK1,4,LOC100911677;S490;,-0.9863818307673868
MAPK1,4,LOC100912115;S649;,0.7868464307268836
MAPK1,4,LOC312502;S1164;,0.6791752166767584
MAPK1,4,LOC312502;S138;,-0.9998167089441171
MAPK1,4,LOC312502;S139;,-0.9493336343741952
MAPK1,4,LOC312502;S483;,0.618660314008101
MAPK1,4,LOC683007;S1204;,0.7389575666025001
MAPK1,4,LOC683007;S1207;,-0.7446851107307318
MAPK1,4,LOC684259;S780;,-0.8179598448911212
MAPK1,4,LOC685707;S1251;,0.9996858563182072
MAPK1,4,LRRFIP2;S18;,-0.9794760236716149
MAPK1,4,LRRFIP2;T136;,-0.6577565461400636
MAPK1,4,LYSMD1;S33;,-0.8591553946986652
MAPK1,4,MACF1;S1376;,-0.9420719927345804
MAPK1,4,MACF1;S5293;,1.0203570378292224
MAPK1,4,MAF1;S60;,0.8211945146807347
MAPK1,4,MAP1A;S1757;,-0.08737680778877083
MAPK1,4,MAP1A;T2177;,0.7092169699708963
MAPK1,4,MAP1A;T504;,0.8567025588800261
MAPK1,4,MAP1B;S1257;,0.9004674255980882
MAPK1,4,MAP1B;S1389;,0.7206608960058647
MAPK1,4,MAP1B;S1393;,0.42254859806642964
MAPK1,4,MAP1B;T1781;,-0.235160272036816
MAPK1,4,MAP1S;S683;,1.1855079853414492
MAPK1,4,MAP4;S902;,-0.8868892126009366
MAPK1,4,MAP4K4;S591;,-0.7304267159392799
MAPK1,4,MAP4K4;S791;,-0.9757116247399029
MAPK1,4,MAP4K4;S794;,-0.9598382052604577
MAPK1,4,MAPK1;Y185;,-0.9995178266755811
MAPK1,4,MAPK14;Y182;,-0.9219767139227267
MAPK1,4,MAPK8;Y185;,-0.40902449447842604
MAPK1,4,MARCKS;S141;,-0.6538162501381162
MAPK1,4,MARK3;S593;,-0.8967147082764987
MAPK1,4,MARK3;T594;,-0.24725780728083335
MAPK1,4,MATR3;S188;,-1.2018821650906508
MAPK1,4,MBD3;S85;,-1.1839901914974846
MAPK1,4,MBD3;S86;,-1.0842207977858282
MAPK1,4,MDM2;S138;,-0.8632684258955359
MAPK1,4,MED1;S1465;,0.33919296983736535
MAPK1,4,MED1;S1467;,-1.1037779210107717
MAPK1,4,MED1;S1468;,-0.607025567503253
MAPK1,4,MED24;S860;,-1.0199125870173418
MAPK1,4,MED24;S861;,-0.8245719278998225
MAPK1,4,MEF2C;S226;,0.11629577972275906
MAPK1,4,MID1;S96;,0.949836541829518
MAPK1,4,MKL1;S571;,0.7781556828443221
MAPK1,4,MLL2;S2291;,0.7361847206474454
MAPK1,4,MLLT4;S216;,-0.9361384073826855
MAPK1,4,MLLT4;S246;,-0.9995252551574759
MAPK1,4,MON2;S197;,-1.083824552411856
MAPK1,4,MPHOSPH10;S168;,-0.9236468671803814
MAPK1,4,MPRIP;S369;,0.675457951271581
MAPK1,4,MTFR1L;S100;,-0.8910070789709178
MAPK1,4,MTFR1L;S234;,-0.9615724659767083
MAPK1,4,MTFR1L;S235;,-0.9652689632430616
MAPK1,4,MTSS1L;S575;,0.5503688249114496
MAPK1,4,MURC;S20;,-0.9889192293190275
MAPK1,4,MUSK;S689;,-0.9512706391073698
MAPK1,4,MUSK;S690;,0.29825258363216156
MAPK1,4,MYBBP1A;S1283;,0.9955504178016521
MAPK1,4,MYCBP2;S2750;,-0.8316364465320145
MAPK1,4,MYOZ2;T32;,1.0000966119160632
MAPK1,4,NACA;S1125;,0.6341786016751767
MAPK1,4,NACA;S1345;,0.5134185324940025
MAPK1,4,NACA;S1454;,0.702529999376569
MAPK1,4,NACA;S1720;,0.6807616678995294
MAPK1,4,NACA;S914;,0.95283737637499
MAPK1,4,NACA;S942;,0.4164171332044452
MAPK1,4,NCAPH;S24;,0.500518732096241
MAPK1,4,NCOR1;S363;,0.4937053017783909
MAPK1,4,NCOR2;S1747;,0.5984135362422933
MAPK1,4,NDRG1;S330;,-0.5510196030356893
MAPK1,4,NDRG1;T328;,-0.9149679289520208
MAPK1,4,NDRG2;T334;,-0.9172481204456032
MAPK1,4,NEK9;S16;,-0.6803805026627843
MAPK1,4,NEK9;S736;,-1.1894275952617939
MAPK1,4,NELFE;S131;,-0.950350397781256
MAPK1,4,NES;S1071;,-0.9170475936032575
MAPK1,4,NES;S1123;,-1.0188685144414187
MAPK1,4,NES;S1131;,-0.9787119083223703
MAPK1,4,NES;S620;,0.26713050239032243
MAPK1,4,NES;S784;,-0.8198241793115453
MAPK1,4,NEXN;S280;,-0.9721529881987416
MAPK1,4,NFIX;S265;,-0.5980745762565052
MAPK1,4,NHSL1;T1376;,0.999947956274168
MAPK1,4,NUMA1;S1935;,-1.1434647742216943
MAPK1,4,NUMA1;S1958;,-0.8723706923251937
MAPK1,4,NUP35;S73;,0.928756508620955
MAPK1,4,OPTN;S188;,-0.9558684559976358
MAPK1,4,PACS2;S319;,0.6061111326156752
MAPK1,4,PAK1;S144;,-0.9802885333403663
MAPK1,4,PAK1;S203;,-0.6712242526925439
MAPK1,4,PAK2;S197;,-0.6420940987376287
MAPK1,4,PARD3;S715;,-0.9110340825516487
MAPK1,4,PARVA;S14;,1.045534630785338
MAPK1,4,PATL1;S184;,0.8314595211011009
MAPK1,4,PBXIP1;S132;,-0.9293212217853513
MAPK1,4,PBXIP1;S133;,0.24669869316010895
MAPK1,4,PCM1;S1280;,-0.79761713431191
MAPK1,4,PCM1;S380;,-0.8327795477249671
MAPK1,4,PCM1;S384;,-0.7255419801393646
MAPK1,4,PDAP1;S176;,-1.1366121580770863
MAPK1,4,PDAP1;S178;,-0.9512058599987733
MAPK1,4,PDCD4;S420;,-1.0301406417725383
MAPK1,4,PDCD4;S76;,-1.0644171922180137
MAPK1,4,PDLIM7;S209;,-0.6817680333445082
MAPK1,4,PDLIM7;T214;,-0.11415177686117506
MAPK1,4,PDLIM7;T215;,0.8305780475058138
MAPK1,4,PDS5B;S1176;,-1.1418516670208718
MAPK1,4,PDXDC1;T554;,0.9473290077693584
MAPK1,4,PELO;S55;,-0.6498406802624225
MAPK1,4,PEX1;S1209;,-1.2196117637619488
MAPK1,4,PFKFB2;S469;,-0.5455753426766111
MAPK1,4,PHF1;S410;,0.7729507229131034
MAPK1,4,PHF1;S415;,0.9996746777805403
MAPK1,4,PHF2;S782;,1.0123020370121085
MAPK1,4,PHIP;S1251;,-1.1818847352528974
MAPK1,4,PHLDB1;S431;,-1.1510095200732962
MAPK1,4,PHLDB1;S534;,-0.6068941593230832
MAPK1,4,PHLDB2;S241;,-0.8097965756821954
MAPK1,4,PI4K2A;S43;,-0.6267359959201233
MAPK1,4,PI4K2A;S46;,0.2021129360110575
MAPK1,4,PI4K2A;S461;,-0.8917451696733333
MAPK1,4,PI4K2A;S50;,1.2607852983070198
MAPK1,4,PID1;S230;,-0.7581657782785166
MAPK1,4,PID1;S231;,-1.0254994712300145
MAPK1,4,PID1;S232;,-0.9334010016198266
MAPK1,4,PID1;S242;,-0.7685775657150489
MAPK1,4,PIEZO1;S1370;,1.0461784226213582
MAPK1,4,PIK3C2A;S261;,0.29692830403601644
MAPK1,4,PLEC;S4246;,-0.40276057734302323
MAPK1,4,PLEC;S4249;,-0.6804757758567855
MAPK1,4,PNISR;S290;,-1.023064250370464
MAPK1,4,POM121;S370;,-0.40834522199409884
MAPK1,4,PPAN;S233;,-0.8935519457102816
MAPK1,4,PPAN;S238;,-0.9412471153496728
MAPK1,4,PPAN;S240;,-0.986357614720074
MAPK1,4,PPP1R12C;S508;,0.7669446676805771
MAPK1,4,PPP1R13L;S110;,1.1552189064376779
MAPK1,4,PPP1R13L;S154;,0.5470783722223035
MAPK1,4,PPP1R13L;S360;,1.016109586442019
MAPK1,4,PPP6R2;S629;,0.8760377914625224
MAPK1,4,PPP6R2;S719;,0.6629958725515182
MAPK1,4,PRKAA1;S496;,-0.929887682464838
MAPK1,4,PRKAB1;S108;,-0.956757588631783
MAPK1,4,PRRC2A;S765;,-0.720586932654237
MAPK1,4,PRRC2B;S259;,-0.558465345863132
MAPK1,4,PSMA5;T55;,-0.6380647306000787
MAPK1,4,PSMC3;S12;,0.5372549401782877
MAPK1,4,PSMC3;S9;,0.6276285150908815
MAPK1,4,PTPN12;T544;,-0.502015503975367
MAPK1,4,PTPN21;S599;,-0.9710752814402429
MAPK1,4,PTPN21;S762;,-0.6810644261502672
MAPK1,4,PTRF;S169;,-0.7044843523220345
MAPK1,4,PTRF;S171;,-0.6815696660894567
MAPK1,4,PUM2;S82;,0.6972109319905531
MAPK1,4,PXN;S106;,-0.8470837909292409
MAPK1,4,PXN;S137;,-0.5688445088388703
MAPK1,4,PXN;S83;,0.9124195489613527
MAPK1,4,RABGEF1;T142;,-0.3477072882348401
MAPK1,4,RAF1;S295;,-0.2599397079429737
MAPK1,4,RAF1;S296;,0.43593715020170454
MAPK1,4,RAI14;T249;,0.5900782030856486
MAPK1,4,RANBP10;S481;,-0.773961350174406
MAPK1,4,RANBP3;S58;,-0.8927016573459718
MAPK1,4,RAPGEF1;S306;,-0.7148389515557514
MAPK1,4,RAPGEF1;S308;,-1.181700381885448
MAPK1,4,RAVER1;S576;,0.17475370537630308
MAPK1,4,RB1CC1;S243;,0.4628072497411002
MAPK1,4,RBM3;S145;,-1.0990724131331655
MAPK1,4,RBM7;S72;,-1.076219755867744
MAPK1,4,RFX7;S1177;,-0.9596525226644378
MAPK1,4,RGD1307838;S900;,-1.167833708828056
MAPK1,4,RGD1307838;S903;,-0.9984836173955389
MAPK1,4,RGD1308297;S518;,-0.32470420336922423
MAPK1,4,RGD1309586;S243;,-1.0654027603134848
MAPK1,4,RGD1309586;S59;,-0.8672633137741704
MAPK1,4,RGD1310016;S1171;,-0.8319280485445928
MAPK1,4,RGD1311783;S45;,-1.0000855762218681
MAPK1,4,RGD1311783;S46;,-0.9634853787020339
MAPK1,4,RGD1560225;S763;,0.18184219698815407
MAPK1,4,RGD1561609;S759;,-0.7108503395666248
MAPK1,4,RGD1562639;S1035;,-1.1263081683575968
MAPK1,4,RGD1566017;S802;,-1.092709727065901
MAPK1,4,RIN2;S494;,-0.9688347136646451
MAPK1,4,RIPK2;S412;,-0.8655266986270704
MAPK1,4,RNF40;S586;,-1.0816452955993208
MAPK1,4,RPS6KA3;S715;,-0.015257308176331086
MAPK1,4,RPS6KA4;S681;,-0.9997351156915822
MAPK1,4,RPS6KA4;S682;,0.13610326204115553
MAPK1,4,RPS6KB1;S404;,-0.999628064625515
MAPK1,4,RPTOR;S863;,0.9634636879624239
MAPK1,4,RRP1B;S524;,0.44937218576672266
MAPK1,4,RRP1B;T521;,0.449720521910284
MAPK1,4,RTF1;S416;,-1.1634104447693745
MAPK1,4,RUFY1;S50;,0.2624499881976561
MAPK1,4,RUNX1T1;T568;,0.5581417719032349
MAPK1,4,SAMD4B;S271;,1.2576259594954933
MAPK1,4,SAP30L;T91;,-0.735579900226736
MAPK1,4,SBF1;S1141;,-0.7529624509380239
MAPK1,4,SCRIB;S1315;,0.8437174520882285
MAPK1,4,SCRIB;S1529;,-0.9112064084782204
MAPK1,4,SENP7;S47;,0.7454836445633233
MAPK1,4,SETD2;S511;,0.7074357331920527
MAPK1,4,SF3B1;T326;,-0.49598315969446694
MAPK1,4,SFPQ;T586;,0.4034580493921416
MAPK1,4,SGTA;S306;,-0.9603532055944093
MAPK1,4,SGTA;S308;,-0.8914273800286338
MAPK1,4,SH3BP5;S420;,-0.6223227255711846
MAPK1,4,SH3D19;S274;,0.8518160499250589
MAPK1,4,SH3PXD2A;S368;,-0.9649974787886667
MAPK1,4,SH3PXD2A;S495;,0.2748917735572137
MAPK1,4,SH3PXD2A;S956;,-1.2119237898149513
MAPK1,4,SHC3;S359;,0.3626042197210224
MAPK1,4,SIK2;S673;,-0.8221747178663221
MAPK1,4,SIPA1L1;S1408;,-0.8342794729723894
MAPK1,4,SIPA1L1;S1411;,-0.9497045891548416
MAPK1,4,SIPA1L1;S288;,-0.8134103351001223
MAPK1,4,SLC2A13;S38;,-0.9876912030362445
MAPK1,4,SLC2A13;S44;,-0.9814480200616921
MAPK1,4,SLC2A13;S47;,-0.9518216136475977
MAPK1,4,SLC4A7;S1171;,-0.8413629794037711
MAPK1,4,SLC4A7;S263;,-0.9472810637930795
MAPK1,4,SLK;S778;,-0.9291236426090309
MAPK1,4,SMCR7L;S59;,1.0469342314729482
MAPK1,4,SMCR8;S416;,-0.7975111522412364
MAPK1,4,SMCR8;S486;,-1.0000404577809854
MAPK1,4,SMCR8;S488;,-0.9105018543332066
MAPK1,4,SMCR8;S491;,-0.9725484966757605
MAPK1,4,SMCR8;S497;,-0.7670941736890728
MAPK1,4,SMG6;S537;,0.5880860397095745
MAPK1,4,SNW1;S224;,-0.7819325638780061
MAPK1,4,SNX8;S454;,0.7538930105532906
MAPK1,4,SON;S94;,-1.0988122858629665
MAPK1,4,SORBS1;S857;,0.4516625154016678
MAPK1,4,SOS1;S1120;,-0.6354606570131509
MAPK1,4,SOX6;S399;,0.8621376983335507
MAPK1,4,SOX6;S402;,0.8832514003918215
MAPK1,4,SOX6;T401;,-0.518474597922852
MAPK1,4,SPAG7;S219;,-1.007735091674509
MAPK1,4,SPAG9;S203;,-1.030060177475186
MAPK1,4,SPAG9;S716;,-0.864621660722383
MAPK1,4,SPHK2;S379;,-0.8239323920507748
MAPK1,4,SRPK2;S487;,-0.8728799341708265
MAPK1,4,SRRM2;S2228;,0.09845669765078091
MAPK1,4,SRRM2;S2338;,0.37070659326267574
MAPK1,4,SRSF10;S131;,-0.8209198907573709
MAPK1,4,SRSF11;S200;,0.47855769972710693
MAPK1,4,STARD13;S334;,0.49113802344166035
MAPK1,4,STAT3;S727;,0.48293078779939824
MAPK1,4,STIM1;S257;,-0.7954171882976813
MAPK1,4,STIM1;S523;,-0.8542296367567248
MAPK1,4,STIM1;S524;,-0.8901980349887904
MAPK1,4,STIM2;S675;,-0.9279368534084608
MAPK1,4,STK11IP;S443;,0.5062213161802002
MAPK1,4,STK3;S385;,0.27478890579432846
MAPK1,4,STMN1;S16;,-1.0424972903564824
MAPK1,4,STMN1;S25;,0.5990379529990111
MAPK1,4,STMN1;S38;,0.9995992606249116
MAPK1,4,STRN3;S227;,0.10351044016902711
MAPK1,4,SUN2;S12;,-1.0495886741733367
MAPK1,4,SVIL;S1177;,0.2507505461995405
MAPK1,4,SVIL;S259;,-1.038739172481419
MAPK1,4,SVIL;S531;,-0.008552558242164277
MAPK1,4,SYNPO2L;S401;,-0.9046617656794332
MAPK1,4,SYNPO2L;T141;,-0.6338897033068998
MAPK1,4,SZT2;S1641;,-0.8440802624177643
MAPK1,4,TACC2;S575;,0.9519641516699262
MAPK1,4,TANC2;S1447;,-0.6913679656139455
MAPK1,4,TBC1D1;S231;,-0.958762949529829
MAPK1,4,TBC1D1;S662;,-0.9839153240022299
MAPK1,4,TBC1D1;T590;,-0.8081397925720457
MAPK1,4,TBC1D16;S382;,-0.9744604405986501
MAPK1,4,TCF12;S583;,-1.025625338803567
MAPK1,4,TDRD3;S256;,-1.165161457543204
MAPK1,4,TENC1;T996;,-0.1989528007082752
MAPK1,4,TFE3;S531;,-0.5606433127592498
MAPK1,4,TJP1;S1602;,0.8122835750780055
MAPK1,4,TJP1;S1604;,-0.9626603679546228
MAPK1,4,TJP2;S147;,-0.8229731007363472
MAPK1,4,TMEM245;S327;,0.9998825079030678
MAPK1,4,TMEM55A;S14;,-0.9059159323437015
MAPK1,4,TNKS1BP1;S1642;,-0.8833128463611686
MAPK1,4,TNRC6B;S306;,0.5378750387711018
MAPK1,4,TNRC6B;S421;,0.6015756279075255
MAPK1,4,TRAK1;S390;,0.4291631094544873
MAPK1,4,TRAK1;S905;,-0.8941686769028587
MAPK1,4,TRAPPC12;S314;,0.6730741020940576
MAPK1,4,TRIM28;S474;,-0.8880232500258614
MAPK1,4,TRIO;S2459;,0.5350986677453967
MAPK1,4,TRIO;S2463;,0.958013802903672
MAPK1,4,TRIP12;T1454;,-0.7542452492586522
MAPK1,4,TSC2;S939;,-0.9845987852710526
MAPK1,4,TSSC4;S190;,0.46088755278215465
MAPK1,4,TTN;S305;,-0.9141187357581796
MAPK1,4,UBA1;S13;,-0.8422156265728729
MAPK1,4,UBA5;S380;,-1.0310817081623118
MAPK1,4,UBE2O;S835;,0.7387461256004109
MAPK1,4,UBE2O;T830;,-0.596372179134629
MAPK1,4,UBE4B;S88;,0.4252986943403094
MAPK1,4,ULK1;S450;,0.12383788939190632
MAPK1,4,ULK1;S465;,-0.9530861349622004
MAPK1,4,ULK1;S477;,0.6118295306073217
MAPK1,4,ULK1;S479;,0.5659499798911897
MAPK1,4,ULK1;S637;,-0.9931094841093469
MAPK1,4,ULK1;T468;,-0.5308833681885546
MAPK1,4,ULK1;T659;,-0.7196795186784617
MAPK1,4,USP10;S224;,0.9003350716534486
MAPK1,4,VAPA;S164;,-0.9347409630437148
MAPK1,4,VIM;S420;,-0.8408479698127691
MAPK1,4,VIM;S430;,-0.7583459494732248
MAPK1,4,VIM;T426;,-0.8288156870043053
MAPK1,4,VPS26B;S304;,-0.9207063363696522
MAPK1,4,WIPF2;S235;,0.6197386661905472
MAPK1,4,WNK1;S165;,-0.8163352004413993
MAPK1,4,WWC3;S955;,-1.0536937012260998
MAPK1,4,YAP1;S46;,-0.911475089642883
MAPK1,4,ZC3H13;S368;,-0.9363096205610525
MAPK1,4,ZC3HAV1;S307;,0.6714087533832429
MAPK1,4,ZC3HAV1;S325;,-0.8964067293043632
MAPK1,4,ZC3HAV1;S544;,0.3927978689863435
MAPK1,4,ZC3HC1;S343;,0.6303353362516824
MAPK1,4,ZC3HC1;T351;,-0.31026196435923764
MAPK1,4,ZFP295;S411;,-0.9847950381213298
MAPK1,4,ZFYVE16;S903;,-0.7102634335380257
MAPK1,4,ZNRF2;S148;,-0.6966981763449689
MAPK1,4,ZNRF2;S154;,0.6365538047669748
MAPK1,4,ZNRF2;S18;,-0.8101206505559764
MAPK1,4,ZNRF2;S81;,-0.6483273050011404
MAPK1,4,ZYX;S143;,-1.0283020134900913
MAPK1,4,ZYX;S144;,-0.9511597458150447
MAPK1,4,ZYX;S336;,0.41611441548794814
MAPK1,4,ZZEF1;S1516;,0.9372331905785081
MAPK1,4,ZZEF1;S1535;,-0.9117933549018171
MAPK1,5,AAK1;S677;,-1.3233101541815224
MAPK1,5,ABCC4;S604;,0.7492480222277474
MAPK1,5,ABI2;S165;,-1.1289236674984173
MAPK1,5,ABI2;S168;,-1.1348463469842502
MAPK1,5,ABL2;S799;,-1.3826440833590792
MAPK1,5,ABLIM3;S566;,0.18750683297255288
MAPK1,5,ABLIM3;S575;,-1.2014072135043707
MAPK1,5,ACACA;S79;,-0.9358646771298028
MAPK1,5,ACIN1;S711;,-1.2559123327315747
MAPK1,5,ADD1;S613;,-0.8712374283935758
MAPK1,5,ADD1;T614;,0.7354177652038466
MAPK1,5,ADNP;S971;,0.2105263786780972
MAPK1,5,AFF4;S823;,-1.0029865474713822
MAPK1,5,AGAP3;S107;,0.14993345291890725
MAPK1,5,AHCTF1;S1214;,-0.9205953257469
MAPK1,5,AHNAK;S1191;,-0.8959394068824029
MAPK1,5,AHNAK;S177;,-1.5129389580891317
MAPK1,5,AHNAK;S2060;,-0.18642864417851468
MAPK1,5,AHNAK;S211;,-1.4287766062651301
MAPK1,5,AHNAK;S2117;,-0.890410716785468
MAPK1,5,AHNAK;S222;,-0.9757518334930936
MAPK1,5,AHNAK;S3915;,-0.47788829100701274
MAPK1,5,AHNAK;S42;,-0.12611711873451636
MAPK1,5,AHNAK;S4597;,-0.09654960414638525
MAPK1,5,AHNAK;S5243;,-0.02727887150447761
MAPK1,5,AHNAK;T4049;,-1.0001033240623398
MAPK1,5,AHNAK2;S425;,0.2091188703954907
MAPK1,5,AHNAK2;T438;,-1.0439448454009412
MAPK1,5,AIMP1;S110;,-1.527771198855786
MAPK1,5,AJUBA;S129;,0.6816633047637956
MAPK1,5,AKAP1;S103;,-0.9480335392281504
MAPK1,5,AKAP10;S278;,-1.0544546716000869
MAPK1,5,AKAP11;S1090;,-1.1206412350721175
MAPK1,5,AKAP11;S21;,-1.176194254110217
MAPK1,5,AKAP11;S23;,-1.311077468848866
MAPK1,5,AKAP11;S448;,0.4172809493693458
MAPK1,5,AKAP13;S2515;,-1.0601731266827814
MAPK1,5,AKAP2;S152;,0.4579491403397865
MAPK1,5,AKAP2;S730;,-1.3673235997252071
MAPK1,5,AKAP6;S562;,-0.9920845739791984
MAPK1,5,AKAP9;S3669;,-0.6447775760113874
MAPK1,5,AKT1S1;S184;,-1.2904134404906178
MAPK1,5,AKT1S1;T247;,-1.202532077495869
MAPK1,5,ALKBH5;S362;,-1.391199555547467
MAPK1,5,ALKBH5;S376;,-1.325355353601593
MAPK1,5,AMOTL1;S580;,-0.9360418243299868
MAPK1,5,ANP32A;S15;,-1.2933524135123546
MAPK1,5,AP3D1;S755;,-1.2583104032180148
MAPK1,5,ARFGAP2;S145;,0.28497478334362836
MAPK1,5,ARFGEF2;S214;,-1.4638636047304434
MAPK1,5,ARFIP1;S39;,-0.9684329968607452
MAPK1,5,ARHGAP17;S710;,-1.1887272027381948
MAPK1,5,ARHGAP22;S200;,0.16398524028090056
MAPK1,5,ARHGAP22;S236;,-1.1322276644503804
MAPK1,5,ARHGAP35;S1174;,-1.1476660808576145
MAPK1,5,ARHGAP39;S284;,-0.649911965455938
MAPK1,5,ARHGAP5;S1195;,-1.3826281528414404
MAPK1,5,ARHGAP5;S1202;,0.22138720760861386
MAPK1,5,ARHGAP5;S967;,0.23586160244393017
MAPK1,5,ARHGEF12;S337;,-1.2661031081377527
MAPK1,5,ARHGEF12;S341;,0.17303403634351255
MAPK1,5,ARHGEF17;S995;,-0.9270297143786674
MAPK1,5,ARHGEF5;S721;,-1.1474788805550218
MAPK1,5,ARPP21;S256;,-1.03157368247068
MAPK1,5,ATF7;T53;,-0.9569049374666306
MAPK1,5,ATG14;S5;,-1.4104682922837561
MAPK1,5,ATG2A;S1246;,-0.5699029978698529
MAPK1,5,ATG2B;S240;,0.5251256063026793
MAPK1,5,ATG2B;S255;,-0.29045471874364237
MAPK1,5,ATRX;S761;,-1.3621325901840011
MAPK1,5,ATXN2;S622;,0.2985451538443692
MAPK1,5,ATXN2L;S109;,0.5136387847569698
MAPK1,5,ATXN2L;S447;,0.7955087198836254
MAPK1,5,AZI1;S114;,-1.0360939897199728
MAPK1,5,AZI1;S304;,-1.4217666970612224
MAPK1,5,BAD;S171;,-0.9372965862959012
MAPK1,5,BAG3;S271;,-0.4405645121241636
MAPK1,5,BAG3;S387;,-0.9556679909243563
MAPK1,5,BAG3;S388;,0.11135828258437475
MAPK1,5,BAIAP2L1;S218;,-0.2088918042946536
MAPK1,5,BAIAP2L1;S380;,-0.9421327989187477
MAPK1,5,BAZ2A;S1388;,0.6541044475099619
MAPK1,5,BBX;S243;,-0.38584824639046844
MAPK1,5,BCL9L;S116;,-1.4443433399122863
MAPK1,5,BCL9L;S21;,-0.9426370928264379
MAPK1,5,BCL9L;S25;,0.8843025031495518
MAPK1,5,BICD2;S611;,0.8150062193448301
MAPK1,5,BICD2;S819;,-1.3713000479928008
MAPK1,5,BRAF;S134;,0.4137478567754108
MAPK1,5,BRD8;S274;,0.914476797186958
MAPK1,5,BRD8;T270;,0.058787592932769805
MAPK1,5,BSDC1;S216;,-1.2228456146725315
MAPK1,5,C2CD4C;S262;,-1.5344123860300218
MAPK1,5,CACNB1;S53;,-1.1150669921822707
MAPK1,5,CALD1;S527;,-0.34554437038454877
MAPK1,5,CAMK2D;T371;,-0.7936737897760786
MAPK1,5,CAMSAP1;S1154;,0.697193560243286
MAPK1,5,CAMSAP1;S517;,-0.801249672372516
MAPK1,5,CAP2;S301;,0.04255314978601621
MAPK1,5,CBX5;S93;,-1.2175082472094974
MAPK1,5,CCDC6;S143;,0.37268968374587585
MAPK1,5,CCDC88A;S1638;,-1.3089858834883867
MAPK1,5,CCDC91;S71;,-0.3098688703190662
MAPK1,5,CDC42EP2;S137;,0.5061878825734233
MAPK1,5,CDC42EP2;S141;,0.5283284193443328
MAPK1,5,CDC42EP4;S140;,0.6427231821372922
MAPK1,5,CDKN1A;S69;,-0.5391355935066244
MAPK1,5,CDKN1B;S12;,-1.4947795993188544
MAPK1,5,CDKN1B;S7;,-1.0051570122365439
MAPK1,5,CEP170B;S1166;,-1.2422013104276275
MAPK1,5,CEP68;S503;,-1.358695859812233
MAPK1,5,CEP68;S510;,0.9516122388164302
MAPK1,5,CHAMP1;S532;,0.9146220695923272
MAPK1,5,CHD8;S549;,-1.000227593260832
MAPK1,5,CHRND;S379;,-0.9346878040038971
MAPK1,5,CIC;S1394;,-1.4328611512849703
MAPK1,5,CIC;S1399;,-1.356430015220334
MAPK1,5,CLASP2;S331;,-0.9822848809288349
MAPK1,5,CLIP1;S159;,0.24419793933364453
MAPK1,5,COBL;S31;,-0.9676324834325909
MAPK1,5,COBL;S34;,-0.9780018925260467
MAPK1,5,COG3;S536;,-0.9558718460006966
MAPK1,5,CORO7;S298;,-0.9776826964441256
MAPK1,5,DAB2IP;S802;,0.06485533209839434
MAPK1,5,DAP;S2;,-1.371561859970254
MAPK1,5,DAP;S3;,-0.4354947536526195
MAPK1,5,DBNDD1;S123;,-1.394440779556771
MAPK1,5,DCAF6;S336;,-0.480591238329407
MAPK1,5,DCLK1;S30;,-0.9016563825930595
MAPK1,5,DDX19A;S86;,0.7478732530214552
MAPK1,5,DDX3X;S261;,-0.6326530046053528
MAPK1,5,DENND4C;S1037;,-0.9834326630551158
MAPK1,5,DLG2;S323;,0.9997749920280868
MAPK1,5,DLG2;S328;,0.6362371232260992
MAPK1,5,DMXL1;S574;,-0.9272164367095277
MAPK1,5,DNAJC2;T48;,-1.3046940110403582
MAPK1,5,DNAJC25;T353;,-1.349122247329679
MAPK1,5,DOCK6;S1339;,-1.4379921976189474
MAPK1,5,DOCK7;S1361;,-1.5146037993639854
MAPK1,5,DOCK7;S2107;,-1.3650290527815727
MAPK1,5,DOPEY1;S1261;,-1.3380450480892012
MAPK1,5,DTNA;S606;,-0.07907065447462402
MAPK1,5,DUSP27;S366;,-1.207236129887302
MAPK1,5,DUSP27;S368;,-1.338724962530996
MAPK1,5,DUSP27;S370;,-1.261515881748907
MAPK1,5,DUSP27;S427;,-1.2736077962546997
MAPK1,5,DYNC1H1;S4365;,-1.2381512234530918
MAPK1,5,DYNC1I2;S81;,1.1767667949183362
MAPK1,5,EEF2;T57;,-0.8087331345667025
MAPK1,5,EEF2K;S365;,-1.1177879303771343
MAPK1,5,EHBP1L1;S1363;,-0.979229293481561
MAPK1,5,EHD4;S459;,0.3207007673704986
MAPK1,5,EIF3A;S584;,-1.454889969967243
MAPK1,5,EIF4B;S422;,-0.9944383509119289
MAPK1,5,EIF4B;S424;,-1.1918772594780755
MAPK1,5,EIF4B;S425;,-1.0456893822891258
MAPK1,5,EIF4B;T420;,-1.2127958045707343
MAPK1,5,EIF4EBP1;S64;,0.09444606314550841
MAPK1,5,EIF4EBP2;S2;,-1.3248973928026393
MAPK1,5,EIF5B;S183;,-1.2129741664323679
MAPK1,5,ELMSAN1;S456;,-1.2369732368436341
MAPK1,5,EPS8;S659;,-1.1871352603677143
MAPK1,5,ETL4;S1844;,0.9998757286748196
MAPK1,5,ETV3;S139;,-0.5170644870519138
MAPK1,5,FAM120C;S55;,0.7965416054273263
MAPK1,5,FAM134C;S313;,-1.0164089906837954
MAPK1,5,FAM134C;S320;,-1.089254854829991
MAPK1,5,FAM171A2;S423;,-1.4115343487326317
MAPK1,5,FAM65A;S752;,-1.1300697732378544
MAPK1,5,FBXO30;S379;,0.24930129106816978
MAPK1,5,FHOD1;S489;,-0.9689753272771517
MAPK1,5,FHOD1;S501;,1.1036168170154745
MAPK1,5,FHOD1;S504;,0.4422207110870372
MAPK1,5,FHOD1;S513;,-1.4291951822960205
MAPK1,5,FHOD1;S523;,0.5965121185221741
MAPK1,5,FLNC;S2147;,-1.3958835974821227
MAPK1,5,FLNC;S2234;,-1.182196773998911
MAPK1,5,FMN1;S589;,-0.054904257249851485
MAPK1,5,FOSL2;S320;,0.01616231072277219
MAPK1,5,FOSL2;T322;,-1.2039334402700756
MAPK1,5,FOXK1;S225;,0.494097420977473
MAPK1,5,FOXK2;T200;,0.2839000581448735
MAPK1,5,FOXO3;S252;,-1.241114169766652
MAPK1,5,FRMD8;S21;,-1.3152657154641456
MAPK1,5,FRYL;T1959;,-1.3355845216832725
MAPK1,5,GAB1;S418;,-1.3703849416909049
MAPK1,5,GAB2;S142;,-0.6561704036312086
MAPK1,5,GAB2;S143;,0.18504440191189797
MAPK1,5,GAB2;S211;,-1.0952270466284362
MAPK1,5,GAB2;S365;,0.08792393351112215
MAPK1,5,GAB2;T388;,-1.4247615738595907
MAPK1,5,GATAD2A;S103;,-0.9996354827810138
MAPK1,5,GATAD2A;S96;,-0.9343062947546144
MAPK1,5,GATAD2B;S338;,0.519399196562469
MAPK1,5,GBF1;S1786;,1.0003576872874662
MAPK1,5,GIGYF1;S28;,0.999813680158571
MAPK1,5,GIT2;S568;,-1.2316888768002165
MAPK1,5,GOLGA4;S116;,-0.9951695511461057
MAPK1,5,GSK3A;S21;,-1.1248566024431317
MAPK1,5,GSK3A;S41;,-1.2337912904139143
MAPK1,5,GSK3B;S9;,-1.1406664442412895
MAPK1,5,GYS1;S728;,0.9283244427032028
MAPK1,5,HBP1;S401;,0.4251061376957904
MAPK1,5,HBS1L;S147;,-1.255723164690325
MAPK1,5,HDAC6;S21;,-0.09217624203898445
MAPK1,5,HECTD1;S1392;,-0.7247644646951164
MAPK1,5,HECTD1;S1393;,-0.9165352299048402
MAPK1,5,HECTD1;S1573;,-0.9226977571634848
MAPK1,5,HELB;S944;,0.8198950809381161
MAPK1,5,HERC1;S1163;,0.7737835729874295
MAPK1,5,HERC1;T1154;,-0.2916772478388946
MAPK1,5,HIRIP3;S27;,0.06065064004338783
MAPK1,5,HN1L;S97;,0.02659082457186035
MAPK1,5,HOMER3;S158;,-1.3394193774639165
MAPK1,5,HUWE1;S1876;,-1.0623870318066186
MAPK1,5,HUWE1;S3639;,-0.5030032197512079
MAPK1,5,HUWE1;S3898;,0.8720259195552474
MAPK1,5,HUWE1;T3903;,1.0213440494008328
MAPK1,5,IREB2;S178;,-0.9881760640785773
MAPK1,5,IRF2BPL;S69;,0.8024118698280588
MAPK1,5,ITSN1;S1063;,-1.2583689998870418
MAPK1,5,ITSN1;S315;,-1.1997706257447396
MAPK1,5,JMY;S56;,-1.4477130484321004
MAPK1,5,JSRP1;S47;,-1.3342535265658921
MAPK1,5,KANK2;S358;,-1.4161792589184892
MAPK1,5,KCTD3;S809;,-1.0083085831091694
MAPK1,5,KDM2A;S718;,0.9974665491515845
MAPK1,5,KDM2A;T713;,0.6755147049546745
MAPK1,5,KDM5C;S316;,-1.536370150736043
MAPK1,5,KPNA1;S2;,-1.3357438486587543
MAPK1,5,KPNA1;T3;,-0.708660685900352
MAPK1,5,LAMTOR1;S98;,-1.3279203831130082
MAPK1,5,LARP1;S916;,-1.0349205528659042
MAPK1,5,LARP1;T932;,0.5059437952407081
MAPK1,5,LARP4B;S498;,-1.411274774951007
MAPK1,5,LDB3;S112;,-0.3227682390236767
MAPK1,5,LIMA1;S360;,0.4612254482905477
MAPK1,5,LIMA1;S603;,0.637019930885511
MAPK1,5,LIMA1;S608;,0.7536201274846414
MAPK1,5,LIMA1;S703;,0.42889928112151987
MAPK1,5,LMNA;S404;,-1.0871163006763982
MAPK1,5,LMNA;S406;,-1.3392527930744524
MAPK1,5,LMNA;S407;,-0.8312889560763128
MAPK1,5,LMNA;S423;,-1.084988391413885
MAPK1,5,LMNA;S424;,-1.0511593447895677
MAPK1,5,LMO7;S1541;,-1.5377965465555858
MAPK1,5,LMO7;S1543;,-1.381080058457436
MAPK1,5,LOC100360205;S239;,-1.3154747677405885
MAPK1,5,LOC100365259;S393;,-1.485053869829894
MAPK1,5,LOC100910104;S475;,-1.394533106672597
MAPK1,5,LOC100910104;S532;,-0.9343322041183715
MAPK1,5,LOC100910104;S719;,0.1336757543418735
MAPK1,5,LOC100910646;S166;,-1.231401237644504
MAPK1,5,LOC100911178;S1643;,-0.34682977498495016
MAPK1,5,LOC100911302;S1721;,0.16425567881679526
MAPK1,5,LOC100911677;S490;,-0.9891216682105746
MAPK1,5,LOC100912115;S649;,0.7593881909796726
MAPK1,5,LOC312502;S1164;,0.7251015390051035
MAPK1,5,LOC312502;S138;,-1.0160665151670287
MAPK1,5,LOC312502;S139;,-0.9969748831840022
MAPK1,5,LOC312502;S483;,0.44363150183900146
MAPK1,5,LOC683007;S1204;,0.6416860321123218
MAPK1,5,LOC683007;S1207;,-0.9493469910609265
MAPK1,5,LOC684259;S780;,-0.9134833371093458
MAPK1,5,LOC685707;S1251;,0.8935539295368732
MAPK1,5,LRRFIP2;S18;,-1.2687052619176806
MAPK1,5,LRRFIP2;T136;,-1.2617049488716592
MAPK1,5,LYSMD1;S33;,-0.9318718983247797
MAPK1,5,MACF1;S1376;,-1.127256638093775
MAPK1,5,MACF1;S5293;,0.7998131340318667
MAPK1,5,MAF1;S60;,0.48048751977727033
MAPK1,5,MAP1A;S1757;,-0.9999120837527196
MAPK1,5,MAP1A;T2177;,0.3309286543568196
MAPK1,5,MAP1A;T504;,0.6416602665375614
MAPK1,5,MAP1B;S1257;,0.8234125077027207
MAPK1,5,MAP1B;S1389;,0.3276021582656813
MAPK1,5,MAP1B;S1393;,-0.17601188979466642
MAPK1,5,MAP1B;T1781;,-1.0315594487214024
MAPK1,5,MAP1S;S683;,1.16869139083378
MAPK1,5,MAP4;S902;,-0.9595934695161344
MAPK1,5,MAP4K4;S591;,-1.000124289584264
MAPK1,5,MAP4K4;S791;,-0.967031558697111
MAPK1,5,MAP4K4;S794;,-0.9887637958091503
MAPK1,5,MAPK1;Y185;,-0.8702541092866691
MAPK1,5,MAPK14;Y182;,-0.870859332282565
MAPK1,5,MAPK8;Y185;,-0.7317252349304156
MAPK1,5,MARCKS;S141;,-0.9997767838447049
MAPK1,5,MARK3;S593;,-1.245314713727324
MAPK1,5,MARK3;T594;,-1.1499705424058255
MAPK1,5,MATR3;S188;,-1.4543208603225404
MAPK1,5,MBD3;S85;,-1.3165218830386922
MAPK1,5,MBD3;S86;,-1.2972865973337924
MAPK1,5,MDM2;S138;,-1.0212796906654433
MAPK1,5,MED1;S1465;,0.21931698754705176
MAPK1,5,MED1;S1467;,-1.2845885609567187
MAPK1,5,MED1;S1468;,-0.8281581288586434
MAPK1,5,MED24;S860;,-1.3463414562039402
MAPK1,5,MED24;S861;,-1.5031503626739506
MAPK1,5,MEF2C;S226;,-0.367120688053376
MAPK1,5,MID1;S96;,0.8030234970521933
MAPK1,5,MKL1;S571;,0.9812146936801803
MAPK1,5,MLL2;S2291;,0.5169265179024501
MAPK1,5,MLLT4;S216;,-1.2302079300993558
MAPK1,5,MLLT4;S246;,-1.3669593142356402
MAPK1,5,MON2;S197;,-1.534222976829044
MAPK1,5,MPHOSPH10;S168;,-1.0056501665734672
MAPK1,5,MPRIP;S369;,0.4326607582409264
MAPK1,5,MTFR1L;S100;,-0.9495598742970837
MAPK1,5,MTFR1L;S234;,-0.9880696501926571
MAPK1,5,MTFR1L;S235;,-0.9857272175479681
MAPK1,5,MTSS1L;S575;,0.2615397778557689
MAPK1,5,MURC;S20;,-1.3307376390913617
MAPK1,5,MUSK;S689;,-1.1721451127557194
MAPK1,5,MUSK;S690;,0.3537135266737118
MAPK1,5,MYBBP1A;S1283;,0.930118066360382
MAPK1,5,MYCBP2;S2750;,-1.2326762678728531
MAPK1,5,MYOZ2;T32;,1.0117605735017805
MAPK1,5,NACA;S1125;,0.4298333694320232
MAPK1,5,NACA;S1345;,0.15813930959621292
MAPK1,5,NACA;S1454;,0.5422217829951811
MAPK1,5,NACA;S1720;,0.5575453398786828
MAPK1,5,NACA;S914;,0.7758950833148949
MAPK1,5,NACA;S942;,0.2240363155472772
MAPK1,5,NCAPH;S24;,0.16157516197348643
MAPK1,5,NCOR1;S363;,0.11879224756032403
MAPK1,5,NCOR2;S1747;,0.6228525876122203
MAPK1,5,NDRG1;S330;,-1.045274491818635
MAPK1,5,NDRG1;T328;,-1.4579858304181244
MAPK1,5,NDRG2;T334;,-1.1605576336289432
MAPK1,5,NEK9;S16;,-0.8919089538185465
MAPK1,5,NEK9;S736;,-1.3828955798173934
MAPK1,5,NELFE;S131;,-1.308085336475883
MAPK1,5,NES;S1071;,-0.9603579911485791
MAPK1,5,NES;S1123;,-1.3994338227596361
MAPK1,5,NES;S1131;,-0.9813131631898249
MAPK1,5,NES;S620;,-0.09465064507622056
MAPK1,5,NES;S784;,-0.9459215776626563
MAPK1,5,NEXN;S280;,-1.6102529484185855
MAPK1,5,NFIX;S265;,-0.850574038903151
MAPK1,5,NHSL1;T1376;,1.0003432378794876
MAPK1,5,NUMA1;S1935;,-1.2700099764843316
MAPK1,5,NUMA1;S1958;,-1.169497283415191
MAPK1,5,NUP35;S73;,0.8231791708136381
MAPK1,5,OPTN;S188;,-0.977680661691946
MAPK1,5,PACS2;S319;,0.47171374597658045
MAPK1,5,PAK1;S144;,-1.2292266351993346
MAPK1,5,PAK1;S203;,-1.2680997586181664
MAPK1,5,PAK2;S197;,-1.4609734353787838
MAPK1,5,PARD3;S715;,-1.2274877962254136
MAPK1,5,PARVA;S14;,1.2950292040757674
MAPK1,5,PATL1;S184;,0.5770247102575637
MAPK1,5,PBXIP1;S132;,-1.4475378825300127
MAPK1,5,PBXIP1;S133;,-0.3608533606549844
MAPK1,5,PCM1;S1280;,-1.1404297710050257
MAPK1,5,PCM1;S380;,-1.1114025292784473
MAPK1,5,PCM1;S384;,-1.0428665440144984
MAPK1,5,PDAP1;S176;,-1.573694265989738
MAPK1,5,PDAP1;S178;,-1.4101569187762446
MAPK1,5,PDCD4;S420;,-1.2361291156724818
MAPK1,5,PDCD4;S76;,-1.2709152451011958
MAPK1,5,PDLIM7;S209;,-1.148485505304223
MAPK1,5,PDLIM7;T214;,-0.779806532888377
MAPK1,5,PDLIM7;T215;,0.7274765615612938
MAPK1,5,PDS5B;S1176;,-1.471025807582707
MAPK1,5,PDXDC1;T554;,0.8111831076045265
MAPK1,5,PELO;S55;,-1.1310819860072368
MAPK1,5,PEX1;S1209;,-1.456599312796745
MAPK1,5,PFKFB2;S469;,-0.9843224839935668
MAPK1,5,PHF1;S410;,0.6582732772225356
MAPK1,5,PHF1;S415;,1.1123244356557045
MAPK1,5,PHF2;S782;,0.9902542849920383
MAPK1,5,PHIP;S1251;,-1.4054294029953724
MAPK1,5,PHLDB1;S431;,-1.3372066755243948
MAPK1,5,PHLDB1;S534;,-1.0003358598264138
MAPK1,5,PHLDB2;S241;,-1.0908785907904959
MAPK1,5,PI4K2A;S43;,-0.9584427716469764
MAPK1,5,PI4K2A;S46;,-0.21451407035623504
MAPK1,5,PI4K2A;S461;,-1.3120275584306205
MAPK1,5,PI4K2A;S50;,1.3583653163846021
MAPK1,5,PID1;S230;,-0.9041800173571687
MAPK1,5,PID1;S231;,-1.2585726788200575
MAPK1,5,PID1;S232;,-1.29950861682968
MAPK1,5,PID1;S242;,-1.338294499935639
MAPK1,5,PIEZO1;S1370;,0.9997845426156867
MAPK1,5,PIK3C2A;S261;,-0.03786201803487965
MAPK1,5,PLEC;S4246;,-0.8911300723258604
MAPK1,5,PLEC;S4249;,-0.8304293115044712
MAPK1,5,PNISR;S290;,-1.1236769064271614
MAPK1,5,POM121;S370;,-0.7304244199318768
MAPK1,5,PPAN;S233;,-0.9468200937553847
MAPK1,5,PPAN;S238;,-1.0018276475225896
MAPK1,5,PPAN;S240;,-0.9996778336362612
MAPK1,5,PPP1R12C;S508;,0.750801815166486
MAPK1,5,PPP1R13L;S110;,1.179080626853792
MAPK1,5,PPP1R13L;S154;,0.19139475463586986
MAPK1,5,PPP1R13L;S360;,1.2510079782463221
MAPK1,5,PPP6R2;S629;,0.782305967698442
MAPK1,5,PPP6R2;S719;,0.6081290692208271
MAPK1,5,PRKAA1;S496;,-1.3748901942607823
MAPK1,5,PRKAB1;S108;,-0.9893289061141075
MAPK1,5,PRRC2A;S765;,-0.9015759165261965
MAPK1,5,PRRC2B;S259;,-1.0305222518161925
MAPK1,5,PSMA5;T55;,-1.1953738923015893
MAPK1,5,PSMC3;S12;,0.15704439008659588
MAPK1,5,PSMC3;S9;,0.3188710996674856
MAPK1,5,PTPN12;T544;,-0.7984184202033267
MAPK1,5,PTPN21;S599;,-1.356559574507139
MAPK1,5,PTPN21;S762;,-0.8641959334413567
MAPK1,5,PTRF;S169;,-1.0241982762982977
MAPK1,5,PTRF;S171;,-0.9814475264168636
MAPK1,5,PUM2;S82;,0.46808564954344123
MAPK1,5,PXN;S106;,-1.4384746813547085
MAPK1,5,PXN;S137;,-0.7849676419142023
MAPK1,5,PXN;S83;,0.9528779556261094
MAPK1,5,RABGEF1;T142;,-1.3633038531069537
MAPK1,5,RAF1;S295;,-0.5638901097098442
MAPK1,5,RAF1;S296;,0.39135860014638724
MAPK1,5,RAI14;T249;,0.3498096120272448
MAPK1,5,RANBP10;S481;,-1.1125446103191126
MAPK1,5,RANBP3;S58;,-1.1314130828655593
MAPK1,5,RAPGEF1;S306;,-1.135946477736909
MAPK1,5,RAPGEF1;S308;,-1.2380827320234267
MAPK1,5,RAVER1;S576;,-0.40831736765330295
MAPK1,5,RB1CC1;S243;,0.20030966534002492
MAPK1,5,RBM3;S145;,-1.4212704978568125
MAPK1,5,RBM7;S72;,-1.5174479020242844
MAPK1,5,RFX7;S1177;,-1.3121117775805273
MAPK1,5,RGD1307838;S900;,-1.3918545456894749
MAPK1,5,RGD1307838;S903;,-1.4369396307000089
MAPK1,5,RGD1308297;S518;,-0.9278372012785436
MAPK1,5,RGD1309586;S243;,-1.2708929709605479
MAPK1,5,RGD1309586;S59;,-1.4198468481409114
MAPK1,5,RGD1310016;S1171;,-0.9301076075222372
MAPK1,5,RGD1311783;S45;,-0.9792948858218604
MAPK1,5,RGD1311783;S46;,-1.0108712168522644
MAPK1,5,RGD1560225;S763;,-0.5450998173314846
MAPK1,5,RGD1561609;S759;,-1.1279116000031049
MAPK1,5,RGD1562639;S1035;,-1.4512136459940335
MAPK1,5,RGD1566017;S802;,-1.497104007413938
MAPK1,5,RIN2;S494;,-1.094526191285917
MAPK1,5,RIPK2;S412;,-0.9875842364934193
MAPK1,5,RNF40;S586;,-1.5470485310930466
MAPK1,5,RPS6KA3;S715;,-0.5218301948119384
MAPK1,5,RPS6KA4;S681;,-1.259774664053873
MAPK1,5,RPS6KA4;S682;,-0.4963643145571627
MAPK1,5,RPS6KB1;S404;,-0.9257012113475726
MAPK1,5,RPTOR;S863;,0.9241552006827359
MAPK1,5,RRP1B;S524;,0.15460815681724083
MAPK1,5,RRP1B;T521;,-0.13891248279299628
MAPK1,5,RTF1;S416;,-1.5112304839077662
MAPK1,5,RUFY1;S50;,-0.21687580394387573
MAPK1,5,RUNX1T1;T568;,0.05375223240649063
MAPK1,5,SAMD4B;S271;,1.2198705767047784
MAPK1,5,SAP30L;T91;,-1.3322982569099142
MAPK1,5,SBF1;S1141;,-1.0742397474538277
MAPK1,5,SCRIB;S1315;,0.6555235848231559
MAPK1,5,SCRIB;S1529;,-1.4115325977732849
MAPK1,5,SENP7;S47;,0.9249170072977052
MAPK1,5,SETD2;S511;,0.45481306323804815
MAPK1,5,SF3B1;T326;,-0.7902335413940028
MAPK1,5,SFPQ;T586;,-0.17784035144566357
MAPK1,5,SGTA;S306;,-1.2305633429000662
MAPK1,5,SGTA;S308;,-1.30836081103892
MAPK1,5,SH3BP5;S420;,-0.9998310551660731
MAPK1,5,SH3D19;S274;,0.574996623146622
MAPK1,5,SH3PXD2A;S368;,-0.9947348508955345
MAPK1,5,SH3PXD2A;S495;,-0.31981893627027547
MAPK1,5,SH3PXD2A;S956;,-1.4395586832915066
MAPK1,5,SHC3;S359;,0.31208441301157797
MAPK1,5,SIK2;S673;,-1.3335655855681448
MAPK1,5,SIPA1L1;S1408;,-0.9648349409368466
MAPK1,5,SIPA1L1;S1411;,-0.9764949452483054
MAPK1,5,SIPA1L1;S288;,-1.2884416942089443
MAPK1,5,SLC2A13;S38;,-0.9746088858683135
MAPK1,5,SLC2A13;S44;,-0.9869448966049484
MAPK1,5,SLC2A13;S47;,-0.9698205498797013
MAPK1,5,SLC4A7;S1171;,-0.9701272467422488
MAPK1,5,SLC4A7;S263;,-0.9741004243170628
MAPK1,5,SLK;S778;,-1.0045679231255418
MAPK1,5,SMCR7L;S59;,0.9047967538758784
MAPK1,5,SMCR8;S416;,-1.1359378256999026
MAPK1,5,SMCR8;S486;,-0.9742227400041662
MAPK1,5,SMCR8;S488;,-0.9244033546441659
MAPK1,5,SMCR8;S491;,-0.9804019465306695
MAPK1,5,SMCR8;S497;,-0.9083461441682041
MAPK1,5,SMG6;S537;,0.44607292816457955
MAPK1,5,SNW1;S224;,-0.9175537838484599
MAPK1,5,SNX8;S454;,0.5530179695447456
MAPK1,5,SON;S94;,-1.387771294399267
MAPK1,5,SORBS1;S857;,0.34253140231385115
MAPK1,5,SOS1;S1120;,-1.1076603942558503
MAPK1,5,SOX6;S399;,0.7608149466526103
MAPK1,5,SOX6;S402;,0.7361048931252078
MAPK1,5,SOX6;T401;,-1.1865826079993302
MAPK1,5,SPAG7;S219;,-1.5742200783754767
MAPK1,5,SPAG9;S203;,-1.2709895819666803
MAPK1,5,SPAG9;S716;,-1.2797587914760395
MAPK1,5,SPHK2;S379;,-0.9200173745102134
MAPK1,5,SRPK2;S487;,-1.2182905124574934
MAPK1,5,SRRM2;S2228;,-0.6779372135741679
MAPK1,5,SRRM2;S2338;,0.056214415560540965
MAPK1,5,SRSF10;S131;,-0.9619197651303006
MAPK1,5,SRSF11;S200;,0.18422399789264288
MAPK1,5,STARD13;S334;,0.44840875396132296
MAPK1,5,STAT3;S727;,-0.6492603779329221
MAPK1,5,STIM1;S257;,-0.9355740616609786
MAPK1,5,STIM1;S523;,-0.9547216406601156
MAPK1,5,STIM1;S524;,-0.9666313694684138
MAPK1,5,STIM2;S675;,-0.9629685744095786
MAPK1,5,STK11IP;S443;,-0.0034289788635879503
MAPK1,5,STK3;S385;,-0.025751005270488903
MAPK1,5,STMN1;S16;,-1.3477086852502698
MAPK1,5,STMN1;S25;,0.06645681273521542
MAPK1,5,STMN1;S38;,0.8631020417750462
MAPK1,5,STRN3;S227;,-0.09771289012518714
MAPK1,5,SUN2;S12;,-1.3107954180652208
MAPK1,5,SVIL;S1177;,-0.32975906324772297
MAPK1,5,SVIL;S259;,-1.386944305606773
MAPK1,5,SVIL;S531;,-0.6956937736671006
MAPK1,5,SYNPO2L;S401;,-1.2278931355045604
MAPK1,5,SYNPO2L;T141;,-0.8740767421425698
MAPK1,5,SZT2;S1641;,-1.1660672638134482
MAPK1,5,TACC2;S575;,0.783139783527867
MAPK1,5,TANC2;S1447;,-1.3276297518131042
MAPK1,5,TBC1D1;S231;,-0.9642308586342064
MAPK1,5,TBC1D1;S662;,-0.9716924398998829
MAPK1,5,TBC1D1;T590;,-1.3263111458775982
MAPK1,5,TBC1D16;S382;,-1.3503821262003664
MAPK1,5,TCF12;S583;,-1.266634500505964
MAPK1,5,TDRD3;S256;,-1.3664504800580617
MAPK1,5,TENC1;T996;,-1.0002420566310792
MAPK1,5,TFE3;S531;,-1.037609196868968
MAPK1,5,TJP1;S1602;,0.7775906584332751
MAPK1,5,TJP1;S1604;,-1.299235025470297
MAPK1,5,TJP2;S147;,-1.3199948377550834
MAPK1,5,TMEM245;S327;,1.0003738539940294
MAPK1,5,TMEM55A;S14;,-0.9687034668676477
MAPK1,5,TNKS1BP1;S1642;,-1.2260371395372514
MAPK1,5,TNRC6B;S306;,0.332971697579994
MAPK1,5,TNRC6B;S421;,0.6330589026642809
MAPK1,5,TRAK1;S390;,-0.015059652695505021
MAPK1,5,TRAK1;S905;,-0.9543545486343792
MAPK1,5,TRAPPC12;S314;,0.3983369086038274
MAPK1,5,TRIM28;S474;,-1.401409242223207
MAPK1,5,TRIO;S2459;,0.43056495379861437
MAPK1,5,TRIO;S2463;,0.7711285412998486
MAPK1,5,TRIP12;T1454;,-1.0702647052070753
MAPK1,5,TSC2;S939;,-1.2077382532014718
MAPK1,5,TSSC4;S190;,0.2715747885079506
MAPK1,5,TTN;S305;,-0.9789726801184861
MAPK1,5,UBA1;S13;,-1.2614617896109612
MAPK1,5,UBA5;S380;,-1.3805496051109594
MAPK1,5,UBE2O;S835;,0.6576863035778256
MAPK1,5,UBE2O;T830;,-1.1266539814689664
MAPK1,5,UBE4B;S88;,0.1316792766259136
MAPK1,5,ULK1;S450;,-0.3935713833576089
MAPK1,5,ULK1;S465;,-0.9927744921590123
MAPK1,5,ULK1;S477;,0.7183052018857078
MAPK1,5,ULK1;S479;,0.058301683364830326
MAPK1,5,ULK1;S637;,-0.9865673530279773
MAPK1,5,ULK1;T468;,-0.8348243655484324
MAPK1,5,ULK1;T659;,-0.9154050480297033
MAPK1,5,USP10;S224;,0.9027727404176501
MAPK1,5,VAPA;S164;,-0.988693475878305
MAPK1,5,VIM;S420;,-0.961542216815458
MAPK1,5,VIM;S430;,-0.9060866069813727
MAPK1,5,VIM;T426;,-0.9624877922437478
MAPK1,5,VPS26B;S304;,-0.9720839246510218
MAPK1,5,WIPF2;S235;,0.21559837974523355
MAPK1,5,WNK1;S165;,-1.2927858198414177
MAPK1,5,WWC3;S955;,-1.5191945467555743
MAPK1,5,YAP1;S46;,-0.9649301354404671
MAPK1,5,ZC3H13;S368;,-0.9748709707047987
MAPK1,5,ZC3HAV1;S307;,0.5242508152388662
MAPK1,5,ZC3HAV1;S325;,-1.2380741977640932
MAPK1,5,ZC3HAV1;S544;,0.01690743387048943
MAPK1,5,ZC3HC1;S343;,0.52009255206314
MAPK1,5,ZC3HC1;T351;,-1.1097751818130714
MAPK1,5,ZFP295;S411;,-1.3492192274448946
MAPK1,5,ZFYVE16;S903;,-1.0643842102567729
MAPK1,5,ZNRF2;S148;,-1.1600481462024272
MAPK1,5,ZNRF2;S154;,0.307643441467378
MAPK1,5,ZNRF2;S18;,-1.1734044576895408
MAPK1,5,ZNRF2;S81;,-1.0765259934131421
MAPK1,5,ZYX;S143;,-1.2448364459693169
MAPK1,5,ZYX;S144;,-1.1965284390282123
MAPK1,5,ZYX;S336;,0.027896415289818455
MAPK1,5,ZZEF1;S1516;,0.7547172946794932
MAPK1,5,ZZEF1;S1535;,-1.278929448384851
MAPK1,6,AAK1;S677;,-1.189325345066433
MAPK1,6,ABCC4;S604;,0.7592810355681093
MAPK1,6,ABI2;S165;,-1.1812858655415381
MAPK1,6,ABI2;S168;,-0.9917533786921447
MAPK1,6,ABL2;S799;,-1.4572715502078533
MAPK1,6,ABLIM3;S566;,0.09171992026432385
MAPK1,6,ABLIM3;S575;,-1.1802307035820967
MAPK1,6,ACACA;S79;,-0.9097138387440534
MAPK1,6,ACIN1;S711;,-1.36081659097474
MAPK1,6,ADD1;S613;,-0.3064027778972972
MAPK1,6,ADD1;T614;,0.37661223487747575
MAPK1,6,ADNP;S971;,0.37320747153350275
MAPK1,6,AFF4;S823;,-0.9995793992168036
MAPK1,6,AGAP3;S107;,0.4690739490005019
MAPK1,6,AHCTF1;S1214;,-0.9394880584000889
MAPK1,6,AHNAK;S1191;,-0.9090744582984613
MAPK1,6,AHNAK;S177;,-1.3025189323404471
MAPK1,6,AHNAK;S2060;,0.04131971781539012
MAPK1,6,AHNAK;S211;,-1.2986013121453426
MAPK1,6,AHNAK;S2117;,-0.905490887449852
MAPK1,6,AHNAK;S222;,-0.9840089593668673
MAPK1,6,AHNAK;S3915;,-0.3505274683588083
MAPK1,6,AHNAK;S42;,0.18876524381531723
MAPK1,6,AHNAK;S4597;,0.3864847353178612
MAPK1,6,AHNAK;S5243;,0.37733248867692537
MAPK1,6,AHNAK;T4049;,-0.6063152155507133
MAPK1,6,AHNAK2;S425;,-0.08750396135479266
MAPK1,6,AHNAK2;T438;,-0.727251029402064
MAPK1,6,AIMP1;S110;,-1.4816251451863063
MAPK1,6,AJUBA;S129;,0.8793807985522138
MAPK1,6,AKAP1;S103;,-0.9309244070948165
MAPK1,6,AKAP10;S278;,-0.778969629040624
MAPK1,6,AKAP11;S1090;,-1.0362033324627582
MAPK1,6,AKAP11;S21;,-1.1053369785327747
MAPK1,6,AKAP11;S23;,-1.0327052582951612
MAPK1,6,AKAP11;S448;,-0.0637086734522232
MAPK1,6,AKAP13;S2515;,-0.9820485733154742
MAPK1,6,AKAP2;S152;,0.4153579839042595
MAPK1,6,AKAP2;S730;,-1.110097124789648
MAPK1,6,AKAP6;S562;,-0.9645974123093519
MAPK1,6,AKAP9;S3669;,-0.3258326735304591
MAPK1,6,AKT1S1;S184;,-0.9649082872217853
MAPK1,6,AKT1S1;T247;,-1.1109247734173553
MAPK1,6,ALKBH5;S362;,-1.4275688325477063
MAPK1,6,ALKBH5;S376;,-1.2142280782298718
MAPK1,6,AMOTL1;S580;,-0.9440185718638132
MAPK1,6,ANP32A;S15;,-1.1852542505974393
MAPK1,6,AP3D1;S755;,-1.2165737423050147
MAPK1,6,ARFGAP2;S145;,0.38584165374102086
MAPK1,6,ARFGEF2;S214;,-1.0831527153453238
MAPK1,6,ARFIP1;S39;,-0.9835358380481822
MAPK1,6,ARHGAP17;S710;,-0.9811602108021262
MAPK1,6,ARHGAP22;S200;,0.7804612084904184
MAPK1,6,ARHGAP22;S236;,-1.112721245081996
MAPK1,6,ARHGAP35;S1174;,-0.9405324339057386
MAPK1,6,ARHGAP39;S284;,-0.6304757231801755
MAPK1,6,ARHGAP5;S1195;,-1.2406249589283984
MAPK1,6,ARHGAP5;S1202;,0.31528801342671775
MAPK1,6,ARHGAP5;S967;,0.3068691539205348
MAPK1,6,ARHGEF12;S337;,-0.8877043524489592
MAPK1,6,ARHGEF12;S341;,0.4118215747726438
MAPK1,6,ARHGEF17;S995;,-0.9166231971912899
MAPK1,6,ARHGEF5;S721;,-0.9959409222061496
MAPK1,6,ARPP21;S256;,-1.0875531337730262
MAPK1,6,ATF7;T53;,-0.8591858452609854
MAPK1,6,ATG14;S5;,-1.1425313682364284
MAPK1,6,ATG2A;S1246;,-0.37415147358792455
MAPK1,6,ATG2B;S240;,0.2303655109953615
MAPK1,6,ATG2B;S255;,-0.46316840167042284
MAPK1,6,ATRX;S761;,-1.5079454019027811
MAPK1,6,ATXN2;S622;,0.17072229550206586
MAPK1,6,ATXN2L;S109;,0.6507393184084672
MAPK1,6,ATXN2L;S447;,0.9355487669265011
MAPK1,6,AZI1;S114;,-1.1375416768147093
MAPK1,6,AZI1;S304;,-1.4527767818013473
MAPK1,6,BAD;S171;,-1.0004720102951872
MAPK1,6,BAG3;S271;,-0.6597418768881296
MAPK1,6,BAG3;S387;,-0.6088633132393433
MAPK1,6,BAG3;S388;,0.05107736265514207
MAPK1,6,BAIAP2L1;S218;,0.1744479646991023
MAPK1,6,BAIAP2L1;S380;,-1.004179304172645
MAPK1,6,BAZ2A;S1388;,0.7645234740021841
MAPK1,6,BBX;S243;,-0.16916994004581276
MAPK1,6,BCL9L;S116;,-1.4588373935775132
MAPK1,6,BCL9L;S21;,-0.9495176246485565
MAPK1,6,BCL9L;S25;,1.2603938938936405
MAPK1,6,BICD2;S611;,0.4494961558884877
MAPK1,6,BICD2;S819;,-1.1990374583699746
MAPK1,6,BRAF;S134;,0.5465439866736718
MAPK1,6,BRD8;S274;,1.147196597899237
MAPK1,6,BRD8;T270;,-0.023962363066322823
MAPK1,6,BSDC1;S216;,-0.7211131001310305
MAPK1,6,C2CD4C;S262;,-1.6030615449542345
MAPK1,6,CACNB1;S53;,-0.7406631526392782
MAPK1,6,CALD1;S527;,-0.34745449408903706
MAPK1,6,CAMK2D;T371;,-0.9104868047486696
MAPK1,6,CAMSAP1;S1154;,0.5667083434659975
MAPK1,6,CAMSAP1;S517;,-0.6686533065133549
MAPK1,6,CAP2;S301;,-0.049946677630846925
MAPK1,6,CBX5;S93;,-1.189949353140861
MAPK1,6,CCDC6;S143;,0.38538409298523113
MAPK1,6,CCDC88A;S1638;,-1.3257982214670012
MAPK1,6,CCDC91;S71;,-0.3682838870694515
MAPK1,6,CDC42EP2;S137;,0.7641396273099289
MAPK1,6,CDC42EP2;S141;,0.8767083753365762
MAPK1,6,CDC42EP4;S140;,0.6074628644154815
MAPK1,6,CDKN1A;S69;,-0.24535743634218043
MAPK1,6,CDKN1B;S12;,-1.2006694086338836
MAPK1,6,CDKN1B;S7;,-0.955421467784964
MAPK1,6,CEP170B;S1166;,-1.506116649355597
MAPK1,6,CEP68;S503;,-1.2515161469772416
MAPK1,6,CEP68;S510;,1.115148149895878
MAPK1,6,CHAMP1;S532;,1.073132977056889
MAPK1,6,CHD8;S549;,-0.9378584299542951
MAPK1,6,CHRND;S379;,-0.9244634598194734
MAPK1,6,CIC;S1394;,-1.3219539923059953
MAPK1,6,CIC;S1399;,-0.9987053919623673
MAPK1,6,CLASP2;S331;,-0.995451185822988
MAPK1,6,CLIP1;S159;,-0.02016332919677777
MAPK1,6,COBL;S31;,-0.9679013502094231
MAPK1,6,COBL;S34;,-0.982601491138474
MAPK1,6,COG3;S536;,-0.965780430617569
MAPK1,6,CORO7;S298;,-0.9879862412692083
MAPK1,6,DAB2IP;S802;,0.4296674925583791
MAPK1,6,DAP;S2;,-1.0769294634720767
MAPK1,6,DAP;S3;,-0.3009278354940994
MAPK1,6,DBNDD1;S123;,-1.3054888281288617
MAPK1,6,DCAF6;S336;,-0.28402723568095034
MAPK1,6,DCLK1;S30;,-0.9179764486961572
MAPK1,6,DDX19A;S86;,0.7355917557487487
MAPK1,6,DDX3X;S261;,-0.4495295405936106
MAPK1,6,DENND4C;S1037;,-0.9677247386619214
MAPK1,6,DLG2;S323;,1.1499914055893594
MAPK1,6,DLG2;S328;,0.5163307789842869
MAPK1,6,DMXL1;S574;,-0.9869774289317501
MAPK1,6,DNAJC2;T48;,-0.9174780200691662
MAPK1,6,DNAJC25;T353;,-0.9477791507673716
MAPK1,6,DOCK6;S1339;,-1.5138791063919492
MAPK1,6,DOCK7;S1361;,-1.6054623201267364
MAPK1,6,DOCK7;S2107;,-1.0899543816884467
MAPK1,6,DOPEY1;S1261;,-1.615821897024972
MAPK1,6,DTNA;S606;,-0.03326499594420118
MAPK1,6,DUSP27;S366;,-1.2176760206795425
MAPK1,6,DUSP27;S368;,-1.2917522979291642
MAPK1,6,DUSP27;S370;,-0.9950366296797702
MAPK1,6,DUSP27;S427;,-1.3617700305367846
MAPK1,6,DYNC1H1;S4365;,-1.204095831330763
MAPK1,6,DYNC1I2;S81;,1.2035252402541143
MAPK1,6,EEF2;T57;,-0.8571338143983618
MAPK1,6,EEF2K;S365;,-1.1626149552073586
MAPK1,6,EHBP1L1;S1363;,-1.000818717048963
MAPK1,6,EHD4;S459;,0.17485842129239204
MAPK1,6,EIF3A;S584;,-1.273058557706872
MAPK1,6,EIF4B;S422;,-1.0359805170279355
MAPK1,6,EIF4B;S424;,-1.0176762737621792
MAPK1,6,EIF4B;S425;,-0.8120074593952878
MAPK1,6,EIF4B;T420;,-1.2768343221202652
MAPK1,6,EIF4EBP1;S64;,0.3815988384404352
MAPK1,6,EIF4EBP2;S2;,-1.227654382469528
MAPK1,6,EIF5B;S183;,-1.2136397221304909
MAPK1,6,ELMSAN1;S456;,-1.0952930355186146
MAPK1,6,EPS8;S659;,-1.035805755178771
MAPK1,6,ETL4;S1844;,0.8733185427487785
MAPK1,6,ETV3;S139;,-0.2811357140991263
MAPK1,6,FAM120C;S55;,0.6393505788627515
MAPK1,6,FAM134C;S313;,-1.017874730666303
MAPK1,6,FAM134C;S320;,-1.0440310438257954
MAPK1,6,FAM171A2;S423;,-1.3291855454611832
MAPK1,6,FAM65A;S752;,-1.2051834916985134
MAPK1,6,FBXO30;S379;,0.2605786203937076
MAPK1,6,FHOD1;S489;,-0.7814130642509949
MAPK1,6,FHOD1;S501;,0.9997618428670644
MAPK1,6,FHOD1;S504;,0.3634714783457422
MAPK1,6,FHOD1;S513;,-0.9923628965197886
MAPK1,6,FHOD1;S523;,0.964689157295935
MAPK1,6,FLNC;S2147;,-1.2702671287663163
MAPK1,6,FLNC;S2234;,-1.223323145360854
MAPK1,6,FMN1;S589;,-0.08071154307100348
MAPK1,6,FOSL2;S320;,0.4128109262704366
MAPK1,6,FOSL2;T322;,-0.9542339775541185
MAPK1,6,FOXK1;S225;,0.5945230534500884
MAPK1,6,FOXK2;T200;,-0.012867355003230219
MAPK1,6,FOXO3;S252;,-1.275001864726049
MAPK1,6,FRMD8;S21;,-1.355565621877456
MAPK1,6,FRYL;T1959;,-1.3036449992329047
MAPK1,6,GAB1;S418;,-1.1758678073165436
MAPK1,6,GAB2;S142;,-0.28632360974571414
MAPK1,6,GAB2;S143;,0.4505904778123432
MAPK1,6,GAB2;S211;,-1.0265879990706102
MAPK1,6,GAB2;S365;,0.032472903183339064
MAPK1,6,GAB2;T388;,-1.276228295529024
MAPK1,6,GATAD2A;S103;,-0.9799103914966116
MAPK1,6,GATAD2A;S96;,-0.9611299201883468
MAPK1,6,GATAD2B;S338;,0.5716688861788471
MAPK1,6,GBF1;S1786;,1.0341129671236677
MAPK1,6,GIGYF1;S28;,1.1434365789310084
MAPK1,6,GIT2;S568;,-0.9643415724953693
MAPK1,6,GOLGA4;S116;,-0.9804965895098865
MAPK1,6,GSK3A;S21;,-1.2158397158072987
MAPK1,6,GSK3A;S41;,-1.051993609783891
MAPK1,6,GSK3B;S9;,-1.2096973846243588
MAPK1,6,GYS1;S728;,0.9854606754800656
MAPK1,6,HBP1;S401;,0.5265279376547033
MAPK1,6,HBS1L;S147;,-1.248108149684604
MAPK1,6,HDAC6;S21;,0.008500736384971508
MAPK1,6,HECTD1;S1392;,-0.6754595924917097
MAPK1,6,HECTD1;S1393;,-0.7013351472678258
MAPK1,6,HECTD1;S1573;,-0.9213668108068935
MAPK1,6,HELB;S944;,1.0661278455067165
MAPK1,6,HERC1;S1163;,0.6880377140327084
MAPK1,6,HERC1;T1154;,-0.49181022962371646
MAPK1,6,HIRIP3;S27;,-0.10374309752005717
MAPK1,6,HN1L;S97;,0.4896073110804532
MAPK1,6,HOMER3;S158;,-1.5014726898247064
MAPK1,6,HUWE1;S1876;,-0.8025636026855754
MAPK1,6,HUWE1;S3639;,-0.24692004118539135
MAPK1,6,HUWE1;S3898;,0.999703031795465
MAPK1,6,HUWE1;T3903;,0.9999435762121655
MAPK1,6,IREB2;S178;,-0.9449131212266676
MAPK1,6,IRF2BPL;S69;,0.7453118090900567
MAPK1,6,ITSN1;S1063;,-1.0995304706169808
MAPK1,6,ITSN1;S315;,-1.208409892843375
MAPK1,6,JMY;S56;,-1.0266599414914175
MAPK1,6,JSRP1;S47;,-1.2844880685031832
MAPK1,6,KANK2;S358;,-1.3206599125048366
MAPK1,6,KCTD3;S809;,-0.9909385503804976
MAPK1,6,KDM2A;S718;,0.7314406321565329
MAPK1,6,KDM2A;T713;,0.6732404261913029
MAPK1,6,KDM5C;S316;,-1.4960047539099763
MAPK1,6,KPNA1;S2;,-1.1811924401367402
MAPK1,6,KPNA1;T3;,-0.4468018593651084
MAPK1,6,LAMTOR1;S98;,-1.3860025711205664
MAPK1,6,LARP1;S916;,-1.0020253742551242
MAPK1,6,LARP1;T932;,0.25291200661196045
MAPK1,6,LARP4B;S498;,-1.2671125697473355
MAPK1,6,LDB3;S112;,-0.27893082728047514
MAPK1,6,LIMA1;S360;,0.9233015140226651
MAPK1,6,LIMA1;S603;,0.45530676087346167
MAPK1,6,LIMA1;S608;,1.0448952835599412
MAPK1,6,LIMA1;S703;,0.9426412958676925
MAPK1,6,LMNA;S404;,-1.1667918629015819
MAPK1,6,LMNA;S406;,-1.2948808966776313
MAPK1,6,LMNA;S407;,-0.7250225212485318
MAPK1,6,LMNA;S423;,-1.1278202603676388
MAPK1,6,LMNA;S424;,-1.0720927096292527
MAPK1,6,LMO7;S1541;,-1.4909542405122411
MAPK1,6,LMO7;S1543;,-1.3836075992831098
MAPK1,6,LOC100360205;S239;,-1.1220371688048616
MAPK1,6,LOC100365259;S393;,-1.4860660670026151
MAPK1,6,LOC100910104;S475;,-1.1834041774072883
MAPK1,6,LOC100910104;S532;,-0.9636460741122074
MAPK1,6,LOC100910104;S719;,0.5620517069193579
MAPK1,6,LOC100910646;S166;,-0.9514033314586865
MAPK1,6,LOC100911178;S1643;,-0.331710730658069
MAPK1,6,LOC100911302;S1721;,0.6498944267999341
MAPK1,6,LOC100911677;S490;,-1.0231188741050372
MAPK1,6,LOC100912115;S649;,0.35097133544802683
MAPK1,6,LOC312502;S1164;,0.6122158695363339
MAPK1,6,LOC312502;S138;,-1.0187088913778342
MAPK1,6,LOC312502;S139;,-0.9963366128112826
MAPK1,6,LOC312502;S483;,0.49380704937851483
MAPK1,6,LOC683007;S1204;,0.8333031455027612
MAPK1,6,LOC683007;S1207;,-0.8944803027556903
MAPK1,6,LOC684259;S780;,-0.935587113523611
MAPK1,6,LOC685707;S1251;,1.0557557385696605
MAPK1,6,LRRFIP2;S18;,-0.8674986414288431
MAPK1,6,LRRFIP2;T136;,-0.9771076371191961
MAPK1,6,LYSMD1;S33;,-0.9386821518783868
MAPK1,6,MACF1;S1376;,-1.294374097678374
MAPK1,6,MACF1;S5293;,0.8581865798363407
MAPK1,6,MAF1;S60;,0.8353173517115694
MAPK1,6,MAP1A;S1757;,-1.1085430848473705
MAPK1,6,MAP1A;T2177;,0.09684739085163019
MAPK1,6,MAP1A;T504;,0.5817255368397348
MAPK1,6,MAP1B;S1257;,0.9323110798447355
MAPK1,6,MAP1B;S1389;,0.6111627623333965
MAPK1,6,MAP1B;S1393;,0.1632598557596734
MAPK1,6,MAP1B;T1781;,-0.867617937204039
MAPK1,6,MAP1S;S683;,0.9384979213981183
MAPK1,6,MAP4;S902;,-0.9462743771206721
MAPK1,6,MAP4K4;S591;,-0.7180695065455572
MAPK1,6,MAP4K4;S791;,-0.9930705377772183
MAPK1,6,MAP4K4;S794;,-0.9729764752920032
MAPK1,6,MAPK1;Y185;,-0.9327662224358444
MAPK1,6,MAPK14;Y182;,-0.9996117144729755
MAPK1,6,MAPK8;Y185;,-0.9999275019888709
MAPK1,6,MARCKS;S141;,-1.2443784526022217
MAPK1,6,MARK3;S593;,-1.253384989735082
MAPK1,6,MARK3;T594;,-0.9038834899394733
MAPK1,6,MATR3;S188;,-1.5696360798880051
MAPK1,6,MBD3;S85;,-1.350184908016978
MAPK1,6,MBD3;S86;,-1.1199624123197816
MAPK1,6,MDM2;S138;,-1.0632882577024754
MAPK1,6,MED1;S1465;,0.13931679251355944
MAPK1,6,MED1;S1467;,-1.0765316553144757
MAPK1,6,MED1;S1468;,-0.7968661092397205
MAPK1,6,MED24;S860;,-1.485440088076206
MAPK1,6,MED24;S861;,-1.2725743428818088
MAPK1,6,MEF2C;S226;,-0.4815945503375829
MAPK1,6,MID1;S96;,0.8417757225415893
MAPK1,6,MKL1;S571;,0.7775694270618366
MAPK1,6,MLL2;S2291;,0.7082835906474755
MAPK1,6,MLLT4;S216;,-1.0599771539156002
MAPK1,6,MLLT4;S246;,-1.0903671012357274
MAPK1,6,MON2;S197;,-1.3812422089566305
MAPK1,6,MPHOSPH10;S168;,-0.9939784685693052
MAPK1,6,MPRIP;S369;,0.7124823487144124
MAPK1,6,MTFR1L;S100;,-0.9709716332185406
MAPK1,6,MTFR1L;S234;,-0.9999560149285813
MAPK1,6,MTFR1L;S235;,-0.9982145902641024
MAPK1,6,MTSS1L;S575;,0.443221674159039
MAPK1,6,MURC;S20;,-1.4684985721732637
MAPK1,6,MUSK;S689;,-1.0127874147104823
MAPK1,6,MUSK;S690;,0.3548942942530521
MAPK1,6,MYBBP1A;S1283;,0.9706184699358343
MAPK1,6,MYCBP2;S2750;,-1.1607008207611789
MAPK1,6,MYOZ2;T32;,0.845007580420284
MAPK1,6,NACA;S1125;,0.6853802305635187
MAPK1,6,NACA;S1345;,0.5291731228047255
MAPK1,6,NACA;S1454;,0.8478906966621323
MAPK1,6,NACA;S1720;,0.4709024074976301
MAPK1,6,NACA;S914;,0.8140805461032471
MAPK1,6,NACA;S942;,0.09301121533715251
MAPK1,6,NCAPH;S24;,0.3043756867093076
MAPK1,6,NCOR1;S363;,0.33277352282821326
MAPK1,6,NCOR2;S1747;,0.3734328584361959
MAPK1,6,NDRG1;S330;,-0.9556927280677594
MAPK1,6,NDRG1;T328;,-1.3798640116740675
MAPK1,6,NDRG2;T334;,-1.283320308412397
MAPK1,6,NEK9;S16;,-0.8860829157263466
MAPK1,6,NEK9;S736;,-1.4788709304154457
MAPK1,6,NELFE;S131;,-1.0640535029208815
MAPK1,6,NES;S1071;,-0.9775066295268218
MAPK1,6,NES;S1123;,-1.0711569787887916
MAPK1,6,NES;S1131;,-1.028636143004448
MAPK1,6,NES;S620;,0.27693530371354735
MAPK1,6,NES;S784;,-0.9679872318457707
MAPK1,6,NEXN;S280;,-1.381659554496082
MAPK1,6,NFIX;S265;,-0.5955068662494655
MAPK1,6,NHSL1;T1376;,0.5894280058557916
MAPK1,6,NUMA1;S1935;,-1.2953263869094824
MAPK1,6,NUMA1;S1958;,-1.2215428229003895
MAPK1,6,NUP35;S73;,0.782015310820047
MAPK1,6,OPTN;S188;,-0.9890590465668132
MAPK1,6,PACS2;S319;,0.7206769969423014
MAPK1,6,PAK1;S144;,-1.141482467783348
MAPK1,6,PAK1;S203;,-1.3339274846675604
MAPK1,6,PAK2;S197;,-1.36348403969169
MAPK1,6,PARD3;S715;,-1.1372896438067368
MAPK1,6,PARVA;S14;,1.2188905719765937
MAPK1,6,PATL1;S184;,0.8455097281534064
MAPK1,6,PBXIP1;S132;,-1.2841273439090193
MAPK1,6,PBXIP1;S133;,-0.1310085790756924
MAPK1,6,PCM1;S1280;,-0.9205859658124355
MAPK1,6,PCM1;S380;,-0.8941963939662054
MAPK1,6,PCM1;S384;,-0.9420692360824692
MAPK1,6,PDAP1;S176;,-1.346897759765962
MAPK1,6,PDAP1;S178;,-1.3422903197923604
MAPK1,6,PDCD4;S420;,-1.1582967478009176
MAPK1,6,PDCD4;S76;,-1.140119399504004
MAPK1,6,PDLIM7;S209;,-0.6385323486694644
MAPK1,6,PDLIM7;T214;,-0.4855677198892132
MAPK1,6,PDLIM7;T215;,0.5656739788468242
MAPK1,6,PDS5B;S1176;,-1.3021297923287616
MAPK1,6,PDXDC1;T554;,0.5170486698305793
MAPK1,6,PELO;S55;,-0.8435175752749464
MAPK1,6,PEX1;S1209;,-1.2177857145341617
MAPK1,6,PFKFB2;S469;,-0.9632665268532914
MAPK1,6,PHF1;S410;,0.6300520754428328
MAPK1,6,PHF1;S415;,0.9997030364113054
MAPK1,6,PHF2;S782;,1.061807200505787
MAPK1,6,PHIP;S1251;,-1.391852126603566
MAPK1,6,PHLDB1;S431;,-1.1635281196095413
MAPK1,6,PHLDB1;S534;,-0.7442670547923528
MAPK1,6,PHLDB2;S241;,-1.2786081159374558
MAPK1,6,PI4K2A;S43;,-0.8865482125712051
MAPK1,6,PI4K2A;S46;,0.06365911512197864
MAPK1,6,PI4K2A;S461;,-1.213025197041138
MAPK1,6,PI4K2A;S50;,1.3039717267599222
MAPK1,6,PID1;S230;,-0.6831028017071469
MAPK1,6,PID1;S231;,-1.1685642650282275
MAPK1,6,PID1;S232;,-1.293485987137395
MAPK1,6,PID1;S242;,-1.02745402566646
MAPK1,6,PIEZO1;S1370;,1.0523076928010675
MAPK1,6,PIK3C2A;S261;,0.3412035914065372
MAPK1,6,PLEC;S4246;,-0.9001215850908661
MAPK1,6,PLEC;S4249;,-0.8578843723985882
MAPK1,6,PNISR;S290;,-0.9767336426162532
MAPK1,6,POM121;S370;,-0.7832650434679771
MAPK1,6,PPAN;S233;,-0.9370488104537336
MAPK1,6,PPAN;S238;,-1.0327844806896138
MAPK1,6,PPAN;S240;,-1.025509394272995
MAPK1,6,PPP1R12C;S508;,0.9970404479806153
MAPK1,6,PPP1R13L;S110;,1.1643836794207503
MAPK1,6,PPP1R13L;S154;,0.30583581290059925
MAPK1,6,PPP1R13L;S360;,1.2168035860973392
MAPK1,6,PPP6R2;S629;,0.40552083236495984
MAPK1,6,PPP6R2;S719;,0.8258366418810804
MAPK1,6,PRKAA1;S496;,-1.3116203085992044
MAPK1,6,PRKAB1;S108;,-0.9870204321532269
MAPK1,6,PRRC2A;S765;,-0.7595185391635957
MAPK1,6,PRRC2B;S259;,-0.9200559216687965
MAPK1,6,PSMA5;T55;,-1.0155232166118902
MAPK1,6,PSMC3;S12;,0.5810791774202252
MAPK1,6,PSMC3;S9;,0.7808902727119408
MAPK1,6,PTPN12;T544;,-0.8490999830807223
MAPK1,6,PTPN21;S599;,-1.1014622626363706
MAPK1,6,PTPN21;S762;,-0.5082055388827597
MAPK1,6,PTRF;S169;,-0.783360685208675
MAPK1,6,PTRF;S171;,-0.7508997197175852
MAPK1,6,PUM2;S82;,0.8087619874851696
MAPK1,6,PXN;S106;,-1.254199232986276
MAPK1,6,PXN;S137;,-0.9394475201200565
MAPK1,6,PXN;S83;,0.78375053029463
MAPK1,6,RABGEF1;T142;,-1.0349828843291995
MAPK1,6,RAF1;S295;,-0.3186584400867034
MAPK1,6,RAF1;S296;,-0.21983656171515087
MAPK1,6,RAI14;T249;,0.1967057652232871
MAPK1,6,RANBP10;S481;,-1.0937445174760856
MAPK1,6,RANBP3;S58;,-1.2898765356382529
MAPK1,6,RAPGEF1;S306;,-1.1834113688811843
MAPK1,6,RAPGEF1;S308;,-1.4521319762522231
MAPK1,6,RAVER1;S576;,0.1807008482594168
MAPK1,6,RB1CC1;S243;,0.4426444270568032
MAPK1,6,RBM3;S145;,-1.3068377104938447
MAPK1,6,RBM7;S72;,-1.5946857222346589
MAPK1,6,RFX7;S1177;,-1.356706963334133
MAPK1,6,RGD1307838;S900;,-1.5849872342960918
MAPK1,6,RGD1307838;S903;,-1.317087371074059
MAPK1,6,RGD1308297;S518;,-0.8589103454641109
MAPK1,6,RGD1309586;S243;,-1.1070903658290505
MAPK1,6,RGD1309586;S59;,-1.4312386751383999
MAPK1,6,RGD1310016;S1171;,-1.0000540121045491
MAPK1,6,RGD1311783;S45;,-1.000046649861884
MAPK1,6,RGD1311783;S46;,-0.9969059801538194
MAPK1,6,RGD1560225;S763;,-0.6880896657310916
MAPK1,6,RGD1561609;S759;,-1.1755768194657086
MAPK1,6,RGD1562639;S1035;,-1.4354938151037122
MAPK1,6,RGD1566017;S802;,-0.9543872811928478
MAPK1,6,RIN2;S494;,-0.9051931756987169
MAPK1,6,RIPK2;S412;,-0.9573763744209596
MAPK1,6,RNF40;S586;,-1.4039634832551156
MAPK1,6,RPS6KA3;S715;,-0.08302419259031868
MAPK1,6,RPS6KA4;S681;,-1.1795728006142565
MAPK1,6,RPS6KA4;S682;,-0.3675143189280521
MAPK1,6,RPS6KB1;S404;,-0.739201516599218
MAPK1,6,RPTOR;S863;,0.9079379815435006
MAPK1,6,RRP1B;S524;,0.400707505766407
MAPK1,6,RRP1B;T521;,-0.05439535263013451
MAPK1,6,RTF1;S416;,-1.0115371834418037
MAPK1,6,RUFY1;S50;,-0.16034222277114185
MAPK1,6,RUNX1T1;T568;,-0.02719460810411689
MAPK1,6,SAMD4B;S271;,1.3528354043412434
MAPK1,6,SAP30L;T91;,-1.1738661926893386
MAPK1,6,SBF1;S1141;,-1.0971068032981335
MAPK1,6,SCRIB;S1315;,0.6352707661043066
MAPK1,6,SCRIB;S1529;,-0.9538087277424632
MAPK1,6,SENP7;S47;,0.8081049510961028
MAPK1,6,SETD2;S511;,0.3838062306313691
MAPK1,6,SF3B1;T326;,-0.8453720762308273
MAPK1,6,SFPQ;T586;,-0.05374613271395967
MAPK1,6,SGTA;S306;,-1.2396211962825423
MAPK1,6,SGTA;S308;,-1.0740417179447044
MAPK1,6,SH3BP5;S420;,-1.1735622975342843
MAPK1,6,SH3D19;S274;,0.9879371529356492
MAPK1,6,SH3PXD2A;S368;,-1.003713983202707
MAPK1,6,SH3PXD2A;S495;,-0.2001397373539554
MAPK1,6,SH3PXD2A;S956;,-1.5658144508092717
MAPK1,6,SHC3;S359;,0.5762010710700788
MAPK1,6,SIK2;S673;,-1.1086534872683094
MAPK1,6,SIPA1L1;S1408;,-0.9365721793841228
MAPK1,6,SIPA1L1;S1411;,-0.9678980239793212
MAPK1,6,SIPA1L1;S288;,-1.1961151897367015
MAPK1,6,SLC2A13;S38;,-1.001318413238454
MAPK1,6,SLC2A13;S44;,-0.9914683631766887
MAPK1,6,SLC2A13;S47;,-0.9807008281429199
MAPK1,6,SLC4A7;S1171;,-0.9529313485415163
MAPK1,6,SLC4A7;S263;,-0.9825482849028485
MAPK1,6,SLK;S778;,-1.0069627818137086
MAPK1,6,SMCR7L;S59;,0.860743335952446
MAPK1,6,SMCR8;S416;,-1.145139802230921
MAPK1,6,SMCR8;S486;,-1.0011527328395675
MAPK1,6,SMCR8;S488;,-0.9772922658581049
MAPK1,6,SMCR8;S491;,-1.0115208317089728
MAPK1,6,SMCR8;S497;,-0.9307873317543751
MAPK1,6,SMG6;S537;,0.5742783129021914
MAPK1,6,SNW1;S224;,-0.9266570722308298
MAPK1,6,SNX8;S454;,0.6448856366225483
MAPK1,6,SON;S94;,-1.3954624901812436
MAPK1,6,SORBS1;S857;,0.39367591003457914
MAPK1,6,SOS1;S1120;,-1.1371783621137619
MAPK1,6,SOX6;S399;,0.6379758781227108
MAPK1,6,SOX6;S402;,0.6941553899629594
MAPK1,6,SOX6;T401;,-1.029859062330302
MAPK1,6,SPAG7;S219;,-1.4028301913950636
MAPK1,6,SPAG9;S203;,-1.138526847229342
MAPK1,6,SPAG9;S716;,-1.481200159575744
MAPK1,6,SPHK2;S379;,-0.9373456813138985
MAPK1,6,SRPK2;S487;,-1.3014488029865234
MAPK1,6,SRRM2;S2228;,-0.15153880526795438
MAPK1,6,SRRM2;S2338;,0.5115262968892315
MAPK1,6,SRSF10;S131;,-0.9034660805660144
MAPK1,6,SRSF11;S200;,0.4856602228008423
MAPK1,6,STARD13;S334;,-0.05945631434412246
MAPK1,6,STAT3;S727;,0.5894668623057465
MAPK1,6,STIM1;S257;,-0.9381325064503283
MAPK1,6,STIM1;S523;,-0.9804483352371699
MAPK1,6,STIM1;S524;,-0.9756330286236018
MAPK1,6,STIM2;S675;,-0.9883136008518517
MAPK1,6,STK11IP;S443;,0.31595234502973557
MAPK1,6,STK3;S385;,-0.08765489648756042
MAPK1,6,STMN1;S16;,-1.2217325561965036
MAPK1,6,STMN1;S25;,0.5513438972833072
MAPK1,6,STMN1;S38;,1.0157768412882682
MAPK1,6,STRN3;S227;,-0.011415839425216623
MAPK1,6,SUN2;S12;,-1.0971922014838866
MAPK1,6,SVIL;S1177;,-0.21068598636461078
MAPK1,6,SVIL;S259;,-1.3937181062625554
MAPK1,6,SVIL;S531;,-0.4646008189486234
MAPK1,6,SYNPO2L;S401;,-1.2351196902021457
MAPK1,6,SYNPO2L;T141;,-0.942267018912512
MAPK1,6,SZT2;S1641;,-1.2175471289425392
MAPK1,6,TACC2;S575;,1.0312542301364873
MAPK1,6,TANC2;S1447;,-1.2116972334351823
MAPK1,6,TBC1D1;S231;,-0.9649888036080503
MAPK1,6,TBC1D1;S662;,-0.9879626566347036
MAPK1,6,TBC1D1;T590;,-1.3967081742870735
MAPK1,6,TBC1D16;S382;,-0.972693404774041
MAPK1,6,TCF12;S583;,-1.42456731908581
MAPK1,6,TDRD3;S256;,-1.3429119553630602
MAPK1,6,TENC1;T996;,-0.6484594042713345
MAPK1,6,TFE3;S531;,-0.8173946065077901
MAPK1,6,TJP1;S1602;,0.5901343628750805
MAPK1,6,TJP1;S1604;,-1.158605928945582
MAPK1,6,TJP2;S147;,-0.9026668524839931
MAPK1,6,TMEM245;S327;,0.9999715749136978
MAPK1,6,TMEM55A;S14;,-0.9972618564060195
MAPK1,6,TNKS1BP1;S1642;,-1.1150161034912751
MAPK1,6,TNRC6B;S306;,0.20527314994532042
MAPK1,6,TNRC6B;S421;,0.3764679979600096
MAPK1,6,TRAK1;S390;,0.31255737809397777
MAPK1,6,TRAK1;S905;,-0.9615139846293705
MAPK1,6,TRAPPC12;S314;,0.2984632602335284
MAPK1,6,TRIM28;S474;,-1.2456531649377665
MAPK1,6,TRIO;S2459;,0.49696795708558017
MAPK1,6,TRIO;S2463;,0.8531440329045633
MAPK1,6,TRIP12;T1454;,-1.0282259199628172
MAPK1,6,TSC2;S939;,-1.2676202864114945
MAPK1,6,TSSC4;S190;,0.23518551987941438
MAPK1,6,TTN;S305;,-1.0023504227207507
MAPK1,6,UBA1;S13;,-1.014941175862039
MAPK1,6,UBA5;S380;,-1.2979767194674037
MAPK1,6,UBE2O;S835;,0.9974947627746781
MAPK1,6,UBE2O;T830;,-0.9583894858358917
MAPK1,6,UBE4B;S88;,-0.20023769050705398
MAPK1,6,ULK1;S450;,0.004155561019035137
MAPK1,6,ULK1;S465;,-0.9897199330961812
MAPK1,6,ULK1;S477;,0.7807350566735908
MAPK1,6,ULK1;S479;,0.3505354017036869
MAPK1,6,ULK1;S637;,-1.0196928252881352
MAPK1,6,ULK1;T468;,-0.8982261234645985
MAPK1,6,ULK1;T659;,-0.9182220089292499
MAPK1,6,USP10;S224;,0.8521226250708726
MAPK1,6,VAPA;S164;,-1.0063773018975242
MAPK1,6,VIM;S420;,-0.9535320844609072
MAPK1,6,VIM;S430;,-0.9246157888209232
MAPK1,6,VIM;T426;,-0.9742237749130515
MAPK1,6,VPS26B;S304;,-0.9664984528478474
MAPK1,6,WIPF2;S235;,0.013247684253094194
MAPK1,6,WNK1;S165;,-1.2898266332129396
MAPK1,6,WWC3;S955;,-1.339758021540833
MAPK1,6,YAP1;S46;,-1.0065323553923178
MAPK1,6,ZC3H13;S368;,-1.0002625513551089
MAPK1,6,ZC3HAV1;S307;,0.7312759160345391
MAPK1,6,ZC3HAV1;S325;,-0.8825681544559
MAPK1,6,ZC3HAV1;S544;,0.1629803312483078
MAPK1,6,ZC3HC1;S343;,0.6682604636504587
MAPK1,6,ZC3HC1;T351;,-1.0126620570703164
MAPK1,6,ZFP295;S411;,-1.25252675141609
MAPK1,6,ZFYVE16;S903;,-0.6139390746070961
MAPK1,6,ZNRF2;S148;,-0.9999077602711399
MAPK1,6,ZNRF2;S154;,0.369075410087363
MAPK1,6,ZNRF2;S18;,-1.0932504188116852
MAPK1,6,ZNRF2;S81;,-0.9002409841438919
MAPK1,6,ZYX;S143;,-1.139719402176799
MAPK1,6,ZYX;S144;,-0.9346671257500482
MAPK1,6,ZYX;S336;,0.2692146715709234
MAPK1,6,ZZEF1;S1516;,1.065482499546015
MAPK1,6,ZZEF1;S1535;,-1.1081021182277317
MAPK1,7,AAK1;S677;,-0.7158955412414654
MAPK1,7,ABCC4;S604;,0.7514416465647507
MAPK1,7,ABI2;S165;,-1.3569587010453017
MAPK1,7,ABI2;S168;,-1.035819327691287
MAPK1,7,ABL2;S799;,-1.3534225205528538
MAPK1,7,ABLIM3;S566;,0.31294299706274026
MAPK1,7,ABLIM3;S575;,-0.7062918582619582
MAPK1,7,ACACA;S79;,-0.9024874493304968
MAPK1,7,ACIN1;S711;,-1.3707462755411886
MAPK1,7,ADD1;S613;,-0.519418252661318
MAPK1,7,ADD1;T614;,0.8628191518469404
MAPK1,7,ADNP;S971;,0.28200006135193495
MAPK1,7,AFF4;S823;,-1.0338886701004608
MAPK1,7,AGAP3;S107;,0.36836952036510157
MAPK1,7,AHCTF1;S1214;,-1.0245714351393258
MAPK1,7,AHNAK;S1191;,-0.8379615074042113
MAPK1,7,AHNAK;S177;,-1.1289685813699635
MAPK1,7,AHNAK;S2060;,0.19170677712874867
MAPK1,7,AHNAK;S211;,-1.247687636718931
MAPK1,7,AHNAK;S2117;,-0.8518474377172476
MAPK1,7,AHNAK;S222;,-1.0131057673251096
MAPK1,7,AHNAK;S3915;,0.040047723050060935
MAPK1,7,AHNAK;S42;,0.20450923740262367
MAPK1,7,AHNAK;S4597;,0.32671379366279135
MAPK1,7,AHNAK;S5243;,0.43445814647049646
MAPK1,7,AHNAK;T4049;,0.013781017777853122
MAPK1,7,AHNAK2;S425;,0.34866857694111036
MAPK1,7,AHNAK2;T438;,-0.2918202538603386
MAPK1,7,AIMP1;S110;,-1.302405972839918
MAPK1,7,AJUBA;S129;,0.7527619060502448
MAPK1,7,AKAP1;S103;,-0.7826841914547842
MAPK1,7,AKAP10;S278;,-1.0975806880031014
MAPK1,7,AKAP11;S1090;,-0.7121141793484206
MAPK1,7,AKAP11;S21;,-1.2208878484267032
MAPK1,7,AKAP11;S23;,-1.3028657475156669
MAPK1,7,AKAP11;S448;,0.552748230365786
MAPK1,7,AKAP13;S2515;,-1.0677612085084964
MAPK1,7,AKAP2;S152;,0.8635297549827812
MAPK1,7,AKAP2;S730;,-1.3756806424213612
MAPK1,7,AKAP6;S562;,-0.9449270031181369
MAPK1,7,AKAP9;S3669;,-0.03593442640088984
MAPK1,7,AKT1S1;S184;,-0.9716206343076317
MAPK1,7,AKT1S1;T247;,-0.8812440340357961
MAPK1,7,ALKBH5;S362;,-1.251581632153931
MAPK1,7,ALKBH5;S376;,-0.9883048790048048
MAPK1,7,AMOTL1;S580;,-0.9508346883838024
MAPK1,7,ANP32A;S15;,-1.3144665911562652
MAPK1,7,AP3D1;S755;,-1.1890879657751774
MAPK1,7,ARFGAP2;S145;,0.5829345529235983
MAPK1,7,ARFGEF2;S214;,-0.7468632992948177
MAPK1,7,ARFIP1;S39;,-0.9991177220731882
MAPK1,7,ARHGAP17;S710;,-1.2949418455082304
MAPK1,7,ARHGAP22;S200;,0.5916415613218384
MAPK1,7,ARHGAP22;S236;,-1.2069153043226901
MAPK1,7,ARHGAP35;S1174;,-1.2116332679409125
MAPK1,7,ARHGAP39;S284;,-0.004531440699358347
MAPK1,7,ARHGAP5;S1195;,-1.1282500601516146
MAPK1,7,ARHGAP5;S1202;,0.5663150045683183
MAPK1,7,ARHGAP5;S967;,0.3857710076635939
MAPK1,7,ARHGEF12;S337;,-1.013358759455311
MAPK1,7,ARHGEF12;S341;,0.5003032510264409
MAPK1,7,ARHGEF17;S995;,-0.9219244131454816
MAPK1,7,ARHGEF5;S721;,-1.048144653952677
MAPK1,7,ARPP21;S256;,-0.706131577566516
MAPK1,7,ATF7;T53;,-0.7088980096182196
MAPK1,7,ATG14;S5;,-0.8727238117661199
MAPK1,7,ATG2A;S1246;,-0.3571181857010729
MAPK1,7,ATG2B;S240;,0.5657964477605666
MAPK1,7,ATG2B;S255;,0.1665321701521017
MAPK1,7,ATRX;S761;,-1.3751844658666967
MAPK1,7,ATXN2;S622;,0.4939211428528682
MAPK1,7,ATXN2L;S109;,0.6439123355904437
MAPK1,7,ATXN2L;S447;,0.9244911200861115
MAPK1,7,AZI1;S114;,-1.057754193155651
MAPK1,7,AZI1;S304;,-1.2839831283334315
MAPK1,7,BAD;S171;,-0.8103133921208416
MAPK1,7,BAG3;S271;,0.17319702718514157
MAPK1,7,BAG3;S387;,-0.7588863756739801
MAPK1,7,BAG3;S388;,0.3337402518025296
MAPK1,7,BAIAP2L1;S218;,0.24925376767569646
MAPK1,7,BAIAP2L1;S380;,-0.7850476368784227
MAPK1,7,BAZ2A;S1388;,0.7885052676715449
MAPK1,7,BBX;S243;,-0.16962949341163613
MAPK1,7,BCL9L;S116;,-1.5708707181243584
MAPK1,7,BCL9L;S21;,-0.9519794670502828
MAPK1,7,BCL9L;S25;,1.0581001600622035
MAPK1,7,BICD2;S611;,0.8811075763116005
MAPK1,7,BICD2;S819;,-0.7606493080993736
MAPK1,7,BRAF;S134;,0.560955855751649
MAPK1,7,BRD8;S274;,1.0197289176469524
MAPK1,7,BRD8;T270;,0.4896858963948985
MAPK1,7,BSDC1;S216;,-0.9998101512261659
MAPK1,7,C2CD4C;S262;,-1.3717744028511873
MAPK1,7,CACNB1;S53;,-0.9999258721690434
MAPK1,7,CALD1;S527;,0.10238851419333178
MAPK1,7,CAMK2D;T371;,-0.6304344104493539
MAPK1,7,CAMSAP1;S1154;,0.7222133869345089
MAPK1,7,CAMSAP1;S517;,-0.7737394161477645
MAPK1,7,CAP2;S301;,0.35384283598738925
MAPK1,7,CBX5;S93;,-1.2248694212865678
MAPK1,7,CCDC6;S143;,0.6735223253175617
MAPK1,7,CCDC88A;S1638;,-1.0637299279285648
MAPK1,7,CCDC91;S71;,-0.04760349472133507
MAPK1,7,CDC42EP2;S137;,0.5199400058159158
MAPK1,7,CDC42EP2;S141;,0.6973447562501909
MAPK1,7,CDC42EP4;S140;,0.7662095201441006
MAPK1,7,CDKN1A;S69;,-0.28299011567949145
MAPK1,7,CDKN1B;S12;,-0.9676278765701956
MAPK1,7,CDKN1B;S7;,-0.9841008595706044
MAPK1,7,CEP170B;S1166;,-1.3235932060660123
MAPK1,7,CEP68;S503;,-0.6764147570787497
MAPK1,7,CEP68;S510;,1.0110536679759872
MAPK1,7,CHAMP1;S532;,0.952408770394666
MAPK1,7,CHD8;S549;,-0.8286546646228103
MAPK1,7,CHRND;S379;,-0.7159483062377177
MAPK1,7,CIC;S1394;,-1.6137554241336112
MAPK1,7,CIC;S1399;,-1.0086260507883484
MAPK1,7,CLASP2;S331;,-0.8654146138596928
MAPK1,7,CLIP1;S159;,0.48098063343560277
MAPK1,7,COBL;S31;,-1.011587675920923
MAPK1,7,COBL;S34;,-1.0195687775981301
MAPK1,7,COG3;S536;,-0.9304933286468413
MAPK1,7,CORO7;S298;,-1.0124577663018293
MAPK1,7,DAB2IP;S802;,0.4893406876690474
MAPK1,7,DAP;S2;,-1.0648541987037183
MAPK1,7,DAP;S3;,0.02937697274582629
MAPK1,7,DBNDD1;S123;,-1.3303654807681833
MAPK1,7,DCAF6;S336;,-0.14551977485333603
MAPK1,7,DCLK1;S30;,-0.8631012550867283
MAPK1,7,DDX19A;S86;,0.7613672271390868
MAPK1,7,DDX3X;S261;,-0.5275201687899445
MAPK1,7,DENND4C;S1037;,-0.9753383873882471
MAPK1,7,DLG2;S323;,1.0650411615512312
MAPK1,7,DLG2;S328;,0.42268813334845107
MAPK1,7,DMXL1;S574;,-0.78107496456473
MAPK1,7,DNAJC2;T48;,-0.4427818811084282
MAPK1,7,DNAJC25;T353;,-0.39759879605177856
MAPK1,7,DOCK6;S1339;,-0.8506659812018758
MAPK1,7,DOCK7;S1361;,-0.9983662855735453
MAPK1,7,DOCK7;S2107;,-1.275539986819918
MAPK1,7,DOPEY1;S1261;,-1.192699968942179
MAPK1,7,DTNA;S606;,0.430794900806368
MAPK1,7,DUSP27;S366;,-1.2653865332946328
MAPK1,7,DUSP27;S368;,-1.2271712506673123
MAPK1,7,DUSP27;S370;,-1.139135433285052
MAPK1,7,DUSP27;S427;,-1.19298866859761
MAPK1,7,DYNC1H1;S4365;,-1.3586046887986012
MAPK1,7,DYNC1I2;S81;,1.1499120277313843
MAPK1,7,EEF2;T57;,-0.6121277618144053
MAPK1,7,EEF2K;S365;,-0.6757279109599513
MAPK1,7,EHBP1L1;S1363;,-0.994072126785067
MAPK1,7,EHD4;S459;,0.4733636048562558
MAPK1,7,EIF3A;S584;,-1.426988347401584
MAPK1,7,EIF4B;S422;,-1.0409342284271925
MAPK1,7,EIF4B;S424;,-1.2194950727268472
MAPK1,7,EIF4B;S425;,-0.9509901102805853
MAPK1,7,EIF4B;T420;,-1.2337805779303543
MAPK1,7,EIF4EBP1;S64;,0.23814472253381064
MAPK1,7,EIF4EBP2;S2;,-0.8912679212894867
MAPK1,7,EIF5B;S183;,-1.400210081025539
MAPK1,7,ELMSAN1;S456;,-1.2548357560693355
MAPK1,7,EPS8;S659;,-1.2460109200867884
MAPK1,7,ETL4;S1844;,1.03996523739282
MAPK1,7,ETV3;S139;,-0.3853683531357354
MAPK1,7,FAM120C;S55;,0.795983703704144
MAPK1,7,FAM134C;S313;,-0.907745719001062
MAPK1,7,FAM134C;S320;,-0.661878933124332
MAPK1,7,FAM171A2;S423;,-1.3253940313634494
MAPK1,7,FAM65A;S752;,-0.6384832049055771
MAPK1,7,FBXO30;S379;,0.5527615902966831
MAPK1,7,FHOD1;S489;,-1.1047231848355819
MAPK1,7,FHOD1;S501;,0.999745470828026
MAPK1,7,FHOD1;S504;,0.6553424329988944
MAPK1,7,FHOD1;S513;,-1.2851696463541025
MAPK1,7,FHOD1;S523;,0.6179625467858474
MAPK1,7,FLNC;S2147;,-1.217829417206919
MAPK1,7,FLNC;S2234;,-1.219929357417731
MAPK1,7,FMN1;S589;,0.25211762256035414
MAPK1,7,FOSL2;S320;,0.4958557259272926
MAPK1,7,FOSL2;T322;,-0.3292736682972608
MAPK1,7,FOXK1;S225;,0.5908681013336294
MAPK1,7,FOXK2;T200;,0.642116099491429
MAPK1,7,FOXO3;S252;,-1.4428553031813793
MAPK1,7,FRMD8;S21;,-1.4081820948725303
MAPK1,7,FRYL;T1959;,-1.0213197912460128
MAPK1,7,GAB1;S418;,-1.2721585416058638
MAPK1,7,GAB2;S142;,-0.41399627458565574
MAPK1,7,GAB2;S143;,0.4370312738328885
MAPK1,7,GAB2;S211;,-1.211476510379354
MAPK1,7,GAB2;S365;,0.04341814001995342
MAPK1,7,GAB2;T388;,-1.1009824936967223
MAPK1,7,GATAD2A;S103;,-0.988293855188644
MAPK1,7,GATAD2A;S96;,-0.9361512746311715
MAPK1,7,GATAD2B;S338;,0.7508349537824541
MAPK1,7,GBF1;S1786;,0.9997570819112145
MAPK1,7,GIGYF1;S28;,1.0436152446250053
MAPK1,7,GIT2;S568;,-0.9071033644848878
MAPK1,7,GOLGA4;S116;,-0.9735179476175393
MAPK1,7,GSK3A;S21;,-1.2899527205093586
MAPK1,7,GSK3A;S41;,-1.053521643909715
MAPK1,7,GSK3B;S9;,-1.1444988069576942
MAPK1,7,GYS1;S728;,1.0236068540414598
MAPK1,7,HBP1;S401;,0.6068365086675966
MAPK1,7,HBS1L;S147;,-1.1079123077668322
MAPK1,7,HDAC6;S21;,0.2688486981924974
MAPK1,7,HECTD1;S1392;,-0.8667638286199145
MAPK1,7,HECTD1;S1393;,-0.780667567423314
MAPK1,7,HECTD1;S1573;,-0.8893480638199327
MAPK1,7,HELB;S944;,0.8376059999598504
MAPK1,7,HERC1;S1163;,0.9084301801061125
MAPK1,7,HERC1;T1154;,0.11461024453689134
MAPK1,7,HIRIP3;S27;,0.18925407476175754
MAPK1,7,HN1L;S97;,0.373662774964801
MAPK1,7,HOMER3;S158;,-1.0752649857423808
MAPK1,7,HUWE1;S1876;,-1.0574516541423995
MAPK1,7,HUWE1;S3639;,-0.011449546237301933
MAPK1,7,HUWE1;S3898;,1.0006845782807217
MAPK1,7,HUWE1;T3903;,1.0602856125898845
MAPK1,7,IREB2;S178;,-0.970778921496581
MAPK1,7,IRF2BPL;S69;,0.7394830898018863
MAPK1,7,ITSN1;S1063;,-0.3044326149472689
MAPK1,7,ITSN1;S315;,-1.2777075025427966
MAPK1,7,JMY;S56;,-1.3470904458135162
MAPK1,7,JSRP1;S47;,-1.1298835167321066
MAPK1,7,KANK2;S358;,-1.3997003639744503
MAPK1,7,KCTD3;S809;,-0.9806297168850979
MAPK1,7,KDM2A;S718;,1.000348041317956
MAPK1,7,KDM2A;T713;,0.8481747094911904
MAPK1,7,KDM5C;S316;,-1.3545756686611166
MAPK1,7,KPNA1;S2;,-0.7390556508826926
MAPK1,7,KPNA1;T3;,0.034030496423006096
MAPK1,7,LAMTOR1;S98;,-0.9771826484160908
MAPK1,7,LARP1;S916;,-1.0650780488033302
MAPK1,7,LARP1;T932;,0.7444596731904365
MAPK1,7,LARP4B;S498;,-1.5626921216567224
MAPK1,7,LDB3;S112;,0.004447204036707231
MAPK1,7,LIMA1;S360;,0.7018926434146118
MAPK1,7,LIMA1;S603;,0.6972202167559778
MAPK1,7,LIMA1;S608;,0.8733514164247236
MAPK1,7,LIMA1;S703;,0.6184604141499885
MAPK1,7,LMNA;S404;,-1.1642480702882005
MAPK1,7,LMNA;S406;,-1.434886354516366
MAPK1,7,LMNA;S407;,-0.839892992543622
MAPK1,7,LMNA;S423;,-0.9539144677041955
MAPK1,7,LMNA;S424;,-0.9724577534988585
MAPK1,7,LMO7;S1541;,-1.3880763032114938
MAPK1,7,LMO7;S1543;,-1.4940640716085403
MAPK1,7,LOC100360205;S239;,-1.3255245882100601
MAPK1,7,LOC100365259;S393;,-0.7165185785255156
MAPK1,7,LOC100910104;S475;,-1.4683863015712901
MAPK1,7,LOC100910104;S532;,-0.80184512018233
MAPK1,7,LOC100910104;S719;,0.5140529666340361
MAPK1,7,LOC100910646;S166;,-0.9948417116455035
MAPK1,7,LOC100911178;S1643;,0.08656902413782236
MAPK1,7,LOC100911302;S1721;,0.539051992012008
MAPK1,7,LOC100911677;S490;,-0.9987950121801661
MAPK1,7,LOC100912115;S649;,0.7600827979237399
MAPK1,7,LOC312502;S1164;,0.6763977255982478
MAPK1,7,LOC312502;S138;,-1.02372218192346
MAPK1,7,LOC312502;S139;,-1.0440663833574142
MAPK1,7,LOC312502;S483;,0.6866872834919664
MAPK1,7,LOC683007;S1204;,0.7306749193212043
MAPK1,7,LOC683007;S1207;,-0.7799840375811098
MAPK1,7,LOC684259;S780;,-0.9440944651495815
MAPK1,7,LOC685707;S1251;,1.0000257329599926
MAPK1,7,LRRFIP2;S18;,-1.2203066784335572
MAPK1,7,LRRFIP2;T136;,-0.6895740800330357
MAPK1,7,LYSMD1;S33;,-0.9605023885407107
MAPK1,7,MACF1;S1376;,-1.3752842418496949
MAPK1,7,MACF1;S5293;,0.9756830082806207
MAPK1,7,MAF1;S60;,0.7488107662523757
MAPK1,7,MAP1A;S1757;,-0.16221366295764097
MAPK1,7,MAP1A;T2177;,0.678876639241736
MAPK1,7,MAP1A;T504;,0.8378917971501245
MAPK1,7,MAP1B;S1257;,0.9201028796453266
MAPK1,7,MAP1B;S1389;,0.5926983425123682
MAPK1,7,MAP1B;S1393;,0.3771511571014649
MAPK1,7,MAP1B;T1781;,-0.2993095961880442
MAPK1,7,MAP1S;S683;,1.1513819337532567
MAPK1,7,MAP4;S902;,-0.9765989683790763
MAPK1,7,MAP4K4;S591;,-0.9431870947853553
MAPK1,7,MAP4K4;S791;,-0.9428675512665268
MAPK1,7,MAP4K4;S794;,-0.9430332973164681
MAPK1,7,MAPK1;Y185;,-0.3962819195909168
MAPK1,7,MAPK14;Y182;,-0.3773420568838615
MAPK1,7,MAPK8;Y185;,-0.4616626828868543
MAPK1,7,MARCKS;S141;,-0.5463001589003874
MAPK1,7,MARK3;S593;,-1.0474747551366257
MAPK1,7,MARK3;T594;,-0.28085940107328694
MAPK1,7,MATR3;S188;,-1.3902261916481058
MAPK1,7,MBD3;S85;,-1.5574301555519219
MAPK1,7,MBD3;S86;,-1.2031368856749733
MAPK1,7,MDM2;S138;,-1.2320580475812657
MAPK1,7,MED1;S1465;,0.22579866242148122
MAPK1,7,MED1;S1467;,-1.1635289743688977
MAPK1,7,MED1;S1468;,-0.7043648788177373
MAPK1,7,MED24;S860;,-1.270975580286285
MAPK1,7,MED24;S861;,-0.9720955104216134
MAPK1,7,MEF2C;S226;,0.15464879820084237
MAPK1,7,MID1;S96;,0.9225066539377591
MAPK1,7,MKL1;S571;,0.8446371529156254
MAPK1,7,MLL2;S2291;,0.6926535877810509
MAPK1,7,MLLT4;S216;,-1.1876416722923537
MAPK1,7,MLLT4;S246;,-1.237575839446384
MAPK1,7,MON2;S197;,-1.2735432482375506
MAPK1,7,MPHOSPH10;S168;,-1.0365156933411852
MAPK1,7,MPRIP;S369;,0.6806374981358299
MAPK1,7,MTFR1L;S100;,-0.8545992145660384
MAPK1,7,MTFR1L;S234;,-0.9977725011365768
MAPK1,7,MTFR1L;S235;,-0.9818694262083403
MAPK1,7,MTSS1L;S575;,0.5257644671088211
MAPK1,7,MURC;S20;,-1.2495353511838139
MAPK1,7,MUSK;S689;,-1.2069879007437756
MAPK1,7,MUSK;S690;,0.22647867756625423
MAPK1,7,MYBBP1A;S1283;,0.9318547726202175
MAPK1,7,MYCBP2;S2750;,-1.2927680986205872
MAPK1,7,MYOZ2;T32;,0.9675242524669916
MAPK1,7,NACA;S1125;,0.7031685665720788
MAPK1,7,NACA;S1345;,0.49349317097597173
MAPK1,7,NACA;S1454;,0.77513816015369
MAPK1,7,NACA;S1720;,0.660824403256633
MAPK1,7,NACA;S914;,0.8575730227688712
MAPK1,7,NACA;S942;,0.4598596671138962
MAPK1,7,NCAPH;S24;,0.43975890035127657
MAPK1,7,NCOR1;S363;,0.4520389080484251
MAPK1,7,NCOR2;S1747;,0.5012919200722299
MAPK1,7,NDRG1;S330;,-1.00021333486296
MAPK1,7,NDRG1;T328;,-1.1252546564713444
MAPK1,7,NDRG2;T334;,-1.164799855288517
MAPK1,7,NEK9;S16;,-0.840872597922929
MAPK1,7,NEK9;S736;,-1.4046586693877976
MAPK1,7,NELFE;S131;,-1.2779254111350158
MAPK1,7,NES;S1071;,-1.010668862528523
MAPK1,7,NES;S1123;,-1.1173605066586574
MAPK1,7,NES;S1131;,-1.0003197812471374
MAPK1,7,NES;S620;,0.2851359698484501
MAPK1,7,NES;S784;,-0.981421160447602
MAPK1,7,NEXN;S280;,-1.079380061195776
MAPK1,7,NFIX;S265;,-0.9995195870787059
MAPK1,7,NHSL1;T1376;,1.0003484071073365
MAPK1,7,NUMA1;S1935;,-1.491878404987391
MAPK1,7,NUMA1;S1958;,-1.2438786726550008
MAPK1,7,NUP35;S73;,0.8776042276155833
MAPK1,7,OPTN;S188;,-0.9624452582423988
MAPK1,7,PACS2;S319;,0.6158052404575736
MAPK1,7,PAK1;S144;,-1.157201103476639
MAPK1,7,PAK1;S203;,-0.793719127241915
MAPK1,7,PAK2;S197;,-0.6699054663544938
MAPK1,7,PARD3;S715;,-1.4065198418054354
MAPK1,7,PARVA;S14;,1.0912770372967324
MAPK1,7,PATL1;S184;,0.840967953904415
MAPK1,7,PBXIP1;S132;,-0.9920214514078602
MAPK1,7,PBXIP1;S133;,0.17561620393329386
MAPK1,7,PCM1;S1280;,-1.2064914343774313
MAPK1,7,PCM1;S380;,-1.1311385994883425
MAPK1,7,PCM1;S384;,-1.059138149553826
MAPK1,7,PDAP1;S176;,-1.3715184750999643
MAPK1,7,PDAP1;S178;,-1.0636067981817745
MAPK1,7,PDCD4;S420;,-1.4057718969469182
MAPK1,7,PDCD4;S76;,-1.3841531027589211
MAPK1,7,PDLIM7;S209;,-0.8721309525919945
MAPK1,7,PDLIM7;T214;,-0.08755147631287541
MAPK1,7,PDLIM7;T215;,0.8182343938287553
MAPK1,7,PDS5B;S1176;,-1.4484520584513092
MAPK1,7,PDXDC1;T554;,0.9327641011570211
MAPK1,7,PELO;S55;,-0.7438006442942657
MAPK1,7,PEX1;S1209;,-1.5036857711606417
MAPK1,7,PFKFB2;S469;,-1.027690902173199
MAPK1,7,PHF1;S410;,0.773842209654918
MAPK1,7,PHF1;S415;,0.9888304508491494
MAPK1,7,PHF2;S782;,0.9574280543228908
MAPK1,7,PHIP;S1251;,-1.4629456549702042
MAPK1,7,PHLDB1;S431;,-1.4840570847685963
MAPK1,7,PHLDB1;S534;,-1.0011955785174582
MAPK1,7,PHLDB2;S241;,-1.1793279610696596
MAPK1,7,PI4K2A;S43;,-0.7844160380932004
MAPK1,7,PI4K2A;S46;,0.19121883036786752
MAPK1,7,PI4K2A;S461;,-1.2383081600284664
MAPK1,7,PI4K2A;S50;,1.2854285632830864
MAPK1,7,PID1;S230;,-0.9426418573162383
MAPK1,7,PID1;S231;,-1.4154509927618828
MAPK1,7,PID1;S232;,-1.311324449886257
MAPK1,7,PID1;S242;,-0.890856677174895
MAPK1,7,PIEZO1;S1370;,0.9998830828917769
MAPK1,7,PIK3C2A;S261;,0.2588893848002963
MAPK1,7,PLEC;S4246;,-0.8123256659296018
MAPK1,7,PLEC;S4249;,-0.825280062068279
MAPK1,7,PNISR;S290;,-1.2613233034328664
MAPK1,7,POM121;S370;,-0.4710579124724855
MAPK1,7,PPAN;S233;,-0.9531665317286939
MAPK1,7,PPAN;S238;,-0.9879906536355001
MAPK1,7,PPAN;S240;,-1.043758192342316
MAPK1,7,PPP1R12C;S508;,0.7768176740379131
MAPK1,7,PPP1R13L;S110;,1.0808217023843951
MAPK1,7,PPP1R13L;S154;,0.4756370414510101
MAPK1,7,PPP1R13L;S360;,1.0732992377827375
MAPK1,7,PPP6R2;S629;,0.8198156461517867
MAPK1,7,PPP6R2;S719;,0.6545460322734769
MAPK1,7,PRKAA1;S496;,-1.3188720505857945
MAPK1,7,PRKAB1;S108;,-0.9936931879905615
MAPK1,7,PRRC2A;S765;,-0.7775682872330381
MAPK1,7,PRRC2B;S259;,-1.016539715815557
MAPK1,7,PSMA5;T55;,-0.610748673056802
MAPK1,7,PSMC3;S12;,0.5305695481673014
MAPK1,7,PSMC3;S9;,0.6100392195018371
MAPK1,7,PTPN12;T544;,-0.6368537031145982
MAPK1,7,PTPN21;S599;,-1.3855849154178028
MAPK1,7,PTPN21;S762;,-1.0001062554681412
MAPK1,7,PTRF;S169;,-0.9460430453703566
MAPK1,7,PTRF;S171;,-0.8692331841171193
MAPK1,7,PUM2;S82;,0.5989003426350594
MAPK1,7,PXN;S106;,-0.9735573707850422
MAPK1,7,PXN;S137;,-0.6865758229293948
MAPK1,7,PXN;S83;,0.9661738416382077
MAPK1,7,RABGEF1;T142;,-0.40587632787853845
MAPK1,7,RAF1;S295;,-0.3643667684540279
MAPK1,7,RAF1;S296;,0.4219539271121345
MAPK1,7,RAI14;T249;,0.6123652008189404
MAPK1,7,RANBP10;S481;,-0.7605549212085363
MAPK1,7,RANBP3;S58;,-1.2244574396033772
MAPK1,7,RAPGEF1;S306;,-1.001019258763938
MAPK1,7,RAPGEF1;S308;,-1.2220391588427777
MAPK1,7,RAVER1;S576;,-0.01215826268681064
MAPK1,7,RB1CC1;S243;,0.40580680447531575
MAPK1,7,RBM3;S145;,-1.1495903384441666
MAPK1,7,RBM7;S72;,-1.234406536046855
MAPK1,7,RFX7;S1177;,-1.3429102518408618
MAPK1,7,RGD1307838;S900;,-1.499370521040644
MAPK1,7,RGD1307838;S903;,-1.1988631871085238
MAPK1,7,RGD1308297;S518;,-0.4999065548518486
MAPK1,7,RGD1309586;S243;,-1.287489787920943
MAPK1,7,RGD1309586;S59;,-0.9016725570919595
MAPK1,7,RGD1310016;S1171;,-0.8002616492552672
MAPK1,7,RGD1311783;S45;,-0.9694782767087229
MAPK1,7,RGD1311783;S46;,-0.9773180891254931
MAPK1,7,RGD1560225;S763;,0.12042285462840813
MAPK1,7,RGD1561609;S759;,-1.091314423267954
MAPK1,7,RGD1562639;S1035;,-1.40795208545298
MAPK1,7,RGD1566017;S802;,-1.2911395794397282
MAPK1,7,RIN2;S494;,-1.2308352629493209
MAPK1,7,RIPK2;S412;,-0.8641058556655576
MAPK1,7,RNF40;S586;,-1.1749349340078166
MAPK1,7,RPS6KA3;S715;,-0.16957316237047942
MAPK1,7,RPS6KA4;S681;,-0.9353993918832217
MAPK1,7,RPS6KA4;S682;,0.0372179729320683
MAPK1,7,RPS6KB1;S404;,-0.9525335701545179
MAPK1,7,RPTOR;S863;,0.9671504309463479
MAPK1,7,RRP1B;S524;,0.4053547277937241
MAPK1,7,RRP1B;T521;,0.4138635030204048
MAPK1,7,RTF1;S416;,-1.2824849158085911
MAPK1,7,RUFY1;S50;,0.24126612724175994
MAPK1,7,RUNX1T1;T568;,0.5935283439509902
MAPK1,7,SAMD4B;S271;,1.162960911322827
MAPK1,7,SAP30L;T91;,-0.8045106435102851
MAPK1,7,SBF1;S1141;,-0.7027255362245203
MAPK1,7,SCRIB;S1315;,0.824640880745297
MAPK1,7,SCRIB;S1529;,-0.9785085581592838
MAPK1,7,SENP7;S47;,0.7911765182456572
MAPK1,7,SETD2;S511;,0.653787682560212
MAPK1,7,SF3B1;T326;,-0.5848332496998225
MAPK1,7,SFPQ;T586;,0.4378372384638208
MAPK1,7,SGTA;S306;,-1.3455357250825064
MAPK1,7,SGTA;S308;,-1.0841265085537137
MAPK1,7,SH3BP5;S420;,-1.0324055593646118
MAPK1,7,SH3D19;S274;,0.7916895602252407
MAPK1,7,SH3PXD2A;S368;,-1.049986607080544
MAPK1,7,SH3PXD2A;S495;,0.18982535520812233
MAPK1,7,SH3PXD2A;S956;,-1.330876352809007
MAPK1,7,SHC3;S359;,0.34464504185086514
MAPK1,7,SIK2;S673;,-0.8437678910254633
MAPK1,7,SIPA1L1;S1408;,-0.9196485075384795
MAPK1,7,SIPA1L1;S1411;,-0.960666314209708
MAPK1,7,SIPA1L1;S288;,-1.2965915229028617
MAPK1,7,SLC2A13;S38;,-0.994677497199238
MAPK1,7,SLC2A13;S44;,-1.0123209602513894
MAPK1,7,SLC2A13;S47;,-0.9965368595633075
MAPK1,7,SLC4A7;S1171;,-0.970587423972253
MAPK1,7,SLC4A7;S263;,-1.03762859106102
MAPK1,7,SLK;S778;,-1.0014145105778123
MAPK1,7,SMCR7L;S59;,1.0422549517922772
MAPK1,7,SMCR8;S416;,-0.9651620364828029
MAPK1,7,SMCR8;S486;,-0.9754334441377364
MAPK1,7,SMCR8;S488;,-0.8877811966735631
MAPK1,7,SMCR8;S491;,-0.9902179353733032
MAPK1,7,SMCR8;S497;,-0.8887601560571379
MAPK1,7,SMG6;S537;,0.5567328727202123
MAPK1,7,SNW1;S224;,-1.000319265101305
MAPK1,7,SNX8;S454;,0.6762111414283651
MAPK1,7,SON;S94;,-1.3581007974521524
MAPK1,7,SORBS1;S857;,0.4058594726389552
MAPK1,7,SOS1;S1120;,-1.0615573536296803
MAPK1,7,SOX6;S399;,0.806960542387303
MAPK1,7,SOX6;S402;,0.842146553575041
MAPK1,7,SOX6;T401;,-0.53784344335448
MAPK1,7,SPAG7;S219;,-1.2398058578279942
MAPK1,7,SPAG9;S203;,-1.1515199365311635
MAPK1,7,SPAG9;S716;,-1.1043635153905327
MAPK1,7,SPHK2;S379;,-0.9838368587982622
MAPK1,7,SRPK2;S487;,-1.2377851939999822
MAPK1,7,SRRM2;S2228;,0.012425264379980816
MAPK1,7,SRRM2;S2338;,0.39735245706709804
MAPK1,7,SRSF10;S131;,-0.7586987439154703
MAPK1,7,SRSF11;S200;,0.4407183690614747
MAPK1,7,STARD13;S334;,0.5139655918761952
MAPK1,7,STAT3;S727;,0.45847304304690356
MAPK1,7,STIM1;S257;,-1.0002518078830809
MAPK1,7,STIM1;S523;,-0.9607197682430031
MAPK1,7,STIM1;S524;,-1.0491573363885625
MAPK1,7,STIM2;S675;,-1.012304138327047
MAPK1,7,STK11IP;S443;,0.43282070630014685
MAPK1,7,STK3;S385;,0.20797131859725376
MAPK1,7,STMN1;S16;,-1.3189872497951802
MAPK1,7,STMN1;S25;,0.4815931974726025
MAPK1,7,STMN1;S38;,1.045057113320414
MAPK1,7,STRN3;S227;,0.1266913109892524
MAPK1,7,SUN2;S12;,-1.3639252702776108
MAPK1,7,SVIL;S1177;,0.09936551952348327
MAPK1,7,SVIL;S259;,-1.39451906993305
MAPK1,7,SVIL;S531;,-0.050229437681875766
MAPK1,7,SYNPO2L;S401;,-1.3306369120531485
MAPK1,7,SYNPO2L;T141;,-0.6968178777562439
MAPK1,7,SZT2;S1641;,-1.1789203043013479
MAPK1,7,TACC2;S575;,0.9352111108749983
MAPK1,7,TANC2;S1447;,-0.7533449008758151
MAPK1,7,TBC1D1;S231;,-0.9393341573846932
MAPK1,7,TBC1D1;S662;,-0.960344270404148
MAPK1,7,TBC1D1;T590;,-0.9999151005810736
MAPK1,7,TBC1D16;S382;,-1.205880556384694
MAPK1,7,TCF12;S583;,-1.3214186452462342
MAPK1,7,TDRD3;S256;,-1.4640347932535351
MAPK1,7,TENC1;T996;,-0.1956902277919456
MAPK1,7,TFE3;S531;,-1.00312978274511
MAPK1,7,TJP1;S1602;,0.7459160053646194
MAPK1,7,TJP1;S1604;,-1.115527292974805
MAPK1,7,TJP2;S147;,-0.8992462698877361
MAPK1,7,TMEM245;S327;,1.0000256651658572
MAPK1,7,TMEM55A;S14;,-0.9494512007921874
MAPK1,7,TNKS1BP1;S1642;,-1.294411783128213
MAPK1,7,TNRC6B;S306;,0.4909444462567178
MAPK1,7,TNRC6B;S421;,0.6201412209832
MAPK1,7,TRAK1;S390;,0.3642240218751282
MAPK1,7,TRAK1;S905;,-0.8422836719697282
MAPK1,7,TRAPPC12;S314;,0.6009524243807904
MAPK1,7,TRIM28;S474;,-1.1488807045343847
MAPK1,7,TRIO;S2459;,0.4383777497184896
MAPK1,7,TRIO;S2463;,0.9182307971620247
MAPK1,7,TRIP12;T1454;,-0.9996783221189405
MAPK1,7,TSC2;S939;,-1.3265897599306868
MAPK1,7,TSSC4;S190;,0.3537737518680824
MAPK1,7,TTN;S305;,-1.0270010523014634
MAPK1,7,UBA1;S13;,-1.269269637267688
MAPK1,7,UBA5;S380;,-1.4729255899843985
MAPK1,7,UBE2O;S835;,0.7136696917142415
MAPK1,7,UBE2O;T830;,-0.5720527882323925
MAPK1,7,UBE4B;S88;,0.35887215764964303
MAPK1,7,ULK1;S450;,0.0678464649911183
MAPK1,7,ULK1;S465;,-0.9762295720324816
MAPK1,7,ULK1;S477;,0.5343582536988858
MAPK1,7,ULK1;S479;,0.5189124009198813
MAPK1,7,ULK1;S637;,-1.0284864016832138
MAPK1,7,ULK1;T468;,-0.6810726527816782
MAPK1,7,ULK1;T659;,-0.8895614025166318
MAPK1,7,USP10;S224;,0.8665983862172184
MAPK1,7,VAPA;S164;,-1.0015350307327329
MAPK1,7,VIM;S420;,-0.9718461793198927
MAPK1,7,VIM;S430;,-0.9419901608230665
MAPK1,7,VIM;T426;,-0.9657994220161228
MAPK1,7,VPS26B;S304;,-0.9348613511460466
MAPK1,7,WIPF2;S235;,0.5622551553020887
MAPK1,7,WNK1;S165;,-0.9440436543310728
MAPK1,7,WWC3;S955;,-1.2757045447382174
MAPK1,7,YAP1;S46;,-0.854912814517562
MAPK1,7,ZC3H13;S368;,-0.9743789452353255
MAPK1,7,ZC3HAV1;S307;,0.5589203692243057
MAPK1,7,ZC3HAV1;S325;,-1.1576264035911275
MAPK1,7,ZC3HAV1;S544;,0.3826946860163974
MAPK1,7,ZC3HC1;S343;,0.6208691958593573
MAPK1,7,ZC3HC1;T351;,-0.3070587924612763
MAPK1,7,ZFP295;S411;,-1.3860199752178475
MAPK1,7,ZFYVE16;S903;,-1.054707852269602
MAPK1,7,ZNRF2;S148;,-0.8712389661960258
MAPK1,7,ZNRF2;S154;,0.525344839685792
MAPK1,7,ZNRF2;S18;,-1.2205571519848688
MAPK1,7,ZNRF2;S81;,-1.1026834563978285
MAPK1,7,ZYX;S143;,-1.1695170519024278
MAPK1,7,ZYX;S144;,-1.181425542122517
MAPK1,7,ZYX;S336;,0.33515044771926
MAPK1,7,ZZEF1;S1516;,0.902846587535765
MAPK1,7,ZZEF1;S1535;,-1.3525384865012315
MAPK1,8,AAK1;S677;,-1.2649577019287264
MAPK1,8,ABCC4;S604;,-0.23554827469942885
MAPK1,8,ABI2;S165;,-1.595519049010833
MAPK1,8,ABI2;S168;,-1.5386415575540293
MAPK1,8,ABL2;S799;,-1.4932433806772296
MAPK1,8,ABLIM3;S566;,-0.5815937507096459
MAPK1,8,ABLIM3;S575;,-0.9765716484865429
MAPK1,8,ACACA;S79;,-0.9402053042761456
MAPK1,8,ACIN1;S711;,-1.670175441545126
MAPK1,8,ADD1;S613;,-1.1833561784515714
MAPK1,8,ADD1;T614;,-0.8421829755256938
MAPK1,8,ADNP;S971;,-0.30048819439736885
MAPK1,8,AFF4;S823;,-1.423074958494913
MAPK1,8,AGAP3;S107;,-0.01713432482529098
MAPK1,8,AHCTF1;S1214;,-0.9089012300057502
MAPK1,8,AHNAK;S1191;,-0.8729815863120916
MAPK1,8,AHNAK;S177;,-1.6617305900370347
MAPK1,8,AHNAK;S2060;,-0.8704269331580191
MAPK1,8,AHNAK;S211;,-1.761272693386884
MAPK1,8,AHNAK;S2117;,-0.8787713261911498
MAPK1,8,AHNAK;S222;,-0.9779001492594184
MAPK1,8,AHNAK;S3915;,-1.168393010571878
MAPK1,8,AHNAK;S42;,-0.6095670950234221
MAPK1,8,AHNAK;S4597;,-0.6950319939184878
MAPK1,8,AHNAK;S5243;,0.15562564259261158
MAPK1,8,AHNAK;T4049;,-0.9356726510296061
MAPK1,8,AHNAK2;S425;,-0.6761695228795673
MAPK1,8,AHNAK2;T438;,-1.118426370851353
MAPK1,8,AIMP1;S110;,-1.4126570077914704
MAPK1,8,AJUBA;S129;,0.6515342798645036
MAPK1,8,AKAP1;S103;,-1.0000511434346258
MAPK1,8,AKAP10;S278;,-1.5304327044334967
MAPK1,8,AKAP11;S1090;,-0.9232810980452549
MAPK1,8,AKAP11;S21;,-1.7240503412305026
MAPK1,8,AKAP11;S23;,-1.5539460674815169
MAPK1,8,AKAP11;S448;,-0.4318568557741117
MAPK1,8,AKAP13;S2515;,-1.6287131815555411
MAPK1,8,AKAP2;S152;,0.5192814870187104
MAPK1,8,AKAP2;S730;,-1.5414280706729913
MAPK1,8,AKAP6;S562;,-0.9703851294504952
MAPK1,8,AKAP9;S3669;,-0.9934134186310385
MAPK1,8,AKT1S1;S184;,-1.879779140716508
MAPK1,8,AKT1S1;T247;,-1.131430444452986
MAPK1,8,ALKBH5;S362;,-1.355486531228435
MAPK1,8,ALKBH5;S376;,-1.575903498851909
MAPK1,8,AMOTL1;S580;,-0.9507785908428676
MAPK1,8,ANP32A;S15;,-1.650760654649798
MAPK1,8,AP3D1;S755;,-1.6523748324041292
MAPK1,8,ARFGAP2;S145;,-0.2190410051054742
MAPK1,8,ARFGEF2;S214;,-1.4255522378059928
MAPK1,8,ARFIP1;S39;,-0.9876529576478952
MAPK1,8,ARHGAP17;S710;,-1.5568078062919413
MAPK1,8,ARHGAP22;S200;,0.41432236905561903
MAPK1,8,ARHGAP22;S236;,-1.6646981176055615
MAPK1,8,ARHGAP35;S1174;,-1.6143431247006839
MAPK1,8,ARHGAP39;S284;,-1.060405745884862
MAPK1,8,ARHGAP5;S1195;,-1.3238029775260434
MAPK1,8,ARHGAP5;S1202;,-0.46675454361233437
MAPK1,8,ARHGAP5;S967;,-0.41245251977200625
MAPK1,8,ARHGEF12;S337;,-1.7624040908849612
MAPK1,8,ARHGEF12;S341;,-0.17950923115132555
MAPK1,8,ARHGEF17;S995;,-0.9271103637900268
MAPK1,8,ARHGEF5;S721;,-1.6638500126389306
MAPK1,8,ARPP21;S256;,-0.9318447115924398
MAPK1,8,ATF7;T53;,-0.8164553795858168
MAPK1,8,ATG14;S5;,-1.5430211886081722
MAPK1,8,ATG2A;S1246;,-0.9654116493515983
MAPK1,8,ATG2B;S240;,-0.1585461246265375
MAPK1,8,ATG2B;S255;,-0.9298854060031372
MAPK1,8,ATRX;S761;,-1.4640462392907636
MAPK1,8,ATXN2;S622;,0.01187881640777333
MAPK1,8,ATXN2L;S109;,-0.2276491755515061
MAPK1,8,ATXN2L;S447;,0.7534565926976791
MAPK1,8,AZI1;S114;,-1.4738961487460225
MAPK1,8,AZI1;S304;,-1.750139846112584
MAPK1,8,BAD;S171;,-0.9600819514216741
MAPK1,8,BAG3;S271;,-0.9061280229790862
MAPK1,8,BAG3;S387;,-1.5603333642668247
MAPK1,8,BAG3;S388;,-0.5582854599947377
MAPK1,8,BAIAP2L1;S218;,-0.6482791518575656
MAPK1,8,BAIAP2L1;S380;,-0.9770231385155541
MAPK1,8,BAZ2A;S1388;,0.3655802219845514
MAPK1,8,BBX;S243;,-0.9997435100139727
MAPK1,8,BCL9L;S116;,-1.626550841831012
MAPK1,8,BCL9L;S21;,-0.8979911328421938
MAPK1,8,BCL9L;S25;,0.9997056167577021
MAPK1,8,BICD2;S611;,0.3269442302540202
MAPK1,8,BICD2;S819;,-1.3048233015083754
MAPK1,8,BRAF;S134;,0.023939042791960352
MAPK1,8,BRD8;S274;,0.9664648885355915
MAPK1,8,BRD8;T270;,-1.1194059415749082
MAPK1,8,BSDC1;S216;,-1.38172521505123
MAPK1,8,C2CD4C;S262;,-1.672581638294448
MAPK1,8,CACNB1;S53;,-1.3039575164810522
MAPK1,8,CALD1;S527;,-1.2731134521457113
MAPK1,8,CAMK2D;T371;,-0.7902214179108413
MAPK1,8,CAMSAP1;S1154;,0.31822313915253053
MAPK1,8,CAMSAP1;S517;,-1.2149893196317798
MAPK1,8,CAP2;S301;,-0.9666714644241914
MAPK1,8,CBX5;S93;,-1.6227238563846504
MAPK1,8,CCDC6;S143;,0.028615412953158392
MAPK1,8,CCDC88A;S1638;,-1.5153512492576997
MAPK1,8,CCDC91;S71;,-1.1568088809484391
MAPK1,8,CDC42EP2;S137;,0.3000731994489645
MAPK1,8,CDC42EP2;S141;,0.5733210468244077
MAPK1,8,CDC42EP4;S140;,0.4554454589023993
MAPK1,8,CDKN1A;S69;,-0.6831872391333648
MAPK1,8,CDKN1B;S12;,-1.4764623225701863
MAPK1,8,CDKN1B;S7;,-1.5204944833858591
MAPK1,8,CEP170B;S1166;,-1.372129021488116
MAPK1,8,CEP68;S503;,-0.9613499709265468
MAPK1,8,CEP68;S510;,0.9997796387783633
MAPK1,8,CHAMP1;S532;,0.9370312301469779
MAPK1,8,CHD8;S549;,-0.96533279054886
MAPK1,8,CHRND;S379;,-0.9098001474755198
MAPK1,8,CIC;S1394;,-1.6817361999968217
MAPK1,8,CIC;S1399;,-1.8839294111334148
MAPK1,8,CLASP2;S331;,-0.975776189556512
MAPK1,8,CLIP1;S159;,-0.3854469590345915
MAPK1,8,COBL;S31;,-0.9814252580045129
MAPK1,8,COBL;S34;,-1.0061340531589762
MAPK1,8,COG3;S536;,-0.9498663964643873
MAPK1,8,CORO7;S298;,-1.0047584417052506
MAPK1,8,DAB2IP;S802;,-0.3690745519749894
MAPK1,8,DAP;S2;,-1.6000444797015423
MAPK1,8,DAP;S3;,-1.23139387354565
MAPK1,8,DBNDD1;S123;,-1.8074348030411655
MAPK1,8,DCAF6;S336;,-1.1556791052984934
MAPK1,8,DCLK1;S30;,-0.8681146350655973
MAPK1,8,DDX19A;S86;,0.5973404316562196
MAPK1,8,DDX3X;S261;,-0.9998029981292333
MAPK1,8,DENND4C;S1037;,-0.9658890886136124
MAPK1,8,DLG2;S323;,0.9998837847772453
MAPK1,8,DLG2;S328;,0.0034464626647165986
MAPK1,8,DMXL1;S574;,-0.9614656349260866
MAPK1,8,DNAJC2;T48;,-0.952288790868024
MAPK1,8,DNAJC25;T353;,-0.9197434817654202
MAPK1,8,DOCK6;S1339;,-1.089362335864662
MAPK1,8,DOCK7;S1361;,-1.2322186139579459
MAPK1,8,DOCK7;S2107;,-1.5451917199566962
MAPK1,8,DOPEY1;S1261;,-1.2828127428234988
MAPK1,8,DTNA;S606;,-0.8147778716286332
MAPK1,8,DUSP27;S366;,-1.6977036841076392
MAPK1,8,DUSP27;S368;,-1.4635577298796305
MAPK1,8,DUSP27;S370;,-1.556850229541963
MAPK1,8,DUSP27;S427;,-1.3457202106830874
MAPK1,8,DYNC1H1;S4365;,-1.6102995897090215
MAPK1,8,DYNC1I2;S81;,1.372678418624716
MAPK1,8,EEF2;T57;,-0.7953021965439399
MAPK1,8,EEF2K;S365;,-0.9318176259322014
MAPK1,8,EHBP1L1;S1363;,-0.9653528662977865
MAPK1,8,EHD4;S459;,-0.2923657866149214
MAPK1,8,EIF3A;S584;,-1.8721488987373114
MAPK1,8,EIF4B;S422;,-1.3363970358549668
MAPK1,8,EIF4B;S424;,-1.3479535454848697
MAPK1,8,EIF4B;S425;,-1.5289536398023709
MAPK1,8,EIF4B;T420;,-1.2754328286531926
MAPK1,8,EIF4EBP1;S64;,-0.21826873295575955
MAPK1,8,EIF4EBP2;S2;,-1.3786715426047569
MAPK1,8,EIF5B;S183;,-1.5943185532839008
MAPK1,8,ELMSAN1;S456;,-1.556497480844219
MAPK1,8,EPS8;S659;,-1.4565432396915743
MAPK1,8,ETL4;S1844;,1.0001970527475963
MAPK1,8,ETV3;S139;,-0.7581588756201724
MAPK1,8,FAM120C;S55;,-0.17165985279472684
MAPK1,8,FAM134C;S313;,-0.9250827356535812
MAPK1,8,FAM134C;S320;,-0.8951108982053024
MAPK1,8,FAM171A2;S423;,-1.610899235053032
MAPK1,8,FAM65A;S752;,-1.2525284985035139
MAPK1,8,FBXO30;S379;,-0.23549130948373265
MAPK1,8,FHOD1;S489;,-1.36586597177707
MAPK1,8,FHOD1;S501;,0.9998096618476009
MAPK1,8,FHOD1;S504;,-0.24340571391385457
MAPK1,8,FHOD1;S513;,-1.490831732512977
MAPK1,8,FHOD1;S523;,0.5004775969981683
MAPK1,8,FLNC;S2147;,-1.7479961029161357
MAPK1,8,FLNC;S2234;,-1.5909096950623276
MAPK1,8,FMN1;S589;,-0.30320475937615443
MAPK1,8,FOSL2;S320;,-0.5445420093107034
MAPK1,8,FOSL2;T322;,-1.1593402822418146
MAPK1,8,FOXK1;S225;,-0.04681836307265819
MAPK1,8,FOXK2;T200;,-0.9998858352795978
MAPK1,8,FOXO3;S252;,-1.6388687323710913
MAPK1,8,FRMD8;S21;,-1.6993567004173487
MAPK1,8,FRYL;T1959;,-1.1144702007573966
MAPK1,8,GAB1;S418;,-1.733774410283452
MAPK1,8,GAB2;S142;,-0.6004923763243828
MAPK1,8,GAB2;S143;,0.09747259985604362
MAPK1,8,GAB2;S211;,-1.459573056434012
MAPK1,8,GAB2;S365;,-0.615787560234223
MAPK1,8,GAB2;T388;,-1.3337013589016522
MAPK1,8,GATAD2A;S103;,-0.9485268201089219
MAPK1,8,GATAD2A;S96;,-0.9215771152016068
MAPK1,8,GATAD2B;S338;,0.22811258049382221
MAPK1,8,GBF1;S1786;,0.9999063398505226
MAPK1,8,GIGYF1;S28;,1.000355929052543
MAPK1,8,GIT2;S568;,-1.2911695935083072
MAPK1,8,GOLGA4;S116;,-0.9927319982156302
MAPK1,8,GSK3A;S21;,-1.5582693642919243
MAPK1,8,GSK3A;S41;,-1.6334242997229986
MAPK1,8,GSK3B;S9;,-1.4990671090197012
MAPK1,8,GYS1;S728;,1.0976304496072482
MAPK1,8,HBP1;S401;,0.1667989888371395
MAPK1,8,HBS1L;S147;,-1.735610448695677
MAPK1,8,HDAC6;S21;,-0.317488416012065
MAPK1,8,HECTD1;S1392;,-1.1307873635321
MAPK1,8,HECTD1;S1393;,-1.216131099121506
MAPK1,8,HECTD1;S1573;,-0.9114662840216592
MAPK1,8,HELB;S944;,0.845697121313439
MAPK1,8,HERC1;S1163;,0.566205546169182
MAPK1,8,HERC1;T1154;,-0.9580620269098743
MAPK1,8,HIRIP3;S27;,-0.6510600967404585
MAPK1,8,HN1L;S97;,-0.37188140227653144
MAPK1,8,HOMER3;S158;,-1.2522797532420324
MAPK1,8,HUWE1;S1876;,-1.669777136080386
MAPK1,8,HUWE1;S3639;,-0.937836505478068
MAPK1,8,HUWE1;S3898;,0.9998081336429243
MAPK1,8,HUWE1;T3903;,-0.1799941227482792
MAPK1,8,IREB2;S178;,-1.3326602161630174
MAPK1,8,IRF2BPL;S69;,-0.20173301673756294
MAPK1,8,ITSN1;S1063;,-1.113854069582243
MAPK1,8,ITSN1;S315;,-1.5015128433360325
MAPK1,8,JMY;S56;,-1.5188462686417052
MAPK1,8,JSRP1;S47;,-1.5462875112295795
MAPK1,8,KANK2;S358;,-1.57561252681757
MAPK1,8,KCTD3;S809;,-0.9921843494220162
MAPK1,8,KDM2A;S718;,0.32493061962861347
MAPK1,8,KDM2A;T713;,-0.6971685309181908
MAPK1,8,KDM5C;S316;,-1.4594721141997944
MAPK1,8,KPNA1;S2;,-1.1621428254963986
MAPK1,8,KPNA1;T3;,-0.8652166523682434
MAPK1,8,LAMTOR1;S98;,-1.5459108266224542
MAPK1,8,LARP1;S916;,-1.4851473414563472
MAPK1,8,LARP1;T932;,-0.9347460940207939
MAPK1,8,LARP4B;S498;,-1.4747177255407977
MAPK1,8,LDB3;S112;,-1.2193785227641154
MAPK1,8,LIMA1;S360;,0.6558336115521959
MAPK1,8,LIMA1;S603;,0.260675630380758
MAPK1,8,LIMA1;S608;,0.9408008991762029
MAPK1,8,LIMA1;S703;,0.16212407005767548
MAPK1,8,LMNA;S404;,-1.5424730107738187
MAPK1,8,LMNA;S406;,-1.577162041066694
MAPK1,8,LMNA;S407;,-1.544299006379952
MAPK1,8,LMNA;S423;,-1.3775968632358246
MAPK1,8,LMNA;S424;,-1.5270758205900252
MAPK1,8,LMO7;S1541;,-1.445350483631608
MAPK1,8,LMO7;S1543;,-1.596099413032655
MAPK1,8,LOC100360205;S239;,-1.7721721956214933
MAPK1,8,LOC100365259;S393;,-1.1342654091448432
MAPK1,8,LOC100910104;S475;,-1.6578992165101427
MAPK1,8,LOC100910104;S532;,-0.9764431677369757
MAPK1,8,LOC100910104;S719;,-0.2455700105619395
MAPK1,8,LOC100910646;S166;,-1.347748167881297
MAPK1,8,LOC100911178;S1643;,-1.0350448364431082
MAPK1,8,LOC100911302;S1721;,-0.17926262475475307
MAPK1,8,LOC100911677;S490;,-1.0023038673665599
MAPK1,8,LOC100912115;S649;,-0.5382719127217268
MAPK1,8,LOC312502;S1164;,-0.14130614493089355
MAPK1,8,LOC312502;S138;,-1.0096539053925233
MAPK1,8,LOC312502;S139;,-0.9905599428066495
MAPK1,8,LOC312502;S483;,-0.14987098362429752
MAPK1,8,LOC683007;S1204;,0.5169048371388909
MAPK1,8,LOC683007;S1207;,-1.4062221966722102
MAPK1,8,LOC684259;S780;,-0.8943941374212607
MAPK1,8,LOC685707;S1251;,0.9997690060957931
MAPK1,8,LRRFIP2;S18;,-1.5196565996704736
MAPK1,8,LRRFIP2;T136;,-1.1431895233868867
MAPK1,8,LYSMD1;S33;,-0.9111632502609661
MAPK1,8,MACF1;S1376;,-1.552619361771659
MAPK1,8,MACF1;S5293;,0.6226465054260031
MAPK1,8,MAF1;S60;,0.46135031918894276
MAPK1,8,MAP1A;S1757;,-1.1519868956297374
MAPK1,8,MAP1A;T2177;,-0.9888242905361415
MAPK1,8,MAP1A;T504;,-0.5801021203758533
MAPK1,8,MAP1B;S1257;,0.7944193029686397
MAPK1,8,MAP1B;S1389;,0.5507788210489692
MAPK1,8,MAP1B;S1393;,-0.612934296908457
MAPK1,8,MAP1B;T1781;,-0.8750346629362873
MAPK1,8,MAP1S;S683;,1.065360084454903
MAPK1,8,MAP4;S902;,-0.952886195627799
MAPK1,8,MAP4K4;S591;,-1.381415233471284
MAPK1,8,MAP4K4;S791;,-0.9725127181183804
MAPK1,8,MAP4K4;S794;,-0.9636742431267065
MAPK1,8,MAPK1;Y185;,-0.7641905692068879
MAPK1,8,MAPK14;Y182;,-0.7661358607610654
MAPK1,8,MAPK8;Y185;,-0.7613382852527654
MAPK1,8,MARCKS;S141;,-1.137187191480702
MAPK1,8,MARK3;S593;,-1.6484014657887283
MAPK1,8,MARK3;T594;,-1.0674840213124819
MAPK1,8,MATR3;S188;,-1.3964392931732514
MAPK1,8,MBD3;S85;,-1.6268846271545943
MAPK1,8,MBD3;S86;,-1.7170546797184696
MAPK1,8,MDM2;S138;,-1.4885135829247171
MAPK1,8,MED1;S1465;,-0.31314073962326217
MAPK1,8,MED1;S1467;,-1.5194386001222635
MAPK1,8,MED1;S1468;,-1.1221549516740263
MAPK1,8,MED24;S860;,-1.6394205660771044
MAPK1,8,MED24;S861;,-1.738321587129132
MAPK1,8,MEF2C;S226;,-1.2047440819326902
MAPK1,8,MID1;S96;,0.6854749241620486
MAPK1,8,MKL1;S571;,0.2444710789260801
MAPK1,8,MLL2;S2291;,-0.1759181049457449
MAPK1,8,MLLT4;S216;,-1.5821762450141141
MAPK1,8,MLLT4;S246;,-1.3940785341226118
MAPK1,8,MON2;S197;,-1.5921822555394036
MAPK1,8,MPHOSPH10;S168;,-0.981994925069631
MAPK1,8,MPRIP;S369;,0.42360516762656686
MAPK1,8,MTFR1L;S100;,-0.9984593592893893
MAPK1,8,MTFR1L;S234;,-0.9824176120233713
MAPK1,8,MTFR1L;S235;,-1.0018984923566097
MAPK1,8,MTSS1L;S575;,0.18820195300483322
MAPK1,8,MURC;S20;,-1.6345292564540943
MAPK1,8,MUSK;S689;,-1.5441124003112159
MAPK1,8,MUSK;S690;,-0.08604313561860266
MAPK1,8,MYBBP1A;S1283;,0.5020636693433371
MAPK1,8,MYCBP2;S2750;,-1.5977663777001763
MAPK1,8,MYOZ2;T32;,-0.5951606755053664
MAPK1,8,NACA;S1125;,0.19477874038740584
MAPK1,8,NACA;S1345;,-0.16030755308998945
MAPK1,8,NACA;S1454;,0.38343645730587084
MAPK1,8,NACA;S1720;,0.1387521714883313
MAPK1,8,NACA;S914;,0.04926556799784154
MAPK1,8,NACA;S942;,-0.413642460638167
MAPK1,8,NCAPH;S24;,-0.5075435337045154
MAPK1,8,NCOR1;S363;,-0.3762383177378229
MAPK1,8,NCOR2;S1747;,0.24100052340161282
MAPK1,8,NDRG1;S330;,-1.4669096497185794
MAPK1,8,NDRG1;T328;,-1.294704833960075
MAPK1,8,NDRG2;T334;,-1.3047948819437902
MAPK1,8,NEK9;S16;,-0.885251188971518
MAPK1,8,NEK9;S736;,-1.505798963821172
MAPK1,8,NELFE;S131;,-1.7486190589872113
MAPK1,8,NES;S1071;,-0.9991345144582013
MAPK1,8,NES;S1123;,-1.6820795059263147
MAPK1,8,NES;S1131;,-0.9911221349773957
MAPK1,8,NES;S620;,-0.6825501130676349
MAPK1,8,NES;S784;,-0.9472478487177112
MAPK1,8,NEXN;S280;,-1.4407373197086506
MAPK1,8,NFIX;S265;,-1.1547088078155432
MAPK1,8,NHSL1;T1376;,-0.6669429655171585
MAPK1,8,NUMA1;S1935;,-1.462875248939917
MAPK1,8,NUMA1;S1958;,-1.6832471669494269
MAPK1,8,NUP35;S73;,0.49273454507998315
MAPK1,8,OPTN;S188;,-0.9765001632156431
MAPK1,8,PACS2;S319;,0.25066092367765336
MAPK1,8,PAK1;S144;,-1.5388361614042472
MAPK1,8,PAK1;S203;,-1.4324307529081801
MAPK1,8,PAK2;S197;,-1.1580201514258825
MAPK1,8,PARD3;S715;,-1.517426393609343
MAPK1,8,PARVA;S14;,1.2297819514704018
MAPK1,8,PATL1;S184;,0.39777828591883435
MAPK1,8,PBXIP1;S132;,-1.7427751933900613
MAPK1,8,PBXIP1;S133;,-0.4729757812502975
MAPK1,8,PCM1;S1280;,-1.6022268354805695
MAPK1,8,PCM1;S380;,-1.4996320517090655
MAPK1,8,PCM1;S384;,-1.6632100700814318
MAPK1,8,PDAP1;S176;,-1.7157060204745216
MAPK1,8,PDAP1;S178;,-1.5830718215523136
MAPK1,8,PDCD4;S420;,-1.5297072714905597
MAPK1,8,PDCD4;S76;,-1.5811404164058733
MAPK1,8,PDLIM7;S209;,-1.5183647239855587
MAPK1,8,PDLIM7;T214;,-1.037829959573587
MAPK1,8,PDLIM7;T215;,-0.7889969459086151
MAPK1,8,PDS5B;S1176;,-1.8458154923289485
MAPK1,8,PDXDC1;T554;,-0.7703247947632128
MAPK1,8,PELO;S55;,-1.4352811240993375
MAPK1,8,PEX1;S1209;,-1.6208953142235158
MAPK1,8,PFKFB2;S469;,-1.2913728463322918
MAPK1,8,PHF1;S410;,0.3725547287927484
MAPK1,8,PHF1;S415;,0.41017403431893995
MAPK1,8,PHF2;S782;,0.653082559882048
MAPK1,8,PHIP;S1251;,-1.5780957768217703
MAPK1,8,PHLDB1;S431;,-1.6346290946341184
MAPK1,8,PHLDB1;S534;,-1.3848639217416232
MAPK1,8,PHLDB2;S241;,-1.467943245829321
MAPK1,8,PI4K2A;S43;,-1.3956240398531397
MAPK1,8,PI4K2A;S46;,-1.0001215154742757
MAPK1,8,PI4K2A;S461;,-1.7321687466099829
MAPK1,8,PI4K2A;S50;,1.0912138754488836
MAPK1,8,PID1;S230;,-0.9167954070684043
MAPK1,8,PID1;S231;,-1.7019368053580926
MAPK1,8,PID1;S232;,-1.7843413461025202
MAPK1,8,PID1;S242;,-1.5903823577430476
MAPK1,8,PIEZO1;S1370;,0.8833107851724105
MAPK1,8,PIK3C2A;S261;,-0.426395831710045
MAPK1,8,PLEC;S4246;,-1.3444410610994306
MAPK1,8,PLEC;S4249;,-1.2562025963222911
MAPK1,8,PNISR;S290;,-1.637654826076324
MAPK1,8,POM121;S370;,-1.266545578881502
MAPK1,8,PPAN;S233;,-0.94078667953992
MAPK1,8,PPAN;S238;,-0.968403404585695
MAPK1,8,PPAN;S240;,-0.9890339530223895
MAPK1,8,PPP1R12C;S508;,0.813175726142435
MAPK1,8,PPP1R13L;S110;,1.0780960724935544
MAPK1,8,PPP1R13L;S154;,-0.12956017316954427
MAPK1,8,PPP1R13L;S360;,1.0074823853236603
MAPK1,8,PPP6R2;S629;,0.3824480801769854
MAPK1,8,PPP6R2;S719;,0.18449929378959984
MAPK1,8,PRKAA1;S496;,-1.6351301710452957
MAPK1,8,PRKAB1;S108;,-0.97842625577227
MAPK1,8,PRRC2A;S765;,-1.4175155293872765
MAPK1,8,PRRC2B;S259;,-1.4902668252051094
MAPK1,8,PSMA5;T55;,-0.8473072076173399
MAPK1,8,PSMC3;S12;,0.13658382264897906
MAPK1,8,PSMC3;S9;,0.33094865534170426
MAPK1,8,PTPN12;T544;,-0.7911228559797189
MAPK1,8,PTPN21;S599;,-1.586025295549838
MAPK1,8,PTPN21;S762;,-1.1513858364917287
MAPK1,8,PTRF;S169;,-1.4011703929579942
MAPK1,8,PTRF;S171;,-1.296138616805752
MAPK1,8,PUM2;S82;,0.5254491166063089
MAPK1,8,PXN;S106;,-1.580549026044273
MAPK1,8,PXN;S137;,-1.2912273230414435
MAPK1,8,PXN;S83;,0.44803676120558644
MAPK1,8,RABGEF1;T142;,-0.9884226036662127
MAPK1,8,RAF1;S295;,-1.2344813533465449
MAPK1,8,RAF1;S296;,-0.424168046645364
MAPK1,8,RAI14;T249;,-1.0704925436981951
MAPK1,8,RANBP10;S481;,-0.9448556887150694
MAPK1,8,RANBP3;S58;,-1.5194060926535067
MAPK1,8,RAPGEF1;S306;,-1.3644742616813792
MAPK1,8,RAPGEF1;S308;,-1.4302148981310399
MAPK1,8,RAVER1;S576;,-0.6466325139704547
MAPK1,8,RB1CC1;S243;,-0.36262002110019076
MAPK1,8,RBM3;S145;,-1.5680465836981985
MAPK1,8,RBM7;S72;,-1.3828190631752186
MAPK1,8,RFX7;S1177;,-1.575034010113789
MAPK1,8,RGD1307838;S900;,-1.6021231696866385
MAPK1,8,RGD1307838;S903;,-1.77145462336213
MAPK1,8,RGD1308297;S518;,-1.3244047103945618
MAPK1,8,RGD1309586;S243;,-1.6980031523644175
MAPK1,8,RGD1309586;S59;,-1.0760004594580148
MAPK1,8,RGD1310016;S1171;,-0.9675779304685721
MAPK1,8,RGD1311783;S45;,-0.9939665136868435
MAPK1,8,RGD1311783;S46;,-0.9939103105133262
MAPK1,8,RGD1560225;S763;,-1.0350540571490134
MAPK1,8,RGD1561609;S759;,-1.554619395458221
MAPK1,8,RGD1562639;S1035;,-1.7458935389955297
MAPK1,8,RGD1566017;S802;,-1.7450367440098342
MAPK1,8,RIN2;S494;,-1.5343995551779814
MAPK1,8,RIPK2;S412;,-0.9616919499431748
MAPK1,8,RNF40;S586;,-1.5857648251108314
MAPK1,8,RPS6KA3;S715;,-0.7931155908114098
MAPK1,8,RPS6KA4;S681;,-1.378837682260631
MAPK1,8,RPS6KA4;S682;,-0.8193032965087588
MAPK1,8,RPS6KB1;S404;,-1.0970284037970255
MAPK1,8,RPTOR;S863;,0.358228062343682
MAPK1,8,RRP1B;S524;,-0.6432865024714329
MAPK1,8,RRP1B;T521;,-1.0214414475809581
MAPK1,8,RTF1;S416;,-1.6015792868958394
MAPK1,8,RUFY1;S50;,-0.7979947321103983
MAPK1,8,RUNX1T1;T568;,-0.9314184390153388
MAPK1,8,SAMD4B;S271;,1.345162955789094
MAPK1,8,SAP30L;T91;,-1.1475170575168887
MAPK1,8,SBF1;S1141;,-0.9996338400905008
MAPK1,8,SCRIB;S1315;,0.49417527125004423
MAPK1,8,SCRIB;S1529;,-1.354222754918892
MAPK1,8,SENP7;S47;,0.41850080221897357
MAPK1,8,SETD2;S511;,-0.7138702569918874
MAPK1,8,SF3B1;T326;,-0.7841322993994144
MAPK1,8,SFPQ;T586;,-0.9212396882061401
MAPK1,8,SGTA;S306;,-1.5102971596061803
MAPK1,8,SGTA;S308;,-1.483844694791215
MAPK1,8,SH3BP5;S420;,-1.3850126803110747
MAPK1,8,SH3D19;S274;,0.5068542119633095
MAPK1,8,SH3PXD2A;S368;,-0.9980026271120784
MAPK1,8,SH3PXD2A;S495;,-0.7717972590507767
MAPK1,8,SH3PXD2A;S956;,-1.3051345346918768
MAPK1,8,SHC3;S359;,-0.2440123309483001
MAPK1,8,SIK2;S673;,-1.3398070648599798
MAPK1,8,SIPA1L1;S1408;,-0.9437290197130843
MAPK1,8,SIPA1L1;S1411;,-0.9645147846561115
MAPK1,8,SIPA1L1;S288;,-1.692996086368889
MAPK1,8,SLC2A13;S38;,-0.9862365340900974
MAPK1,8,SLC2A13;S44;,-0.9953915179117374
MAPK1,8,SLC2A13;S47;,-0.9752287255908259
MAPK1,8,SLC4A7;S1171;,-0.9567614355725435
MAPK1,8,SLC4A7;S263;,-0.9824815643800019
MAPK1,8,SLK;S778;,-0.9655173706497702
MAPK1,8,SMCR7L;S59;,0.9348895833242261
MAPK1,8,SMCR8;S416;,-1.4318575225891539
MAPK1,8,SMCR8;S486;,-0.9769990684309163
MAPK1,8,SMCR8;S488;,-0.955757207010886
MAPK1,8,SMCR8;S491;,-0.969258343171626
MAPK1,8,SMCR8;S497;,-0.8820704863503032
MAPK1,8,SMG6;S537;,-0.3419553644684157
MAPK1,8,SNW1;S224;,-0.8841527275366435
MAPK1,8,SNX8;S454;,0.35621871243763814
MAPK1,8,SON;S94;,-1.7259997099741364
MAPK1,8,SORBS1;S857;,-0.17565352119251842
MAPK1,8,SOS1;S1120;,-1.5254685584922767
MAPK1,8,SOX6;S399;,0.20384591108882655
MAPK1,8,SOX6;S402;,0.17624583274470296
MAPK1,8,SOX6;T401;,-1.3166216915754665
MAPK1,8,SPAG7;S219;,-1.822356092831389
MAPK1,8,SPAG9;S203;,-1.231252434656119
MAPK1,8,SPAG9;S716;,-1.4061027214878472
MAPK1,8,SPHK2;S379;,-0.8952378179940501
MAPK1,8,SRPK2;S487;,-1.5070514260539447
MAPK1,8,SRRM2;S2228;,-1.000078874911805
MAPK1,8,SRRM2;S2338;,-0.1137274004958081
MAPK1,8,SRSF10;S131;,-0.9394752266004509
MAPK1,8,SRSF11;S200;,-0.35810536629276934
MAPK1,8,STARD13;S334;,-0.21465207266299424
MAPK1,8,STAT3;S727;,0.1715857537126625
MAPK1,8,STIM1;S257;,-0.9573251014746943
MAPK1,8,STIM1;S523;,-0.9240136172762988
MAPK1,8,STIM1;S524;,-0.9996348032373752
MAPK1,8,STIM2;S675;,-0.9788217928188911
MAPK1,8,STK11IP;S443;,-0.23066763005426727
MAPK1,8,STK3;S385;,-0.819054094333757
MAPK1,8,STMN1;S16;,-1.456123635393492
MAPK1,8,STMN1;S25;,0.08551359945698944
MAPK1,8,STMN1;S38;,0.7612648461250202
MAPK1,8,STRN3;S227;,-0.5511154298324437
MAPK1,8,SUN2;S12;,-1.5960185644160374
MAPK1,8,SVIL;S1177;,-0.8676187931780808
MAPK1,8,SVIL;S259;,-1.6993020038397015
MAPK1,8,SVIL;S531;,-1.2888655305397774
MAPK1,8,SYNPO2L;S401;,-1.654631415033639
MAPK1,8,SYNPO2L;T141;,-0.8121003593566533
MAPK1,8,SZT2;S1641;,-1.5046327019502759
MAPK1,8,TACC2;S575;,0.9998555061245529
MAPK1,8,TANC2;S1447;,-1.4794323880559692
MAPK1,8,TBC1D1;S231;,-0.9883984215765281
MAPK1,8,TBC1D1;S662;,-1.0027405166880106
MAPK1,8,TBC1D1;T590;,-1.0816249166291865
MAPK1,8,TBC1D16;S382;,-1.852179296148744
MAPK1,8,TCF12;S583;,-1.5901055919447042
MAPK1,8,TDRD3;S256;,-1.7024250587124627
MAPK1,8,TENC1;T996;,-1.0782347836271207
MAPK1,8,TFE3;S531;,-1.403229171592265
MAPK1,8,TJP1;S1602;,0.14887530034693996
MAPK1,8,TJP1;S1604;,-1.7845826821288386
MAPK1,8,TJP2;S147;,-1.5054265129180304
MAPK1,8,TMEM245;S327;,1.000003489593684
MAPK1,8,TMEM55A;S14;,-0.9538847085752107
MAPK1,8,TNKS1BP1;S1642;,-1.6501112548350683
MAPK1,8,TNRC6B;S306;,-0.19962759164592558
MAPK1,8,TNRC6B;S421;,-0.4482847110297621
MAPK1,8,TRAK1;S390;,-0.39324815884620234
MAPK1,8,TRAK1;S905;,-0.9984002784885727
MAPK1,8,TRAPPC12;S314;,-0.22236817390969477
MAPK1,8,TRIM28;S474;,-1.323730804799873
MAPK1,8,TRIO;S2459;,-0.014104994053445674
MAPK1,8,TRIO;S2463;,0.2824832560993955
MAPK1,8,TRIP12;T1454;,-1.2105505694917227
MAPK1,8,TSC2;S939;,-1.6010613565808567
MAPK1,8,TSSC4;S190;,-0.3560732596440451
MAPK1,8,TTN;S305;,-0.9546784347560883
MAPK1,8,UBA1;S13;,-1.5915145659791416
MAPK1,8,UBA5;S380;,-1.7849706971722374
MAPK1,8,UBE2O;S835;,0.43397702744028943
MAPK1,8,UBE2O;T830;,-0.8301758139308757
MAPK1,8,UBE4B;S88;,-0.7943866562420902
MAPK1,8,ULK1;S450;,-1.1920815708292798
MAPK1,8,ULK1;S465;,-0.9798023115551087
MAPK1,8,ULK1;S477;,0.7135530486126791
MAPK1,8,ULK1;S479;,0.030799874611568745
MAPK1,8,ULK1;S637;,-0.9987155744300351
MAPK1,8,ULK1;T468;,-0.8104055001782875
MAPK1,8,ULK1;T659;,-0.90296133425195
MAPK1,8,USP10;S224;,0.4179160491906557
MAPK1,8,VAPA;S164;,-0.9645496038179668
MAPK1,8,VIM;S420;,-0.9655365373418786
MAPK1,8,VIM;S430;,-0.9269254955578881
MAPK1,8,VIM;T426;,-0.9299815119001915
MAPK1,8,VPS26B;S304;,-0.9732281422051738
MAPK1,8,WIPF2;S235;,-0.5775608908579998
MAPK1,8,WNK1;S165;,-1.2004202780720648
MAPK1,8,WWC3;S955;,-1.7069943375588743
MAPK1,8,YAP1;S46;,-0.9897497871603848
MAPK1,8,ZC3H13;S368;,-0.9434254306365035
MAPK1,8,ZC3HAV1;S307;,0.3624587111402511
MAPK1,8,ZC3HAV1;S325;,-1.757142066473629
MAPK1,8,ZC3HAV1;S544;,-0.5945306665528515
MAPK1,8,ZC3HC1;S343;,-0.02846493390893523
MAPK1,8,ZC3HC1;T351;,-1.1059647297542492
MAPK1,8,ZFP295;S411;,-1.6020244862036335
MAPK1,8,ZFYVE16;S903;,-1.4262687658429598
MAPK1,8,ZNRF2;S148;,-1.5913474909571863
MAPK1,8,ZNRF2;S154;,-0.2055438734079762
MAPK1,8,ZNRF2;S18;,-1.5849342716837547
MAPK1,8,ZNRF2;S81;,-1.4040461531696273
MAPK1,8,ZYX;S143;,-1.5193266766505906
MAPK1,8,ZYX;S144;,-1.5787532776654798
MAPK1,8,ZYX;S336;,-0.5036046664944913
MAPK1,8,ZZEF1;S1516;,0.9175927831868715
MAPK1,8,ZZEF1;S1535;,-1.637277578896643
MAPK1,9,AAK1;S677;,-0.6501088415113476
MAPK1,9,ABCC4;S604;,0.7069508221426554
MAPK1,9,ABI2;S165;,-1.1294151187296366
MAPK1,9,ABI2;S168;,-1.018016918885639
MAPK1,9,ABL2;S799;,-1.1231978178660889
MAPK1,9,ABLIM3;S566;,0.16991650703421357
MAPK1,9,ABLIM3;S575;,-0.9186771306957894
MAPK1,9,ACACA;S79;,-0.9167402453342146
MAPK1,9,ACIN1;S711;,-1.277468975714282
MAPK1,9,ADD1;S613;,-0.4805739014642687
MAPK1,9,ADD1;T614;,0.7516723759124418
MAPK1,9,ADNP;S971;,0.5073728934956682
MAPK1,9,AFF4;S823;,-0.9038005357639988
MAPK1,9,AGAP3;S107;,0.19314381578378814
MAPK1,9,AHCTF1;S1214;,-0.8750170832431486
MAPK1,9,AHNAK;S1191;,-0.8625055288747558
MAPK1,9,AHNAK;S177;,-0.9610970637734194
MAPK1,9,AHNAK;S2060;,0.022516723530096372
MAPK1,9,AHNAK;S211;,-1.2294322675616822
MAPK1,9,AHNAK;S2117;,-0.8580487262431953
MAPK1,9,AHNAK;S222;,-1.0232686507710032
MAPK1,9,AHNAK;S3915;,0.047227557627087136
MAPK1,9,AHNAK;S42;,0.19713855403638292
MAPK1,9,AHNAK;S4597;,0.24922444060414584
MAPK1,9,AHNAK;S5243;,0.22271865526685863
MAPK1,9,AHNAK;T4049;,-0.12722309939020748
MAPK1,9,AHNAK2;S425;,0.2197281050829094
MAPK1,9,AHNAK2;T438;,-0.22905591636662015
MAPK1,9,AIMP1;S110;,-1.1046186840670889
MAPK1,9,AJUBA;S129;,0.7409638852762149
MAPK1,9,AKAP1;S103;,-0.8472294373366638
MAPK1,9,AKAP10;S278;,-0.8848000672029064
MAPK1,9,AKAP11;S1090;,-0.891796118611371
MAPK1,9,AKAP11;S21;,-1.131853570726348
MAPK1,9,AKAP11;S23;,-1.1372075361016094
MAPK1,9,AKAP11;S448;,0.41098349198354756
MAPK1,9,AKAP13;S2515;,-1.0569039090277026
MAPK1,9,AKAP2;S152;,1.0002115840441528
MAPK1,9,AKAP2;S730;,-1.0782067567352267
MAPK1,9,AKAP6;S562;,-0.9992404445120027
MAPK1,9,AKAP9;S3669;,0.06846465958583736
MAPK1,9,AKT1S1;S184;,-0.9194415223085394
MAPK1,9,AKT1S1;T247;,-0.5963116966812076
MAPK1,9,ALKBH5;S362;,-1.1738588491713668
MAPK1,9,ALKBH5;S376;,-0.8780469352818824
MAPK1,9,AMOTL1;S580;,-0.949547274214512
MAPK1,9,ANP32A;S15;,-1.2714732922915082
MAPK1,9,AP3D1;S755;,-1.2711701668864772
MAPK1,9,ARFGAP2;S145;,0.30280771973738496
MAPK1,9,ARFGEF2;S214;,-0.7526528625465962
MAPK1,9,ARFIP1;S39;,-0.9841821869795784
MAPK1,9,ARHGAP17;S710;,-1.0307242590597734
MAPK1,9,ARHGAP22;S200;,0.659688985095579
MAPK1,9,ARHGAP22;S236;,-1.2537462623168472
MAPK1,9,ARHGAP35;S1174;,-1.143841902037633
MAPK1,9,ARHGAP39;S284;,0.049329361565059016
MAPK1,9,ARHGAP5;S1195;,-0.9354368145897404
MAPK1,9,ARHGAP5;S1202;,0.5657845903315696
MAPK1,9,ARHGAP5;S967;,0.20183965278209937
MAPK1,9,ARHGEF12;S337;,-0.9423792247361845
MAPK1,9,ARHGEF12;S341;,0.5855397491655959
MAPK1,9,ARHGEF17;S995;,-0.9317127144210031
MAPK1,9,ARHGEF5;S721;,-1.0001964534784507
MAPK1,9,ARPP21;S256;,-0.8598501267356037
MAPK1,9,ATF7;T53;,-0.7801129890575715
MAPK1,9,ATG14;S5;,-0.8334307847693876
MAPK1,9,ATG2A;S1246;,-0.41294460206123945
MAPK1,9,ATG2B;S240;,0.5255124297935047
MAPK1,9,ATG2B;S255;,0.11754661341721556
MAPK1,9,ATRX;S761;,-1.2489161128124695
MAPK1,9,ATXN2;S622;,0.3374783869380348
MAPK1,9,ATXN2L;S109;,0.6124154871470524
MAPK1,9,ATXN2L;S447;,0.6483599029203704
MAPK1,9,AZI1;S114;,-1.0635898179692471
MAPK1,9,AZI1;S304;,-1.2356391166064014
MAPK1,9,BAD;S171;,-0.8603514039011315
MAPK1,9,BAG3;S271;,-0.025836271975493208
MAPK1,9,BAG3;S387;,-0.7321383701391017
MAPK1,9,BAG3;S388;,0.001065623970264662
MAPK1,9,BAIAP2L1;S218;,0.1949280356985129
MAPK1,9,BAIAP2L1;S380;,-0.8728944022849026
MAPK1,9,BAZ2A;S1388;,0.8096215490914841
MAPK1,9,BBX;S243;,-0.12536459011680656
MAPK1,9,BCL9L;S116;,-1.4513906949604514
MAPK1,9,BCL9L;S21;,-0.8908762875119693
MAPK1,9,BCL9L;S25;,0.9374699114334742
MAPK1,9,BICD2;S611;,0.8174841294966905
MAPK1,9,BICD2;S819;,-0.8181594929339437
MAPK1,9,BRAF;S134;,0.524136477602109
MAPK1,9,BRD8;S274;,1.1282990014239913
MAPK1,9,BRD8;T270;,0.4077928017033272
MAPK1,9,BSDC1;S216;,-0.5843841753677597
MAPK1,9,C2CD4C;S262;,-1.376025549344679
MAPK1,9,CACNB1;S53;,-0.9793162657317346
MAPK1,9,CALD1;S527;,-0.04800097579061585
MAPK1,9,CAMK2D;T371;,-0.6108256230536437
MAPK1,9,CAMSAP1;S1154;,0.725622808924559
MAPK1,9,CAMSAP1;S517;,-0.8199008742691176
MAPK1,9,CAP2;S301;,0.12410602215943173
MAPK1,9,CBX5;S93;,-1.305266161472122
MAPK1,9,CCDC6;S143;,0.4841687436148644
MAPK1,9,CCDC88A;S1638;,-1.003257350267687
MAPK1,9,CCDC91;S71;,-0.2396368944281047
MAPK1,9,CDC42EP2;S137;,0.6003097726685679
MAPK1,9,CDC42EP2;S141;,0.7607916162781115
MAPK1,9,CDC42EP4;S140;,0.5635691836959495
MAPK1,9,CDKN1A;S69;,-0.1301742406383773
MAPK1,9,CDKN1B;S12;,-0.9230682391328614
MAPK1,9,CDKN1B;S7;,-0.8654664263957261
MAPK1,9,CEP170B;S1166;,-1.3291692502090673
MAPK1,9,CEP68;S503;,-0.9215944884824854
MAPK1,9,CEP68;S510;,1.0378781296108799
MAPK1,9,CHAMP1;S532;,1.002032663154063
MAPK1,9,CHD8;S549;,-0.9266758773274961
MAPK1,9,CHRND;S379;,-0.834817392187263
MAPK1,9,CIC;S1394;,-1.4505534335801014
MAPK1,9,CIC;S1399;,-0.9174078591510105
MAPK1,9,CLASP2;S331;,-0.9605797429903702
MAPK1,9,CLIP1;S159;,0.3252315212237674
MAPK1,9,COBL;S31;,-0.9897639676790804
MAPK1,9,COBL;S34;,-1.0019905096317092
MAPK1,9,COG3;S536;,-0.9306439791072794
MAPK1,9,CORO7;S298;,-0.9914114070146294
MAPK1,9,DAB2IP;S802;,0.3956750519187263
MAPK1,9,DAP;S2;,-0.9339202950634574
MAPK1,9,DAP;S3;,-0.11529882200815145
MAPK1,9,DBNDD1;S123;,-1.3016040159915843
MAPK1,9,DCAF6;S336;,-0.01721910827356632
MAPK1,9,DCLK1;S30;,-0.7475478755174696
MAPK1,9,DDX19A;S86;,0.7897811848939437
MAPK1,9,DDX3X;S261;,-0.5892321477406849
MAPK1,9,DENND4C;S1037;,-1.0079290106824579
MAPK1,9,DLG2;S323;,0.9941552619802912
MAPK1,9,DLG2;S328;,0.3629230073359576
MAPK1,9,DMXL1;S574;,-0.8362719230137721
MAPK1,9,DNAJC2;T48;,-0.44227234329199605
MAPK1,9,DNAJC25;T353;,-0.5922149718480433
MAPK1,9,DOCK6;S1339;,-0.9488863031821931
MAPK1,9,DOCK7;S1361;,-1.052114805978405
MAPK1,9,DOCK7;S2107;,-1.1693579293635663
MAPK1,9,DOPEY1;S1261;,-1.1314484532034994
MAPK1,9,DTNA;S606;,0.39906350051216133
MAPK1,9,DUSP27;S366;,-1.2049463788240193
MAPK1,9,DUSP27;S368;,-1.064913652441558
MAPK1,9,DUSP27;S370;,-1.0235436491701395
MAPK1,9,DUSP27;S427;,-0.9886185080780437
MAPK1,9,DYNC1H1;S4365;,-1.213955596725239
MAPK1,9,DYNC1I2;S81;,1.186503934724286
MAPK1,9,EEF2;T57;,-0.6608152269055937
MAPK1,9,EEF2K;S365;,-0.8023035933994853
MAPK1,9,EHBP1L1;S1363;,-1.041517263616468
MAPK1,9,EHD4;S459;,0.48958391005062196
MAPK1,9,EIF3A;S584;,-1.4069891159633863
MAPK1,9,EIF4B;S422;,-0.8876090886053839
MAPK1,9,EIF4B;S424;,-1.0053329979085444
MAPK1,9,EIF4B;S425;,-1.0494038306646307
MAPK1,9,EIF4B;T420;,-0.860381675857525
MAPK1,9,EIF4EBP1;S64;,0.21163563571498545
MAPK1,9,EIF4EBP2;S2;,-0.852444451483121
MAPK1,9,EIF5B;S183;,-1.1535678118974078
MAPK1,9,ELMSAN1;S456;,-1.139358293980874
MAPK1,9,EPS8;S659;,-1.0019191927034141
MAPK1,9,ETL4;S1844;,1.0886654698340208
MAPK1,9,ETV3;S139;,-0.34200717538406095
MAPK1,9,FAM120C;S55;,0.7211609849883164
MAPK1,9,FAM134C;S313;,-1.0326916623955609
MAPK1,9,FAM134C;S320;,-0.8967583222032273
MAPK1,9,FAM171A2;S423;,-1.134301366651385
MAPK1,9,FAM65A;S752;,-0.6192274422225135
MAPK1,9,FBXO30;S379;,0.4951748709257334
MAPK1,9,FHOD1;S489;,-0.8830920085860042
MAPK1,9,FHOD1;S501;,1.00001907195906
MAPK1,9,FHOD1;S504;,0.5261952863689289
MAPK1,9,FHOD1;S513;,-1.0929141783182335
MAPK1,9,FHOD1;S523;,0.6766391259919201
MAPK1,9,FLNC;S2147;,-1.1709833340877127
MAPK1,9,FLNC;S2234;,-1.0959496045725374
MAPK1,9,FMN1;S589;,0.21290941753002512
MAPK1,9,FOSL2;S320;,0.325977746854877
MAPK1,9,FOSL2;T322;,-0.3883594636524943
MAPK1,9,FOXK1;S225;,0.6755969201041726
MAPK1,9,FOXK2;T200;,0.50720658249272
MAPK1,9,FOXO3;S252;,-1.2983468892541508
MAPK1,9,FRMD8;S21;,-1.2805058861863383
MAPK1,9,FRYL;T1959;,-0.770535211894861
MAPK1,9,GAB1;S418;,-1.3031493228322377
MAPK1,9,GAB2;S142;,-0.39754860007555737
MAPK1,9,GAB2;S143;,0.3391940088547528
MAPK1,9,GAB2;S211;,-0.9834634021439855
MAPK1,9,GAB2;S365;,-0.02033417687025718
MAPK1,9,GAB2;T388;,-0.9012721655128298
MAPK1,9,GATAD2A;S103;,-0.992703350232996
MAPK1,9,GATAD2A;S96;,-0.8737631827952126
MAPK1,9,GATAD2B;S338;,0.5656522777349163
MAPK1,9,GBF1;S1786;,1.0085962382128257
MAPK1,9,GIGYF1;S28;,1.0888872887861063
MAPK1,9,GIT2;S568;,-0.7353815182771658
MAPK1,9,GOLGA4;S116;,-1.0312744801511178
MAPK1,9,GSK3A;S21;,-1.2472154837386698
MAPK1,9,GSK3A;S41;,-0.9755477322309833
MAPK1,9,GSK3B;S9;,-1.0701996523084145
MAPK1,9,GYS1;S728;,1.1948720774595523
MAPK1,9,HBP1;S401;,0.46747794083093386
MAPK1,9,HBS1L;S147;,-0.9787462271589651
MAPK1,9,HDAC6;S21;,0.17428347400842104
MAPK1,9,HECTD1;S1392;,-0.8000791330575321
MAPK1,9,HECTD1;S1393;,-0.9996259763712819
MAPK1,9,HECTD1;S1573;,-0.8944224309593508
MAPK1,9,HELB;S944;,0.7669653551179777
MAPK1,9,HERC1;S1163;,0.9963102128612623
MAPK1,9,HERC1;T1154;,0.26426414528578757
MAPK1,9,HIRIP3;S27;,0.1151820147001536
MAPK1,9,HN1L;S97;,0.27724162978884814
MAPK1,9,HOMER3;S158;,-1.0122967141590307
MAPK1,9,HUWE1;S1876;,-1.0531107151105723
MAPK1,9,HUWE1;S3639;,-0.07083798701152821
MAPK1,9,HUWE1;S3898;,1.0986990264117136
MAPK1,9,HUWE1;T3903;,1.1242630655863026
MAPK1,9,IREB2;S178;,-0.7950964721609186
MAPK1,9,IRF2BPL;S69;,0.7707668753919855
MAPK1,9,ITSN1;S1063;,-0.4922472127607298
MAPK1,9,ITSN1;S315;,-1.2547754624932486
MAPK1,9,JMY;S56;,-1.121093220651181
MAPK1,9,JSRP1;S47;,-1.002655113837826
MAPK1,9,KANK2;S358;,-1.132914137361697
MAPK1,9,KCTD3;S809;,-1.0454264998282328
MAPK1,9,KDM2A;S718;,0.9999893453727892
MAPK1,9,KDM2A;T713;,0.9002949555248897
MAPK1,9,KDM5C;S316;,-1.1759585915090875
MAPK1,9,KPNA1;S2;,-0.7794737392573562
MAPK1,9,KPNA1;T3;,-0.021226522112861634
MAPK1,9,LAMTOR1;S98;,-1.0715002593840497
MAPK1,9,LARP1;S916;,-1.0239096811535346
MAPK1,9,LARP1;T932;,0.6327496082190585
MAPK1,9,LARP4B;S498;,-1.3826469046788277
MAPK1,9,LDB3;S112;,-0.18584034905764585
MAPK1,9,LIMA1;S360;,0.6937674767595189
MAPK1,9,LIMA1;S603;,0.49097759843930244
MAPK1,9,LIMA1;S608;,0.9891932828326039
MAPK1,9,LIMA1;S703;,0.7997512700370787
MAPK1,9,LMNA;S404;,-1.1164769948262507
MAPK1,9,LMNA;S406;,-1.2195867638372233
MAPK1,9,LMNA;S407;,-0.8059154003613852
MAPK1,9,LMNA;S423;,-0.884236964162349
MAPK1,9,LMNA;S424;,-0.9321329792565844
MAPK1,9,LMO7;S1541;,-1.200371973338966
MAPK1,9,LMO7;S1543;,-1.2733131117540522
MAPK1,9,LOC100360205;S239;,-1.279929128662836
MAPK1,9,LOC100365259;S393;,-0.8666956007918262
MAPK1,9,LOC100910104;S475;,-1.2122278092868022
MAPK1,9,LOC100910104;S532;,-0.859859198180674
MAPK1,9,LOC100910104;S719;,0.527615304313221
MAPK1,9,LOC100910646;S166;,-0.7494971632133967
MAPK1,9,LOC100911178;S1643;,-0.02667157712977003
MAPK1,9,LOC100911302;S1721;,0.3277473341399223
MAPK1,9,LOC100911677;S490;,-1.0301180908903058
MAPK1,9,LOC100912115;S649;,0.4760332761048087
MAPK1,9,LOC312502;S1164;,0.7133114803288171
MAPK1,9,LOC312502;S138;,-1.0593321072207915
MAPK1,9,LOC312502;S139;,-1.0455098292917084
MAPK1,9,LOC312502;S483;,0.5166863163754875
MAPK1,9,LOC683007;S1204;,0.7410281291770412
MAPK1,9,LOC683007;S1207;,-0.841625219553717
MAPK1,9,LOC684259;S780;,-0.8231916673860729
MAPK1,9,LOC685707;S1251;,0.929165246106212
MAPK1,9,LRRFIP2;S18;,-1.0194140714492823
MAPK1,9,LRRFIP2;T136;,-0.45415507253728327
MAPK1,9,LYSMD1;S33;,-0.917356150233758
MAPK1,9,MACF1;S1376;,-1.1624225697590505
MAPK1,9,MACF1;S5293;,0.8761043623637729
MAPK1,9,MAF1;S60;,0.7673948918609036
MAPK1,9,MAP1A;S1757;,-0.35244498766424553
MAPK1,9,MAP1A;T2177;,0.5543632863994399
MAPK1,9,MAP1A;T504;,0.8654616366399598
MAPK1,9,MAP1B;S1257;,0.7648263853200249
MAPK1,9,MAP1B;S1389;,0.7056125691639102
MAPK1,9,MAP1B;S1393;,0.2147797343986858
MAPK1,9,MAP1B;T1781;,-0.5037898841440572
MAPK1,9,MAP1S;S683;,1.1734133678880743
MAPK1,9,MAP4;S902;,-0.9804469786341464
MAPK1,9,MAP4K4;S591;,-0.7499633180774634
MAPK1,9,MAP4K4;S791;,-0.9613974261068903
MAPK1,9,MAP4K4;S794;,-0.9921234485435068
MAPK1,9,MAPK1;Y185;,-0.2889265950175673
MAPK1,9,MAPK14;Y182;,-0.31769599819347827
MAPK1,9,MAPK8;Y185;,-0.4277639985171177
MAPK1,9,MARCKS;S141;,-0.5947394925169976
MAPK1,9,MARK3;S593;,-0.9888185639049757
MAPK1,9,MARK3;T594;,-0.37276040494715806
MAPK1,9,MATR3;S188;,-1.3615236650427809
MAPK1,9,MBD3;S85;,-1.3591261468439129
MAPK1,9,MBD3;S86;,-1.033185847201529
MAPK1,9,MDM2;S138;,-1.0078267557649756
MAPK1,9,MED1;S1465;,0.2496024140335007
MAPK1,9,MED1;S1467;,-0.8805723571804008
MAPK1,9,MED1;S1468;,-0.8764283403026276
MAPK1,9,MED24;S860;,-1.2161165976026473
MAPK1,9,MED24;S861;,-1.0321752602352663
MAPK1,9,MEF2C;S226;,-0.037601479460938114
MAPK1,9,MID1;S96;,0.9193748874251472
MAPK1,9,MKL1;S571;,0.6467019662952932
MAPK1,9,MLL2;S2291;,0.7039057652467103
MAPK1,9,MLLT4;S216;,-0.8998174293481774
MAPK1,9,MLLT4;S246;,-1.203715878888572
MAPK1,9,MON2;S197;,-1.19766305849958
MAPK1,9,MPHOSPH10;S168;,-1.0243810519725587
MAPK1,9,MPRIP;S369;,0.6756353347256262
MAPK1,9,MTFR1L;S100;,-0.8991456095406178
MAPK1,9,MTFR1L;S234;,-1.0333089784940324
MAPK1,9,MTFR1L;S235;,-1.0096080242994598
MAPK1,9,MTSS1L;S575;,0.3672854738545508
MAPK1,9,MURC;S20;,-1.2347563050522679
MAPK1,9,MUSK;S689;,-1.1018711351673063
MAPK1,9,MUSK;S690;,0.1857483597569255
MAPK1,9,MYBBP1A;S1283;,0.8782390589436723
MAPK1,9,MYCBP2;S2750;,-1.0963113364423522
MAPK1,9,MYOZ2;T32;,1.000079929449095
MAPK1,9,NACA;S1125;,0.6073787904479527
MAPK1,9,NACA;S1345;,0.36671414733164964
MAPK1,9,NACA;S1454;,0.6945815068857389
MAPK1,9,NACA;S1720;,0.6471828655916745
MAPK1,9,NACA;S914;,0.7317838769646053
MAPK1,9,NACA;S942;,0.3021644633566153
MAPK1,9,NCAPH;S24;,0.37209640364861996
MAPK1,9,NCOR1;S363;,0.30263623393185235
MAPK1,9,NCOR2;S1747;,0.5390447306249535
MAPK1,9,NDRG1;S330;,-0.8878092358881292
MAPK1,9,NDRG1;T328;,-0.9326687442284995
MAPK1,9,NDRG2;T334;,-0.892148460608445
MAPK1,9,NEK9;S16;,-0.8629222201495016
MAPK1,9,NEK9;S736;,-1.1853497676851532
MAPK1,9,NELFE;S131;,-1.2417452687711354
MAPK1,9,NES;S1071;,-0.9927204664045053
MAPK1,9,NES;S1123;,-0.953911405059133
MAPK1,9,NES;S1131;,-1.0274536218704806
MAPK1,9,NES;S620;,0.2723234885900532
MAPK1,9,NES;S784;,-0.9475198174586831
MAPK1,9,NEXN;S280;,-1.0559410666940496
MAPK1,9,NFIX;S265;,-0.8632334956838086
MAPK1,9,NHSL1;T1376;,0.8498078707612599
MAPK1,9,NUMA1;S1935;,-1.2942560495770115
MAPK1,9,NUMA1;S1958;,-1.1031920664473929
MAPK1,9,NUP35;S73;,0.8668997631705385
MAPK1,9,OPTN;S188;,-1.0072099356024102
MAPK1,9,PACS2;S319;,0.6976619801072185
MAPK1,9,PAK1;S144;,-1.1756713195028712
MAPK1,9,PAK1;S203;,-0.7959457400756724
MAPK1,9,PAK2;S197;,-0.7957836307069669
MAPK1,9,PARD3;S715;,-1.1222658904897944
MAPK1,9,PARVA;S14;,1.0662416499210865
MAPK1,9,PATL1;S184;,0.7948469864776556
MAPK1,9,PBXIP1;S132;,-0.9377391955983964
MAPK1,9,PBXIP1;S133;,-0.03983741967555221
MAPK1,9,PCM1;S1280;,-1.0088798537792507
MAPK1,9,PCM1;S380;,-0.8669800485568793
MAPK1,9,PCM1;S384;,-0.9366190994438205
MAPK1,9,PDAP1;S176;,-1.205383257149521
MAPK1,9,PDAP1;S178;,-1.0072836802676584
MAPK1,9,PDCD4;S420;,-1.1439538003738812
MAPK1,9,PDCD4;S76;,-1.1782184272635843
MAPK1,9,PDLIM7;S209;,-0.656393289849011
MAPK1,9,PDLIM7;T214;,0.046567897708602035
MAPK1,9,PDLIM7;T215;,0.8480817431724931
MAPK1,9,PDS5B;S1176;,-1.4178426441272727
MAPK1,9,PDXDC1;T554;,0.8818119052632832
MAPK1,9,PELO;S55;,-0.6672036506613388
MAPK1,9,PEX1;S1209;,-1.244484093390379
MAPK1,9,PFKFB2;S469;,-1.0635203413927443
MAPK1,9,PHF1;S410;,0.72095106027294
MAPK1,9,PHF1;S415;,0.9999974725495725
MAPK1,9,PHF2;S782;,0.9280932202619804
MAPK1,9,PHIP;S1251;,-1.289625406552997
MAPK1,9,PHLDB1;S431;,-1.2337433274371352
MAPK1,9,PHLDB1;S534;,-0.9514323191306222
MAPK1,9,PHLDB2;S241;,-1.1176909865325033
MAPK1,9,PI4K2A;S43;,-0.7730944744899576
MAPK1,9,PI4K2A;S46;,0.07286521549409436
MAPK1,9,PI4K2A;S461;,-1.2119067022897658
MAPK1,9,PI4K2A;S50;,1.1929349413027808
MAPK1,9,PID1;S230;,-0.6699251661519143
MAPK1,9,PID1;S231;,-1.2559681321167964
MAPK1,9,PID1;S232;,-1.3723690608666228
MAPK1,9,PID1;S242;,-0.7525130121114769
MAPK1,9,PIEZO1;S1370;,1.0496398593534644
MAPK1,9,PIK3C2A;S261;,0.19529322257745185
MAPK1,9,PLEC;S4246;,-0.8407225918654934
MAPK1,9,PLEC;S4249;,-0.8561830038912516
MAPK1,9,PNISR;S290;,-1.142392626923852
MAPK1,9,POM121;S370;,-0.5342419471009177
MAPK1,9,PPAN;S233;,-0.9595450704689285
MAPK1,9,PPAN;S238;,-1.0666423875169426
MAPK1,9,PPAN;S240;,-1.0473510510278061
MAPK1,9,PPP1R12C;S508;,0.7718732559108866
MAPK1,9,PPP1R13L;S110;,1.1373814679804726
MAPK1,9,PPP1R13L;S154;,0.36379836509359575
MAPK1,9,PPP1R13L;S360;,1.0559621536115569
MAPK1,9,PPP6R2;S629;,0.8229409357882179
MAPK1,9,PPP6R2;S719;,0.7627146127609917
MAPK1,9,PRKAA1;S496;,-1.278997685758191
MAPK1,9,PRKAB1;S108;,-1.0118238787247704
MAPK1,9,PRRC2A;S765;,-0.6671619031854193
MAPK1,9,PRRC2B;S259;,-0.9710065854769504
MAPK1,9,PSMA5;T55;,-1.0002122869612067
MAPK1,9,PSMC3;S12;,0.637854834322407
MAPK1,9,PSMC3;S9;,0.727210839470069
MAPK1,9,PTPN12;T544;,-0.6156471778059296
MAPK1,9,PTPN21;S599;,-1.2681527210751646
MAPK1,9,PTPN21;S762;,-0.7469574175737275
MAPK1,9,PTRF;S169;,-0.7235447744323013
MAPK1,9,PTRF;S171;,-0.6955104171229833
MAPK1,9,PUM2;S82;,0.5730964903367689
MAPK1,9,PXN;S106;,-0.942977969847158
MAPK1,9,PXN;S137;,-0.7832324213044308
MAPK1,9,PXN;S83;,0.8478854149371321
MAPK1,9,RABGEF1;T142;,-0.5615480382853713
MAPK1,9,RAF1;S295;,-0.4972482356257655
MAPK1,9,RAF1;S296;,0.09707228937658874
MAPK1,9,RAI14;T249;,0.5114302889749652
MAPK1,9,RANBP10;S481;,-0.996399781572661
MAPK1,9,RANBP3;S58;,-1.0980416032854237
MAPK1,9,RAPGEF1;S306;,-0.8723980168744773
MAPK1,9,RAPGEF1;S308;,-1.1428444348410745
MAPK1,9,RAVER1;S576;,0.09190758961325812
MAPK1,9,RB1CC1;S243;,0.4733032580915095
MAPK1,9,RBM3;S145;,-1.1292810752415856
MAPK1,9,RBM7;S72;,-1.0970831988572645
MAPK1,9,RFX7;S1177;,-1.1350768181796411
MAPK1,9,RGD1307838;S900;,-1.4009977587564166
MAPK1,9,RGD1307838;S903;,-1.1872154487563873
MAPK1,9,RGD1308297;S518;,-0.5037914269331164
MAPK1,9,RGD1309586;S243;,-1.2867798277981364
MAPK1,9,RGD1309586;S59;,-1.010135099128438
MAPK1,9,RGD1310016;S1171;,-0.843188942412833
MAPK1,9,RGD1311783;S45;,-1.0001646599319245
MAPK1,9,RGD1311783;S46;,-1.0358689242292707
MAPK1,9,RGD1560225;S763;,-0.04173944729892615
MAPK1,9,RGD1561609;S759;,-1.1055457469967847
MAPK1,9,RGD1562639;S1035;,-1.306187593383076
MAPK1,9,RGD1566017;S802;,-1.2282853700877547
MAPK1,9,RIN2;S494;,-1.1361363166875194
MAPK1,9,RIPK2;S412;,-0.9557235040395714
MAPK1,9,RNF40;S586;,-1.0973706485805197
MAPK1,9,RPS6KA3;S715;,-0.06723710445751824
MAPK1,9,RPS6KA4;S681;,-0.8794385840014299
MAPK1,9,RPS6KA4;S682;,0.042543443258895586
MAPK1,9,RPS6KB1;S404;,-0.7699227073484834
MAPK1,9,RPTOR;S863;,0.8170689709594291
MAPK1,9,RRP1B;S524;,0.317879102375188
MAPK1,9,RRP1B;T521;,0.4112121209911167
MAPK1,9,RTF1;S416;,-1.0869155845487573
MAPK1,9,RUFY1;S50;,-0.02753607232887073
MAPK1,9,RUNX1T1;T568;,0.5225742175316583
MAPK1,9,SAMD4B;S271;,1.2513009621811162
MAPK1,9,SAP30L;T91;,-0.7681110094961849
MAPK1,9,SBF1;S1141;,-0.8399624613184177
MAPK1,9,SCRIB;S1315;,0.8030749740522415
MAPK1,9,SCRIB;S1529;,-0.6106382111560644
MAPK1,9,SENP7;S47;,0.8140657641055608
MAPK1,9,SETD2;S511;,0.5188817576605879
MAPK1,9,SF3B1;T326;,-0.5733256259870035
MAPK1,9,SFPQ;T586;,0.4368712047975153
MAPK1,9,SGTA;S306;,-1.1386858351623448
MAPK1,9,SGTA;S308;,-0.9337065946880688
MAPK1,9,SH3BP5;S420;,-0.9074341062930151
MAPK1,9,SH3D19;S274;,0.8991231614759841
MAPK1,9,SH3PXD2A;S368;,-1.0422250088696436
MAPK1,9,SH3PXD2A;S495;,0.04838751022758325
MAPK1,9,SH3PXD2A;S956;,-1.3628011826068551
MAPK1,9,SHC3;S359;,0.3913679507259783
MAPK1,9,SIK2;S673;,-0.8047089331416885
MAPK1,9,SIPA1L1;S1408;,-1.0001862415713159
MAPK1,9,SIPA1L1;S1411;,-0.998126833968608
MAPK1,9,SIPA1L1;S288;,-1.2856379965833682
MAPK1,9,SLC2A13;S38;,-1.0126087714000018
MAPK1,9,SLC2A13;S44;,-1.013343448671793
MAPK1,9,SLC2A13;S47;,-1.008474793449319
MAPK1,9,SLC4A7;S1171;,-0.9812980635315434
MAPK1,9,SLC4A7;S263;,-0.996330808818187
MAPK1,9,SLK;S778;,-1.0308619709891667
MAPK1,9,SMCR7L;S59;,0.9178683940147961
MAPK1,9,SMCR8;S416;,-0.962694486750329
MAPK1,9,SMCR8;S486;,-0.9927465045291802
MAPK1,9,SMCR8;S488;,-0.8772360097980108
MAPK1,9,SMCR8;S491;,-1.0001672446427128
MAPK1,9,SMCR8;S497;,-0.7976796330304711
MAPK1,9,SMG6;S537;,0.7205298502380261
MAPK1,9,SNW1;S224;,-0.8331499288581079
MAPK1,9,SNX8;S454;,0.6062013013447934
MAPK1,9,SON;S94;,-1.300075780687124
MAPK1,9,SORBS1;S857;,0.4110649479089672
MAPK1,9,SOS1;S1120;,-0.9729760445893555
MAPK1,9,SOX6;S399;,0.8524042829936515
MAPK1,9,SOX6;S402;,0.856043203489632
MAPK1,9,SOX6;T401;,-0.48857363982812957
MAPK1,9,SPAG7;S219;,-1.2532652889504248
MAPK1,9,SPAG9;S203;,-0.9197569575366441
MAPK1,9,SPAG9;S716;,-1.0762525085277652
MAPK1,9,SPHK2;S379;,-0.8577176335172014
MAPK1,9,SRPK2;S487;,-1.1036989040941396
MAPK1,9,SRRM2;S2228;,-0.09190020296925117
MAPK1,9,SRRM2;S2338;,0.2645507930373632
MAPK1,9,SRSF10;S131;,-0.8551241044108051
MAPK1,9,SRSF11;S200;,0.38720805225898225
MAPK1,9,STARD13;S334;,0.451660723791522
MAPK1,9,STAT3;S727;,0.30515963066025187
MAPK1,9,STIM1;S257;,-0.945217246087487
MAPK1,9,STIM1;S523;,-0.9272633043087859
MAPK1,9,STIM1;S524;,-0.9917907035690857
MAPK1,9,STIM2;S675;,-1.0212318688719604
MAPK1,9,STK11IP;S443;,0.4440958798386543
MAPK1,9,STK3;S385;,0.12057275655697292
MAPK1,9,STMN1;S16;,-1.136045682105077
MAPK1,9,STMN1;S25;,0.3854417341676811
MAPK1,9,STMN1;S38;,0.883758297398238
MAPK1,9,STRN3;S227;,0.15611199773364037
MAPK1,9,SUN2;S12;,-1.1537795764036947
MAPK1,9,SVIL;S1177;,-0.05088119622806009
MAPK1,9,SVIL;S259;,-1.3224941892303215
MAPK1,9,SVIL;S531;,-0.07264461426153784
MAPK1,9,SYNPO2L;S401;,-1.0942971271163806
MAPK1,9,SYNPO2L;T141;,-0.8139396355415303
MAPK1,9,SZT2;S1641;,-0.9521164150960207
MAPK1,9,TACC2;S575;,1.0001753376586189
MAPK1,9,TANC2;S1447;,-0.8575548634932002
MAPK1,9,TBC1D1;S231;,-0.9617671583791969
MAPK1,9,TBC1D1;S662;,-0.9730304414591531
MAPK1,9,TBC1D1;T590;,-0.8211104345919891
MAPK1,9,TBC1D16;S382;,-1.0765857250889255
MAPK1,9,TCF12;S583;,-1.3615346319311268
MAPK1,9,TDRD3;S256;,-1.325063922120246
MAPK1,9,TENC1;T996;,-0.06392450484088008
MAPK1,9,TFE3;S531;,-0.9999201306538784
MAPK1,9,TJP1;S1602;,0.681280492984336
MAPK1,9,TJP1;S1604;,-1.0140682422675966
MAPK1,9,TJP2;S147;,-0.7691152332746203
MAPK1,9,TMEM245;S327;,1.0617928260823617
MAPK1,9,TMEM55A;S14;,-0.945963532124623
MAPK1,9,TNKS1BP1;S1642;,-1.2157502490801
MAPK1,9,TNRC6B;S306;,0.37726158192709514
MAPK1,9,TNRC6B;S421;,0.5239752983570761
MAPK1,9,TRAK1;S390;,0.5612917497803862
MAPK1,9,TRAK1;S905;,-0.8955043037684691
MAPK1,9,TRAPPC12;S314;,0.7079630695882192
MAPK1,9,TRIM28;S474;,-1.1059204598398362
MAPK1,9,TRIO;S2459;,0.48326463759227967
MAPK1,9,TRIO;S2463;,0.9036699111249661
MAPK1,9,TRIP12;T1454;,-0.6852675267153501
MAPK1,9,TSC2;S939;,-1.3530617179360345
MAPK1,9,TSSC4;S190;,0.2823802173567773
MAPK1,9,TTN;S305;,-0.981531788978115
MAPK1,9,UBA1;S13;,-1.1217750680466145
MAPK1,9,UBA5;S380;,-1.3039478992426061
MAPK1,9,UBE2O;S835;,0.7597019031526288
MAPK1,9,UBE2O;T830;,-0.8593893997649484
MAPK1,9,UBE4B;S88;,0.12924604159903375
MAPK1,9,ULK1;S450;,0.00927843718701371
MAPK1,9,ULK1;S465;,-1.011985279780878
MAPK1,9,ULK1;S477;,0.6164084972806717
MAPK1,9,ULK1;S479;,0.4965844277117598
MAPK1,9,ULK1;S637;,-1.0375704124204352
MAPK1,9,ULK1;T468;,-0.6714487584472902
MAPK1,9,ULK1;T659;,-0.8739208206675276
MAPK1,9,USP10;S224;,0.9023022337445873
MAPK1,9,VAPA;S164;,-1.040930646752364
MAPK1,9,VIM;S420;,-0.9848237320001175
MAPK1,9,VIM;S430;,-0.8789220260169779
MAPK1,9,VIM;T426;,-0.9816072080192115
MAPK1,9,VPS26B;S304;,-0.9989482726774377
MAPK1,9,WIPF2;S235;,0.42940101678875564
MAPK1,9,WNK1;S165;,-0.8326132505674957
MAPK1,9,WWC3;S955;,-1.189525081917826
MAPK1,9,YAP1;S46;,-0.9392122823734931
MAPK1,9,ZC3H13;S368;,-0.9816376047745844
MAPK1,9,ZC3HAV1;S307;,0.6544020315335457
MAPK1,9,ZC3HAV1;S325;,-0.9748185760975988
MAPK1,9,ZC3HAV1;S544;,0.15485762014704185
MAPK1,9,ZC3HC1;S343;,0.5714268124622698
MAPK1,9,ZC3HC1;T351;,-0.40729995309016337
MAPK1,9,ZFP295;S411;,-1.1876626464104743
MAPK1,9,ZFYVE16;S903;,-1.0084991092963582
MAPK1,9,ZNRF2;S148;,-0.8621410653356935
MAPK1,9,ZNRF2;S154;,0.5853238271855182
MAPK1,9,ZNRF2;S18;,-1.079612696156341
MAPK1,9,ZNRF2;S81;,-1.10463316133543
MAPK1,9,ZYX;S143;,-0.8932475356661218
MAPK1,9,ZYX;S144;,-0.9435172211526563
MAPK1,9,ZYX;S336;,0.16274690916549184
MAPK1,9,ZZEF1;S1516;,1.0537853443023701
MAPK1,9,ZZEF1;S1535;,-1.2956215564465672
MAPK1,10,AAK1;S677;,-1.4089982843603832
MAPK1,10,ABCC4;S604;,0.1511281151871373
MAPK1,10,ABI2;S165;,-1.063824012961705
MAPK1,10,ABI2;S168;,-1.2252622326460483
MAPK1,10,ABL2;S799;,-1.4916165790596971
MAPK1,10,ABLIM3;S566;,-0.45693424087389417
MAPK1,10,ABLIM3;S575;,-1.0753361168093667
MAPK1,10,ACACA;S79;,-0.9300515043049005
MAPK1,10,ACIN1;S711;,-1.226493074647868
MAPK1,10,ADD1;S613;,-0.9996194253052386
MAPK1,10,ADD1;T614;,-0.2899128361458631
MAPK1,10,ADNP;S971;,-0.06866282991553752
MAPK1,10,AFF4;S823;,-0.8196499710178471
MAPK1,10,AGAP3;S107;,0.15902573980392976
MAPK1,10,AHCTF1;S1214;,-0.9828188653789234
MAPK1,10,AHNAK;S1191;,-0.8399574129780458
MAPK1,10,AHNAK;S177;,-1.734630237863246
MAPK1,10,AHNAK;S2060;,-0.7349840008686678
MAPK1,10,AHNAK;S211;,-1.3831739475918392
MAPK1,10,AHNAK;S2117;,-0.8410333878937069
MAPK1,10,AHNAK;S222;,-0.9827958822603746
MAPK1,10,AHNAK;S3915;,-1.0186173689997522
MAPK1,10,AHNAK;S42;,-0.4685896680992332
MAPK1,10,AHNAK;S4597;,-0.41946430283050207
MAPK1,10,AHNAK;S5243;,0.24056826355838934
MAPK1,10,AHNAK;T4049;,-1.111576039010275
MAPK1,10,AHNAK2;S425;,-0.47547040468810386
MAPK1,10,AHNAK2;T438;,-1.431008382894616
MAPK1,10,AIMP1;S110;,-1.4097060636914533
MAPK1,10,AJUBA;S129;,0.702272685880748
MAPK1,10,AKAP1;S103;,-0.8642284440324068
MAPK1,10,AKAP10;S278;,-1.1566230033949083
MAPK1,10,AKAP11;S1090;,-1.038573309947584
MAPK1,10,AKAP11;S21;,-1.4639295474288367
MAPK1,10,AKAP11;S23;,-1.272292018078104
MAPK1,10,AKAP11;S448;,-0.2017354930034247
MAPK1,10,AKAP13;S2515;,-1.0395053808774948
MAPK1,10,AKAP2;S152;,0.6730749952353239
MAPK1,10,AKAP2;S730;,-1.2210742457437798
MAPK1,10,AKAP6;S562;,-0.9147769787321258
MAPK1,10,AKAP9;S3669;,-0.985152751250781
MAPK1,10,AKT1S1;S184;,-1.633277650038052
MAPK1,10,AKT1S1;T247;,-1.4651877002470846
MAPK1,10,ALKBH5;S362;,-1.2722692417525892
MAPK1,10,ALKBH5;S376;,-1.612823116137436
MAPK1,10,AMOTL1;S580;,-0.9359598857343043
MAPK1,10,ANP32A;S15;,-1.288953465779508
MAPK1,10,AP3D1;S755;,-1.1817255521094467
MAPK1,10,ARFGAP2;S145;,-0.15642882076704107
MAPK1,10,ARFGEF2;S214;,-1.7666990401859557
MAPK1,10,ARFIP1;S39;,-1.0029497763632875
MAPK1,10,ARHGAP17;S710;,-1.0105453720064037
MAPK1,10,ARHGAP22;S200;,0.45029635405647506
MAPK1,10,ARHGAP22;S236;,-1.120486484586149
MAPK1,10,ARHGAP35;S1174;,-1.243336222637687
MAPK1,10,ARHGAP39;S284;,-1.0716123123407661
MAPK1,10,ARHGAP5;S1195;,-1.3304985084336662
MAPK1,10,ARHGAP5;S1202;,-0.07532128544928296
MAPK1,10,ARHGAP5;S967;,-0.24283026589493134
MAPK1,10,ARHGEF12;S337;,-1.361109663069143
MAPK1,10,ARHGEF12;S341;,-0.08193288009918565
MAPK1,10,ARHGEF17;S995;,-0.9069636348490833
MAPK1,10,ARHGEF5;S721;,-1.4251636997742958
MAPK1,10,ARPP21;S256;,-0.9090139221541318
MAPK1,10,ATF7;T53;,-0.8860993641936202
MAPK1,10,ATG14;S5;,-1.626727813602527
MAPK1,10,ATG2A;S1246;,-0.6526227937962695
MAPK1,10,ATG2B;S240;,0.07052099818506274
MAPK1,10,ATG2B;S255;,-0.731059180602351
MAPK1,10,ATRX;S761;,-1.323361152331778
MAPK1,10,ATXN2;S622;,0.04199188630419248
MAPK1,10,ATXN2L;S109;,-0.0150474251652718
MAPK1,10,ATXN2L;S447;,0.7111989572256894
MAPK1,10,AZI1;S114;,-0.999837665968206
MAPK1,10,AZI1;S304;,-1.5251453407722984
MAPK1,10,BAD;S171;,-0.8977985024551115
MAPK1,10,BAG3;S271;,-0.7552647115527462
MAPK1,10,BAG3;S387;,-1.3411544360544148
MAPK1,10,BAG3;S388;,-0.4529197781789289
MAPK1,10,BAIAP2L1;S218;,-0.5162913712044019
MAPK1,10,BAIAP2L1;S380;,-0.8966809419726172
MAPK1,10,BAZ2A;S1388;,0.4954522657423164
MAPK1,10,BBX;S243;,-0.27967586420406515
MAPK1,10,BCL9L;S116;,-1.4834385442437363
MAPK1,10,BCL9L;S21;,-0.9779272244217082
MAPK1,10,BCL9L;S25;,1.0002859108057076
MAPK1,10,BICD2;S611;,0.4549593159863454
MAPK1,10,BICD2;S819;,-1.7226552569989269
MAPK1,10,BRAF;S134;,0.11225342157625517
MAPK1,10,BRD8;S274;,0.9999944845980031
MAPK1,10,BRD8;T270;,-1.0000777149510878
MAPK1,10,BSDC1;S216;,-1.4078697555737945
MAPK1,10,C2CD4C;S262;,-1.5265512258386527
MAPK1,10,CACNB1;S53;,-1.1087219942193947
MAPK1,10,CALD1;S527;,-1.081410091328976
MAPK1,10,CAMK2D;T371;,-0.7005050565427311
MAPK1,10,CAMSAP1;S1154;,0.3385210269359663
MAPK1,10,CAMSAP1;S517;,-0.9130393432489707
MAPK1,10,CAP2;S301;,-0.6903590031592288
MAPK1,10,CBX5;S93;,-1.190798237216334
MAPK1,10,CCDC6;S143;,0.08639303963848521
MAPK1,10,CCDC88A;S1638;,-1.453224176003027
MAPK1,10,CCDC91;S71;,-0.9861808793617681
MAPK1,10,CDC42EP2;S137;,0.43840856029133746
MAPK1,10,CDC42EP2;S141;,0.5556089063521434
MAPK1,10,CDC42EP4;S140;,0.4487986806016284
MAPK1,10,CDKN1A;S69;,-0.5294225124490072
MAPK1,10,CDKN1B;S12;,-1.541109028729697
MAPK1,10,CDKN1B;S7;,-1.3888576924112033
MAPK1,10,CEP170B;S1166;,-1.1987163372183716
MAPK1,10,CEP68;S503;,-1.317807598766607
MAPK1,10,CEP68;S510;,1.0002106717218069
MAPK1,10,CHAMP1;S532;,0.9392975371285694
MAPK1,10,CHD8;S549;,-0.8671641217084634
MAPK1,10,CHRND;S379;,-0.817768422267932
MAPK1,10,CIC;S1394;,-1.3852506966129217
MAPK1,10,CIC;S1399;,-1.7364595725341248
MAPK1,10,CLASP2;S331;,-0.9362881791953326
MAPK1,10,CLIP1;S159;,-0.18438082865086114
MAPK1,10,COBL;S31;,-0.9942866510636106
MAPK1,10,COBL;S34;,-0.998528133844469
MAPK1,10,COG3;S536;,-0.946786932386322
MAPK1,10,CORO7;S298;,-1.010553321222964
MAPK1,10,DAB2IP;S802;,-0.16025422279862545
MAPK1,10,DAP;S2;,-1.679607084186213
MAPK1,10,DAP;S3;,-1.1982014259446432
MAPK1,10,DBNDD1;S123;,-1.366322779440967
MAPK1,10,DCAF6;S336;,-0.9759569797014718
MAPK1,10,DCLK1;S30;,-0.9334840084853704
MAPK1,10,DDX19A;S86;,0.5871610353571328
MAPK1,10,DDX3X;S261;,-0.28782854607134406
MAPK1,10,DENND4C;S1037;,-0.9800073671456984
MAPK1,10,DLG2;S323;,0.8922939999131028
MAPK1,10,DLG2;S328;,0.17272168431968926
MAPK1,10,DMXL1;S574;,-0.8690570482116748
MAPK1,10,DNAJC2;T48;,-1.3719052824049611
MAPK1,10,DNAJC25;T353;,-1.2231144415345232
MAPK1,10,DOCK6;S1339;,-1.3054207350362228
MAPK1,10,DOCK7;S1361;,-1.4390329834094437
MAPK1,10,DOCK7;S2107;,-1.3310066771252862
MAPK1,10,DOPEY1;S1261;,-1.3483030884410057
MAPK1,10,DTNA;S606;,-0.565766301434087
MAPK1,10,DUSP27;S366;,-1.1792334535265816
MAPK1,10,DUSP27;S368;,-1.30716127457541
MAPK1,10,DUSP27;S370;,-1.349038568777438
MAPK1,10,DUSP27;S427;,-1.241295924427178
MAPK1,10,DYNC1H1;S4365;,-1.288121261218024
MAPK1,10,DYNC1I2;S81;,1.2416926836839624
MAPK1,10,EEF2;T57;,-0.695836422358607
MAPK1,10,EEF2K;S365;,-0.962091293674949
MAPK1,10,EHBP1L1;S1363;,-0.9912102439427146
MAPK1,10,EHD4;S459;,-0.24229072925490108
MAPK1,10,EIF3A;S584;,-1.5180679790512794
MAPK1,10,EIF4B;S422;,-0.9014092761777166
MAPK1,10,EIF4B;S424;,-1.123158805413929
MAPK1,10,EIF4B;S425;,-1.0476938166198684
MAPK1,10,EIF4B;T420;,-1.4052879540969605
MAPK1,10,EIF4EBP1;S64;,-0.01022378578467753
MAPK1,10,EIF4EBP2;S2;,-1.6508780679016866
MAPK1,10,EIF5B;S183;,-1.2182747778596554
MAPK1,10,ELMSAN1;S456;,-1.0831898420418162
MAPK1,10,EPS8;S659;,-0.9566160698809334
MAPK1,10,ETL4;S1844;,1.0001322420638885
MAPK1,10,ETV3;S139;,-0.4529884779948074
MAPK1,10,FAM120C;S55;,0.08994578312908308
MAPK1,10,FAM134C;S313;,-1.0021115555105153
MAPK1,10,FAM134C;S320;,-0.9838631353402979
MAPK1,10,FAM171A2;S423;,-1.3054765483833308
MAPK1,10,FAM65A;S752;,-1.1115925395028883
MAPK1,10,FBXO30;S379;,-0.09883595434993431
MAPK1,10,FHOD1;S489;,-0.9320876782001227
MAPK1,10,FHOD1;S501;,1.0034816081904454
MAPK1,10,FHOD1;S504;,-0.011391409205728453
MAPK1,10,FHOD1;S513;,-1.3255224495461744
MAPK1,10,FHOD1;S523;,0.6223522723798196
MAPK1,10,FLNC;S2147;,-1.5887194034849084
MAPK1,10,FLNC;S2234;,-1.148123587394321
MAPK1,10,FMN1;S589;,-0.17139506369103125
MAPK1,10,FOSL2;S320;,-0.2820633192483777
MAPK1,10,FOSL2;T322;,-1.5165940551159793
MAPK1,10,FOXK1;S225;,0.19630880602703527
MAPK1,10,FOXK2;T200;,-0.6254802779859804
MAPK1,10,FOXO3;S252;,-1.2704616997170164
MAPK1,10,FRMD8;S21;,-1.5516741717399696
MAPK1,10,FRYL;T1959;,-1.4468037656749813
MAPK1,10,GAB1;S418;,-1.2217834499779416
MAPK1,10,GAB2;S142;,-0.37250772241119345
MAPK1,10,GAB2;S143;,0.3194820396085105
MAPK1,10,GAB2;S211;,-1.0395471175605198
MAPK1,10,GAB2;S365;,-0.416771245297865
MAPK1,10,GAB2;T388;,-1.6263065990113292
MAPK1,10,GATAD2A;S103;,-0.9706458981466899
MAPK1,10,GATAD2A;S96;,-0.9678924556415665
MAPK1,10,GATAD2B;S338;,0.22391987641457822
MAPK1,10,GBF1;S1786;,1.0002701193928496
MAPK1,10,GIGYF1;S28;,0.9668349605312756
MAPK1,10,GIT2;S568;,-1.2442288709657383
MAPK1,10,GOLGA4;S116;,-0.9753157979393512
MAPK1,10,GSK3A;S21;,-1.1395020406612164
MAPK1,10,GSK3A;S41;,-1.4717093428113106
MAPK1,10,GSK3B;S9;,-1.056094131390267
MAPK1,10,GYS1;S728;,1.2090141166246122
MAPK1,10,HBP1;S401;,0.1995020950370464
MAPK1,10,HBS1L;S147;,-1.473272620708169
MAPK1,10,HDAC6;S21;,-0.21335490990752826
MAPK1,10,HECTD1;S1392;,-0.5348473948401323
MAPK1,10,HECTD1;S1393;,-0.7513234040787004
MAPK1,10,HECTD1;S1573;,-0.874772878315484
MAPK1,10,HELB;S944;,0.8215031282913179
MAPK1,10,HERC1;S1163;,0.6026329664816612
MAPK1,10,HERC1;T1154;,-0.9302978946405085
MAPK1,10,HIRIP3;S27;,-0.4445148635047472
MAPK1,10,HN1L;S97;,-0.1755784987527203
MAPK1,10,HOMER3;S158;,-1.3197269543955972
MAPK1,10,HUWE1;S1876;,-1.2599161749722487
MAPK1,10,HUWE1;S3639;,-0.757696443286482
MAPK1,10,HUWE1;S3898;,0.9658998414400459
MAPK1,10,HUWE1;T3903;,0.5159539884484019
MAPK1,10,IREB2;S178;,-1.194055086807572
MAPK1,10,IRF2BPL;S69;,0.19043081424146846
MAPK1,10,ITSN1;S1063;,-1.288704512818188
MAPK1,10,ITSN1;S315;,-1.0951063896699413
MAPK1,10,JMY;S56;,-1.2254912370500177
MAPK1,10,JSRP1;S47;,-1.2702023585945748
MAPK1,10,KANK2;S358;,-1.4069158173719543
MAPK1,10,KCTD3;S809;,-0.9687558404353078
MAPK1,10,KDM2A;S718;,0.578648184578294
MAPK1,10,KDM2A;T713;,-0.06007678694596208
MAPK1,10,KDM5C;S316;,-1.5329021204522637
MAPK1,10,KPNA1;S2;,-1.5656197515589616
MAPK1,10,KPNA1;T3;,-1.0051752148139852
MAPK1,10,LAMTOR1;S98;,-1.4024133719550596
MAPK1,10,LARP1;S916;,-0.9339475767100263
MAPK1,10,LARP1;T932;,-0.500979017557881
MAPK1,10,LARP4B;S498;,-1.2578094652000291
MAPK1,10,LDB3;S112;,-1.036635321220888
MAPK1,10,LIMA1;S360;,0.5711519957811741
MAPK1,10,LIMA1;S603;,0.3451684364482013
MAPK1,10,LIMA1;S608;,0.8337842383977936
MAPK1,10,LIMA1;S703;,0.36034750952918015
MAPK1,10,LMNA;S404;,-1.0477899333500513
MAPK1,10,LMNA;S406;,-1.482256687338668
MAPK1,10,LMNA;S407;,-1.172696073823015
MAPK1,10,LMNA;S423;,-1.107143344671947
MAPK1,10,LMNA;S424;,-1.1509436061118148
MAPK1,10,LMO7;S1541;,-1.4323012311019574
MAPK1,10,LMO7;S1543;,-1.490176475487862
MAPK1,10,LOC100360205;S239;,-1.2024610237793183
MAPK1,10,LOC100365259;S393;,-1.4368154678536142
MAPK1,10,LOC100910104;S475;,-1.3085800243576116
MAPK1,10,LOC100910104;S532;,-0.8858315854131409
MAPK1,10,LOC100910104;S719;,-0.053703812850334876
MAPK1,10,LOC100910646;S166;,-1.12445887826155
MAPK1,10,LOC100911178;S1643;,-0.8494498637481764
MAPK1,10,LOC100911302;S1721;,-0.04280430570716509
MAPK1,10,LOC100911677;S490;,-1.0169972462454304
MAPK1,10,LOC100912115;S649;,-0.05431204672683809
MAPK1,10,LOC312502;S1164;,0.21059591096129704
MAPK1,10,LOC312502;S138;,-0.9985207529320292
MAPK1,10,LOC312502;S139;,-1.0022779691206687
MAPK1,10,LOC312502;S483;,0.0990363882293761
MAPK1,10,LOC683007;S1204;,0.5114256563531969
MAPK1,10,LOC683007;S1207;,-1.2092862806847826
MAPK1,10,LOC684259;S780;,-0.9657206856919236
MAPK1,10,LOC685707;S1251;,0.8419236952917182
MAPK1,10,LRRFIP2;S18;,-1.3497334218085948
MAPK1,10,LRRFIP2;T136;,-1.524361854569949
MAPK1,10,LYSMD1;S33;,-0.9903669746626438
MAPK1,10,MACF1;S1376;,-1.1997998198974833
MAPK1,10,MACF1;S5293;,0.5835040517426981
MAPK1,10,MAF1;S60;,0.4795423535374512
MAPK1,10,MAP1A;S1757;,-1.2192537124948872
MAPK1,10,MAP1A;T2177;,-0.69957314004843
MAPK1,10,MAP1A;T504;,-0.22100067481453894
MAPK1,10,MAP1B;S1257;,0.7512969416720869
MAPK1,10,MAP1B;S1389;,0.5999568977220064
MAPK1,10,MAP1B;S1393;,-0.39915543850177
MAPK1,10,MAP1B;T1781;,-0.9717786254258781
MAPK1,10,MAP1S;S683;,1.0004303950919002
MAPK1,10,MAP4;S902;,-0.9565250687248061
MAPK1,10,MAP4K4;S591;,-0.9621489488596291
MAPK1,10,MAP4K4;S791;,-0.9719693483205246
MAPK1,10,MAP4K4;S794;,-0.9844631690237141
MAPK1,10,MAPK1;Y185;,-1.0003866718815249
MAPK1,10,MAPK14;Y182;,-0.9468795567956475
MAPK1,10,MAPK8;Y185;,-0.6056584521007744
MAPK1,10,MARCKS;S141;,-1.0903294128387246
MAPK1,10,MARK3;S593;,-1.6432755102396448
MAPK1,10,MARK3;T594;,-1.4475375568073958
MAPK1,10,MATR3;S188;,-1.4161652606483597
MAPK1,10,MBD3;S85;,-1.3064959794546702
MAPK1,10,MBD3;S86;,-1.5774622450008617
MAPK1,10,MDM2;S138;,-0.9994121607055477
MAPK1,10,MED1;S1465;,-0.16295715571744562
MAPK1,10,MED1;S1467;,-1.5105906937646723
MAPK1,10,MED1;S1468;,-0.9847565157836107
MAPK1,10,MED24;S860;,-1.302245210539187
MAPK1,10,MED24;S861;,-1.6442025199100343
MAPK1,10,MEF2C;S226;,-0.8640288675833072
MAPK1,10,MID1;S96;,0.6536532740734844
MAPK1,10,MKL1;S571;,0.4222628775468731
MAPK1,10,MLL2;S2291;,0.013519833217958355
MAPK1,10,MLLT4;S216;,-1.2963667521504645
MAPK1,10,MLLT4;S246;,-1.0927587895139257
MAPK1,10,MON2;S197;,-1.6680943111911348
MAPK1,10,MPHOSPH10;S168;,-0.9945091377594873
MAPK1,10,MPRIP;S369;,0.41121922475715134
MAPK1,10,MTFR1L;S100;,-0.9083711296893151
MAPK1,10,MTFR1L;S234;,-0.9995561918645253
MAPK1,10,MTFR1L;S235;,-0.9921998086913417
MAPK1,10,MTSS1L;S575;,0.227797266267464
MAPK1,10,MURC;S20;,-1.547416175760532
MAPK1,10,MUSK;S689;,-1.3326894489809973
MAPK1,10,MUSK;S690;,0.29818377229519233
MAPK1,10,MYBBP1A;S1283;,0.6217929623984895
MAPK1,10,MYCBP2;S2750;,-1.1401053191685435
MAPK1,10,MYOZ2;T32;,0.1740649138322815
MAPK1,10,NACA;S1125;,0.3102359959124966
MAPK1,10,NACA;S1345;,-0.10698192208174034
MAPK1,10,NACA;S1454;,0.4777558255496741
MAPK1,10,NACA;S1720;,0.38440721098466546
MAPK1,10,NACA;S914;,0.2629083082180279
MAPK1,10,NACA;S942;,-0.13367970368909632
MAPK1,10,NCAPH;S24;,-0.30442353607720307
MAPK1,10,NCOR1;S363;,-0.21186349452776043
MAPK1,10,NCOR2;S1747;,0.3581775231035841
MAPK1,10,NDRG1;S330;,-0.8850504318416474
MAPK1,10,NDRG1;T328;,-1.4805738749447215
MAPK1,10,NDRG2;T334;,-1.245668497796687
MAPK1,10,NEK9;S16;,-0.8410137021121447
MAPK1,10,NEK9;S736;,-1.2829878002971626
MAPK1,10,NELFE;S131;,-1.204444851306444
MAPK1,10,NES;S1071;,-0.9833075921875997
MAPK1,10,NES;S1123;,-1.7387687572347874
MAPK1,10,NES;S1131;,-1.0086521084597526
MAPK1,10,NES;S620;,-0.47336420689074576
MAPK1,10,NES;S784;,-0.9359860717548385
MAPK1,10,NEXN;S280;,-1.6650474172211127
MAPK1,10,NFIX;S265;,-0.7897411227748691
MAPK1,10,NHSL1;T1376;,0.07437240424520464
MAPK1,10,NUMA1;S1935;,-1.2645194114814968
MAPK1,10,NUMA1;S1958;,-1.2526691503290708
MAPK1,10,NUP35;S73;,0.6315969017268082
MAPK1,10,OPTN;S188;,-0.9939416733338864
MAPK1,10,PACS2;S319;,0.3310692021767392
MAPK1,10,PAK1;S144;,-1.3246760688628303
MAPK1,10,PAK1;S203;,-1.6459525886997801
MAPK1,10,PAK2;S197;,-1.4822866917289437
MAPK1,10,PARD3;S715;,-1.0422821208173054
MAPK1,10,PARVA;S14;,1.2437752228831378
MAPK1,10,PATL1;S184;,0.43921188066503025
MAPK1,10,PBXIP1;S132;,-1.826350617868745
MAPK1,10,PBXIP1;S133;,-0.41104646417932955
MAPK1,10,PCM1;S1280;,-0.9950692691999056
MAPK1,10,PCM1;S380;,-1.1944753064133966
MAPK1,10,PCM1;S384;,-1.0948054761102683
MAPK1,10,PDAP1;S176;,-1.4830800203482548
MAPK1,10,PDAP1;S178;,-1.7546719028188995
MAPK1,10,PDCD4;S420;,-1.1651515298696569
MAPK1,10,PDCD4;S76;,-1.2319105783136814
MAPK1,10,PDLIM7;S209;,-1.3520710123157018
MAPK1,10,PDLIM7;T214;,-1.2769188262544944
MAPK1,10,PDLIM7;T215;,-0.13502010083630717
MAPK1,10,PDS5B;S1176;,-1.5542277535075262
MAPK1,10,PDXDC1;T554;,-0.24849004487244603
MAPK1,10,PELO;S55;,-1.3394192614406135
MAPK1,10,PEX1;S1209;,-1.418273891330046
MAPK1,10,PFKFB2;S469;,-0.7736885646081044
MAPK1,10,PHF1;S410;,0.4591637075370911
MAPK1,10,PHF1;S415;,0.5697810115113817
MAPK1,10,PHF2;S782;,0.8381654399422087
MAPK1,10,PHIP;S1251;,-1.5739415278198319
MAPK1,10,PHLDB1;S431;,-1.2632614405867133
MAPK1,10,PHLDB1;S534;,-0.657273914336908
MAPK1,10,PHLDB2;S241;,-1.0120176321862007
MAPK1,10,PI4K2A;S43;,-1.223424715036614
MAPK1,10,PI4K2A;S46;,-0.5997295294384638
MAPK1,10,PI4K2A;S461;,-1.2644767536187933
MAPK1,10,PI4K2A;S50;,1.1043490198169412
MAPK1,10,PID1;S230;,-0.6752759507128314
MAPK1,10,PID1;S231;,-1.3057805176243997
MAPK1,10,PID1;S232;,-1.21692493356062
MAPK1,10,PID1;S242;,-1.7972872729623819
MAPK1,10,PIEZO1;S1370;,1.0350597176863543
MAPK1,10,PIK3C2A;S261;,-0.2788715836616933
MAPK1,10,PLEC;S4246;,-0.7671854815969221
MAPK1,10,PLEC;S4249;,-1.0003836927509193
MAPK1,10,PNISR;S290;,-1.378948169543952
MAPK1,10,POM121;S370;,-0.9446591147008903
MAPK1,10,PPAN;S233;,-0.9676192779544788
MAPK1,10,PPAN;S238;,-1.0004031232063892
MAPK1,10,PPAN;S240;,-1.0109443612443103
MAPK1,10,PPP1R12C;S508;,0.7448646859113126
MAPK1,10,PPP1R13L;S110;,1.0733269885266479
MAPK1,10,PPP1R13L;S154;,-0.06532388602218886
MAPK1,10,PPP1R13L;S360;,1.0004526364233737
MAPK1,10,PPP6R2;S629;,0.5609394468816262
MAPK1,10,PPP6R2;S719;,0.4327309027102638
MAPK1,10,PRKAA1;S496;,-1.2828587994994978
MAPK1,10,PRKAB1;S108;,-0.9849265400093962
MAPK1,10,PRRC2A;S765;,-1.1535990213966145
MAPK1,10,PRRC2B;S259;,-0.8539594198486657
MAPK1,10,PSMA5;T55;,-0.9708089917704806
MAPK1,10,PSMC3;S12;,0.1418986094795346
MAPK1,10,PSMC3;S9;,0.3357331026811321
MAPK1,10,PTPN12;T544;,-0.719740703702134
MAPK1,10,PTPN21;S599;,-1.1280936754342457
MAPK1,10,PTPN21;S762;,-0.5067699037047957
MAPK1,10,PTRF;S169;,-1.0914222285764104
MAPK1,10,PTRF;S171;,-1.0306367527799687
MAPK1,10,PUM2;S82;,0.6242089907563528
MAPK1,10,PXN;S106;,-1.4779325485447106
MAPK1,10,PXN;S137;,-0.9294043083822109
MAPK1,10,PXN;S83;,0.521895579056249
MAPK1,10,RABGEF1;T142;,-1.328137705265945
MAPK1,10,RAF1;S295;,-0.7464327620732732
MAPK1,10,RAF1;S296;,-0.16053837217295447
MAPK1,10,RAI14;T249;,-0.7573141990207044
MAPK1,10,RANBP10;S481;,-1.0003085787943315
MAPK1,10,RANBP3;S58;,-1.1058370124833976
MAPK1,10,RAPGEF1;S306;,-1.0610530158459368
MAPK1,10,RAPGEF1;S308;,-1.5701753679233108
MAPK1,10,RAVER1;S576;,-0.13257559548046327
MAPK1,10,RB1CC1;S243;,-0.12679568953440018
MAPK1,10,RBM3;S145;,-1.7781822071554823
MAPK1,10,RBM7;S72;,-1.5466851742634882
MAPK1,10,RFX7;S1177;,-1.3337508636835365
MAPK1,10,RGD1307838;S900;,-1.577320464452615
MAPK1,10,RGD1307838;S903;,-1.779770755934262
MAPK1,10,RGD1308297;S518;,-1.127323689873399
MAPK1,10,RGD1309586;S243;,-1.626790478034526
MAPK1,10,RGD1309586;S59;,-1.4381082717787872
MAPK1,10,RGD1310016;S1171;,-0.8878171908463701
MAPK1,10,RGD1311783;S45;,-1.0001920063983256
MAPK1,10,RGD1311783;S46;,-0.9770230118944035
MAPK1,10,RGD1560225;S763;,-0.8763388349766636
MAPK1,10,RGD1561609;S759;,-1.0669103136799474
MAPK1,10,RGD1562639;S1035;,-1.6004155202943442
MAPK1,10,RGD1566017;S802;,-1.3703230996901776
MAPK1,10,RIN2;S494;,-0.9535664842196053
MAPK1,10,RIPK2;S412;,-0.8866921808352151
MAPK1,10,RNF40;S586;,-1.716890636899664
MAPK1,10,RPS6KA3;S715;,-0.4021278274274613
MAPK1,10,RPS6KA4;S681;,-1.303312902440816
MAPK1,10,RPS6KA4;S682;,-0.6701473941876066
MAPK1,10,RPS6KB1;S404;,-0.9640442049941147
MAPK1,10,RPTOR;S863;,0.49813702509115343
MAPK1,10,RRP1B;S524;,-0.38653688709281886
MAPK1,10,RRP1B;T521;,-0.8667609042434512
MAPK1,10,RTF1;S416;,-1.5381816604659557
MAPK1,10,RUFY1;S50;,-0.5963059572571331
MAPK1,10,RUNX1T1;T568;,-0.6146540252273198
MAPK1,10,SAMD4B;S271;,1.2573075244964103
MAPK1,10,SAP30L;T91;,-1.5939738886119976
MAPK1,10,SBF1;S1141;,-0.9852981077135385
MAPK1,10,SCRIB;S1315;,0.4942752108733306
MAPK1,10,SCRIB;S1529;,-1.6229591801429364
MAPK1,10,SENP7;S47;,0.634357264673509
MAPK1,10,SETD2;S511;,-0.40526394358864426
MAPK1,10,SF3B1;T326;,-0.7005497232872318
MAPK1,10,SFPQ;T586;,-0.7454434163974395
MAPK1,10,SGTA;S306;,-1.2378212459546443
MAPK1,10,SGTA;S308;,-1.3819772248045545
MAPK1,10,SH3BP5;S420;,-0.9004414403377515
MAPK1,10,SH3D19;S274;,0.6599300733623481
MAPK1,10,SH3PXD2A;S368;,-0.9957035089896136
MAPK1,10,SH3PXD2A;S495;,-0.6037570968403236
MAPK1,10,SH3PXD2A;S956;,-1.511474672666138
MAPK1,10,SHC3;S359;,0.04548105295848892
MAPK1,10,SIK2;S673;,-1.5371750917368479
MAPK1,10,SIPA1L1;S1408;,-0.9145413255695284
MAPK1,10,SIPA1L1;S1411;,-0.9813658610286475
MAPK1,10,SIPA1L1;S288;,-1.1468593372662497
MAPK1,10,SLC2A13;S38;,-1.0093924727604278
MAPK1,10,SLC2A13;S44;,-0.9909507054400108
MAPK1,10,SLC2A13;S47;,-0.987194712305645
MAPK1,10,SLC4A7;S1171;,-0.9403442047460744
MAPK1,10,SLC4A7;S263;,-1.0062814907519648
MAPK1,10,SLK;S778;,-0.9695237160439543
MAPK1,10,SMCR7L;S59;,0.8774359803602205
MAPK1,10,SMCR8;S416;,-1.1884211526986042
MAPK1,10,SMCR8;S486;,-1.0103691959341385
MAPK1,10,SMCR8;S488;,-0.9467584559839604
MAPK1,10,SMCR8;S491;,-1.0254762009647487
MAPK1,10,SMCR8;S497;,-0.9495998871168674
MAPK1,10,SMG6;S537;,-0.02616772611855578
MAPK1,10,SNW1;S224;,-0.9721267852701113
MAPK1,10,SNX8;S454;,0.3695877903511624
MAPK1,10,SON;S94;,-1.4736015116794525
MAPK1,10,SORBS1;S857;,-0.01726917500322378
MAPK1,10,SOS1;S1120;,-1.0054521896652013
MAPK1,10,SOX6;S399;,0.3695367265095
MAPK1,10,SOX6;S402;,0.3949807474273114
MAPK1,10,SOX6;T401;,-1.6406370983627285
MAPK1,10,SPAG7;S219;,-1.546360823911987
MAPK1,10,SPAG9;S203;,-1.069746515900087
MAPK1,10,SPAG9;S716;,-1.1854927058482034
MAPK1,10,SPHK2;S379;,-0.9998454734368538
MAPK1,10,SRPK2;S487;,-1.1799438936178044
MAPK1,10,SRRM2;S2228;,-0.6792863048550299
MAPK1,10,SRRM2;S2338;,0.04140279737024255
MAPK1,10,SRSF10;S131;,-0.8356355453004418
MAPK1,10,SRSF11;S200;,-0.0848149862966357
MAPK1,10,STARD13;S334;,-0.00022210512469245103
MAPK1,10,STAT3;S727;,0.26971037887001503
MAPK1,10,STIM1;S257;,-0.924601995860736
MAPK1,10,STIM1;S523;,-0.9378815771331368
MAPK1,10,STIM1;S524;,-1.0001920052095952
MAPK1,10,STIM2;S675;,-0.9935799801978317
MAPK1,10,STK11IP;S443;,-0.09655140836313342
MAPK1,10,STK3;S385;,-0.7015525123107023
MAPK1,10,STMN1;S16;,-1.4308345575825805
MAPK1,10,STMN1;S25;,0.26053810399180233
MAPK1,10,STMN1;S38;,0.8537682313383141
MAPK1,10,STRN3;S227;,-0.4888266825088904
MAPK1,10,SUN2;S12;,-1.356202909804019
MAPK1,10,SVIL;S1177;,-0.6927185898760553
MAPK1,10,SVIL;S259;,-1.3425960651411373
MAPK1,10,SVIL;S531;,-1.1538839083109527
MAPK1,10,SYNPO2L;S401;,-1.2646728453089815
MAPK1,10,SYNPO2L;T141;,-0.7843432245801404
MAPK1,10,SZT2;S1641;,-1.0408774701265828
MAPK1,10,TACC2;S575;,0.88198046016017
MAPK1,10,TANC2;S1447;,-1.4761335994173592
MAPK1,10,TBC1D1;S231;,-0.9682095619087386
MAPK1,10,TBC1D1;S662;,-0.9863592594958042
MAPK1,10,TBC1D1;T590;,-1.4441479052146875
MAPK1,10,TBC1D16;S382;,-1.4902252721201665
MAPK1,10,TCF12;S583;,-1.2356976288464923
MAPK1,10,TDRD3;S256;,-1.4189069681529147
MAPK1,10,TENC1;T996;,-1.3521991641170916
MAPK1,10,TFE3;S531;,-0.8224930920088662
MAPK1,10,TJP1;S1602;,0.34003402936562677
MAPK1,10,TJP1;S1604;,-1.7710363544586696
MAPK1,10,TJP2;S147;,-1.392063132248274
MAPK1,10,TMEM245;S327;,1.1768848133422938
MAPK1,10,TMEM55A;S14;,-0.9655019199055231
MAPK1,10,TNKS1BP1;S1642;,-1.130177272846874
MAPK1,10,TNRC6B;S306;,-0.06359784755692516
MAPK1,10,TNRC6B;S421;,-0.236095318454563
MAPK1,10,TRAK1;S390;,-0.19906431614251363
MAPK1,10,TRAK1;S905;,-0.9040056403862361
MAPK1,10,TRAPPC12;S314;,-0.05452555333012232
MAPK1,10,TRIM28;S474;,-1.0787309081945984
MAPK1,10,TRIO;S2459;,0.14866000251538491
MAPK1,10,TRIO;S2463;,0.4195776111892692
MAPK1,10,TRIP12;T1454;,-1.3986468932206777
MAPK1,10,TSC2;S939;,-1.1152262288606902
MAPK1,10,TSSC4;S190;,-0.18251499504567953
MAPK1,10,TTN;S305;,-0.9781788754731743
MAPK1,10,UBA1;S13;,-1.014353652637634
MAPK1,10,UBA5;S380;,-1.342658712705645
MAPK1,10,UBE2O;S835;,0.5553118499859651
MAPK1,10,UBE2O;T830;,-0.9528716542435964
MAPK1,10,UBE4B;S88;,-0.5776806493713958
MAPK1,10,ULK1;S450;,-1.0557753948002295
MAPK1,10,ULK1;S465;,-0.9886063929694759
MAPK1,10,ULK1;S477;,0.8030601557085153
MAPK1,10,ULK1;S479;,0.13218113888382443
MAPK1,10,ULK1;S637;,-1.020836742637318
MAPK1,10,ULK1;T468;,-0.7166932251418188
MAPK1,10,ULK1;T659;,-0.8463897061465263
MAPK1,10,USP10;S224;,0.6153691341396754
MAPK1,10,VAPA;S164;,-0.9758920365644673
MAPK1,10,VIM;S420;,-0.9505680031426258
MAPK1,10,VIM;S430;,-0.9024742062031561
MAPK1,10,VIM;T426;,-0.9349435750191304
MAPK1,10,VPS26B;S304;,-0.9454412189581541
MAPK1,10,WIPF2;S235;,-0.2606205152616975
MAPK1,10,WNK1;S165;,-1.1075706220333132
MAPK1,10,WWC3;S955;,-1.6908208279333812
MAPK1,10,YAP1;S46;,-0.927583125337681
MAPK1,10,ZC3H13;S368;,-0.9789158698386408
MAPK1,10,ZC3HAV1;S307;,0.41331802366010006
MAPK1,10,ZC3HAV1;S325;,-1.35366962949995
MAPK1,10,ZC3HAV1;S544;,-0.47064794091219453
MAPK1,10,ZC3HC1;S343;,0.23729142889647037
MAPK1,10,ZC3HC1;T351;,-1.2407565896584276
MAPK1,10,ZFP295;S411;,-1.2492596835519048
MAPK1,10,ZFYVE16;S903;,-0.8006865341191693
MAPK1,10,ZNRF2;S148;,-1.2446843599268107
MAPK1,10,ZNRF2;S154;,0.047408703868457525
MAPK1,10,ZNRF2;S18;,-1.0360495750293324
MAPK1,10,ZNRF2;S81;,-0.8035537233643623
MAPK1,10,ZYX;S143;,-1.4305981277369626
MAPK1,10,ZYX;S144;,-1.326241268287554
MAPK1,10,ZYX;S336;,-0.3443552947890078
MAPK1,10,ZZEF1;S1516;,0.9215435692415197
MAPK1,10,ZZEF1;S1535;,-1.113983879305183
PRKAA1,1,AAK1;S677;,-1.030501398537747
PRKAA1,1,ABCC4;S604;,-1.0835422293293244
PRKAA1,1,ABI2;S165;,-1.0002563231434354
PRKAA1,1,ABI2;S168;,-1.1389852577020974
PRKAA1,1,ABL2;S799;,-1.094139060490584
PRKAA1,1,ABLIM3;S566;,-1.1699826923266181
PRKAA1,1,ABLIM3;S575;,0.19674327568341993
PRKAA1,1,ACACA;S79;,1.144649426420161
PRKAA1,1,ACIN1;S711;,-1.0432951595382494
PRKAA1,1,ADD1;S613;,-1.1816762995853929
PRKAA1,1,ADD1;T614;,-1.05007529914526
PRKAA1,1,ADNP;S971;,-1.1334974469084604
PRKAA1,1,AFF4;S823;,-0.8595695108374937
PRKAA1,1,AGAP3;S107;,-1.0245653771977203
PRKAA1,1,AHCTF1;S1214;,1.0398758196866487
PRKAA1,1,AHNAK;S1191;,0.6592490255726924
PRKAA1,1,AHNAK;S177;,-1.1861185675625143
PRKAA1,1,AHNAK;S2060;,-1.1781444136951764
PRKAA1,1,AHNAK;S211;,-1.0200611412366838
PRKAA1,1,AHNAK;S2117;,0.6688988050025657
PRKAA1,1,AHNAK;S222;,1.1235430239169857
PRKAA1,1,AHNAK;S3915;,-1.2246858082700647
PRKAA1,1,AHNAK;S42;,-1.2015843252994838
PRKAA1,1,AHNAK;S4597;,-1.0996486757518587
PRKAA1,1,AHNAK;S5243;,-1.022429851054925
PRKAA1,1,AHNAK;T4049;,-0.9433131677892648
PRKAA1,1,AHNAK2;S425;,-1.1562493205643434
PRKAA1,1,AHNAK2;T438;,-1.2343667980389073
PRKAA1,1,AIMP1;S110;,-1.054762997356651
PRKAA1,1,AJUBA;S129;,-0.9920812317177781
PRKAA1,1,AKAP1;S103;,1.1435625781560383
PRKAA1,1,AKAP10;S278;,-1.1790680398376165
PRKAA1,1,AKAP11;S1090;,0.3001987736239273
PRKAA1,1,AKAP11;S21;,-1.1493968307797864
PRKAA1,1,AKAP11;S23;,-1.1435157059231045
PRKAA1,1,AKAP11;S448;,-1.1003763187841618
PRKAA1,1,AKAP13;S2515;,-0.9794297232715368
PRKAA1,1,AKAP2;S152;,-0.9302709255867665
PRKAA1,1,AKAP2;S730;,-1.0751350822135124
PRKAA1,1,AKAP6;S562;,1.059105225036375
PRKAA1,1,AKAP9;S3669;,-1.133093447165825
PRKAA1,1,AKT1S1;S184;,-1.1746328200572744
PRKAA1,1,AKT1S1;T247;,-1.232441278680323
PRKAA1,1,ALKBH5;S362;,-0.9146551024704173
PRKAA1,1,ALKBH5;S376;,-1.18116114757633
PRKAA1,1,AMOTL1;S580;,0.9669532132941805
PRKAA1,1,ANP32A;S15;,-1.067314221388011
PRKAA1,1,AP3D1;S755;,-0.9399990813576362
PRKAA1,1,ARFGAP2;S145;,-1.1001358005244168
PRKAA1,1,ARFGEF2;S214;,-1.0771704004125577
PRKAA1,1,ARFIP1;S39;,1.3201692541210397
PRKAA1,1,ARHGAP17;S710;,-1.0367933152228719
PRKAA1,1,ARHGAP22;S200;,-1.0368241849735802
PRKAA1,1,ARHGAP22;S236;,-1.0330102303437558
PRKAA1,1,ARHGAP35;S1174;,-1.1210093280810458
PRKAA1,1,ARHGAP39;S284;,-1.1874457233394649
PRKAA1,1,ARHGAP5;S1195;,-1.1641474686831998
PRKAA1,1,ARHGAP5;S1202;,-1.0490745827947918
PRKAA1,1,ARHGAP5;S967;,-1.1215562597561235
PRKAA1,1,ARHGEF12;S337;,-1.073879388584646
PRKAA1,1,ARHGEF12;S341;,-1.1282459290355364
PRKAA1,1,ARHGEF17;S995;,0.9310239573751726
PRKAA1,1,ARHGEF5;S721;,-1.1972126257584732
PRKAA1,1,ARPP21;S256;,0.42907394558199013
PRKAA1,1,ATF7;T53;,0.34394899740272183
PRKAA1,1,ATG14;S5;,-1.1801339657455392
PRKAA1,1,ATG2A;S1246;,-1.0995179491050735
PRKAA1,1,ATG2B;S240;,-1.0827147114297397
PRKAA1,1,ATG2B;S255;,-1.1182636923503935
PRKAA1,1,ATRX;S761;,-0.9915411403645433
PRKAA1,1,ATXN2;S622;,-1.1026782599093206
PRKAA1,1,ATXN2L;S109;,-1.0747276976987519
PRKAA1,1,ATXN2L;S447;,-1.012666343564076
PRKAA1,1,AZI1;S114;,-0.8719900077842222
PRKAA1,1,AZI1;S304;,-1.0468245075668707
PRKAA1,1,BAD;S171;,1.051196532843143
PRKAA1,1,BAG3;S271;,-0.9965413529250331
PRKAA1,1,BAG3;S387;,-1.143916586987241
PRKAA1,1,BAG3;S388;,-1.043252831829465
PRKAA1,1,BAIAP2L1;S218;,-1.0880296077890004
PRKAA1,1,BAIAP2L1;S380;,0.9995625672865369
PRKAA1,1,BAZ2A;S1388;,-1.0619435006371905
PRKAA1,1,BBX;S243;,-1.0188498891273055
PRKAA1,1,BCL9L;S116;,-1.0797905311872829
PRKAA1,1,BCL9L;S21;,0.9621429170611346
PRKAA1,1,BCL9L;S25;,-0.961506784731734
PRKAA1,1,BICD2;S611;,-0.9654374409056434
PRKAA1,1,BICD2;S819;,-1.0808758175143562
PRKAA1,1,BRAF;S134;,-1.1075873075959257
PRKAA1,1,BRD8;S274;,-0.9998049287732349
PRKAA1,1,BRD8;T270;,-1.1668195908242356
PRKAA1,1,BSDC1;S216;,-1.1354337012597095
PRKAA1,1,C2CD4C;S262;,-0.9840304554556416
PRKAA1,1,CACNB1;S53;,-1.0839618112401113
PRKAA1,1,CALD1;S527;,-1.1475673915348987
PRKAA1,1,CAMK2D;T371;,-0.03640280180486505
PRKAA1,1,CAMSAP1;S1154;,-1.1025939587217215
PRKAA1,1,CAMSAP1;S517;,-1.114085475288902
PRKAA1,1,CAP2;S301;,-1.118970860640727
PRKAA1,1,CBX5;S93;,-0.9339009248911478
PRKAA1,1,CCDC6;S143;,-1.1097312163889157
PRKAA1,1,CCDC88A;S1638;,-1.0335726850984897
PRKAA1,1,CCDC91;S71;,-1.1451015408139773
PRKAA1,1,CDC42EP2;S137;,-1.008295332079836
PRKAA1,1,CDC42EP2;S141;,-1.0329053414166223
PRKAA1,1,CDC42EP4;S140;,-1.0307787164807756
PRKAA1,1,CDKN1A;S69;,-1.156210918880383
PRKAA1,1,CDKN1B;S12;,-1.1139285690551233
PRKAA1,1,CDKN1B;S7;,-1.226285370993827
PRKAA1,1,CEP170B;S1166;,-0.9504482897430602
PRKAA1,1,CEP68;S503;,-0.46817708735738484
PRKAA1,1,CEP68;S510;,-0.9821982159977769
PRKAA1,1,CHAMP1;S532;,-0.9813207533365793
PRKAA1,1,CHD8;S549;,1.0416238840697971
PRKAA1,1,CHRND;S379;,0.9115014097377452
PRKAA1,1,CIC;S1394;,-1.0375784052957282
PRKAA1,1,CIC;S1399;,-1.1886738870659195
PRKAA1,1,CLASP2;S331;,1.1314207884952427
PRKAA1,1,CLIP1;S159;,-1.0736618724752185
PRKAA1,1,COBL;S31;,1.2412448788573407
PRKAA1,1,COBL;S34;,1.2701970817845283
PRKAA1,1,COG3;S536;,0.967826764641252
PRKAA1,1,CORO7;S298;,1.3606258386549075
PRKAA1,1,DAB2IP;S802;,-1.0956641519349608
PRKAA1,1,DAP;S2;,-1.1899689784382785
PRKAA1,1,DAP;S3;,-1.1700418182392156
PRKAA1,1,DBNDD1;S123;,-1.0590763602401823
PRKAA1,1,DCAF6;S336;,-1.2208950133212608
PRKAA1,1,DCLK1;S30;,0.9999862997465008
PRKAA1,1,DDX19A;S86;,-1.0403854233515992
PRKAA1,1,DDX3X;S261;,-0.8493341505603491
PRKAA1,1,DENND4C;S1037;,1.168507487568395
PRKAA1,1,DLG2;S323;,-1.0358382366381702
PRKAA1,1,DLG2;S328;,-1.1143185825447048
PRKAA1,1,DMXL1;S574;,0.9998220779111746
PRKAA1,1,DNAJC2;T48;,-1.045540752756293
PRKAA1,1,DNAJC25;T353;,-0.855420698967831
PRKAA1,1,DOCK6;S1339;,-0.589347384311139
PRKAA1,1,DOCK7;S1361;,-0.8270448631078955
PRKAA1,1,DOCK7;S2107;,-1.1208330656196626
PRKAA1,1,DOPEY1;S1261;,-0.8995588147949138
PRKAA1,1,DTNA;S606;,-1.1339457645952309
PRKAA1,1,DUSP27;S366;,-1.009070305640832
PRKAA1,1,DUSP27;S368;,-1.1156323989089136
PRKAA1,1,DUSP27;S370;,-1.1363791339998706
PRKAA1,1,DUSP27;S427;,-1.1113974805673632
PRKAA1,1,DYNC1H1;S4365;,-1.0803404727859085
PRKAA1,1,DYNC1I2;S81;,-0.948914540633611
PRKAA1,1,EEF2;T57;,0.13304030053939625
PRKAA1,1,EEF2K;S365;,0.12960413927668024
PRKAA1,1,EHBP1L1;S1363;,1.1750762617815214
PRKAA1,1,EHD4;S459;,-1.184024490308498
PRKAA1,1,EIF3A;S584;,-1.0467102166598492
PRKAA1,1,EIF4B;S422;,-0.9172314568725517
PRKAA1,1,EIF4B;S424;,-1.111585157161734
PRKAA1,1,EIF4B;S425;,-1.0612701450103463
PRKAA1,1,EIF4B;T420;,-1.1889742427556387
PRKAA1,1,EIF4EBP1;S64;,-1.1358994932058575
PRKAA1,1,EIF4EBP2;S2;,-1.1835512602698885
PRKAA1,1,EIF5B;S183;,-1.002551823944386
PRKAA1,1,ELMSAN1;S456;,-0.9059882281423994
PRKAA1,1,EPS8;S659;,-1.0181819676032082
PRKAA1,1,ETL4;S1844;,-0.9403163964909145
PRKAA1,1,ETV3;S139;,-1.0718731847985463
PRKAA1,1,FAM120C;S55;,-1.1468341530928807
PRKAA1,1,FAM134C;S313;,0.7953025760448242
PRKAA1,1,FAM134C;S320;,0.13124527473766834
PRKAA1,1,FAM171A2;S423;,-1.0630262634317542
PRKAA1,1,FAM65A;S752;,-1.0232118749417844
PRKAA1,1,FBXO30;S379;,-1.0981669487654542
PRKAA1,1,FHOD1;S489;,-1.087433269665569
PRKAA1,1,FHOD1;S501;,-0.9753808909841515
PRKAA1,1,FHOD1;S504;,-1.0825638001625384
PRKAA1,1,FHOD1;S513;,-1.0590061959735297
PRKAA1,1,FHOD1;S523;,-1.0169559213903157
PRKAA1,1,FLNC;S2147;,-1.115592885258393
PRKAA1,1,FLNC;S2234;,-1.0144832325083624
PRKAA1,1,FMN1;S589;,-1.1039003465428472
PRKAA1,1,FOSL2;S320;,-1.0189505649565718
PRKAA1,1,FOSL2;T322;,-1.149618594800158
PRKAA1,1,FOXK1;S225;,-1.026705073862054
PRKAA1,1,FOXK2;T200;,-1.0994477162251433
PRKAA1,1,FOXO3;S252;,-0.9620311239645785
PRKAA1,1,FRMD8;S21;,-1.1261901763637523
PRKAA1,1,FRYL;T1959;,-1.1496518266468798
PRKAA1,1,GAB1;S418;,-1.0211807511705915
PRKAA1,1,GAB2;S142;,-1.0764697793947782
PRKAA1,1,GAB2;S143;,-0.9406128118971249
PRKAA1,1,GAB2;S211;,-1.0147384015017142
PRKAA1,1,GAB2;S365;,-1.1242020638280907
PRKAA1,1,GAB2;T388;,-1.1881336106088192
PRKAA1,1,GATAD2A;S103;,1.0835304886689152
PRKAA1,1,GATAD2A;S96;,1.1655142289305187
PRKAA1,1,GATAD2B;S338;,-1.0173919442816644
PRKAA1,1,GBF1;S1786;,-0.8216788560185218
PRKAA1,1,GIGYF1;S28;,-0.9987022761578024
PRKAA1,1,GIT2;S568;,-1.16167610449684
PRKAA1,1,GOLGA4;S116;,1.1724773519704712
PRKAA1,1,GSK3A;S21;,-0.9345653201883126
PRKAA1,1,GSK3A;S41;,-1.1881763966533376
PRKAA1,1,GSK3B;S9;,-0.8913734218353182
PRKAA1,1,GYS1;S728;,-0.9589158875299526
PRKAA1,1,HBP1;S401;,-1.0308086928009708
PRKAA1,1,HBS1L;S147;,-1.1622200744503406
PRKAA1,1,HDAC6;S21;,-1.0712063540812538
PRKAA1,1,HECTD1;S1392;,-0.9457723207659547
PRKAA1,1,HECTD1;S1393;,-1.023569403762121
PRKAA1,1,HECTD1;S1573;,0.8150949268363292
PRKAA1,1,HELB;S944;,-0.974631092084185
PRKAA1,1,HERC1;S1163;,-1.056027417748625
PRKAA1,1,HERC1;T1154;,-1.2031527376793076
PRKAA1,1,HIRIP3;S27;,-1.164186167563609
PRKAA1,1,HN1L;S97;,-1.0938773691951427
PRKAA1,1,HOMER3;S158;,-0.9135112798209575
PRKAA1,1,HUWE1;S1876;,-1.1347675228774192
PRKAA1,1,HUWE1;S3639;,-1.1885158752715486
PRKAA1,1,HUWE1;S3898;,-1.0137138518407618
PRKAA1,1,HUWE1;T3903;,-1.03328607228766
PRKAA1,1,IREB2;S178;,-1.2136697431812153
PRKAA1,1,IRF2BPL;S69;,-1.090553430803259
PRKAA1,1,ITSN1;S1063;,-0.661316931292407
PRKAA1,1,ITSN1;S315;,-0.999845987277415
PRKAA1,1,JMY;S56;,-1.0029753573981273
PRKAA1,1,JSRP1;S47;,-1.095874775755453
PRKAA1,1,KANK2;S358;,-1.0806603932369518
PRKAA1,1,KCTD3;S809;,1.1523144681923858
PRKAA1,1,KDM2A;S718;,-1.028606234972688
PRKAA1,1,KDM2A;T713;,-1.0304345690089962
PRKAA1,1,KDM5C;S316;,-1.0479789983260572
PRKAA1,1,KPNA1;S2;,-1.0608662274264504
PRKAA1,1,KPNA1;T3;,-0.9687494859328101
PRKAA1,1,LAMTOR1;S98;,-1.0653684652227418
PRKAA1,1,LARP1;S916;,-0.9052561096519403
PRKAA1,1,LARP1;T932;,-1.0861001559451913
PRKAA1,1,LARP4B;S498;,-1.0108718698667989
PRKAA1,1,LDB3;S112;,-1.1739453081511666
PRKAA1,1,LIMA1;S360;,-1.0505450543779937
PRKAA1,1,LIMA1;S603;,-1.0279254287422634
PRKAA1,1,LIMA1;S608;,-1.0568653163453081
PRKAA1,1,LIMA1;S703;,-1.0533518501822825
PRKAA1,1,LMNA;S404;,-0.9521434892534759
PRKAA1,1,LMNA;S406;,-1.121589623803795
PRKAA1,1,LMNA;S407;,-1.1451110111740195
PRKAA1,1,LMNA;S423;,-1.082228566232086
PRKAA1,1,LMNA;S424;,-1.0958250109378498
PRKAA1,1,LMO7;S1541;,-1.043169559599795
PRKAA1,1,LMO7;S1543;,-1.0565146137258696
PRKAA1,1,LOC100360205;S239;,-1.0440661599859602
PRKAA1,1,LOC100365259;S393;,-0.6848212567435962
PRKAA1,1,LOC100910104;S475;,-1.0501475415225996
PRKAA1,1,LOC100910104;S532;,1.1511657217273634
PRKAA1,1,LOC100910104;S719;,-1.0883813676979033
PRKAA1,1,LOC100910646;S166;,-1.121288819800055
PRKAA1,1,LOC100911178;S1643;,-1.1218088961865453
PRKAA1,1,LOC100911302;S1721;,-1.0310528861566526
PRKAA1,1,LOC100911677;S490;,1.2272362882021606
PRKAA1,1,LOC100912115;S649;,-1.0725272575994025
PRKAA1,1,LOC312502;S1164;,-1.119102791254853
PRKAA1,1,LOC312502;S138;,1.2401707042820607
PRKAA1,1,LOC312502;S139;,1.238470595725982
PRKAA1,1,LOC312502;S483;,-1.0013427373024892
PRKAA1,1,LOC683007;S1204;,-1.0849025819466527
PRKAA1,1,LOC683007;S1207;,-1.1431184596674695
PRKAA1,1,LOC684259;S780;,1.0721939064669461
PRKAA1,1,LOC685707;S1251;,-1.0108226283949928
PRKAA1,1,LRRFIP2;S18;,-1.1582215420936086
PRKAA1,1,LRRFIP2;T136;,-1.1766640225879592
PRKAA1,1,LYSMD1;S33;,1.1003780872448885
PRKAA1,1,MACF1;S1376;,-0.9870627395447755
PRKAA1,1,MACF1;S5293;,-1.0380512285063743
PRKAA1,1,MAF1;S60;,-1.0773248642337878
PRKAA1,1,MAP1A;S1757;,-0.9544076724598674
PRKAA1,1,MAP1A;T2177;,-1.1193532198578162
PRKAA1,1,MAP1A;T504;,-1.1142584800344644
PRKAA1,1,MAP1B;S1257;,-0.982987521723957
PRKAA1,1,MAP1B;S1389;,-1.008953528531417
PRKAA1,1,MAP1B;S1393;,-1.0043200249419073
PRKAA1,1,MAP1B;T1781;,-0.24400971330655072
PRKAA1,1,MAP1S;S683;,-0.9776341930971726
PRKAA1,1,MAP4;S902;,1.1433708172978054
PRKAA1,1,MAP4K4;S591;,-1.13093110978346
PRKAA1,1,MAP4K4;S791;,1.2986417699838835
PRKAA1,1,MAP4K4;S794;,1.2130988897438337
PRKAA1,1,MAPK1;Y185;,-0.6324219965020561
PRKAA1,1,MAPK14;Y182;,-0.5915002118288222
PRKAA1,1,MAPK8;Y185;,-0.9580466891663122
PRKAA1,1,MARCKS;S141;,-0.9633921093477507
PRKAA1,1,MARK3;S593;,-1.1988889081309486
PRKAA1,1,MARK3;T594;,-1.1011259099762087
PRKAA1,1,MATR3;S188;,-0.9412705639456298
PRKAA1,1,MBD3;S85;,-1.0320100287014033
PRKAA1,1,MBD3;S86;,-1.2052202559809078
PRKAA1,1,MDM2;S138;,-0.9732010472736852
PRKAA1,1,MED1;S1465;,-1.1364157353830087
PRKAA1,1,MED1;S1467;,-1.1781027650851603
PRKAA1,1,MED1;S1468;,-1.1437974522764462
PRKAA1,1,MED24;S860;,-1.012717741685691
PRKAA1,1,MED24;S861;,-1.1355397012841781
PRKAA1,1,MEF2C;S226;,-1.0567165341525617
PRKAA1,1,MID1;S96;,-1.0353073558082595
PRKAA1,1,MKL1;S571;,-1.003178333408105
PRKAA1,1,MLL2;S2291;,-1.118720558745308
PRKAA1,1,MLLT4;S216;,-1.180616894914216
PRKAA1,1,MLLT4;S246;,-1.0509516704734705
PRKAA1,1,MON2;S197;,-1.1524919397983155
PRKAA1,1,MPHOSPH10;S168;,1.1546432312562844
PRKAA1,1,MPRIP;S369;,-1.0614249764945765
PRKAA1,1,MTFR1L;S100;,1.1828348456349593
PRKAA1,1,MTFR1L;S234;,1.2146073200311458
PRKAA1,1,MTFR1L;S235;,1.304167739868126
PRKAA1,1,MTSS1L;S575;,-1.055941232000522
PRKAA1,1,MURC;S20;,-1.040988379305532
PRKAA1,1,MUSK;S689;,-1.1369844948699115
PRKAA1,1,MUSK;S690;,-0.9598753732613212
PRKAA1,1,MYBBP1A;S1283;,-1.0550203164179524
PRKAA1,1,MYCBP2;S2750;,-1.0326330724561987
PRKAA1,1,MYOZ2;T32;,-0.9852950941532832
PRKAA1,1,NACA;S1125;,-1.0115762515542286
PRKAA1,1,NACA;S1345;,-1.0686592897432212
PRKAA1,1,NACA;S1454;,-0.9881558929837753
PRKAA1,1,NACA;S1720;,-1.0115736264854625
PRKAA1,1,NACA;S914;,-0.9926222965801026
PRKAA1,1,NACA;S942;,-1.0369198475685866
PRKAA1,1,NCAPH;S24;,-1.1357961079706602
PRKAA1,1,NCOR1;S363;,-1.1222825051166059
PRKAA1,1,NCOR2;S1747;,-1.0466730743583226
PRKAA1,1,NDRG1;S330;,-0.9303562729776955
PRKAA1,1,NDRG1;T328;,-1.156546100710213
PRKAA1,1,NDRG2;T334;,-1.0995130138949984
PRKAA1,1,NEK9;S16;,0.7766709725908132
PRKAA1,1,NEK9;S736;,-1.0178026769844548
PRKAA1,1,NELFE;S131;,-1.0604957730106856
PRKAA1,1,NES;S1071;,1.1916362297205316
PRKAA1,1,NES;S1123;,-1.2037169468112119
PRKAA1,1,NES;S1131;,1.178489386680511
PRKAA1,1,NES;S620;,-1.1669500477032688
PRKAA1,1,NES;S784;,0.9154262018168144
PRKAA1,1,NEXN;S280;,-1.0640405274836817
PRKAA1,1,NFIX;S265;,-1.094869444689914
PRKAA1,1,NHSL1;T1376;,-1.0254856759042887
PRKAA1,1,NUMA1;S1935;,-1.046270520173329
PRKAA1,1,NUMA1;S1958;,-1.0318981321465737
PRKAA1,1,NUP35;S73;,-1.0538049129747544
PRKAA1,1,OPTN;S188;,1.1997628605003465
PRKAA1,1,PACS2;S319;,-1.0793024883357754
PRKAA1,1,PAK1;S144;,-1.1116467545736493
PRKAA1,1,PAK1;S203;,-1.178333203894331
PRKAA1,1,PAK2;S197;,-0.8873680076228012
PRKAA1,1,PARD3;S715;,-0.9958604226870633
PRKAA1,1,PARVA;S14;,-0.8422548679834259
PRKAA1,1,PATL1;S184;,-1.0543002522499003
PRKAA1,1,PBXIP1;S132;,-1.1564271053280388
PRKAA1,1,PBXIP1;S133;,-1.0974362279621668
PRKAA1,1,PCM1;S1280;,-1.0287727596460337
PRKAA1,1,PCM1;S380;,-1.1583759927194859
PRKAA1,1,PCM1;S384;,-1.0481331710110324
PRKAA1,1,PDAP1;S176;,-1.0706182581923853
PRKAA1,1,PDAP1;S178;,-1.1675497503090677
PRKAA1,1,PDCD4;S420;,-1.0418826455480446
PRKAA1,1,PDCD4;S76;,-1.056020851932737
PRKAA1,1,PDLIM7;S209;,-1.2108147349227383
PRKAA1,1,PDLIM7;T214;,-1.1847543445577176
PRKAA1,1,PDLIM7;T215;,-1.0042822480977183
PRKAA1,1,PDS5B;S1176;,-1.0565311214803497
PRKAA1,1,PDXDC1;T554;,-1.0827104054832284
PRKAA1,1,PELO;S55;,-1.2033643323442944
PRKAA1,1,PEX1;S1209;,-1.1143918968142426
PRKAA1,1,PFKFB2;S469;,-0.8552018133464212
PRKAA1,1,PHF1;S410;,-1.0627328181250089
PRKAA1,1,PHF1;S415;,-1.0498627421041864
PRKAA1,1,PHF2;S782;,-1.0423949481073322
PRKAA1,1,PHIP;S1251;,-1.0834929621685947
PRKAA1,1,PHLDB1;S431;,-1.0832106566902493
PRKAA1,1,PHLDB1;S534;,-0.9487905490915463
PRKAA1,1,PHLDB2;S241;,-0.9962415368358448
PRKAA1,1,PI4K2A;S43;,-1.1791294138292727
PRKAA1,1,PI4K2A;S46;,-1.069550505095167
PRKAA1,1,PI4K2A;S461;,-1.0109522620480398
PRKAA1,1,PI4K2A;S50;,-0.9969842003474072
PRKAA1,1,PID1;S230;,-1.0845805766577772
PRKAA1,1,PID1;S231;,-1.101233878855431
PRKAA1,1,PID1;S232;,-0.9579416447793361
PRKAA1,1,PID1;S242;,-1.2328533110271274
PRKAA1,1,PIEZO1;S1370;,-1.009916667912685
PRKAA1,1,PIK3C2A;S261;,-1.1383839735671608
PRKAA1,1,PLEC;S4246;,-0.8365690946047328
PRKAA1,1,PLEC;S4249;,-1.0683630375334474
PRKAA1,1,PNISR;S290;,-1.1467724784931586
PRKAA1,1,POM121;S370;,-1.0905156504689437
PRKAA1,1,PPAN;S233;,1.1447557713959986
PRKAA1,1,PPAN;S238;,1.04990083959353
PRKAA1,1,PPAN;S240;,1.1513614465956847
PRKAA1,1,PPP1R12C;S508;,-1.032043300567863
PRKAA1,1,PPP1R13L;S110;,-1.0301466039747487
PRKAA1,1,PPP1R13L;S154;,-1.1198770421702484
PRKAA1,1,PPP1R13L;S360;,-0.9997653256609453
PRKAA1,1,PPP6R2;S629;,-1.0326834425239981
PRKAA1,1,PPP6R2;S719;,-1.0498116203004901
PRKAA1,1,PRKAA1;S496;,-1.0224150288886216
PRKAA1,1,PRKAB1;S108;,1.244052333865294
PRKAA1,1,PRRC2A;S765;,-1.1844983100314155
PRKAA1,1,PRRC2B;S259;,-0.9001108889499492
PRKAA1,1,PSMA5;T55;,-0.03412747053434734
PRKAA1,1,PSMC3;S12;,-1.1235236906644837
PRKAA1,1,PSMC3;S9;,-1.099061294362757
PRKAA1,1,PTPN12;T544;,0.1344293824152441
PRKAA1,1,PTPN21;S599;,-1.0107496260157116
PRKAA1,1,PTPN21;S762;,-0.9186684723126106
PRKAA1,1,PTRF;S169;,-1.1916789947249593
PRKAA1,1,PTRF;S171;,-1.160110967624859
PRKAA1,1,PUM2;S82;,-1.0369796531837756
PRKAA1,1,PXN;S106;,-1.1124649728010485
PRKAA1,1,PXN;S137;,-1.1078867821523413
PRKAA1,1,PXN;S83;,-1.0442042544141399
PRKAA1,1,RABGEF1;T142;,-0.9996933438426838
PRKAA1,1,RAF1;S295;,-1.0761243752831942
PRKAA1,1,RAF1;S296;,-1.0236706454903783
PRKAA1,1,RAI14;T249;,-1.0842962261177875
PRKAA1,1,RANBP10;S481;,0.41244236476732415
PRKAA1,1,RANBP3;S58;,-0.9995215007839864
PRKAA1,1,RAPGEF1;S306;,-1.0389130374737794
PRKAA1,1,RAPGEF1;S308;,-1.0915963144610117
PRKAA1,1,RAVER1;S576;,-0.986635917668
PRKAA1,1,RB1CC1;S243;,-1.129472882561212
PRKAA1,1,RBM3;S145;,-1.1323567273680508
PRKAA1,1,RBM7;S72;,-1.0188749808445439
PRKAA1,1,RFX7;S1177;,-1.0672233186538012
PRKAA1,1,RGD1307838;S900;,-1.013453121294339
PRKAA1,1,RGD1307838;S903;,-1.1716125610749104
PRKAA1,1,RGD1308297;S518;,-1.1044270041755047
PRKAA1,1,RGD1309586;S243;,-1.136185675749343
PRKAA1,1,RGD1309586;S59;,-0.7308090524388714
PRKAA1,1,RGD1310016;S1171;,1.0293077216768374
PRKAA1,1,RGD1311783;S45;,1.3047518290530473
PRKAA1,1,RGD1311783;S46;,1.1971690532534784
PRKAA1,1,RGD1560225;S763;,-1.000053386768477
PRKAA1,1,RGD1561609;S759;,-0.930725423791285
PRKAA1,1,RGD1562639;S1035;,-1.098440604323304
PRKAA1,1,RGD1566017;S802;,-1.1108918792745817
PRKAA1,1,RIN2;S494;,-1.0182687606980605
PRKAA1,1,RIPK2;S412;,1.0960101721549933
PRKAA1,1,RNF40;S586;,-1.1691807386359323
PRKAA1,1,RPS6KA3;S715;,-1.0663815254616769
PRKAA1,1,RPS6KA4;S681;,-1.0242385699189216
PRKAA1,1,RPS6KA4;S682;,-1.1089066448792246
PRKAA1,1,RPS6KB1;S404;,-1.1139505648093246
PRKAA1,1,RPTOR;S863;,-1.0762845496419038
PRKAA1,1,RRP1B;S524;,-1.1224951985106248
PRKAA1,1,RRP1B;T521;,-1.1537839310741094
PRKAA1,1,RTF1;S416;,-1.1632903003508002
PRKAA1,1,RUFY1;S50;,-1.0009715996790052
PRKAA1,1,RUNX1T1;T568;,-1.0163094170260232
PRKAA1,1,SAMD4B;S271;,-0.9790497642308662
PRKAA1,1,SAP30L;T91;,-1.1337416751146685
PRKAA1,1,SBF1;S1141;,0.38940438318722
PRKAA1,1,SCRIB;S1315;,-1.0785611836972813
PRKAA1,1,SCRIB;S1529;,-1.18351008692077
PRKAA1,1,SENP7;S47;,-1.0285393292015135
PRKAA1,1,SETD2;S511;,-1.13774926398449
PRKAA1,1,SF3B1;T326;,-0.0326999984310391
PRKAA1,1,SFPQ;T586;,-1.0892546476251006
PRKAA1,1,SGTA;S306;,-1.0411272453577418
PRKAA1,1,SGTA;S308;,-1.1795561005005926
PRKAA1,1,SH3BP5;S420;,-0.9150563393876328
PRKAA1,1,SH3D19;S274;,-1.017406334398894
PRKAA1,1,SH3PXD2A;S368;,1.2030350891705734
PRKAA1,1,SH3PXD2A;S495;,-1.1412856320613414
PRKAA1,1,SH3PXD2A;S956;,-0.9416561965280823
PRKAA1,1,SHC3;S359;,-1.0594388851710368
PRKAA1,1,SIK2;S673;,-1.0577217257264875
PRKAA1,1,SIPA1L1;S1408;,1.0147735068638881
PRKAA1,1,SIPA1L1;S1411;,1.1385723626188142
PRKAA1,1,SIPA1L1;S288;,-0.974356496427587
PRKAA1,1,SLC2A13;S38;,1.2401596382489242
PRKAA1,1,SLC2A13;S44;,1.2711568826303166
PRKAA1,1,SLC2A13;S47;,1.1886777190063973
PRKAA1,1,SLC4A7;S1171;,1.0489526639090163
PRKAA1,1,SLC4A7;S263;,1.2985748734281595
PRKAA1,1,SLK;S778;,1.0763436942445954
PRKAA1,1,SMCR7L;S59;,-1.0000137139467054
PRKAA1,1,SMCR8;S416;,-1.0985094553335617
PRKAA1,1,SMCR8;S486;,1.271273905847807
PRKAA1,1,SMCR8;S488;,1.1739553330247072
PRKAA1,1,SMCR8;S491;,1.2381258499982353
PRKAA1,1,SMCR8;S497;,0.9871874960846734
PRKAA1,1,SMG6;S537;,-1.1161008532185004
PRKAA1,1,SNW1;S224;,0.987062392255931
PRKAA1,1,SNX8;S454;,-1.0645495132265401
PRKAA1,1,SON;S94;,-1.086647447185183
PRKAA1,1,SORBS1;S857;,-1.0841918963180246
PRKAA1,1,SOS1;S1120;,-0.9638668982645175
PRKAA1,1,SOX6;S399;,-1.077100044886025
PRKAA1,1,SOX6;S402;,-1.062471617383006
PRKAA1,1,SOX6;T401;,-1.1890099419073459
PRKAA1,1,SPAG7;S219;,-1.0672513302182935
PRKAA1,1,SPAG9;S203;,-1.0512819406764748
PRKAA1,1,SPAG9;S716;,-0.9027357714314641
PRKAA1,1,SPHK2;S379;,1.0730103796894526
PRKAA1,1,SRPK2;S487;,-0.9701640446780233
PRKAA1,1,SRRM2;S2228;,-1.0596910064200777
PRKAA1,1,SRRM2;S2338;,-1.055195634308835
PRKAA1,1,SRSF10;S131;,0.9996170833083069
PRKAA1,1,SRSF11;S200;,-1.1077827779165677
PRKAA1,1,STARD13;S334;,-1.0991474389459563
PRKAA1,1,STAT3;S727;,-0.8915916879737422
PRKAA1,1,STIM1;S257;,0.9891184030366902
PRKAA1,1,STIM1;S523;,0.8953853119165871
PRKAA1,1,STIM1;S524;,1.1563836021421852
PRKAA1,1,STIM2;S675;,1.1560271636272723
PRKAA1,1,STK11IP;S443;,-1.111751507881736
PRKAA1,1,STK3;S385;,-1.21150814645534
PRKAA1,1,STMN1;S16;,-1.1384432425924513
PRKAA1,1,STMN1;S25;,-1.0191511763268721
PRKAA1,1,STMN1;S38;,-0.936079403975393
PRKAA1,1,STRN3;S227;,-1.192121461586128
PRKAA1,1,SUN2;S12;,-1.169526993814093
PRKAA1,1,SVIL;S1177;,-1.129498771511189
PRKAA1,1,SVIL;S259;,-1.030284600627962
PRKAA1,1,SVIL;S531;,-1.1216774027676941
PRKAA1,1,SYNPO2L;S401;,-0.9888944718578401
PRKAA1,1,SYNPO2L;T141;,0.1466069731082006
PRKAA1,1,SZT2;S1641;,-1.0346651063087733
PRKAA1,1,TACC2;S575;,-0.8501895062030156
PRKAA1,1,TANC2;S1447;,-1.0477645031267435
PRKAA1,1,TBC1D1;S231;,1.3037375525895574
PRKAA1,1,TBC1D1;S662;,1.3428961725921609
PRKAA1,1,TBC1D1;T590;,-1.0708960211951704
PRKAA1,1,TBC1D16;S382;,-1.1482060076531264
PRKAA1,1,TCF12;S583;,-0.9483947987886918
PRKAA1,1,TDRD3;S256;,-1.0378677282579587
PRKAA1,1,TENC1;T996;,-1.2054503191447872
PRKAA1,1,TFE3;S531;,-0.848927456343771
PRKAA1,1,TJP1;S1602;,-1.1208742149955384
PRKAA1,1,TJP1;S1604;,-1.2039234334189284
PRKAA1,1,TJP2;S147;,-1.2153800327663715
PRKAA1,1,TMEM245;S327;,-0.8021871007701846
PRKAA1,1,TMEM55A;S14;,1.1222362231378697
PRKAA1,1,TNKS1BP1;S1642;,-0.9846754020503785
PRKAA1,1,TNRC6B;S306;,-1.0755503307712653
PRKAA1,1,TNRC6B;S421;,-1.1629325424785075
PRKAA1,1,TRAK1;S390;,-1.137719628067245
PRKAA1,1,TRAK1;S905;,1.2101425367285583
PRKAA1,1,TRAPPC12;S314;,-1.1190101375039823
PRKAA1,1,TRIM28;S474;,-0.9594474334125582
PRKAA1,1,TRIO;S2459;,-1.0947181926733367
PRKAA1,1,TRIO;S2463;,-1.0543114414993382
PRKAA1,1,TRIP12;T1454;,-1.226317256108098
PRKAA1,1,TSC2;S939;,-0.946554489169031
PRKAA1,1,TSSC4;S190;,-1.0802921174249398
PRKAA1,1,TTN;S305;,1.015038812887595
PRKAA1,1,UBA1;S13;,-0.9999229283224085
PRKAA1,1,UBA5;S380;,-1.0596074014471237
PRKAA1,1,UBE2O;S835;,-1.026419507816709
PRKAA1,1,UBE2O;T830;,-0.047229418177619664
PRKAA1,1,UBE4B;S88;,-1.0267737306578444
PRKAA1,1,ULK1;S450;,-1.1796705044694165
PRKAA1,1,ULK1;S465;,1.2414039191703026
PRKAA1,1,ULK1;S477;,-0.9950528899974411
PRKAA1,1,ULK1;S479;,-1.0600640618810953
PRKAA1,1,ULK1;S637;,1.2941296807285776
PRKAA1,1,ULK1;T468;,0.17989696452169418
PRKAA1,1,ULK1;T659;,0.794024100812788
PRKAA1,1,USP10;S224;,-1.0689160164810336
PRKAA1,1,VAPA;S164;,1.1615069320171223
PRKAA1,1,VIM;S420;,1.1011854871534006
PRKAA1,1,VIM;S430;,0.9111744188961082
PRKAA1,1,VIM;T426;,0.9890436213239873
PRKAA1,1,VPS26B;S304;,1.1457560135274132
PRKAA1,1,WIPF2;S235;,-1.0502678470590043
PRKAA1,1,WNK1;S165;,-0.9723279421354765
PRKAA1,1,WWC3;S955;,-1.1919551377682251
PRKAA1,1,YAP1;S46;,1.1386358202534683
PRKAA1,1,ZC3H13;S368;,1.1084194666742144
PRKAA1,1,ZC3HAV1;S307;,-1.0723385590114063
PRKAA1,1,ZC3HAV1;S325;,-1.170143862333522
PRKAA1,1,ZC3HAV1;S544;,-1.1553657139763172
PRKAA1,1,ZC3HC1;S343;,-1.0358955865745192
PRKAA1,1,ZC3HC1;T351;,-1.0124292495715725
PRKAA1,1,ZFP295;S411;,-0.9974131290909685
PRKAA1,1,ZFYVE16;S903;,-1.0200627117776226
PRKAA1,1,ZNRF2;S148;,-1.1344430988043976
PRKAA1,1,ZNRF2;S154;,-1.117126068184017
PRKAA1,1,ZNRF2;S18;,-1.02787167945272
PRKAA1,1,ZNRF2;S81;,-0.924973764957338
PRKAA1,1,ZYX;S143;,-1.166633648899012
PRKAA1,1,ZYX;S144;,-1.1760713851621725
PRKAA1,1,ZYX;S336;,-1.1298995022127738
PRKAA1,1,ZZEF1;S1516;,-1.0193371849925426
PRKAA1,1,ZZEF1;S1535;,-0.9317179863016716
PRKAA1,2,AAK1;S677;,-1.0880975643902369
PRKAA1,2,ABCC4;S604;,-1.0647451389906915
PRKAA1,2,ABI2;S165;,-1.0408504513245778
PRKAA1,2,ABI2;S168;,-1.2262501018649814
PRKAA1,2,ABL2;S799;,-1.1289807387137796
PRKAA1,2,ABLIM3;S566;,-1.2028141382208584
PRKAA1,2,ABLIM3;S575;,0.23184084624536128
PRKAA1,2,ACACA;S79;,0.9797351222725251
PRKAA1,2,ACIN1;S711;,-1.1344437322978238
PRKAA1,2,ADD1;S613;,-1.2315709356719713
PRKAA1,2,ADD1;T614;,-0.9479684245454029
PRKAA1,2,ADNP;S971;,-1.1009797527363718
PRKAA1,2,AFF4;S823;,-0.8122266432087941
PRKAA1,2,AGAP3;S107;,-1.036031766638133
PRKAA1,2,AHCTF1;S1214;,0.9378256314030052
PRKAA1,2,AHNAK;S1191;,0.609390520802931
PRKAA1,2,AHNAK;S177;,-1.1725962998691597
PRKAA1,2,AHNAK;S2060;,-1.222136198435161
PRKAA1,2,AHNAK;S211;,-1.1216399501959684
PRKAA1,2,AHNAK;S2117;,0.591547458226655
PRKAA1,2,AHNAK;S222;,0.9288137155974227
PRKAA1,2,AHNAK;S3915;,-1.2475564631415705
PRKAA1,2,AHNAK;S42;,-1.2248223877103093
PRKAA1,2,AHNAK;S4597;,-1.0897929707826233
PRKAA1,2,AHNAK;S5243;,-1.0059188334630247
PRKAA1,2,AHNAK;T4049;,-0.598797075553409
PRKAA1,2,AHNAK2;S425;,-1.2109648374700523
PRKAA1,2,AHNAK2;T438;,-0.9319581261253728
PRKAA1,2,AIMP1;S110;,-1.1778228060479592
PRKAA1,2,AJUBA;S129;,-0.9530577629052573
PRKAA1,2,AKAP1;S103;,1.0829465603485757
PRKAA1,2,AKAP10;S278;,-1.2357520267791318
PRKAA1,2,AKAP11;S1090;,0.39170354635957155
PRKAA1,2,AKAP11;S21;,-1.21105914197202
PRKAA1,2,AKAP11;S23;,-1.2354006495180727
PRKAA1,2,AKAP11;S448;,-1.1291561235280727
PRKAA1,2,AKAP13;S2515;,-1.046479761076153
PRKAA1,2,AKAP2;S152;,-0.8877378187141692
PRKAA1,2,AKAP2;S730;,-1.1053139248837829
PRKAA1,2,AKAP6;S562;,0.928526968584093
PRKAA1,2,AKAP9;S3669;,-1.1545199090229072
PRKAA1,2,AKT1S1;S184;,-1.2174972872966316
PRKAA1,2,AKT1S1;T247;,-1.0154981636543514
PRKAA1,2,ALKBH5;S362;,-1.0316789462952682
PRKAA1,2,ALKBH5;S376;,-1.2211882465685528
PRKAA1,2,AMOTL1;S580;,0.7739106191836866
PRKAA1,2,ANP32A;S15;,-1.1238512149115598
PRKAA1,2,AP3D1;S755;,-0.984275082655536
PRKAA1,2,ARFGAP2;S145;,-1.1239868775050041
PRKAA1,2,ARFGEF2;S214;,-0.944492923691474
PRKAA1,2,ARFIP1;S39;,1.1382549934580828
PRKAA1,2,ARHGAP17;S710;,-1.0645939597437837
PRKAA1,2,ARHGAP22;S200;,-1.041821124373938
PRKAA1,2,ARHGAP22;S236;,-1.1123594892181714
PRKAA1,2,ARHGAP35;S1174;,-1.1925479497038223
PRKAA1,2,ARHGAP39;S284;,-1.1840263578504444
PRKAA1,2,ARHGAP5;S1195;,-1.228943589886536
PRKAA1,2,ARHGAP5;S1202;,-1.0651730598544742
PRKAA1,2,ARHGAP5;S967;,-1.157743249092384
PRKAA1,2,ARHGEF12;S337;,-1.1317082590846839
PRKAA1,2,ARHGEF12;S341;,-1.1589789750574682
PRKAA1,2,ARHGEF17;S995;,0.7613584060524244
PRKAA1,2,ARHGEF5;S721;,-1.2481734918491172
PRKAA1,2,ARPP21;S256;,0.45114962344687626
PRKAA1,2,ATF7;T53;,0.4922685572990131
PRKAA1,2,ATG14;S5;,-1.1627175200906386
PRKAA1,2,ATG2A;S1246;,-1.154011116459909
PRKAA1,2,ATG2B;S240;,-1.1117693517112965
PRKAA1,2,ATG2B;S255;,-1.1606014193557117
PRKAA1,2,ATRX;S761;,-1.0663918573020443
PRKAA1,2,ATXN2;S622;,-1.1346100367456342
PRKAA1,2,ATXN2L;S109;,-1.066585157011095
PRKAA1,2,ATXN2L;S447;,-0.9722568955755199
PRKAA1,2,AZI1;S114;,-0.8687670551318648
PRKAA1,2,AZI1;S304;,-1.1209676752422675
PRKAA1,2,BAD;S171;,0.9997445194773859
PRKAA1,2,BAG3;S271;,-1.080145133952803
PRKAA1,2,BAG3;S387;,-1.1887016744372092
PRKAA1,2,BAG3;S388;,-1.0590666718075339
PRKAA1,2,BAIAP2L1;S218;,-1.1165601801159386
PRKAA1,2,BAIAP2L1;S380;,0.9318728756220177
PRKAA1,2,BAZ2A;S1388;,-1.0540900233121473
PRKAA1,2,BBX;S243;,-1.0046136055458146
PRKAA1,2,BCL9L;S116;,-1.1676791156788682
PRKAA1,2,BCL9L;S21;,0.9263768341925139
PRKAA1,2,BCL9L;S25;,-0.9058711311756938
PRKAA1,2,BICD2;S611;,-0.948837817044693
PRKAA1,2,BICD2;S819;,-0.8605221355606815
PRKAA1,2,BRAF;S134;,-1.0994831997484442
PRKAA1,2,BRD8;S274;,-0.9245210361476279
PRKAA1,2,BRD8;T270;,-1.083738452203637
PRKAA1,2,BSDC1;S216;,-1.0608110664727892
PRKAA1,2,C2CD4C;S262;,-1.1427691979969432
PRKAA1,2,CACNB1;S53;,-1.1442341153771454
PRKAA1,2,CALD1;S527;,-1.162852917722839
PRKAA1,2,CAMK2D;T371;,0.22945123692624453
PRKAA1,2,CAMSAP1;S1154;,-1.1186115426404124
PRKAA1,2,CAMSAP1;S517;,-1.215061420293301
PRKAA1,2,CAP2;S301;,-1.143868001491904
PRKAA1,2,CBX5;S93;,-0.9861322786001433
PRKAA1,2,CCDC6;S143;,-1.1419196753975052
PRKAA1,2,CCDC88A;S1638;,-1.1146387966419462
PRKAA1,2,CCDC91;S71;,-1.1946161086925933
PRKAA1,2,CDC42EP2;S137;,-0.9461297900991488
PRKAA1,2,CDC42EP2;S141;,-1.0012194415077056
PRKAA1,2,CDC42EP4;S140;,-1.0153019972730086
PRKAA1,2,CDKN1A;S69;,-1.2153123027115968
PRKAA1,2,CDKN1B;S12;,-1.2029231533444096
PRKAA1,2,CDKN1B;S7;,-1.2627312687924201
PRKAA1,2,CEP170B;S1166;,-1.0659186930092832
PRKAA1,2,CEP68;S503;,-0.244295232760588
PRKAA1,2,CEP68;S510;,-0.9112752091828205
PRKAA1,2,CHAMP1;S532;,-0.909757954671644
PRKAA1,2,CHD8;S549;,0.9852584291134833
PRKAA1,2,CHRND;S379;,0.9399067640954021
PRKAA1,2,CIC;S1394;,-1.0935899544689283
PRKAA1,2,CIC;S1399;,-1.2222686641586338
PRKAA1,2,CLASP2;S331;,1.084745528228605
PRKAA1,2,CLIP1;S159;,-1.1154143125672153
PRKAA1,2,COBL;S31;,1.042260389870223
PRKAA1,2,COBL;S34;,1.0445515993282777
PRKAA1,2,COG3;S536;,0.9423975546111415
PRKAA1,2,CORO7;S298;,1.1781619027411896
PRKAA1,2,DAB2IP;S802;,-1.114272301976583
PRKAA1,2,DAP;S2;,-1.1499138482132285
PRKAA1,2,DAP;S3;,-1.1392047915376124
PRKAA1,2,DBNDD1;S123;,-1.175276684645144
PRKAA1,2,DCAF6;S336;,-1.2541777665859444
PRKAA1,2,DCLK1;S30;,1.0000267157864284
PRKAA1,2,DDX19A;S86;,-1.016649733613001
PRKAA1,2,DDX3X;S261;,-0.8123975139519864
PRKAA1,2,DENND4C;S1037;,1.0287219081821206
PRKAA1,2,DLG2;S323;,-0.9795233492859426
PRKAA1,2,DLG2;S328;,-1.1084876763982532
PRKAA1,2,DMXL1;S574;,0.9487505686702907
PRKAA1,2,DNAJC2;T48;,-0.62281235139327
PRKAA1,2,DNAJC25;T353;,-0.4052156409222977
PRKAA1,2,DOCK6;S1339;,-0.7362691118406872
PRKAA1,2,DOCK7;S1361;,-1.0001424538907755
PRKAA1,2,DOCK7;S2107;,-1.2160385205410722
PRKAA1,2,DOPEY1;S1261;,-1.0552425733255921
PRKAA1,2,DTNA;S606;,-1.1817238301311568
PRKAA1,2,DUSP27;S366;,-1.0924639077223997
PRKAA1,2,DUSP27;S368;,-1.1979936329247993
PRKAA1,2,DUSP27;S370;,-1.2096870848712757
PRKAA1,2,DUSP27;S427;,-1.1811514677715174
PRKAA1,2,DYNC1H1;S4365;,-1.1380655950017655
PRKAA1,2,DYNC1I2;S81;,-0.8735259690143419
PRKAA1,2,EEF2;T57;,0.2950650565650898
PRKAA1,2,EEF2K;S365;,0.10635951543998211
PRKAA1,2,EHBP1L1;S1363;,1.0083015874768841
PRKAA1,2,EHD4;S459;,-1.2118601460859544
PRKAA1,2,EIF3A;S584;,-1.1271401343022904
PRKAA1,2,EIF4B;S422;,-0.8866242668775326
PRKAA1,2,EIF4B;S424;,-1.1873567398264175
PRKAA1,2,EIF4B;S425;,-1.129130334245645
PRKAA1,2,EIF4B;T420;,-1.1224616472730988
PRKAA1,2,EIF4EBP1;S64;,-1.126354355651999
PRKAA1,2,EIF4EBP2;S2;,-1.0051846181155166
PRKAA1,2,EIF5B;S183;,-1.0277366104023398
PRKAA1,2,ELMSAN1;S456;,-0.897471397479026
PRKAA1,2,EPS8;S659;,-1.0632966906748627
PRKAA1,2,ETL4;S1844;,-0.8811232971859323
PRKAA1,2,ETV3;S139;,-1.1013510260721242
PRKAA1,2,FAM120C;S55;,-1.1299175665664098
PRKAA1,2,FAM134C;S313;,0.7820878493460403
PRKAA1,2,FAM134C;S320;,0.27002031114037345
PRKAA1,2,FAM171A2;S423;,-1.1388691730955662
PRKAA1,2,FAM65A;S752;,-1.182099267980668
PRKAA1,2,FBXO30;S379;,-1.1303465798426893
PRKAA1,2,FHOD1;S489;,-1.1020917767982636
PRKAA1,2,FHOD1;S501;,-0.914711706068603
PRKAA1,2,FHOD1;S504;,-1.1249340061868058
PRKAA1,2,FHOD1;S513;,-1.1448418831801808
PRKAA1,2,FHOD1;S523;,-0.9736418851498029
PRKAA1,2,FLNC;S2147;,-1.1965392310244587
PRKAA1,2,FLNC;S2234;,-1.0827020360234487
PRKAA1,2,FMN1;S589;,-1.150082414418599
PRKAA1,2,FOSL2;S320;,-1.025181663285675
PRKAA1,2,FOSL2;T322;,-0.8793441756796925
PRKAA1,2,FOXK1;S225;,-1.0128370643365183
PRKAA1,2,FOXK2;T200;,-1.0373755077062359
PRKAA1,2,FOXO3;S252;,-0.9941663492805523
PRKAA1,2,FRMD8;S21;,-1.197449517756948
PRKAA1,2,FRYL;T1959;,-0.9279825757162709
PRKAA1,2,GAB1;S418;,-1.1289646105253122
PRKAA1,2,GAB2;S142;,-1.1262826698487052
PRKAA1,2,GAB2;S143;,-0.895138778283128
PRKAA1,2,GAB2;S211;,-1.0291366381927256
PRKAA1,2,GAB2;S365;,-1.141174131607252
PRKAA1,2,GAB2;T388;,-1.0588247608542307
PRKAA1,2,GATAD2A;S103;,0.9950840954954879
PRKAA1,2,GATAD2A;S96;,1.1157471775987708
PRKAA1,2,GATAD2B;S338;,-0.9969466569081366
PRKAA1,2,GBF1;S1786;,-0.6725811863505382
PRKAA1,2,GIGYF1;S28;,-0.9539745818862204
PRKAA1,2,GIT2;S568;,-1.257965772150493
PRKAA1,2,GOLGA4;S116;,1.0120300602358487
PRKAA1,2,GSK3A;S21;,-0.9629092635517594
PRKAA1,2,GSK3A;S41;,-1.247586740194026
PRKAA1,2,GSK3B;S9;,-0.9162945368689983
PRKAA1,2,GYS1;S728;,-0.881555897029405
PRKAA1,2,HBP1;S401;,-1.025785032398344
PRKAA1,2,HBS1L;S147;,-1.2608460576422704
PRKAA1,2,HDAC6;S21;,-1.1293519705245656
PRKAA1,2,HECTD1;S1392;,-0.9442901016030326
PRKAA1,2,HECTD1;S1393;,-1.0892307828517458
PRKAA1,2,HECTD1;S1573;,0.678188750674408
PRKAA1,2,HELB;S944;,-0.8939267678820179
PRKAA1,2,HERC1;S1163;,-1.0547487882601532
PRKAA1,2,HERC1;T1154;,-1.111610218456984
PRKAA1,2,HIRIP3;S27;,-1.2050941366880006
PRKAA1,2,HN1L;S97;,-1.108485891151874
PRKAA1,2,HOMER3;S158;,-1.0438119706345315
PRKAA1,2,HUWE1;S1876;,-1.1988991782940976
PRKAA1,2,HUWE1;S3639;,-1.2356946796609953
PRKAA1,2,HUWE1;S3898;,-0.9567481042396765
PRKAA1,2,HUWE1;T3903;,-0.9976216154476423
PRKAA1,2,IREB2;S178;,-1.255468883240843
PRKAA1,2,IRF2BPL;S69;,-1.0600511216840736
PRKAA1,2,ITSN1;S1063;,-0.6262588449094205
PRKAA1,2,ITSN1;S315;,-1.0829275736066073
PRKAA1,2,JMY;S56;,-1.0419664386425478
PRKAA1,2,JSRP1;S47;,-1.2130118293133798
PRKAA1,2,KANK2;S358;,-1.1339489410733163
PRKAA1,2,KCTD3;S809;,1.0131391669727061
PRKAA1,2,KDM2A;S718;,-1.0309961600009592
PRKAA1,2,KDM2A;T713;,-0.9667843105189181
PRKAA1,2,KDM5C;S316;,-1.1398530811158545
PRKAA1,2,KPNA1;S2;,-0.7922883071478255
PRKAA1,2,KPNA1;T3;,-0.5746786270492736
PRKAA1,2,LAMTOR1;S98;,-1.2011872719762031
PRKAA1,2,LARP1;S916;,-0.8952061961277193
PRKAA1,2,LARP1;T932;,-0.9544406465572602
PRKAA1,2,LARP4B;S498;,-1.0720942994183122
PRKAA1,2,LDB3;S112;,-1.1887809852394067
PRKAA1,2,LIMA1;S360;,-1.0362237258840026
PRKAA1,2,LIMA1;S603;,-1.0168724080710698
PRKAA1,2,LIMA1;S608;,-1.0225319865209286
PRKAA1,2,LIMA1;S703;,-1.0001611249912945
PRKAA1,2,LMNA;S404;,-0.9906695040581356
PRKAA1,2,LMNA;S406;,-1.1757648406045815
PRKAA1,2,LMNA;S407;,-1.2010861059454812
PRKAA1,2,LMNA;S423;,-1.1694776582498474
PRKAA1,2,LMNA;S424;,-1.162963409692786
PRKAA1,2,LMO7;S1541;,-1.140769736738353
PRKAA1,2,LMO7;S1543;,-1.0907113516025253
PRKAA1,2,LOC100360205;S239;,-1.1047605308307447
PRKAA1,2,LOC100365259;S393;,-0.6456949676911627
PRKAA1,2,LOC100910104;S475;,-1.0966487290084708
PRKAA1,2,LOC100910104;S532;,1.088549765706455
PRKAA1,2,LOC100910104;S719;,-1.112981678732372
PRKAA1,2,LOC100910646;S166;,-1.1711170569703417
PRKAA1,2,LOC100911178;S1643;,-1.1964963621873697
PRKAA1,2,LOC100911302;S1721;,-1.0184039598602304
PRKAA1,2,LOC100911677;S490;,1.0758018117108135
PRKAA1,2,LOC100912115;S649;,-1.0747067044689567
PRKAA1,2,LOC312502;S1164;,-1.1096258830179055
PRKAA1,2,LOC312502;S138;,1.095265216219606
PRKAA1,2,LOC312502;S139;,1.0399837795633438
PRKAA1,2,LOC312502;S483;,-0.9675250629679345
PRKAA1,2,LOC683007;S1204;,-1.067103355063072
PRKAA1,2,LOC683007;S1207;,-1.2308783175725269
PRKAA1,2,LOC684259;S780;,1.0697838139119746
PRKAA1,2,LOC685707;S1251;,-0.9586701578427638
PRKAA1,2,LRRFIP2;S18;,-1.1814832537807956
PRKAA1,2,LRRFIP2;T136;,-0.9661686365149021
PRKAA1,2,LYSMD1;S33;,1.0049856227257263
PRKAA1,2,MACF1;S1376;,-1.0053837712606306
PRKAA1,2,MACF1;S5293;,-1.0279666104610883
PRKAA1,2,MAF1;S60;,-1.0664325330471138
PRKAA1,2,MAP1A;S1757;,-0.9917103658727339
PRKAA1,2,MAP1A;T2177;,-1.000868282980049
PRKAA1,2,MAP1A;T504;,-1.0547499938034783
PRKAA1,2,MAP1B;S1257;,-0.9242754906430639
PRKAA1,2,MAP1B;S1389;,-0.9863646632638621
PRKAA1,2,MAP1B;S1393;,-1.0136946813931265
PRKAA1,2,MAP1B;T1781;,-0.04589653567545572
PRKAA1,2,MAP1S;S683;,-0.9188747400682674
PRKAA1,2,MAP4;S902;,0.9069324542953189
PRKAA1,2,MAP4K4;S591;,-1.1712869705465774
PRKAA1,2,MAP4K4;S791;,1.1751369678109849
PRKAA1,2,MAP4K4;S794;,1.121644778676357
PRKAA1,2,MAPK1;Y185;,-0.2879831016579653
PRKAA1,2,MAPK14;Y182;,-0.23027933032893178
PRKAA1,2,MAPK8;Y185;,0.02484940184793137
PRKAA1,2,MARCKS;S141;,-1.0143786940339778
PRKAA1,2,MARK3;S593;,-1.2680290097352278
PRKAA1,2,MARK3;T594;,-0.7622337971118112
PRKAA1,2,MATR3;S188;,-1.074174976592044
PRKAA1,2,MBD3;S85;,-1.1122525934610474
PRKAA1,2,MBD3;S86;,-1.2537462348113282
PRKAA1,2,MDM2;S138;,-0.9641910890299334
PRKAA1,2,MED1;S1465;,-1.1496966644571434
PRKAA1,2,MED1;S1467;,-1.187869641799768
PRKAA1,2,MED1;S1468;,-1.2235607119855223
PRKAA1,2,MED24;S860;,-1.1598139365664142
PRKAA1,2,MED24;S861;,-1.2348462846842903
PRKAA1,2,MEF2C;S226;,-1.1288564163035473
PRKAA1,2,MID1;S96;,-1.000587191605168
PRKAA1,2,MKL1;S571;,-0.9605199991952381
PRKAA1,2,MLL2;S2291;,-1.1178765966651691
PRKAA1,2,MLLT4;S216;,-1.2528554150294426
PRKAA1,2,MLLT4;S246;,-1.178657344480502
PRKAA1,2,MON2;S197;,-1.2074752596696385
PRKAA1,2,MPHOSPH10;S168;,1.0145097445478048
PRKAA1,2,MPRIP;S369;,-1.065806815848186
PRKAA1,2,MTFR1L;S100;,1.0780562100852313
PRKAA1,2,MTFR1L;S234;,1.0750625619797431
PRKAA1,2,MTFR1L;S235;,1.1423839006335184
PRKAA1,2,MTSS1L;S575;,-1.059673151772601
PRKAA1,2,MURC;S20;,-1.1359689289261388
PRKAA1,2,MUSK;S689;,-1.1922127884353524
PRKAA1,2,MUSK;S690;,-0.8650378420420934
PRKAA1,2,MYBBP1A;S1283;,-1.0452368185431486
PRKAA1,2,MYCBP2;S2750;,-1.091918345276188
PRKAA1,2,MYOZ2;T32;,-0.903961878381606
PRKAA1,2,NACA;S1125;,-1.0010792366747954
PRKAA1,2,NACA;S1345;,-1.0968897632375965
PRKAA1,2,NACA;S1454;,-0.956686664542883
PRKAA1,2,NACA;S1720;,-1.0058138594647708
PRKAA1,2,NACA;S914;,-1.0004687432361123
PRKAA1,2,NACA;S942;,-1.0763411817920434
PRKAA1,2,NCAPH;S24;,-1.1608232369229239
PRKAA1,2,NCOR1;S363;,-1.1577235826829069
PRKAA1,2,NCOR2;S1747;,-1.0348128160265542
PRKAA1,2,NDRG1;S330;,-0.9201614830597776
PRKAA1,2,NDRG1;T328;,-1.1270197037002276
PRKAA1,2,NDRG2;T334;,-1.1237204030502888
PRKAA1,2,NEK9;S16;,0.6168822358046393
PRKAA1,2,NEK9;S736;,-1.114463450594991
PRKAA1,2,NELFE;S131;,-1.1366121230103539
PRKAA1,2,NES;S1071;,0.9580151033751722
PRKAA1,2,NES;S1123;,-1.180871526525199
PRKAA1,2,NES;S1131;,1.0621414741479243
PRKAA1,2,NES;S620;,-1.1727360969273184
PRKAA1,2,NES;S784;,0.7678247199956892
PRKAA1,2,NEXN;S280;,-1.0581376374885192
PRKAA1,2,NFIX;S265;,-1.1758636865859855
PRKAA1,2,NHSL1;T1376;,-0.9664735989951923
PRKAA1,2,NUMA1;S1935;,-1.0985730241520735
PRKAA1,2,NUMA1;S1958;,-1.0596693529863617
PRKAA1,2,NUP35;S73;,-1.0291851727034014
PRKAA1,2,OPTN;S188;,1.067470236180121
PRKAA1,2,PACS2;S319;,-1.0657616535386414
PRKAA1,2,PAK1;S144;,-1.1860101160359287
PRKAA1,2,PAK1;S203;,-1.1492087201681442
PRKAA1,2,PAK2;S197;,-0.7654270860051302
PRKAA1,2,PARD3;S715;,-1.0051760257541322
PRKAA1,2,PARVA;S14;,-0.6846136072383562
PRKAA1,2,PATL1;S184;,-1.0281442244468886
PRKAA1,2,PBXIP1;S132;,-1.1599921512774554
PRKAA1,2,PBXIP1;S133;,-1.1477749641706991
PRKAA1,2,PCM1;S1280;,-1.0390672114321096
PRKAA1,2,PCM1;S380;,-1.2115443764163247
PRKAA1,2,PCM1;S384;,-1.074497344066548
PRKAA1,2,PDAP1;S176;,-1.1923764331740943
PRKAA1,2,PDAP1;S178;,-1.1612317033859372
PRKAA1,2,PDCD4;S420;,-1.0423764822804262
PRKAA1,2,PDCD4;S76;,-1.0966594936398264
PRKAA1,2,PDLIM7;S209;,-1.2414600474712285
PRKAA1,2,PDLIM7;T214;,-0.9112231062877408
PRKAA1,2,PDLIM7;T215;,-0.8964327094901081
PRKAA1,2,PDS5B;S1176;,-1.1575069647883336
PRKAA1,2,PDXDC1;T554;,-0.9975802771829458
PRKAA1,2,PELO;S55;,-1.2752866346434024
PRKAA1,2,PEX1;S1209;,-1.1684880999975464
PRKAA1,2,PFKFB2;S469;,-0.8261828383686763
PRKAA1,2,PHF1;S410;,-1.0442590234171938
PRKAA1,2,PHF1;S415;,-1.0130073649275797
PRKAA1,2,PHF2;S782;,-1.0052792170039087
PRKAA1,2,PHIP;S1251;,-1.1026314838481366
PRKAA1,2,PHLDB1;S431;,-1.148639278077104
PRKAA1,2,PHLDB1;S534;,-0.9414628136950065
PRKAA1,2,PHLDB2;S241;,-1.074201011746612
PRKAA1,2,PI4K2A;S43;,-1.2527161792874917
PRKAA1,2,PI4K2A;S46;,-1.098352875486024
PRKAA1,2,PI4K2A;S461;,-1.0849667151505182
PRKAA1,2,PI4K2A;S50;,-0.9349122844113688
PRKAA1,2,PID1;S230;,-1.1324814182736818
PRKAA1,2,PID1;S231;,-1.1527864947773165
PRKAA1,2,PID1;S232;,-1.0168725529535299
PRKAA1,2,PID1;S242;,-1.120572819933367
PRKAA1,2,PIEZO1;S1370;,-0.9483724416030244
PRKAA1,2,PIK3C2A;S261;,-1.1807653943888885
PRKAA1,2,PLEC;S4246;,-0.7884123823147775
PRKAA1,2,PLEC;S4249;,-1.166350664302165
PRKAA1,2,PNISR;S290;,-1.1986610130910769
PRKAA1,2,POM121;S370;,-1.1972691664713164
PRKAA1,2,PPAN;S233;,1.0004848805412963
PRKAA1,2,PPAN;S238;,0.9710140515261282
PRKAA1,2,PPAN;S240;,1.0482460366407778
PRKAA1,2,PPP1R12C;S508;,-0.9831674160112397
PRKAA1,2,PPP1R13L;S110;,-0.9892653496209212
PRKAA1,2,PPP1R13L;S154;,-1.1447003942669673
PRKAA1,2,PPP1R13L;S360;,-0.9161788891129801
PRKAA1,2,PPP6R2;S629;,-1.038649712238728
PRKAA1,2,PPP6R2;S719;,-1.0078736138403706
PRKAA1,2,PRKAA1;S496;,-1.1103275752827726
PRKAA1,2,PRKAB1;S108;,1.0903227273519025
PRKAA1,2,PRRC2A;S765;,-1.2299646830600302
PRKAA1,2,PRRC2B;S259;,-0.8870262051784231
PRKAA1,2,PSMA5;T55;,0.2694899639707963
PRKAA1,2,PSMC3;S12;,-1.1363963443875573
PRKAA1,2,PSMC3;S9;,-1.0964074557240318
PRKAA1,2,PTPN12;T544;,0.28616874019454625
PRKAA1,2,PTPN21;S599;,-1.0436826697446981
PRKAA1,2,PTPN21;S762;,-0.8551091949137141
PRKAA1,2,PTRF;S169;,-1.25741684753055
PRKAA1,2,PTRF;S171;,-1.204135643478071
PRKAA1,2,PUM2;S82;,-1.0194585423038434
PRKAA1,2,PXN;S106;,-1.2206344817860344
PRKAA1,2,PXN;S137;,-1.1955606143150777
PRKAA1,2,PXN;S83;,-1.0141675317165333
PRKAA1,2,RABGEF1;T142;,-0.5645909550300275
PRKAA1,2,RAF1;S295;,-1.1143168994148926
PRKAA1,2,RAF1;S296;,-1.0613633901088837
PRKAA1,2,RAI14;T249;,-0.9797127458774938
PRKAA1,2,RANBP10;S481;,0.5019878861492234
PRKAA1,2,RANBP3;S58;,-1.0586321183822656
PRKAA1,2,RAPGEF1;S306;,-1.1379161637989565
PRKAA1,2,RAPGEF1;S308;,-1.1403712211713202
PRKAA1,2,RAVER1;S576;,-0.9521358994343437
PRKAA1,2,RB1CC1;S243;,-1.1631454441343756
PRKAA1,2,RBM3;S145;,-1.105709703702625
PRKAA1,2,RBM7;S72;,-1.042425042406057
PRKAA1,2,RFX7;S1177;,-1.1263600694929627
PRKAA1,2,RGD1307838;S900;,-1.0900178017407642
PRKAA1,2,RGD1307838;S903;,-1.200194075013542
PRKAA1,2,RGD1308297;S518;,-1.187118265038687
PRKAA1,2,RGD1309586;S243;,-1.163457533502071
PRKAA1,2,RGD1309586;S59;,-0.6058784176519583
PRKAA1,2,RGD1310016;S1171;,1.0001406967557818
PRKAA1,2,RGD1311783;S45;,1.1548457625734565
PRKAA1,2,RGD1311783;S46;,1.0733021325796843
PRKAA1,2,RGD1560225;S763;,-1.0523672633101686
PRKAA1,2,RGD1561609;S759;,-0.9716206165004521
PRKAA1,2,RGD1562639;S1035;,-1.1690552879066398
PRKAA1,2,RGD1566017;S802;,-1.186378401688981
PRKAA1,2,RIN2;S494;,-1.0487842384714647
PRKAA1,2,RIPK2;S412;,0.999863338958395
PRKAA1,2,RNF40;S586;,-1.164443045882165
PRKAA1,2,RPS6KA3;S715;,-1.0747598546175072
PRKAA1,2,RPS6KA4;S681;,-1.090875789576654
PRKAA1,2,RPS6KA4;S682;,-1.1447590481079006
PRKAA1,2,RPS6KB1;S404;,-1.1351038972978171
PRKAA1,2,RPTOR;S863;,-1.0503134468150899
PRKAA1,2,RRP1B;S524;,-1.1353212150888383
PRKAA1,2,RRP1B;T521;,-1.0001424608199931
PRKAA1,2,RTF1;S416;,-1.1975685159311988
PRKAA1,2,RUFY1;S50;,-1.0181839465167324
PRKAA1,2,RUNX1T1;T568;,-0.908365873740787
PRKAA1,2,SAMD4B;S271;,-0.9221628772982114
PRKAA1,2,SAP30L;T91;,-0.8596424836172193
PRKAA1,2,SBF1;S1141;,0.3327751924790173
PRKAA1,2,SCRIB;S1315;,-1.0662108309631415
PRKAA1,2,SCRIB;S1529;,-1.08940017325727
PRKAA1,2,SENP7;S47;,-0.9730883652666479
PRKAA1,2,SETD2;S511;,-1.1599288220093669
PRKAA1,2,SF3B1;T326;,0.2795275640564753
PRKAA1,2,SFPQ;T586;,-0.9398212506046416
PRKAA1,2,SGTA;S306;,-1.0769461047457671
PRKAA1,2,SGTA;S308;,-1.2227531620246337
PRKAA1,2,SH3BP5;S420;,-0.9356707564052571
PRKAA1,2,SH3D19;S274;,-0.9749270884848623
PRKAA1,2,SH3PXD2A;S368;,0.9996009113613756
PRKAA1,2,SH3PXD2A;S495;,-1.1989522800449022
PRKAA1,2,SH3PXD2A;S956;,-1.0207572470710926
PRKAA1,2,SHC3;S359;,-1.0313236191005413
PRKAA1,2,SIK2;S673;,-1.0663100562551202
PRKAA1,2,SIPA1L1;S1408;,0.8611793212758279
PRKAA1,2,SIPA1L1;S1411;,1.033533225443058
PRKAA1,2,SIPA1L1;S288;,-1.0702716935345233
PRKAA1,2,SLC2A13;S38;,1.0815018135796812
PRKAA1,2,SLC2A13;S44;,1.0964875687752746
PRKAA1,2,SLC2A13;S47;,1.0078947555334496
PRKAA1,2,SLC4A7;S1171;,0.8874392575260233
PRKAA1,2,SLC4A7;S263;,1.0631006248645778
PRKAA1,2,SLK;S778;,0.9448896709396862
PRKAA1,2,SMCR7L;S59;,-0.9619487726524149
PRKAA1,2,SMCR8;S416;,-1.2275536072614877
PRKAA1,2,SMCR8;S486;,1.1406235462272767
PRKAA1,2,SMCR8;S488;,1.0652825920351718
PRKAA1,2,SMCR8;S491;,1.131721038607471
PRKAA1,2,SMCR8;S497;,0.9635366159666451
PRKAA1,2,SMG6;S537;,-1.1057993162748423
PRKAA1,2,SNW1;S224;,0.9650283193186754
PRKAA1,2,SNX8;S454;,-1.0737291723419429
PRKAA1,2,SON;S94;,-1.2044664665168983
PRKAA1,2,SORBS1;S857;,-1.0720012477600351
PRKAA1,2,SOS1;S1120;,-1.0268033769689997
PRKAA1,2,SOX6;S399;,-1.0777300661857607
PRKAA1,2,SOX6;S402;,-1.0516575154307417
PRKAA1,2,SOX6;T401;,-1.0224533867976924
PRKAA1,2,SPAG7;S219;,-1.1945313654421943
PRKAA1,2,SPAG9;S203;,-1.1304017851722514
PRKAA1,2,SPAG9;S716;,-1.0265287940378665
PRKAA1,2,SPHK2;S379;,1.0287548371611186
PRKAA1,2,SRPK2;S487;,-1.003309977238331
PRKAA1,2,SRRM2;S2228;,-1.1074689978611656
PRKAA1,2,SRRM2;S2338;,-1.0769329708546147
PRKAA1,2,SRSF10;S131;,1.0000147203162375
PRKAA1,2,SRSF11;S200;,-1.118376017422634
PRKAA1,2,STARD13;S334;,-1.1178310373378537
PRKAA1,2,STAT3;S727;,-0.8558395334797446
PRKAA1,2,STIM1;S257;,0.7429955476595554
PRKAA1,2,STIM1;S523;,0.8078371122171891
PRKAA1,2,STIM1;S524;,0.9197380516948667
PRKAA1,2,STIM2;S675;,0.955730371459013
PRKAA1,2,STK11IP;S443;,-1.1441073711643128
PRKAA1,2,STK3;S385;,-1.2585835971880523
PRKAA1,2,STMN1;S16;,-1.1728033316232687
PRKAA1,2,STMN1;S25;,-1.0315793645448685
PRKAA1,2,STMN1;S38;,-0.8847405165934304
PRKAA1,2,STRN3;S227;,-1.2259839533491155
PRKAA1,2,SUN2;S12;,-1.2388785871689094
PRKAA1,2,SVIL;S1177;,-1.1858698136622914
PRKAA1,2,SVIL;S259;,-1.103328908263557
PRKAA1,2,SVIL;S531;,-1.1693500093306644
PRKAA1,2,SYNPO2L;S401;,-1.0004760447244156
PRKAA1,2,SYNPO2L;T141;,0.4050167886606142
PRKAA1,2,SZT2;S1641;,-1.0960351247987856
PRKAA1,2,TACC2;S575;,-0.7300884279611234
PRKAA1,2,TANC2;S1447;,-1.1891018716595165
PRKAA1,2,TBC1D1;S231;,1.1137958991988937
PRKAA1,2,TBC1D1;S662;,1.19235056371807
PRKAA1,2,TBC1D1;T590;,-0.8659128501550758
PRKAA1,2,TBC1D16;S382;,-1.2075083849406696
PRKAA1,2,TCF12;S583;,-1.0340927012622976
PRKAA1,2,TDRD3;S256;,-1.1017416141395218
PRKAA1,2,TENC1;T996;,-0.947600907231566
PRKAA1,2,TFE3;S531;,-0.8004805777962629
PRKAA1,2,TJP1;S1602;,-1.1079256729047382
PRKAA1,2,TJP1;S1604;,-1.1772190302375283
PRKAA1,2,TJP2;S147;,-1.259119069544205
PRKAA1,2,TMEM245;S327;,-0.6090600426794858
PRKAA1,2,TMEM55A;S14;,1.054419887076321
PRKAA1,2,TNKS1BP1;S1642;,-1.0110921879449974
PRKAA1,2,TNRC6B;S306;,-1.108980131697083
PRKAA1,2,TNRC6B;S421;,-1.1750489874504553
PRKAA1,2,TRAK1;S390;,-1.1338891733398133
PRKAA1,2,TRAK1;S905;,1.1335056071226135
PRKAA1,2,TRAPPC12;S314;,-1.1363776892048394
PRKAA1,2,TRIM28;S474;,-1.086142100740595
PRKAA1,2,TRIO;S2459;,-1.0912627889729547
PRKAA1,2,TRIO;S2463;,-1.0312633618909604
PRKAA1,2,TRIP12;T1454;,-1.10179845503286
PRKAA1,2,TSC2;S939;,-0.9910890175758659
PRKAA1,2,TSSC4;S190;,-1.1124191442839395
PRKAA1,2,TTN;S305;,0.9663386022346748
PRKAA1,2,UBA1;S13;,-1.0253791975790183
PRKAA1,2,UBA5;S380;,-1.1328787489784715
PRKAA1,2,UBE2O;S835;,-0.9936225889860858
PRKAA1,2,UBE2O;T830;,0.24014794921872562
PRKAA1,2,UBE4B;S88;,-1.0745639622086178
PRKAA1,2,ULK1;S450;,-1.1809028340455694
PRKAA1,2,ULK1;S465;,1.1242160484385968
PRKAA1,2,ULK1;S477;,-0.9179693826821396
PRKAA1,2,ULK1;S479;,-1.063068236360675
PRKAA1,2,ULK1;S637;,1.1373867906041248
PRKAA1,2,ULK1;T468;,0.32804161286680134
PRKAA1,2,ULK1;T659;,0.6514274924498458
PRKAA1,2,USP10;S224;,-1.0648118578923937
PRKAA1,2,VAPA;S164;,0.953964038894091
PRKAA1,2,VIM;S420;,0.8737651282452775
PRKAA1,2,VIM;S430;,0.6659710509663314
PRKAA1,2,VIM;T426;,0.85436175621522
PRKAA1,2,VPS26B;S304;,0.9942961045863464
PRKAA1,2,WIPF2;S235;,-1.1030398718472094
PRKAA1,2,WNK1;S165;,-1.1338617561401871
PRKAA1,2,WWC3;S955;,-1.2327783199392741
PRKAA1,2,YAP1;S46;,1.0713905898412457
PRKAA1,2,ZC3H13;S368;,1.0648133652942333
PRKAA1,2,ZC3HAV1;S307;,-1.079656770707198
PRKAA1,2,ZC3HAV1;S325;,-1.2124901981101914
PRKAA1,2,ZC3HAV1;S544;,-1.1868084302008604
PRKAA1,2,ZC3HC1;S343;,-1.0231036985823405
PRKAA1,2,ZC3HC1;T351;,-0.8542897954605753
PRKAA1,2,ZFP295;S411;,-1.0424252228336306
PRKAA1,2,ZFYVE16;S903;,-1.051336786999714
PRKAA1,2,ZNRF2;S148;,-1.1766645854408904
PRKAA1,2,ZNRF2;S154;,-1.1232840572112366
PRKAA1,2,ZNRF2;S18;,-1.063063152902765
PRKAA1,2,ZNRF2;S81;,-0.9584423706615278
PRKAA1,2,ZYX;S143;,-1.1964511274985632
PRKAA1,2,ZYX;S144;,-1.21149618496606
PRKAA1,2,ZYX;S336;,-1.1538093018208064
PRKAA1,2,ZZEF1;S1516;,-0.9635107547697784
PRKAA1,2,ZZEF1;S1535;,-0.9995478700204399
PRKAA1,3,AAK1;S677;,-1.1109715265571216
PRKAA1,3,ABCC4;S604;,-1.0764142477924357
PRKAA1,3,ABI2;S165;,-1.0991180375577008
PRKAA1,3,ABI2;S168;,-1.2077918371994434
PRKAA1,3,ABL2;S799;,-1.187932644843056
PRKAA1,3,ABLIM3;S566;,-1.1852309442580902
PRKAA1,3,ABLIM3;S575;,0.024733874978019987
PRKAA1,3,ACACA;S79;,1.1637248515211098
PRKAA1,3,ACIN1;S711;,-1.1644438006324822
PRKAA1,3,ADD1;S613;,-1.2039962729301907
PRKAA1,3,ADD1;T614;,-0.9197345711433691
PRKAA1,3,ADNP;S971;,-1.1439320999356575
PRKAA1,3,AFF4;S823;,-0.9529497418043045
PRKAA1,3,AGAP3;S107;,-1.0516736554106731
PRKAA1,3,AHCTF1;S1214;,1.1357544356942508
PRKAA1,3,AHNAK;S1191;,0.8227426321315625
PRKAA1,3,AHNAK;S177;,-1.2283166186653227
PRKAA1,3,AHNAK;S2060;,-1.1702001726542137
PRKAA1,3,AHNAK;S211;,-1.1115029780130015
PRKAA1,3,AHNAK;S2117;,0.8089131224994104
PRKAA1,3,AHNAK;S222;,1.1392548914106986
PRKAA1,3,AHNAK;S3915;,-1.2093961339261432
PRKAA1,3,AHNAK;S42;,-1.186530732812628
PRKAA1,3,AHNAK;S4597;,-1.068544094640263
PRKAA1,3,AHNAK;S5243;,-1.0586752028610404
PRKAA1,3,AHNAK;T4049;,-0.7869827272992507
PRKAA1,3,AHNAK2;S425;,-1.1709562058972076
PRKAA1,3,AHNAK2;T438;,-1.1445071288437598
PRKAA1,3,AIMP1;S110;,-1.1878724383827781
PRKAA1,3,AJUBA;S129;,-1.0162970311898774
PRKAA1,3,AKAP1;S103;,1.1113797592475203
PRKAA1,3,AKAP10;S278;,-1.2303534554764919
PRKAA1,3,AKAP11;S1090;,0.25435112027288054
PRKAA1,3,AKAP11;S21;,-1.2157672227907554
PRKAA1,3,AKAP11;S23;,-1.2216386392525411
PRKAA1,3,AKAP11;S448;,-1.1292093617763062
PRKAA1,3,AKAP13;S2515;,-1.0439308218706174
PRKAA1,3,AKAP2;S152;,-0.9563925583909689
PRKAA1,3,AKAP2;S730;,-1.1363223012742452
PRKAA1,3,AKAP6;S562;,1.097869147765251
PRKAA1,3,AKAP9;S3669;,-1.1310640261697795
PRKAA1,3,AKT1S1;S184;,-1.1847102657803008
PRKAA1,3,AKT1S1;T247;,-1.2445403140279854
PRKAA1,3,ALKBH5;S362;,-1.0738949879880666
PRKAA1,3,ALKBH5;S376;,-1.2445855552187892
PRKAA1,3,AMOTL1;S580;,1.0226385807065885
PRKAA1,3,ANP32A;S15;,-1.1594352962537193
PRKAA1,3,AP3D1;S755;,-1.0208069464608915
PRKAA1,3,ARFGAP2;S145;,-1.1057675938890772
PRKAA1,3,ARFGEF2;S214;,-1.0527381463958867
PRKAA1,3,ARFIP1;S39;,1.2527930336763677
PRKAA1,3,ARHGAP17;S710;,-1.1231084084250949
PRKAA1,3,ARHGAP22;S200;,-1.0502019555583213
PRKAA1,3,ARHGAP22;S236;,-1.1420647673117272
PRKAA1,3,ARHGAP35;S1174;,-1.2073804783139264
PRKAA1,3,ARHGAP39;S284;,-1.1864578364464682
PRKAA1,3,ARHGAP5;S1195;,-1.2543454211840153
PRKAA1,3,ARHGAP5;S1202;,-1.0333448393594369
PRKAA1,3,ARHGAP5;S967;,-1.1425353741639914
PRKAA1,3,ARHGEF12;S337;,-1.0766743626398727
PRKAA1,3,ARHGEF12;S341;,-1.1284181954815797
PRKAA1,3,ARHGEF17;S995;,0.9775078463989251
PRKAA1,3,ARHGEF5;S721;,-1.2414543149253263
PRKAA1,3,ARPP21;S256;,0.24553254891186943
PRKAA1,3,ATF7;T53;,0.4751144619494471
PRKAA1,3,ATG14;S5;,-1.2108321135709097
PRKAA1,3,ATG2A;S1246;,-1.1228914310926654
PRKAA1,3,ATG2B;S240;,-1.1105401801267645
PRKAA1,3,ATG2B;S255;,-1.1315969124109644
PRKAA1,3,ATRX;S761;,-1.1334151467119782
PRKAA1,3,ATXN2;S622;,-1.1458373350273403
PRKAA1,3,ATXN2L;S109;,-1.056594782283963
PRKAA1,3,ATXN2L;S447;,-1.039706439840779
PRKAA1,3,AZI1;S114;,-0.9893020570584521
PRKAA1,3,AZI1;S304;,-1.1199163892913753
PRKAA1,3,BAD;S171;,1.0000717417633442
PRKAA1,3,BAG3;S271;,-1.0274400717492946
PRKAA1,3,BAG3;S387;,-1.158791241793485
PRKAA1,3,BAG3;S388;,-1.0525025013699323
PRKAA1,3,BAIAP2L1;S218;,-1.0642196579106302
PRKAA1,3,BAIAP2L1;S380;,0.8692158225477262
PRKAA1,3,BAZ2A;S1388;,-1.0576911220758223
PRKAA1,3,BBX;S243;,-1.07559454809107
PRKAA1,3,BCL9L;S116;,-1.1881553161405276
PRKAA1,3,BCL9L;S21;,1.0004991344728078
PRKAA1,3,BCL9L;S25;,-0.9632946645856433
PRKAA1,3,BICD2;S611;,-0.9832140416177639
PRKAA1,3,BICD2;S819;,-1.0615115255106793
PRKAA1,3,BRAF;S134;,-1.1114358093584695
PRKAA1,3,BRD8;S274;,-0.9887284415557647
PRKAA1,3,BRD8;T270;,-1.0766691376701032
PRKAA1,3,BSDC1;S216;,-1.1191478734860376
PRKAA1,3,C2CD4C;S262;,-1.1025526985034213
PRKAA1,3,CACNB1;S53;,-1.1318575881107638
PRKAA1,3,CALD1;S527;,-1.1260656471968364
PRKAA1,3,CAMK2D;T371;,0.44538222409267486
PRKAA1,3,CAMSAP1;S1154;,-1.108022024060211
PRKAA1,3,CAMSAP1;S517;,-1.1943835690446583
PRKAA1,3,CAP2;S301;,-1.1054341658618851
PRKAA1,3,CBX5;S93;,-1.0428904741381655
PRKAA1,3,CCDC6;S143;,-1.1189730446022204
PRKAA1,3,CCDC88A;S1638;,-1.1105447600988023
PRKAA1,3,CCDC91;S71;,-1.1439505606861977
PRKAA1,3,CDC42EP2;S137;,-1.0380503836616477
PRKAA1,3,CDC42EP2;S141;,-1.0487223571870103
PRKAA1,3,CDC42EP4;S140;,-1.0750996615750597
PRKAA1,3,CDKN1A;S69;,-1.2138652173506912
PRKAA1,3,CDKN1B;S12;,-1.1749525227667186
PRKAA1,3,CDKN1B;S7;,-1.2667516730857675
PRKAA1,3,CEP170B;S1166;,-1.1202937258939707
PRKAA1,3,CEP68;S503;,-0.5441612178464645
PRKAA1,3,CEP68;S510;,-0.9918559902747659
PRKAA1,3,CHAMP1;S532;,-0.9976539052556557
PRKAA1,3,CHD8;S549;,1.0491636312029526
PRKAA1,3,CHRND;S379;,0.9477324191780834
PRKAA1,3,CIC;S1394;,-1.1219207372212403
PRKAA1,3,CIC;S1399;,-1.1986702690074171
PRKAA1,3,CLASP2;S331;,1.0800543473453665
PRKAA1,3,CLIP1;S159;,-1.0971537270605736
PRKAA1,3,COBL;S31;,1.2211556153032028
PRKAA1,3,COBL;S34;,1.216417181356929
PRKAA1,3,COG3;S536;,1.0524084947493946
PRKAA1,3,CORO7;S298;,1.335550316132043
PRKAA1,3,DAB2IP;S802;,-1.0739981191951078
PRKAA1,3,DAP;S2;,-1.1975321563012435
PRKAA1,3,DAP;S3;,-1.1349754701425696
PRKAA1,3,DBNDD1;S123;,-1.1649547242555136
PRKAA1,3,DCAF6;S336;,-1.2278725594029543
PRKAA1,3,DCLK1;S30;,0.9745169893052743
PRKAA1,3,DDX19A;S86;,-1.0766544241257103
PRKAA1,3,DDX3X;S261;,-0.9200404296279832
PRKAA1,3,DENND4C;S1037;,1.2005555567960657
PRKAA1,3,DLG2;S323;,-1.0371117369561942
PRKAA1,3,DLG2;S328;,-1.1453354519741605
PRKAA1,3,DMXL1;S574;,0.918391443315312
PRKAA1,3,DNAJC2;T48;,-0.957040681682245
PRKAA1,3,DNAJC25;T353;,-0.7696496346573625
PRKAA1,3,DOCK6;S1339;,-0.807595997088181
PRKAA1,3,DOCK7;S1361;,-1.029757701454931
PRKAA1,3,DOCK7;S2107;,-1.2111036427095632
PRKAA1,3,DOPEY1;S1261;,-1.0891428663560985
PRKAA1,3,DTNA;S606;,-1.1195481695847809
PRKAA1,3,DUSP27;S366;,-1.1173064747677226
PRKAA1,3,DUSP27;S368;,-1.2287893605451257
PRKAA1,3,DUSP27;S370;,-1.185871698115695
PRKAA1,3,DUSP27;S427;,-1.2389376993121985
PRKAA1,3,DYNC1H1;S4365;,-1.1820137646342577
PRKAA1,3,DYNC1I2;S81;,-0.9675230792406329
PRKAA1,3,EEF2;T57;,0.4364724075039544
PRKAA1,3,EEF2K;S365;,-0.14341727279410574
PRKAA1,3,EHBP1L1;S1363;,1.180302970422545
PRKAA1,3,EHD4;S459;,-1.1867144624427195
PRKAA1,3,EIF3A;S584;,-1.095545392457813
PRKAA1,3,EIF4B;S422;,-1.0242831987608494
PRKAA1,3,EIF4B;S424;,-1.210629750883936
PRKAA1,3,EIF4B;S425;,-1.1069532197675522
PRKAA1,3,EIF4B;T420;,-1.2581955686496067
PRKAA1,3,EIF4EBP1;S64;,-1.1588866381383176
PRKAA1,3,EIF4EBP2;S2;,-1.1788404455405572
PRKAA1,3,EIF5B;S183;,-1.0750393610788525
PRKAA1,3,ELMSAN1;S456;,-0.9735261007919722
PRKAA1,3,EPS8;S659;,-1.1214160817573149
PRKAA1,3,ETL4;S1844;,-0.9611952882824828
PRKAA1,3,ETV3;S139;,-1.1324512318651156
PRKAA1,3,FAM120C;S55;,-1.1250874362174093
PRKAA1,3,FAM134C;S313;,0.7789690164940939
PRKAA1,3,FAM134C;S320;,0.12828963547656358
PRKAA1,3,FAM171A2;S423;,-1.139749677928441
PRKAA1,3,FAM65A;S752;,-1.1278805552576328
PRKAA1,3,FBXO30;S379;,-1.1120360459034977
PRKAA1,3,FHOD1;S489;,-1.1518487780500168
PRKAA1,3,FHOD1;S501;,-0.9897455074103829
PRKAA1,3,FHOD1;S504;,-1.07627888850464
PRKAA1,3,FHOD1;S513;,-1.1155081676468501
PRKAA1,3,FHOD1;S523;,-1.0314965753877674
PRKAA1,3,FLNC;S2147;,-1.172302895498989
PRKAA1,3,FLNC;S2234;,-1.1314367151350877
PRKAA1,3,FMN1;S589;,-1.1416257672968129
PRKAA1,3,FOSL2;S320;,-0.9901897959125543
PRKAA1,3,FOSL2;T322;,-1.0928316094684736
PRKAA1,3,FOXK1;S225;,-1.036631143329645
PRKAA1,3,FOXK2;T200;,-1.0052777906482457
PRKAA1,3,FOXO3;S252;,-1.0660460773662082
PRKAA1,3,FRMD8;S21;,-1.2292937212353703
PRKAA1,3,FRYL;T1959;,-1.1911438485746726
PRKAA1,3,GAB1;S418;,-1.10886226996269
PRKAA1,3,GAB2;S142;,-1.1450743637545362
PRKAA1,3,GAB2;S143;,-0.9839602950651702
PRKAA1,3,GAB2;S211;,-1.1134949619500518
PRKAA1,3,GAB2;S365;,-1.1623491563104087
PRKAA1,3,GAB2;T388;,-1.2258576496598521
PRKAA1,3,GATAD2A;S103;,1.202310941925082
PRKAA1,3,GATAD2A;S96;,1.1747807350461636
PRKAA1,3,GATAD2B;S338;,-1.0353936211443548
PRKAA1,3,GBF1;S1786;,-0.831404573919279
PRKAA1,3,GIGYF1;S28;,-1.0097486768600268
PRKAA1,3,GIT2;S568;,-1.234636488784168
PRKAA1,3,GOLGA4;S116;,1.1609277581430588
PRKAA1,3,GSK3A;S21;,-1.0122231529893153
PRKAA1,3,GSK3A;S41;,-1.2333580995169826
PRKAA1,3,GSK3B;S9;,-0.9927908471926441
PRKAA1,3,GYS1;S728;,-0.9772891246252622
PRKAA1,3,HBP1;S401;,-1.050769801864708
PRKAA1,3,HBS1L;S147;,-1.2454580599346734
PRKAA1,3,HDAC6;S21;,-1.117607570870066
PRKAA1,3,HECTD1;S1392;,-1.0456485246806333
PRKAA1,3,HECTD1;S1393;,-1.1183920256662467
PRKAA1,3,HECTD1;S1573;,0.9258052071944136
PRKAA1,3,HELB;S944;,-0.9941581754609616
PRKAA1,3,HERC1;S1163;,-1.0678698683726173
PRKAA1,3,HERC1;T1154;,-1.1614997831560703
PRKAA1,3,HIRIP3;S27;,-1.1911794000153895
PRKAA1,3,HN1L;S97;,-1.0876716898936019
PRKAA1,3,HOMER3;S158;,-1.0664121905264294
PRKAA1,3,HUWE1;S1876;,-1.174685691803845
PRKAA1,3,HUWE1;S3639;,-1.1985762224270529
PRKAA1,3,HUWE1;S3898;,-1.0127909365602297
PRKAA1,3,HUWE1;T3903;,-0.9459831897153999
PRKAA1,3,IREB2;S178;,-1.2781226050945844
PRKAA1,3,IRF2BPL;S69;,-1.0850798566680546
PRKAA1,3,ITSN1;S1063;,-0.7220238996257478
PRKAA1,3,ITSN1;S315;,-1.1357624678369749
PRKAA1,3,JMY;S56;,-1.069720948461712
PRKAA1,3,JSRP1;S47;,-1.1935565578293756
PRKAA1,3,KANK2;S358;,-1.158987933153998
PRKAA1,3,KCTD3;S809;,1.15666450533227
PRKAA1,3,KDM2A;S718;,-1.016493168905377
PRKAA1,3,KDM2A;T713;,-0.9393641492836926
PRKAA1,3,KDM5C;S316;,-1.1687823109384445
PRKAA1,3,KPNA1;S2;,-1.0611082725883108
PRKAA1,3,KPNA1;T3;,-0.7787701459631313
PRKAA1,3,LAMTOR1;S98;,-1.1560805655568642
PRKAA1,3,LARP1;S916;,-0.9992844325550956
PRKAA1,3,LARP1;T932;,-0.936719831568734
PRKAA1,3,LARP4B;S498;,-1.1168077206409877
PRKAA1,3,LDB3;S112;,-1.1466924558191671
PRKAA1,3,LIMA1;S360;,-1.061113130625172
PRKAA1,3,LIMA1;S603;,-1.0629644923084731
PRKAA1,3,LIMA1;S608;,-1.063295104544266
PRKAA1,3,LIMA1;S703;,-1.0284104307652726
PRKAA1,3,LMNA;S404;,-1.0679452457633778
PRKAA1,3,LMNA;S406;,-1.1986054085477011
PRKAA1,3,LMNA;S407;,-1.191969551663212
PRKAA1,3,LMNA;S423;,-1.1745446181236225
PRKAA1,3,LMNA;S424;,-1.1887143155480793
PRKAA1,3,LMO7;S1541;,-1.172920964199925
PRKAA1,3,LMO7;S1543;,-1.1446362183206857
PRKAA1,3,LOC100360205;S239;,-1.1071020750573626
PRKAA1,3,LOC100365259;S393;,-0.8389967151523006
PRKAA1,3,LOC100910104;S475;,-1.11796615665829
PRKAA1,3,LOC100910104;S532;,1.129416993572419
PRKAA1,3,LOC100910104;S719;,-1.0794631227245886
PRKAA1,3,LOC100910646;S166;,-1.179471706133976
PRKAA1,3,LOC100911178;S1643;,-1.1435087337446446
PRKAA1,3,LOC100911302;S1721;,-1.0218079275447598
PRKAA1,3,LOC100911677;S490;,1.117216067300267
PRKAA1,3,LOC100912115;S649;,-1.0469935593730808
PRKAA1,3,LOC312502;S1164;,-1.1224374843911045
PRKAA1,3,LOC312502;S138;,1.2424420243439154
PRKAA1,3,LOC312502;S139;,1.256403905792005
PRKAA1,3,LOC312502;S483;,-0.9992502445385438
PRKAA1,3,LOC683007;S1204;,-1.0963464795503233
PRKAA1,3,LOC683007;S1207;,-1.1989144597623156
PRKAA1,3,LOC684259;S780;,1.1104850665824617
PRKAA1,3,LOC685707;S1251;,-1.0202704585772668
PRKAA1,3,LRRFIP2;S18;,-1.2056018524644938
PRKAA1,3,LRRFIP2;T136;,-1.1710926462870868
PRKAA1,3,LYSMD1;S33;,1.1613971548601152
PRKAA1,3,MACF1;S1376;,-1.0888895721091782
PRKAA1,3,MACF1;S5293;,-1.0496177622896679
PRKAA1,3,MAF1;S60;,-1.0789060383363291
PRKAA1,3,MAP1A;S1757;,-1.0065789529097324
PRKAA1,3,MAP1A;T2177;,-0.9890390863142442
PRKAA1,3,MAP1A;T504;,-1.0118826281445372
PRKAA1,3,MAP1B;S1257;,-0.9972966628356139
PRKAA1,3,MAP1B;S1389;,-1.041464539164159
PRKAA1,3,MAP1B;S1393;,-1.0077436619814462
PRKAA1,3,MAP1B;T1781;,-0.23438028842680733
PRKAA1,3,MAP1S;S683;,-0.9959237608026865
PRKAA1,3,MAP4;S902;,1.1774702378595083
PRKAA1,3,MAP4K4;S591;,-1.1880234481373688
PRKAA1,3,MAP4K4;S791;,1.3107033070022056
PRKAA1,3,MAP4K4;S794;,1.2400656290210654
PRKAA1,3,MAPK1;Y185;,-0.48843997507970743
PRKAA1,3,MAPK14;Y182;,-0.4267709370651132
PRKAA1,3,MAPK8;Y185;,0.1271012423202142
PRKAA1,3,MARCKS;S141;,-1.0694897689272211
PRKAA1,3,MARK3;S593;,-1.2588097110187433
PRKAA1,3,MARK3;T594;,-1.0214625766833165
PRKAA1,3,MATR3;S188;,-1.094583707577636
PRKAA1,3,MBD3;S85;,-1.147181534012202
PRKAA1,3,MBD3;S86;,-1.2609831843839325
PRKAA1,3,MDM2;S138;,-1.059433475867472
PRKAA1,3,MED1;S1465;,-1.1773125623779734
PRKAA1,3,MED1;S1467;,-1.2270562324640633
PRKAA1,3,MED1;S1468;,-1.213043868315174
PRKAA1,3,MED24;S860;,-1.1409339223503145
PRKAA1,3,MED24;S861;,-1.1948794769361055
PRKAA1,3,MEF2C;S226;,-1.056643600779002
PRKAA1,3,MID1;S96;,-1.057209543335564
PRKAA1,3,MKL1;S571;,-1.0083083729034532
PRKAA1,3,MLL2;S2291;,-1.1018715581078855
PRKAA1,3,MLLT4;S216;,-1.2542757165804115
PRKAA1,3,MLLT4;S246;,-1.1457226499616529
PRKAA1,3,MON2;S197;,-1.2366992825278704
PRKAA1,3,MPHOSPH10;S168;,1.215685410325446
PRKAA1,3,MPRIP;S369;,-1.0732197233191914
PRKAA1,3,MTFR1L;S100;,1.1312717897907427
PRKAA1,3,MTFR1L;S234;,1.20447408867757
PRKAA1,3,MTFR1L;S235;,1.2839352567186302
PRKAA1,3,MTSS1L;S575;,-1.0869459264022763
PRKAA1,3,MURC;S20;,-1.1435548231523824
PRKAA1,3,MUSK;S689;,-1.1921537791272858
PRKAA1,3,MUSK;S690;,-1.0227132584866945
PRKAA1,3,MYBBP1A;S1283;,-1.0573467366212568
PRKAA1,3,MYCBP2;S2750;,-1.1460100074750856
PRKAA1,3,MYOZ2;T32;,-0.8811648317235325
PRKAA1,3,NACA;S1125;,-1.0145416181428148
PRKAA1,3,NACA;S1345;,-1.077119547520504
PRKAA1,3,NACA;S1454;,-0.9891113664240931
PRKAA1,3,NACA;S1720;,-1.0362401585944245
PRKAA1,3,NACA;S914;,-0.9784752483061356
PRKAA1,3,NACA;S942;,-1.0586843473369167
PRKAA1,3,NCAPH;S24;,-1.1319016185157411
PRKAA1,3,NCOR1;S363;,-1.1199292760280284
PRKAA1,3,NCOR2;S1747;,-1.0880490527206226
PRKAA1,3,NDRG1;S330;,-1.037684377628726
PRKAA1,3,NDRG1;T328;,-1.2378039040594015
PRKAA1,3,NDRG2;T334;,-1.2080248790664072
PRKAA1,3,NEK9;S16;,0.8490761637859063
PRKAA1,3,NEK9;S736;,-1.1503032182899848
PRKAA1,3,NELFE;S131;,-1.12721922322653
PRKAA1,3,NES;S1071;,1.1297986849633537
PRKAA1,3,NES;S1123;,-1.2070874671756218
PRKAA1,3,NES;S1131;,1.1386213488396468
PRKAA1,3,NES;S620;,-1.1432790210427441
PRKAA1,3,NES;S784;,1.004347830130721
PRKAA1,3,NEXN;S280;,-1.1403572593814848
PRKAA1,3,NFIX;S265;,-1.1764694349693152
PRKAA1,3,NHSL1;T1376;,-0.9280265701263044
PRKAA1,3,NUMA1;S1935;,-1.1583758421098285
PRKAA1,3,NUMA1;S1958;,-1.113574337390601
PRKAA1,3,NUP35;S73;,-1.054769836768578
PRKAA1,3,OPTN;S188;,1.1444187491536018
PRKAA1,3,PACS2;S319;,-1.0873448001560075
PRKAA1,3,PAK1;S144;,-1.179172732480818
PRKAA1,3,PAK1;S203;,-1.2397458039334892
PRKAA1,3,PAK2;S197;,-0.9765552730495239
PRKAA1,3,PARD3;S715;,-1.091995948790831
PRKAA1,3,PARVA;S14;,-0.8689571367554929
PRKAA1,3,PATL1;S184;,-1.056552822346453
PRKAA1,3,PBXIP1;S132;,-1.1878424791452837
PRKAA1,3,PBXIP1;S133;,-1.1227174729761225
PRKAA1,3,PCM1;S1280;,-1.1041877930505724
PRKAA1,3,PCM1;S380;,-1.2291818002586292
PRKAA1,3,PCM1;S384;,-1.1083839457284377
PRKAA1,3,PDAP1;S176;,-1.1612895569132111
PRKAA1,3,PDAP1;S178;,-1.2146032865160792
PRKAA1,3,PDCD4;S420;,-1.1189146484291417
PRKAA1,3,PDCD4;S76;,-1.139246167248995
PRKAA1,3,PDLIM7;S209;,-1.2093461093934035
PRKAA1,3,PDLIM7;T214;,-1.07399291838541
PRKAA1,3,PDLIM7;T215;,-0.8864417584367044
PRKAA1,3,PDS5B;S1176;,-1.1334121032212765
PRKAA1,3,PDXDC1;T554;,-0.952699656047187
PRKAA1,3,PELO;S55;,-1.244373749593251
PRKAA1,3,PEX1;S1209;,-1.1931428834627757
PRKAA1,3,PFKFB2;S469;,-0.9997885326229321
PRKAA1,3,PHF1;S410;,-1.074941805174412
PRKAA1,3,PHF1;S415;,-1.0455472211812744
PRKAA1,3,PHF2;S782;,-1.0458424907717443
PRKAA1,3,PHIP;S1251;,-1.1648727749454018
PRKAA1,3,PHLDB1;S431;,-1.1653299959134888
PRKAA1,3,PHLDB1;S534;,-1.052653381263601
PRKAA1,3,PHLDB2;S241;,-1.145594062318851
PRKAA1,3,PI4K2A;S43;,-1.2304984455796497
PRKAA1,3,PI4K2A;S46;,-1.0554905540051975
PRKAA1,3,PI4K2A;S461;,-1.1118265853585867
PRKAA1,3,PI4K2A;S50;,-1.000282645407909
PRKAA1,3,PID1;S230;,-1.1756275955749937
PRKAA1,3,PID1;S231;,-1.195642010463236
PRKAA1,3,PID1;S232;,-1.043714975110006
PRKAA1,3,PID1;S242;,-1.1982767008888613
PRKAA1,3,PIEZO1;S1370;,-1.0222634963870993
PRKAA1,3,PIK3C2A;S261;,-1.1446680751940754
PRKAA1,3,PLEC;S4246;,-0.9522268483264271
PRKAA1,3,PLEC;S4249;,-1.1533745044409829
PRKAA1,3,PNISR;S290;,-1.2052781761210078
PRKAA1,3,POM121;S370;,-1.1507898286418046
PRKAA1,3,PPAN;S233;,1.1660308620059643
PRKAA1,3,PPAN;S238;,1.0239595724912571
PRKAA1,3,PPAN;S240;,1.197823176854217
PRKAA1,3,PPP1R12C;S508;,-1.0548887946851642
PRKAA1,3,PPP1R13L;S110;,-1.0255461300713107
PRKAA1,3,PPP1R13L;S154;,-1.1327835547922709
PRKAA1,3,PPP1R13L;S360;,-1.008569048122777
PRKAA1,3,PPP6R2;S629;,-1.0547327162598408
PRKAA1,3,PPP6R2;S719;,-1.062945007478376
PRKAA1,3,PRKAA1;S496;,-1.1476369164516744
PRKAA1,3,PRKAB1;S108;,1.2752780220894064
PRKAA1,3,PRRC2A;S765;,-1.2261847245495154
PRKAA1,3,PRRC2B;S259;,-0.9861262659848582
PRKAA1,3,PSMA5;T55;,0.0544485918557131
PRKAA1,3,PSMC3;S12;,-1.1230706727336752
PRKAA1,3,PSMC3;S9;,-1.0970756540304007
PRKAA1,3,PTPN12;T544;,0.5000904872593979
PRKAA1,3,PTPN21;S599;,-1.0950486173940448
PRKAA1,3,PTPN21;S762;,-0.9857635976538417
PRKAA1,3,PTRF;S169;,-1.2502610976486508
PRKAA1,3,PTRF;S171;,-1.2126893857790937
PRKAA1,3,PUM2;S82;,-1.0680029777310334
PRKAA1,3,PXN;S106;,-1.1849772062732382
PRKAA1,3,PXN;S137;,-1.2009923094975483
PRKAA1,3,PXN;S83;,-1.0498482881866305
PRKAA1,3,RABGEF1;T142;,-0.9345215709447805
PRKAA1,3,RAF1;S295;,-1.1111873445279783
PRKAA1,3,RAF1;S296;,-1.0619865112949682
PRKAA1,3,RAI14;T249;,-0.97807664351764
PRKAA1,3,RANBP10;S481;,0.31081944284119717
PRKAA1,3,RANBP3;S58;,-1.1219179124756102
PRKAA1,3,RAPGEF1;S306;,-1.1615217304680794
PRKAA1,3,RAPGEF1;S308;,-1.1921350976558152
PRKAA1,3,RAVER1;S576;,-1.0184677028181954
PRKAA1,3,RB1CC1;S243;,-1.1227418946016432
PRKAA1,3,RBM3;S145;,-1.168520086968152
PRKAA1,3,RBM7;S72;,-1.1570204168687837
PRKAA1,3,RFX7;S1177;,-1.1671327222936427
PRKAA1,3,RGD1307838;S900;,-1.1259568415487287
PRKAA1,3,RGD1307838;S903;,-1.2149841989662236
PRKAA1,3,RGD1308297;S518;,-1.181196253075841
PRKAA1,3,RGD1309586;S243;,-1.168637342263124
PRKAA1,3,RGD1309586;S59;,-0.8575165257875852
PRKAA1,3,RGD1310016;S1171;,0.9737669258780826
PRKAA1,3,RGD1311783;S45;,1.2758907059326114
PRKAA1,3,RGD1311783;S46;,1.187615819484705
PRKAA1,3,RGD1560225;S763;,-1.0233389163857813
PRKAA1,3,RGD1561609;S759;,-1.0514760514836141
PRKAA1,3,RGD1562639;S1035;,-1.1860647927729846
PRKAA1,3,RGD1566017;S802;,-1.1529130220213486
PRKAA1,3,RIN2;S494;,-1.101216307791349
PRKAA1,3,RIPK2;S412;,1.0877739622659444
PRKAA1,3,RNF40;S586;,-1.2170804328402354
PRKAA1,3,RPS6KA3;S715;,-1.1018213965588315
PRKAA1,3,RPS6KA4;S681;,-1.0993958849911556
PRKAA1,3,RPS6KA4;S682;,-1.134550327446692
PRKAA1,3,RPS6KB1;S404;,-1.1898188861846841
PRKAA1,3,RPTOR;S863;,-1.0701206391154374
PRKAA1,3,RRP1B;S524;,-1.0971215043381815
PRKAA1,3,RRP1B;T521;,-1.0054937993343924
PRKAA1,3,RTF1;S416;,-1.191734504924233
PRKAA1,3,RUFY1;S50;,-1.0176846445851293
PRKAA1,3,RUNX1T1;T568;,-0.898000697838099
PRKAA1,3,SAMD4B;S271;,-0.9891510000837598
PRKAA1,3,SAP30L;T91;,-1.1286265965724558
PRKAA1,3,SBF1;S1141;,0.18762302499756078
PRKAA1,3,SCRIB;S1315;,-1.1007822275300425
PRKAA1,3,SCRIB;S1529;,-1.1791644095967284
PRKAA1,3,SENP7;S47;,-1.0587281910966935
PRKAA1,3,SETD2;S511;,-1.0999862815420158
PRKAA1,3,SF3B1;T326;,0.4324520406282734
PRKAA1,3,SFPQ;T586;,-0.9548113619109926
PRKAA1,3,SGTA;S306;,-1.1518837532457034
PRKAA1,3,SGTA;S308;,-1.2320342012151262
PRKAA1,3,SH3BP5;S420;,-1.0343476902150897
PRKAA1,3,SH3D19;S274;,-1.0118266697760068
PRKAA1,3,SH3PXD2A;S368;,1.2101922153958844
PRKAA1,3,SH3PXD2A;S495;,-1.1570734214044698
PRKAA1,3,SH3PXD2A;S956;,-1.0803039379439487
PRKAA1,3,SHC3;S359;,-1.0625456858074995
PRKAA1,3,SIK2;S673;,-1.0999221517577122
PRKAA1,3,SIPA1L1;S1408;,1.0475094544381667
PRKAA1,3,SIPA1L1;S1411;,1.185040793279469
PRKAA1,3,SIPA1L1;S288;,-1.0973434956098678
PRKAA1,3,SLC2A13;S38;,1.1562203124465904
PRKAA1,3,SLC2A13;S44;,1.2848720166807615
PRKAA1,3,SLC2A13;S47;,1.1583544671115233
PRKAA1,3,SLC4A7;S1171;,1.082629277990406
PRKAA1,3,SLC4A7;S263;,1.3114257047719386
PRKAA1,3,SLK;S778;,1.1705434310070264
PRKAA1,3,SMCR7L;S59;,-1.0189522146514434
PRKAA1,3,SMCR8;S416;,-1.2019126470176018
PRKAA1,3,SMCR8;S486;,1.21618088112844
PRKAA1,3,SMCR8;S488;,1.1513533629013075
PRKAA1,3,SMCR8;S491;,1.1909540181629334
PRKAA1,3,SMCR8;S497;,0.9895009040448222
PRKAA1,3,SMG6;S537;,-1.097045887471751
PRKAA1,3,SNW1;S224;,1.0417734204140268
PRKAA1,3,SNX8;S454;,-1.0788719336661414
PRKAA1,3,SON;S94;,-1.2077554954980674
PRKAA1,3,SORBS1;S857;,-1.1045467623904666
PRKAA1,3,SOS1;S1120;,-1.0831283638951341
PRKAA1,3,SOX6;S399;,-1.0792944054591924
PRKAA1,3,SOX6;S402;,-1.0557830342186612
PRKAA1,3,SOX6;T401;,-1.1803930317805755
PRKAA1,3,SPAG7;S219;,-1.1490295284733771
PRKAA1,3,SPAG9;S203;,-1.1598745674731887
PRKAA1,3,SPAG9;S716;,-1.0455639788942817
PRKAA1,3,SPHK2;S379;,1.0810744834527433
PRKAA1,3,SRPK2;S487;,-1.0867063379324367
PRKAA1,3,SRRM2;S2228;,-1.0673186637328878
PRKAA1,3,SRRM2;S2338;,-1.0656151245732302
PRKAA1,3,SRSF10;S131;,1.0002820292344152
PRKAA1,3,SRSF11;S200;,-1.102054327747847
PRKAA1,3,STARD13;S334;,-1.136116551676488
PRKAA1,3,STAT3;S727;,-0.8996026296032977
PRKAA1,3,STIM1;S257;,0.9997173532298917
PRKAA1,3,STIM1;S523;,1.094597381341351
PRKAA1,3,STIM1;S524;,1.152677491975063
PRKAA1,3,STIM2;S675;,1.151627546567337
PRKAA1,3,STK11IP;S443;,-1.1214696646442741
PRKAA1,3,STK3;S385;,-1.2207934005673162
PRKAA1,3,STMN1;S16;,-1.1861816235499034
PRKAA1,3,STMN1;S25;,-1.0235578012170952
PRKAA1,3,STMN1;S38;,-0.9391581751226747
PRKAA1,3,STRN3;S227;,-1.2047262872695084
PRKAA1,3,SUN2;S12;,-1.245317899558486
PRKAA1,3,SVIL;S1177;,-1.142062043117944
PRKAA1,3,SVIL;S259;,-1.1165561988969188
PRKAA1,3,SVIL;S531;,-1.109908668192597
PRKAA1,3,SYNPO2L;S401;,-1.0484183885501968
PRKAA1,3,SYNPO2L;T141;,0.5639941023191433
PRKAA1,3,SZT2;S1641;,-1.1511811368560785
PRKAA1,3,TACC2;S575;,-0.8641613939406878
PRKAA1,3,TANC2;S1447;,-1.124746041403885
PRKAA1,3,TBC1D1;S231;,1.2737176776038495
PRKAA1,3,TBC1D1;S662;,1.321773790799592
PRKAA1,3,TBC1D1;T590;,-1.1495934121381997
PRKAA1,3,TBC1D16;S382;,-1.1862681115574476
PRKAA1,3,TCF12;S583;,-1.0642171040075727
PRKAA1,3,TDRD3;S256;,-1.1190431934567795
PRKAA1,3,TENC1;T996;,-1.119569616896653
PRKAA1,3,TFE3;S531;,-0.9319277955699927
PRKAA1,3,TJP1;S1602;,-1.1228046409454775
PRKAA1,3,TJP1;S1604;,-1.2074598415913613
PRKAA1,3,TJP2;S147;,-1.2434233792670475
PRKAA1,3,TMEM245;S327;,-0.8328903504663057
PRKAA1,3,TMEM55A;S14;,1.0886213897926684
PRKAA1,3,TNKS1BP1;S1642;,-1.0757568721461421
PRKAA1,3,TNRC6B;S306;,-1.1051997042752395
PRKAA1,3,TNRC6B;S421;,-1.157915221097459
PRKAA1,3,TRAK1;S390;,-1.115354253738368
PRKAA1,3,TRAK1;S905;,1.199812041894761
PRKAA1,3,TRAPPC12;S314;,-1.1276882490901246
PRKAA1,3,TRIM28;S474;,-1.0861009250286107
PRKAA1,3,TRIO;S2459;,-1.1231415030244638
PRKAA1,3,TRIO;S2463;,-1.0393458471677
PRKAA1,3,TRIP12;T1454;,-1.2442218031660912
PRKAA1,3,TSC2;S939;,-1.04677907303083
PRKAA1,3,TSSC4;S190;,-1.1004722765524733
PRKAA1,3,TTN;S305;,1.1616161181333304
PRKAA1,3,UBA1;S13;,-1.0843035939372345
PRKAA1,3,UBA5;S380;,-1.156400466734247
PRKAA1,3,UBE2O;S835;,-1.034091844089767
PRKAA1,3,UBE2O;T830;,0.09780641793898032
PRKAA1,3,UBE4B;S88;,-1.0422756154513177
PRKAA1,3,ULK1;S450;,-1.136857285761303
PRKAA1,3,ULK1;S465;,1.2557390263052073
PRKAA1,3,ULK1;S477;,-1.0503988157003539
PRKAA1,3,ULK1;S479;,-1.084595305599824
PRKAA1,3,ULK1;S637;,1.2537064431444016
PRKAA1,3,ULK1;T468;,0.5246871280920777
PRKAA1,3,ULK1;T659;,0.8792258596676557
PRKAA1,3,USP10;S224;,-1.0787417403630157
PRKAA1,3,VAPA;S164;,1.1870451328875005
PRKAA1,3,VIM;S420;,1.1276252975166465
PRKAA1,3,VIM;S430;,0.9657628135824785
PRKAA1,3,VIM;T426;,1.081112658516932
PRKAA1,3,VPS26B;S304;,1.134935705606471
PRKAA1,3,WIPF2;S235;,-1.0469313978612003
PRKAA1,3,WNK1;S165;,-1.1038994078154514
PRKAA1,3,WWC3;S955;,-1.2517996822414408
PRKAA1,3,YAP1;S46;,1.0266627806071058
PRKAA1,3,ZC3H13;S368;,1.168637832894622
PRKAA1,3,ZC3HAV1;S307;,-1.0958807938185104
PRKAA1,3,ZC3HAV1;S325;,-1.1982769794440302
PRKAA1,3,ZC3HAV1;S544;,-1.1542248336933447
PRKAA1,3,ZC3HC1;S343;,-1.0396473762420146
PRKAA1,3,ZC3HC1;T351;,-1.0115917985825398
PRKAA1,3,ZFP295;S411;,-1.0970576092470687
PRKAA1,3,ZFYVE16;S903;,-1.0775483958881416
PRKAA1,3,ZNRF2;S148;,-1.1687055082841389
PRKAA1,3,ZNRF2;S154;,-1.1145497007884753
PRKAA1,3,ZNRF2;S18;,-1.1350984131076396
PRKAA1,3,ZNRF2;S81;,-1.0222634227212075
PRKAA1,3,ZYX;S143;,-1.2329724029922615
PRKAA1,3,ZYX;S144;,-1.2252622119964953
PRKAA1,3,ZYX;S336;,-1.121256887827697
PRKAA1,3,ZZEF1;S1516;,-1.0262946073751185
PRKAA1,3,ZZEF1;S1535;,-1.0230156417196752
PRKAA1,4,AAK1;S677;,-0.9935618724096316
PRKAA1,4,ABCC4;S604;,-1.0450118557191848
PRKAA1,4,ABI2;S165;,-0.9952521068079173
PRKAA1,4,ABI2;S168;,-1.0981716325036992
PRKAA1,4,ABL2;S799;,-0.9790309151811061
PRKAA1,4,ABLIM3;S566;,-1.0855095322663406
PRKAA1,4,ABLIM3;S575;,0.04020514492696098
PRKAA1,4,ACACA;S79;,1.0293429323650958
PRKAA1,4,ACIN1;S711;,-1.0263210857833533
PRKAA1,4,ADD1;S613;,-1.131057350728308
PRKAA1,4,ADD1;T614;,-0.836026308641743
PRKAA1,4,ADNP;S971;,-1.1090959470820154
PRKAA1,4,AFF4;S823;,-0.8689683682840509
PRKAA1,4,AGAP3;S107;,-0.9727088697595486
PRKAA1,4,AHCTF1;S1214;,0.9566088779312193
PRKAA1,4,AHNAK;S1191;,0.663665468180983
PRKAA1,4,AHNAK;S177;,-1.0625845918339802
PRKAA1,4,AHNAK;S2060;,-1.0605978095598931
PRKAA1,4,AHNAK;S211;,-0.9967068203570293
PRKAA1,4,AHNAK;S2117;,0.6483405881991483
PRKAA1,4,AHNAK;S222;,0.9501226916799498
PRKAA1,4,AHNAK;S3915;,-1.082303596018636
PRKAA1,4,AHNAK;S42;,-1.089248267463532
PRKAA1,4,AHNAK;S4597;,-1.0300928300872967
PRKAA1,4,AHNAK;S5243;,-0.9761610504378471
PRKAA1,4,AHNAK;T4049;,-0.6803470356129802
PRKAA1,4,AHNAK2;S425;,-1.052382233919808
PRKAA1,4,AHNAK2;T438;,-0.9539762982064863
PRKAA1,4,AIMP1;S110;,-0.98510018496835
PRKAA1,4,AJUBA;S129;,-0.9516837235206326
PRKAA1,4,AKAP1;S103;,1.08629964431555
PRKAA1,4,AKAP10;S278;,-1.102273680227237
PRKAA1,4,AKAP11;S1090;,0.230814932593134
PRKAA1,4,AKAP11;S21;,-1.0595936860903088
PRKAA1,4,AKAP11;S23;,-1.0771388207779915
PRKAA1,4,AKAP11;S448;,-1.0471538721240883
PRKAA1,4,AKAP13;S2515;,-0.9621049129853801
PRKAA1,4,AKAP2;S152;,-0.891798358545285
PRKAA1,4,AKAP2;S730;,-1.0459914260554595
PRKAA1,4,AKAP6;S562;,0.9709832943303941
PRKAA1,4,AKAP9;S3669;,-1.1026207140230972
PRKAA1,4,AKT1S1;S184;,-1.069728050903395
PRKAA1,4,AKT1S1;T247;,-0.9645029223341269
PRKAA1,4,ALKBH5;S362;,-0.8572554936606605
PRKAA1,4,ALKBH5;S376;,-1.1083216820530333
PRKAA1,4,AMOTL1;S580;,0.8552130812790343
PRKAA1,4,ANP32A;S15;,-1.0570758728344776
PRKAA1,4,AP3D1;S755;,-0.944708735022765
PRKAA1,4,ARFGAP2;S145;,-1.0251190131335282
PRKAA1,4,ARFGEF2;S214;,-0.8933566056203351
PRKAA1,4,ARFIP1;S39;,1.0577001973159443
PRKAA1,4,ARHGAP17;S710;,-1.0238158616490476
PRKAA1,4,ARHGAP22;S200;,-0.9743316974777655
PRKAA1,4,ARHGAP22;S236;,-1.0266978342785873
PRKAA1,4,ARHGAP35;S1174;,-1.0740126452781293
PRKAA1,4,ARHGAP39;S284;,-1.044694957788365
PRKAA1,4,ARHGAP5;S1195;,-1.0877596831667677
PRKAA1,4,ARHGAP5;S1202;,-0.996612710010104
PRKAA1,4,ARHGAP5;S967;,-1.054395893697385
PRKAA1,4,ARHGEF12;S337;,-1.0401866165926141
PRKAA1,4,ARHGEF12;S341;,-1.0665990839972181
PRKAA1,4,ARHGEF17;S995;,0.8145262264054945
PRKAA1,4,ARHGEF5;S721;,-1.1029168508258935
PRKAA1,4,ARPP21;S256;,0.4581934512499205
PRKAA1,4,ATF7;T53;,0.386835586034771
PRKAA1,4,ATG14;S5;,-1.0324895830944283
PRKAA1,4,ATG2A;S1246;,-1.0653152992184047
PRKAA1,4,ATG2B;S240;,-1.0431709945335645
PRKAA1,4,ATG2B;S255;,-1.0165368473338208
PRKAA1,4,ATRX;S761;,-0.9455418930636131
PRKAA1,4,ATXN2;S622;,-1.073407768521272
PRKAA1,4,ATXN2L;S109;,-1.0250865649942569
PRKAA1,4,ATXN2L;S447;,-0.9670173039628086
PRKAA1,4,AZI1;S114;,-0.8687473095743331
PRKAA1,4,AZI1;S304;,-0.9933926250245589
PRKAA1,4,BAD;S171;,1.017796273782032
PRKAA1,4,BAG3;S271;,-0.912925886325383
PRKAA1,4,BAG3;S387;,-1.088721930757134
PRKAA1,4,BAG3;S388;,-0.9498676747244262
PRKAA1,4,BAIAP2L1;S218;,-0.9698752370010579
PRKAA1,4,BAIAP2L1;S380;,0.8480838024971177
PRKAA1,4,BAZ2A;S1388;,-0.9971119070985937
PRKAA1,4,BBX;S243;,-0.9982248265301812
PRKAA1,4,BCL9L;S116;,-0.9929585047862874
PRKAA1,4,BCL9L;S21;,0.9267240548422068
PRKAA1,4,BCL9L;S25;,-0.9017361680072379
PRKAA1,4,BICD2;S611;,-0.9406831833369422
PRKAA1,4,BICD2;S819;,-0.8349445849597111
PRKAA1,4,BRAF;S134;,-1.0399714909485895
PRKAA1,4,BRD8;S274;,-0.9605357836216081
PRKAA1,4,BRD8;T270;,-0.9815386519516447
PRKAA1,4,BSDC1;S216;,-1.1319005100082764
PRKAA1,4,C2CD4C;S262;,-0.936010405715735
PRKAA1,4,CACNB1;S53;,-1.04218502426142
PRKAA1,4,CALD1;S527;,-0.974125109944892
PRKAA1,4,CAMK2D;T371;,0.3020462352963038
PRKAA1,4,CAMSAP1;S1154;,-1.014335213766981
PRKAA1,4,CAMSAP1;S517;,-1.0826992105076338
PRKAA1,4,CAP2;S301;,-1.0303177275312838
PRKAA1,4,CBX5;S93;,-0.9282437629215564
PRKAA1,4,CCDC6;S143;,-1.02826101168376
PRKAA1,4,CCDC88A;S1638;,-1.0203556809466123
PRKAA1,4,CCDC91;S71;,-1.0255590894117252
PRKAA1,4,CDC42EP2;S137;,-0.9966572318515338
PRKAA1,4,CDC42EP2;S141;,-1.0129071429038
PRKAA1,4,CDC42EP4;S140;,-1.0106861473509592
PRKAA1,4,CDKN1A;S69;,-1.095477537809453
PRKAA1,4,CDKN1B;S12;,-1.0275555548837532
PRKAA1,4,CDKN1B;S7;,-1.0978430133885355
PRKAA1,4,CEP170B;S1166;,-0.9226817586850894
PRKAA1,4,CEP68;S503;,-0.36357746015228654
PRKAA1,4,CEP68;S510;,-0.9284361466773038
PRKAA1,4,CHAMP1;S532;,-0.9816300568612376
PRKAA1,4,CHD8;S549;,1.0030281784149142
PRKAA1,4,CHRND;S379;,0.9953364528087635
PRKAA1,4,CIC;S1394;,-0.9998041249514141
PRKAA1,4,CIC;S1399;,-1.0987519687464384
PRKAA1,4,CLASP2;S331;,1.0466469614779494
PRKAA1,4,CLIP1;S159;,-1.010656426706419
PRKAA1,4,COBL;S31;,1.0660533652297242
PRKAA1,4,COBL;S34;,1.037395853934022
PRKAA1,4,COG3;S536;,0.8408294897819756
PRKAA1,4,CORO7;S298;,1.1860342284357708
PRKAA1,4,DAB2IP;S802;,-1.0039440997601528
PRKAA1,4,DAP;S2;,-1.076698056870529
PRKAA1,4,DAP;S3;,-0.9780370000162563
PRKAA1,4,DBNDD1;S123;,-1.0292171740957352
PRKAA1,4,DCAF6;S336;,-1.126907864263647
PRKAA1,4,DCLK1;S30;,0.9166318048041125
PRKAA1,4,DDX19A;S86;,-1.0131004303613884
PRKAA1,4,DDX3X;S261;,-0.8455486807141573
PRKAA1,4,DENND4C;S1037;,1.0167734698378554
PRKAA1,4,DLG2;S323;,-0.9802598489562657
PRKAA1,4,DLG2;S328;,-1.0452772618679351
PRKAA1,4,DMXL1;S574;,0.9928286976742705
PRKAA1,4,DNAJC2;T48;,-0.8185287608393441
PRKAA1,4,DNAJC25;T353;,-0.5784343610540494
PRKAA1,4,DOCK6;S1339;,-0.5285940417803282
PRKAA1,4,DOCK7;S1361;,-0.7330313302813956
PRKAA1,4,DOCK7;S2107;,-1.0403868476807683
PRKAA1,4,DOPEY1;S1261;,-0.8394781858415833
PRKAA1,4,DTNA;S606;,-1.0434689654487537
PRKAA1,4,DUSP27;S366;,-0.9993170115481966
PRKAA1,4,DUSP27;S368;,-1.0783484474988962
PRKAA1,4,DUSP27;S370;,-1.0986927139638456
PRKAA1,4,DUSP27;S427;,-1.0826704579365036
PRKAA1,4,DYNC1H1;S4365;,-1.0534694122229393
PRKAA1,4,DYNC1I2;S81;,-0.8933346402806419
PRKAA1,4,EEF2;T57;,0.3419476976233877
PRKAA1,4,EEF2K;S365;,0.2055546976543516
PRKAA1,4,EHBP1L1;S1363;,1.008838468029241
PRKAA1,4,EHD4;S459;,-1.0674807109007753
PRKAA1,4,EIF3A;S584;,-1.0088051755878853
PRKAA1,4,EIF4B;S422;,-0.925654696269101
PRKAA1,4,EIF4B;S424;,-1.0972969567469253
PRKAA1,4,EIF4B;S425;,-1.0427290946275198
PRKAA1,4,EIF4B;T420;,-1.0353380390604248
PRKAA1,4,EIF4EBP1;S64;,-1.075354750214698
PRKAA1,4,EIF4EBP2;S2;,-0.9253262049916767
PRKAA1,4,EIF5B;S183;,-0.9776499229903653
PRKAA1,4,ELMSAN1;S456;,-0.8979558241116082
PRKAA1,4,EPS8;S659;,-1.018412363189702
PRKAA1,4,ETL4;S1844;,-0.9014547061638748
PRKAA1,4,ETV3;S139;,-1.0943377664642926
PRKAA1,4,FAM120C;S55;,-1.0525266143550327
PRKAA1,4,FAM134C;S313;,0.6240925956900149
PRKAA1,4,FAM134C;S320;,-0.07060256107404866
PRKAA1,4,FAM171A2;S423;,-1.0061086708945677
PRKAA1,4,FAM65A;S752;,-0.9614068534122819
PRKAA1,4,FBXO30;S379;,-1.038032923792119
PRKAA1,4,FHOD1;S489;,-1.078665583445466
PRKAA1,4,FHOD1;S501;,-0.9399817782813278
PRKAA1,4,FHOD1;S504;,-1.0025361665757964
PRKAA1,4,FHOD1;S513;,-1.039163439603009
PRKAA1,4,FHOD1;S523;,-0.9970749016207362
PRKAA1,4,FLNC;S2147;,-1.071505555089955
PRKAA1,4,FLNC;S2234;,-0.9999298206148283
PRKAA1,4,FMN1;S589;,-1.0363739619368197
PRKAA1,4,FOSL2;S320;,-0.9500246870185823
PRKAA1,4,FOSL2;T322;,-0.8766009177541173
PRKAA1,4,FOXK1;S225;,-1.00258790700655
PRKAA1,4,FOXK2;T200;,-0.9043350363823748
PRKAA1,4,FOXO3;S252;,-0.940931133168233
PRKAA1,4,FRMD8;S21;,-1.0240232174173762
PRKAA1,4,FRYL;T1959;,-0.8722802301767392
PRKAA1,4,GAB1;S418;,-0.997633397308432
PRKAA1,4,GAB2;S142;,-1.0715334637739764
PRKAA1,4,GAB2;S143;,-0.917249023319662
PRKAA1,4,GAB2;S211;,-1.009004268350304
PRKAA1,4,GAB2;S365;,-1.0578473553355034
PRKAA1,4,GAB2;T388;,-0.9365350887907687
PRKAA1,4,GATAD2A;S103;,1.0052030288053015
PRKAA1,4,GATAD2A;S96;,1.1134200520143571
PRKAA1,4,GATAD2B;S338;,-0.9838557770320714
PRKAA1,4,GBF1;S1786;,-0.7899676001403795
PRKAA1,4,GIGYF1;S28;,-0.974194983051016
PRKAA1,4,GIT2;S568;,-1.0663189634962935
PRKAA1,4,GOLGA4;S116;,1.0244089198937743
PRKAA1,4,GSK3A;S21;,-0.907590801990666
PRKAA1,4,GSK3A;S41;,-1.0991282931191628
PRKAA1,4,GSK3B;S9;,-0.8855691929144268
PRKAA1,4,GYS1;S728;,-0.9538900570670593
PRKAA1,4,HBP1;S401;,-0.9852155616375696
PRKAA1,4,HBS1L;S147;,-1.0976313208851247
PRKAA1,4,HDAC6;S21;,-1.0223997319023428
PRKAA1,4,HECTD1;S1392;,-0.9635634471892843
PRKAA1,4,HECTD1;S1393;,-1.0237745651548513
PRKAA1,4,HECTD1;S1573;,0.7618175411709043
PRKAA1,4,HELB;S944;,-0.9603020248825015
PRKAA1,4,HERC1;S1163;,-1.0136095535634333
PRKAA1,4,HERC1;T1154;,-1.0006214008986716
PRKAA1,4,HIRIP3;S27;,-1.0949671368412972
PRKAA1,4,HN1L;S97;,-1.019720629773495
PRKAA1,4,HOMER3;S158;,-0.8615618361290146
PRKAA1,4,HUWE1;S1876;,-1.0670618986618863
PRKAA1,4,HUWE1;S3639;,-1.1087498255253943
PRKAA1,4,HUWE1;S3898;,-0.9996451699155684
PRKAA1,4,HUWE1;T3903;,-0.9095045357094754
PRKAA1,4,IREB2;S178;,-1.1342329345654683
PRKAA1,4,IRF2BPL;S69;,-1.0558365345072789
PRKAA1,4,ITSN1;S1063;,-0.5306883986495076
PRKAA1,4,ITSN1;S315;,-0.979115147088727
PRKAA1,4,JMY;S56;,-0.9905043951490268
PRKAA1,4,JSRP1;S47;,-1.0709155186244828
PRKAA1,4,KANK2;S358;,-1.0740086869927692
PRKAA1,4,KCTD3;S809;,1.0010334008523214
PRKAA1,4,KDM2A;S718;,-0.940911356836515
PRKAA1,4,KDM2A;T713;,-0.9371516011000246
PRKAA1,4,KDM5C;S316;,-0.9413685540509228
PRKAA1,4,KPNA1;S2;,-0.7724522542853363
PRKAA1,4,KPNA1;T3;,-0.6204531426155784
PRKAA1,4,LAMTOR1;S98;,-1.0211134832188822
PRKAA1,4,LARP1;S916;,-0.9131603996476395
PRKAA1,4,LARP1;T932;,-0.8306375377239383
PRKAA1,4,LARP4B;S498;,-0.9921025721440034
PRKAA1,4,LDB3;S112;,-1.0335118965498344
PRKAA1,4,LIMA1;S360;,-1.0010175106674215
PRKAA1,4,LIMA1;S603;,-1.0196986130638952
PRKAA1,4,LIMA1;S608;,-1.0097450077992647
PRKAA1,4,LIMA1;S703;,-1.0163650586488684
PRKAA1,4,LMNA;S404;,-0.9529994686071116
PRKAA1,4,LMNA;S406;,-1.0420381411896766
PRKAA1,4,LMNA;S407;,-1.1014648295083913
PRKAA1,4,LMNA;S423;,-1.103232915729833
PRKAA1,4,LMNA;S424;,-1.0675075724252545
PRKAA1,4,LMO7;S1541;,-0.9396957214445316
PRKAA1,4,LMO7;S1543;,-0.9796276928339015
PRKAA1,4,LOC100360205;S239;,-1.010292088908511
PRKAA1,4,LOC100365259;S393;,-0.6141393128726685
PRKAA1,4,LOC100910104;S475;,-1.0242904443869099
PRKAA1,4,LOC100910104;S532;,1.0877842281848458
PRKAA1,4,LOC100910104;S719;,-1.0188077857953812
PRKAA1,4,LOC100910646;S166;,-1.1205188738814822
PRKAA1,4,LOC100911178;S1643;,-1.0238288525123527
PRKAA1,4,LOC100911302;S1721;,-0.9763272392232983
PRKAA1,4,LOC100911677;S490;,0.9616801968037126
PRKAA1,4,LOC100912115;S649;,-0.9562523684037433
PRKAA1,4,LOC312502;S1164;,-1.057743541328565
PRKAA1,4,LOC312502;S138;,1.0858605993594912
PRKAA1,4,LOC312502;S139;,1.0901553386040599
PRKAA1,4,LOC312502;S483;,-0.9572395165986297
PRKAA1,4,LOC683007;S1204;,-1.0273546457644396
PRKAA1,4,LOC683007;S1207;,-1.1045482620405755
PRKAA1,4,LOC684259;S780;,1.0033351901618592
PRKAA1,4,LOC685707;S1251;,-0.9629883835709336
PRKAA1,4,LRRFIP2;S18;,-1.105667921154569
PRKAA1,4,LRRFIP2;T136;,-1.0562964878163896
PRKAA1,4,LYSMD1;S33;,0.9887136386746919
PRKAA1,4,MACF1;S1376;,-0.9638144507685357
PRKAA1,4,MACF1;S5293;,-0.9812967303426782
PRKAA1,4,MAF1;S60;,-1.0259779246926233
PRKAA1,4,MAP1A;S1757;,-0.8221919430245379
PRKAA1,4,MAP1A;T2177;,-0.8613212472605312
PRKAA1,4,MAP1A;T504;,-0.9630459449751246
PRKAA1,4,MAP1B;S1257;,-0.9360216981283542
PRKAA1,4,MAP1B;S1389;,-0.9778213181878869
PRKAA1,4,MAP1B;S1393;,-0.9598843882683681
PRKAA1,4,MAP1B;T1781;,-0.11815920027033863
PRKAA1,4,MAP1S;S683;,-0.9339571101705988
PRKAA1,4,MAP4;S902;,0.9999627352733919
PRKAA1,4,MAP4K4;S591;,-1.1304646462403394
PRKAA1,4,MAP4K4;S791;,1.1759416604178043
PRKAA1,4,MAP4K4;S794;,1.1004056771158166
PRKAA1,4,MAPK1;Y185;,-1.000037269049244
PRKAA1,4,MAPK14;Y182;,-0.9212137660197284
PRKAA1,4,MAPK8;Y185;,0.01892074934317467
PRKAA1,4,MARCKS;S141;,-0.9655234912933941
PRKAA1,4,MARK3;S593;,-1.0706983372689138
PRKAA1,4,MARK3;T594;,-0.8016233442223809
PRKAA1,4,MATR3;S188;,-0.872600391478968
PRKAA1,4,MBD3;S85;,-0.9974514684307568
PRKAA1,4,MBD3;S86;,-1.1198403293304384
PRKAA1,4,MDM2;S138;,-0.985718556971759
PRKAA1,4,MED1;S1465;,-1.0724199631229299
PRKAA1,4,MED1;S1467;,-1.101131040515097
PRKAA1,4,MED1;S1468;,-1.0700881795728525
PRKAA1,4,MED24;S860;,-0.9790073934328012
PRKAA1,4,MED24;S861;,-1.0380639962935152
PRKAA1,4,MEF2C;S226;,-1.00960457055025
PRKAA1,4,MID1;S96;,-0.9993352106074626
PRKAA1,4,MKL1;S571;,-0.9700962978762813
PRKAA1,4,MLL2;S2291;,-1.0444191782726484
PRKAA1,4,MLLT4;S216;,-1.1089868921293697
PRKAA1,4,MLLT4;S246;,-1.0200958837085172
PRKAA1,4,MON2;S197;,-1.00022688927699
PRKAA1,4,MPHOSPH10;S168;,1.0160898465032184
PRKAA1,4,MPRIP;S369;,-1.0117160732460013
PRKAA1,4,MTFR1L;S100;,1.110077229293023
PRKAA1,4,MTFR1L;S234;,1.0717058445914602
PRKAA1,4,MTFR1L;S235;,1.1858857180340583
PRKAA1,4,MTSS1L;S575;,-1.0005399810373112
PRKAA1,4,MURC;S20;,-0.9468522918545427
PRKAA1,4,MUSK;S689;,-1.0616764604077247
PRKAA1,4,MUSK;S690;,-0.9566097316833831
PRKAA1,4,MYBBP1A;S1283;,-0.9860307276253386
PRKAA1,4,MYCBP2;S2750;,-1.017955462412972
PRKAA1,4,MYOZ2;T32;,-0.8763973832156738
PRKAA1,4,NACA;S1125;,-0.999951728630318
PRKAA1,4,NACA;S1345;,-1.0015331541909938
PRKAA1,4,NACA;S1454;,-0.978393392304772
PRKAA1,4,NACA;S1720;,-1.010727622121223
PRKAA1,4,NACA;S914;,-0.9228773455137343
PRKAA1,4,NACA;S942;,-1.0040932407609142
PRKAA1,4,NCAPH;S24;,-1.0507413156984449
PRKAA1,4,NCOR1;S363;,-1.032595398533547
PRKAA1,4,NCOR2;S1747;,-1.0172377800887287
PRKAA1,4,NDRG1;S330;,-0.9228666412084555
PRKAA1,4,NDRG1;T328;,-0.9626774022760823
PRKAA1,4,NDRG2;T334;,-1.036215951463148
PRKAA1,4,NEK9;S16;,0.7068032871608801
PRKAA1,4,NEK9;S736;,-0.9995521372113952
PRKAA1,4,NELFE;S131;,-1.031451152479258
PRKAA1,4,NES;S1071;,0.953246927926045
PRKAA1,4,NES;S1123;,-1.076593111815861
PRKAA1,4,NES;S1131;,0.9749616229546921
PRKAA1,4,NES;S620;,-1.0901685629209148
PRKAA1,4,NES;S784;,0.8005775181386154
PRKAA1,4,NEXN;S280;,-0.9391156367430352
PRKAA1,4,NFIX;S265;,-1.055362326390558
PRKAA1,4,NHSL1;T1376;,-0.8753704303575041
PRKAA1,4,NUMA1;S1935;,-1.009636938991831
PRKAA1,4,NUMA1;S1958;,-1.0099174761602676
PRKAA1,4,NUP35;S73;,-0.9993518129481939
PRKAA1,4,OPTN;S188;,0.9706134458461574
PRKAA1,4,PACS2;S319;,-1.0546958820850882
PRKAA1,4,PAK1;S144;,-1.0120060952666425
PRKAA1,4,PAK1;S203;,-0.9795572204005655
PRKAA1,4,PAK2;S197;,-0.7444321622493313
PRKAA1,4,PARD3;S715;,-0.9675427698430825
PRKAA1,4,PARVA;S14;,-0.8352653181269626
PRKAA1,4,PATL1;S184;,-1.0144726845995058
PRKAA1,4,PBXIP1;S132;,-1.0123897069367598
PRKAA1,4,PBXIP1;S133;,-0.9980022887890301
PRKAA1,4,PCM1;S1280;,-1.0127656767878674
PRKAA1,4,PCM1;S380;,-1.1085715297396457
PRKAA1,4,PCM1;S384;,-1.0374109800931695
PRKAA1,4,PDAP1;S176;,-1.0039716545594062
PRKAA1,4,PDAP1;S178;,-1.0272978839350804
PRKAA1,4,PDCD4;S420;,-1.0155619752556402
PRKAA1,4,PDCD4;S76;,-1.045476073537204
PRKAA1,4,PDLIM7;S209;,-1.1043609612543082
PRKAA1,4,PDLIM7;T214;,-1.0125591944821397
PRKAA1,4,PDLIM7;T215;,-0.8523447925796547
PRKAA1,4,PDS5B;S1176;,-1.018296002194273
PRKAA1,4,PDXDC1;T554;,-0.8760944284969658
PRKAA1,4,PELO;S55;,-1.10798543738194
PRKAA1,4,PEX1;S1209;,-1.064066155790252
PRKAA1,4,PFKFB2;S469;,-0.8592515495024693
PRKAA1,4,PHF1;S410;,-1.0311627931996479
PRKAA1,4,PHF1;S415;,-0.9932971438213186
PRKAA1,4,PHF2;S782;,-0.971577261787164
PRKAA1,4,PHIP;S1251;,-0.9681516623523514
PRKAA1,4,PHLDB1;S431;,-1.0644373513419634
PRKAA1,4,PHLDB1;S534;,-0.9588483518188501
PRKAA1,4,PHLDB2;S241;,-0.9890771241768442
PRKAA1,4,PI4K2A;S43;,-1.1210855862708244
PRKAA1,4,PI4K2A;S46;,-1.0321280101264365
PRKAA1,4,PI4K2A;S461;,-0.9963165375968542
PRKAA1,4,PI4K2A;S50;,-0.9514503908552195
PRKAA1,4,PID1;S230;,-1.0903460898084163
PRKAA1,4,PID1;S231;,-1.0547417394717784
PRKAA1,4,PID1;S232;,-0.9443002504992069
PRKAA1,4,PID1;S242;,-1.0593013582547295
PRKAA1,4,PIEZO1;S1370;,-0.9818021416477951
PRKAA1,4,PIK3C2A;S261;,-1.039775901623371
PRKAA1,4,PLEC;S4246;,-0.8418305647846315
PRKAA1,4,PLEC;S4249;,-1.046079497772989
PRKAA1,4,PNISR;S290;,-1.0824781392270177
PRKAA1,4,POM121;S370;,-1.0593744413125934
PRKAA1,4,PPAN;S233;,1.0001877136437956
PRKAA1,4,PPAN;S238;,0.8658941260624576
PRKAA1,4,PPAN;S240;,0.9862474543226586
PRKAA1,4,PPP1R12C;S508;,-1.0004765472543584
PRKAA1,4,PPP1R13L;S110;,-0.9631190980143781
PRKAA1,4,PPP1R13L;S154;,-1.044810711470323
PRKAA1,4,PPP1R13L;S360;,-0.9702046385733735
PRKAA1,4,PPP6R2;S629;,-0.9664149600725587
PRKAA1,4,PPP6R2;S719;,-1.050560376725428
PRKAA1,4,PRKAA1;S496;,-1.0032101771239712
PRKAA1,4,PRKAB1;S108;,1.1205182325841405
PRKAA1,4,PRRC2A;S765;,-1.1334914769728346
PRKAA1,4,PRRC2B;S259;,-0.9109692295019588
PRKAA1,4,PSMA5;T55;,0.01698956866692508
PRKAA1,4,PSMC3;S12;,-1.068482172299265
PRKAA1,4,PSMC3;S9;,-1.0506603261826384
PRKAA1,4,PTPN12;T544;,0.38037187021227215
PRKAA1,4,PTPN21;S599;,-0.9955944914449822
PRKAA1,4,PTPN21;S762;,-0.9518426588567083
PRKAA1,4,PTRF;S169;,-1.1130325863146044
PRKAA1,4,PTRF;S171;,-1.1006035923702566
PRKAA1,4,PUM2;S82;,-0.9880403798215499
PRKAA1,4,PXN;S106;,-1.039151052657797
PRKAA1,4,PXN;S137;,-1.0826328216975156
PRKAA1,4,PXN;S83;,-0.9975245988491878
PRKAA1,4,RABGEF1;T142;,-0.633861268040864
PRKAA1,4,RAF1;S295;,-1.064518777210748
PRKAA1,4,RAF1;S296;,-0.9794653841738218
PRKAA1,4,RAI14;T249;,-0.9159833057134139
PRKAA1,4,RANBP10;S481;,0.3247179062611045
PRKAA1,4,RANBP3;S58;,-0.9958869034054568
PRKAA1,4,RAPGEF1;S306;,-1.0354908088761694
PRKAA1,4,RAPGEF1;S308;,-0.9865336069613263
PRKAA1,4,RAVER1;S576;,-0.9682263543150279
PRKAA1,4,RB1CC1;S243;,-1.0701853792390652
PRKAA1,4,RBM3;S145;,-0.972128243038849
PRKAA1,4,RBM7;S72;,-0.8857903453449483
PRKAA1,4,RFX7;S1177;,-1.0087336372998321
PRKAA1,4,RGD1307838;S900;,-0.9085476971589114
PRKAA1,4,RGD1307838;S903;,-1.0246400611499091
PRKAA1,4,RGD1308297;S518;,-1.0251314991208285
PRKAA1,4,RGD1309586;S243;,-1.0323940223051082
PRKAA1,4,RGD1309586;S59;,-0.49558318146451774
PRKAA1,4,RGD1310016;S1171;,1.0071542234120567
PRKAA1,4,RGD1311783;S45;,1.1115048822550766
PRKAA1,4,RGD1311783;S46;,1.024831237971806
PRKAA1,4,RGD1560225;S763;,-0.8634457925850795
PRKAA1,4,RGD1561609;S759;,-0.9236676019059269
PRKAA1,4,RGD1562639;S1035;,-1.000768741473486
PRKAA1,4,RGD1566017;S802;,-1.059192959776464
PRKAA1,4,RIN2;S494;,-1.0089284287194702
PRKAA1,4,RIPK2;S412;,1.0368103412741576
PRKAA1,4,RNF40;S586;,-1.0124653985803542
PRKAA1,4,RPS6KA3;S715;,-1.0575712553224395
PRKAA1,4,RPS6KA4;S681;,-1.060796879054281
PRKAA1,4,RPS6KA4;S682;,-1.0487676148685807
PRKAA1,4,RPS6KB1;S404;,-1.100385601770898
PRKAA1,4,RPTOR;S863;,-0.990285500394495
PRKAA1,4,RRP1B;S524;,-1.0204636331409436
PRKAA1,4,RRP1B;T521;,-0.8855700051995951
PRKAA1,4,RTF1;S416;,-1.0706276359767488
PRKAA1,4,RUFY1;S50;,-0.9632783617929627
PRKAA1,4,RUNX1T1;T568;,-0.8221605220583321
PRKAA1,4,SAMD4B;S271;,-0.923982384122436
PRKAA1,4,SAP30L;T91;,-0.8587752132875023
PRKAA1,4,SBF1;S1141;,0.29511990554605594
PRKAA1,4,SCRIB;S1315;,-1.0266956447996256
PRKAA1,4,SCRIB;S1529;,-1.1115414349609378
PRKAA1,4,SENP7;S47;,-1.020923172466767
PRKAA1,4,SETD2;S511;,-1.0133043270169537
PRKAA1,4,SF3B1;T326;,0.3068612505042878
PRKAA1,4,SFPQ;T586;,-0.8903068872659743
PRKAA1,4,SGTA;S306;,-1.0237109000243494
PRKAA1,4,SGTA;S308;,-1.0826704402003868
PRKAA1,4,SH3BP5;S420;,-0.9202811116191646
PRKAA1,4,SH3D19;S274;,-1.0085831727717385
PRKAA1,4,SH3PXD2A;S368;,1.0153458923528584
PRKAA1,4,SH3PXD2A;S495;,-1.039047809795628
PRKAA1,4,SH3PXD2A;S956;,-0.7983976529705
PRKAA1,4,SHC3;S359;,-1.0192169365197472
PRKAA1,4,SIK2;S673;,-0.9131525621447328
PRKAA1,4,SIPA1L1;S1408;,0.9175981845704521
PRKAA1,4,SIPA1L1;S1411;,0.9972663287394888
PRKAA1,4,SIPA1L1;S288;,-0.9667697830133444
PRKAA1,4,SLC2A13;S38;,0.9703743324773167
PRKAA1,4,SLC2A13;S44;,1.1063127515024218
PRKAA1,4,SLC2A13;S47;,0.986518189056265
PRKAA1,4,SLC4A7;S1171;,0.9079489214000597
PRKAA1,4,SLC4A7;S263;,1.1428212781196034
PRKAA1,4,SLK;S778;,0.9998243484532882
PRKAA1,4,SMCR7L;S59;,-0.9460688157142025
PRKAA1,4,SMCR8;S416;,-1.0345394599714088
PRKAA1,4,SMCR8;S486;,1.0355819378982227
PRKAA1,4,SMCR8;S488;,1.0203726931350885
PRKAA1,4,SMCR8;S491;,1.039493576524361
PRKAA1,4,SMCR8;S497;,0.931657579532516
PRKAA1,4,SMG6;S537;,-1.06602151129942
PRKAA1,4,SNW1;S224;,0.8897871574540991
PRKAA1,4,SNX8;S454;,-0.9840768348095832
PRKAA1,4,SON;S94;,-1.0483510642758247
PRKAA1,4,SORBS1;S857;,-1.0360577331632337
PRKAA1,4,SOS1;S1120;,-0.9599744806971664
PRKAA1,4,SOX6;S399;,-1.024686155739911
PRKAA1,4,SOX6;S402;,-0.9906907620453391
PRKAA1,4,SOX6;T401;,-1.0327098891926458
PRKAA1,4,SPAG7;S219;,-1.0230472109611217
PRKAA1,4,SPAG9;S203;,-1.0720775942139242
PRKAA1,4,SPAG9;S716;,-0.8790605125544533
PRKAA1,4,SPHK2;S379;,0.9301711005134518
PRKAA1,4,SRPK2;S487;,-0.9605244170138473
PRKAA1,4,SRRM2;S2228;,-0.984970423604813
PRKAA1,4,SRRM2;S2338;,-1.0018432435472266
PRKAA1,4,SRSF10;S131;,1.0002362425180145
PRKAA1,4,SRSF11;S200;,-1.0383953860449184
PRKAA1,4,STARD13;S334;,-1.056530017164881
PRKAA1,4,STAT3;S727;,-0.8326372819217921
PRKAA1,4,STIM1;S257;,0.8101813180660609
PRKAA1,4,STIM1;S523;,0.8869499865775526
PRKAA1,4,STIM1;S524;,0.9595434155670105
PRKAA1,4,STIM2;S675;,0.9771768563036703
PRKAA1,4,STK11IP;S443;,-1.0447450014960646
PRKAA1,4,STK3;S385;,-1.104412632366201
PRKAA1,4,STMN1;S16;,-0.9832930362737826
PRKAA1,4,STMN1;S25;,-0.9273885610961711
PRKAA1,4,STMN1;S38;,-0.8861031682199538
PRKAA1,4,STRN3;S227;,-1.1110216912569146
PRKAA1,4,SUN2;S12;,-1.089042939999491
PRKAA1,4,SVIL;S1177;,-1.0264429542317328
PRKAA1,4,SVIL;S259;,-1.0047418103321801
PRKAA1,4,SVIL;S531;,-1.049512369837176
PRKAA1,4,SYNPO2L;S401;,-0.9608803357188721
PRKAA1,4,SYNPO2L;T141;,0.37359331048891364
PRKAA1,4,SZT2;S1641;,-1.0374945806829723
PRKAA1,4,TACC2;S575;,-0.8307069764538032
PRKAA1,4,TANC2;S1447;,-0.9802694134773041
PRKAA1,4,TBC1D1;S231;,1.133842483614515
PRKAA1,4,TBC1D1;S662;,1.2028261611801454
PRKAA1,4,TBC1D1;T590;,-0.8224375780157699
PRKAA1,4,TBC1D16;S382;,-1.1032070056304852
PRKAA1,4,TCF12;S583;,-0.9312633522637825
PRKAA1,4,TDRD3;S256;,-0.996205840502227
PRKAA1,4,TENC1;T996;,-1.0166589158669461
PRKAA1,4,TFE3;S531;,-0.850219923701104
PRKAA1,4,TJP1;S1602;,-1.0298357092273287
PRKAA1,4,TJP1;S1604;,-1.0628566046729178
PRKAA1,4,TJP2;S147;,-1.10240774027588
PRKAA1,4,TMEM245;S327;,-0.7857260791134814
PRKAA1,4,TMEM55A;S14;,0.9341924034201695
PRKAA1,4,TNKS1BP1;S1642;,-0.9818458043651703
PRKAA1,4,TNRC6B;S306;,-1.0321769137928267
PRKAA1,4,TNRC6B;S421;,-1.0819407978143427
PRKAA1,4,TRAK1;S390;,-1.0780756250525585
PRKAA1,4,TRAK1;S905;,1.154403395546588
PRKAA1,4,TRAPPC12;S314;,-1.0641296452858473
PRKAA1,4,TRIM28;S474;,-0.94581393548128
PRKAA1,4,TRIO;S2459;,-1.0558088731754371
PRKAA1,4,TRIO;S2463;,-0.9885477247281447
PRKAA1,4,TRIP12;T1454;,-1.045191220484998
PRKAA1,4,TSC2;S939;,-0.9451873791474881
PRKAA1,4,TSSC4;S190;,-1.0147734690927734
PRKAA1,4,TTN;S305;,0.9430192188220833
PRKAA1,4,UBA1;S13;,-1.0000424010351159
PRKAA1,4,UBA5;S380;,-1.0153504304039902
PRKAA1,4,UBE2O;S835;,-1.009256067787453
PRKAA1,4,UBE2O;T830;,-0.09361643126050878
PRKAA1,4,UBE4B;S88;,-0.9515560778033787
PRKAA1,4,ULK1;S450;,-1.0408880872400892
PRKAA1,4,ULK1;S465;,1.1059066476508876
PRKAA1,4,ULK1;S477;,-0.9914776815587384
PRKAA1,4,ULK1;S479;,-1.043350077124724
PRKAA1,4,ULK1;S637;,1.0915683926914581
PRKAA1,4,ULK1;T468;,0.3913187312325419
PRKAA1,4,ULK1;T659;,0.730971261461917
PRKAA1,4,USP10;S224;,-1.020494961159639
PRKAA1,4,VAPA;S164;,1.062390156638908
PRKAA1,4,VIM;S420;,0.9773149897581589
PRKAA1,4,VIM;S430;,0.7690875798920155
PRKAA1,4,VIM;T426;,0.9520132831977436
PRKAA1,4,VPS26B;S304;,1.0280325580627658
PRKAA1,4,WIPF2;S235;,-0.9598251837001618
PRKAA1,4,WNK1;S165;,-0.9505826200361456
PRKAA1,4,WWC3;S955;,-1.0678825912351855
PRKAA1,4,YAP1;S46;,1.0201152916827108
PRKAA1,4,ZC3H13;S368;,0.9625858268141608
PRKAA1,4,ZC3HAV1;S307;,-1.0349995933356422
PRKAA1,4,ZC3HAV1;S325;,-1.080783475873117
PRKAA1,4,ZC3HAV1;S544;,-1.0674809289475613
PRKAA1,4,ZC3HC1;S343;,-0.9986233442980955
PRKAA1,4,ZC3HC1;T351;,-0.8910719924535544
PRKAA1,4,ZFP295;S411;,-0.969090469287082
PRKAA1,4,ZFYVE16;S903;,-1.0043420645395271
PRKAA1,4,ZNRF2;S148;,-1.0739566039864314
PRKAA1,4,ZNRF2;S154;,-1.029193148245259
PRKAA1,4,ZNRF2;S18;,-1.025816950690023
PRKAA1,4,ZNRF2;S81;,-0.9334001905975605
PRKAA1,4,ZYX;S143;,-1.1260998768377692
PRKAA1,4,ZYX;S144;,-1.1032905460086684
PRKAA1,4,ZYX;S336;,-1.0411539041510431
PRKAA1,4,ZZEF1;S1516;,-0.9925004832562685
PRKAA1,4,ZZEF1;S1535;,-0.9198319817177912
PRKAA1,5,AAK1;S677;,-1.0678090991898486
PRKAA1,5,ABCC4;S604;,-1.1085332771706058
PRKAA1,5,ABI2;S165;,-0.9577392989576875
PRKAA1,5,ABI2;S168;,-1.1525433492374815
PRKAA1,5,ABL2;S799;,-1.068849206544909
PRKAA1,5,ABLIM3;S566;,-1.1914144898471555
PRKAA1,5,ABLIM3;S575;,0.22005024733765674
PRKAA1,5,ACACA;S79;,1.0984979237600252
PRKAA1,5,ACIN1;S711;,-1.0483492349508883
PRKAA1,5,ADD1;S613;,-1.1740590336378718
PRKAA1,5,ADD1;T614;,-0.9280183864288667
PRKAA1,5,ADNP;S971;,-1.1293909479358495
PRKAA1,5,AFF4;S823;,-0.7163938038575162
PRKAA1,5,AGAP3;S107;,-0.9991574758745078
PRKAA1,5,AHCTF1;S1214;,1.1237198333244487
PRKAA1,5,AHNAK;S1191;,0.831793435603033
PRKAA1,5,AHNAK;S177;,-1.1209190066510832
PRKAA1,5,AHNAK;S2060;,-1.1883602184937014
PRKAA1,5,AHNAK;S211;,-1.0379364844648926
PRKAA1,5,AHNAK;S2117;,0.8251573230403949
PRKAA1,5,AHNAK;S222;,1.1238451346745555
PRKAA1,5,AHNAK;S3915;,-1.1995221008210781
PRKAA1,5,AHNAK;S42;,-1.1890745592745304
PRKAA1,5,AHNAK;S4597;,-1.0692289230788694
PRKAA1,5,AHNAK;S5243;,-1.0024490594030306
PRKAA1,5,AHNAK;T4049;,-0.4177712372552726
PRKAA1,5,AHNAK2;S425;,-1.2076571540582601
PRKAA1,5,AHNAK2;T438;,-0.8021685819511681
PRKAA1,5,AIMP1;S110;,-1.1315246198196265
PRKAA1,5,AJUBA;S129;,-0.9506902577798044
PRKAA1,5,AKAP1;S103;,1.0325350451735542
PRKAA1,5,AKAP10;S278;,-1.147929710901673
PRKAA1,5,AKAP11;S1090;,0.4647513295225354
PRKAA1,5,AKAP11;S21;,-1.1141389406400661
PRKAA1,5,AKAP11;S23;,-1.1507312360346114
PRKAA1,5,AKAP11;S448;,-1.1747950601456556
PRKAA1,5,AKAP13;S2515;,-0.9215565218503348
PRKAA1,5,AKAP2;S152;,-0.9473885558177675
PRKAA1,5,AKAP2;S730;,-1.0217054162609762
PRKAA1,5,AKAP6;S562;,1.0750532622594402
PRKAA1,5,AKAP9;S3669;,-1.1526819052151254
PRKAA1,5,AKT1S1;S184;,-1.1336474460476098
PRKAA1,5,AKT1S1;T247;,-0.9435901720425178
PRKAA1,5,ALKBH5;S362;,-0.9661457464981202
PRKAA1,5,ALKBH5;S376;,-1.1745272821182313
PRKAA1,5,AMOTL1;S580;,1.0146402688578249
PRKAA1,5,ANP32A;S15;,-1.0389280082781005
PRKAA1,5,AP3D1;S755;,-0.8647350683313518
PRKAA1,5,ARFGAP2;S145;,-1.1211899027418772
PRKAA1,5,ARFGEF2;S214;,-0.894170663225931
PRKAA1,5,ARFIP1;S39;,1.180578312239179
PRKAA1,5,ARHGAP17;S710;,-0.9729041262133176
PRKAA1,5,ARHGAP22;S200;,-1.0397761687465046
PRKAA1,5,ARHGAP22;S236;,-1.0037637588079642
PRKAA1,5,ARHGAP35;S1174;,-1.091838885243481
PRKAA1,5,ARHGAP39;S284;,-1.1575697550218038
PRKAA1,5,ARHGAP5;S1195;,-1.1866192539200395
PRKAA1,5,ARHGAP5;S1202;,-1.094259196637129
PRKAA1,5,ARHGAP5;S967;,-1.149475718748593
PRKAA1,5,ARHGEF12;S337;,-1.0566871573646737
PRKAA1,5,ARHGEF12;S341;,-1.1634955412311863
PRKAA1,5,ARHGEF17;S995;,0.9692314871054172
PRKAA1,5,ARHGEF5;S721;,-1.168056101443369
PRKAA1,5,ARPP21;S256;,0.38987814108489705
PRKAA1,5,ATF7;T53;,0.7189122054410485
PRKAA1,5,ATG14;S5;,-1.1143351877291858
PRKAA1,5,ATG2A;S1246;,-1.0913584607255853
PRKAA1,5,ATG2B;S240;,-1.1489121415958736
PRKAA1,5,ATG2B;S255;,-1.151558756009985
PRKAA1,5,ATRX;S761;,-1.0095775044045963
PRKAA1,5,ATXN2;S622;,-1.1469350034251846
PRKAA1,5,ATXN2L;S109;,-1.0780111530834495
PRKAA1,5,ATXN2L;S447;,-0.9978559507813589
PRKAA1,5,AZI1;S114;,-0.7624348686153957
PRKAA1,5,AZI1;S304;,-1.0461998352563031
PRKAA1,5,BAD;S171;,0.9999800114638393
PRKAA1,5,BAG3;S271;,-1.0898469124411312
PRKAA1,5,BAG3;S387;,-1.126282096175136
PRKAA1,5,BAG3;S388;,-1.0345747115615598
PRKAA1,5,BAIAP2L1;S218;,-1.1058113707300918
PRKAA1,5,BAIAP2L1;S380;,0.8687954638346974
PRKAA1,5,BAZ2A;S1388;,-1.0805672345303223
PRKAA1,5,BBX;S243;,-0.9633217960957741
PRKAA1,5,BCL9L;S116;,-1.0755677631073794
PRKAA1,5,BCL9L;S21;,1.0713967539981304
PRKAA1,5,BCL9L;S25;,-0.9381095699583613
PRKAA1,5,BICD2;S611;,-0.9995569267455033
PRKAA1,5,BICD2;S819;,-0.812474406950253
PRKAA1,5,BRAF;S134;,-1.1071221519949623
PRKAA1,5,BRD8;S274;,-0.9855637658960246
PRKAA1,5,BRD8;T270;,-1.0259533807887171
PRKAA1,5,BSDC1;S216;,-1.029458562581882
PRKAA1,5,C2CD4C;S262;,-1.0625668032203015
PRKAA1,5,CACNB1;S53;,-1.0744989659637045
PRKAA1,5,CALD1;S527;,-1.136961538214301
PRKAA1,5,CAMK2D;T371;,0.5042837119509879
PRKAA1,5,CAMSAP1;S1154;,-1.1333908063762212
PRKAA1,5,CAMSAP1;S517;,-1.139749181735922
PRKAA1,5,CAP2;S301;,-1.1393634022986647
PRKAA1,5,CBX5;S93;,-0.8537196231000681
PRKAA1,5,CCDC6;S143;,-1.1532893396047577
PRKAA1,5,CCDC88A;S1638;,-1.0988908544187312
PRKAA1,5,CCDC91;S71;,-1.1453050121167356
PRKAA1,5,CDC42EP2;S137;,-0.9467575590731381
PRKAA1,5,CDC42EP2;S141;,-1.0134000361053142
PRKAA1,5,CDC42EP4;S140;,-1.0509628712120789
PRKAA1,5,CDKN1A;S69;,-1.1713695420798615
PRKAA1,5,CDKN1B;S12;,-1.1513040768357437
PRKAA1,5,CDKN1B;S7;,-1.1929079303512675
PRKAA1,5,CEP170B;S1166;,-0.9856899410149861
PRKAA1,5,CEP68;S503;,-0.23548690093165056
PRKAA1,5,CEP68;S510;,-0.9656327013990618
PRKAA1,5,CHAMP1;S532;,-1.0085826221739234
PRKAA1,5,CHD8;S549;,1.0276640433939412
PRKAA1,5,CHRND;S379;,0.9362903532059353
PRKAA1,5,CIC;S1394;,-0.988096794498163
PRKAA1,5,CIC;S1399;,-1.1421716771987027
PRKAA1,5,CLASP2;S331;,1.051028311229783
PRKAA1,5,CLIP1;S159;,-1.1196227270612014
PRKAA1,5,COBL;S31;,1.1869178347005989
PRKAA1,5,COBL;S34;,1.1614114350317088
PRKAA1,5,COG3;S536;,1.0414159374511787
PRKAA1,5,CORO7;S298;,1.250344486852654
PRKAA1,5,DAB2IP;S802;,-1.093482912951666
PRKAA1,5,DAP;S2;,-1.090577628982424
PRKAA1,5,DAP;S3;,-1.1083730005965704
PRKAA1,5,DBNDD1;S123;,-1.0760028612628414
PRKAA1,5,DCAF6;S336;,-1.2105542366435849
PRKAA1,5,DCLK1;S30;,1.000427185996447
PRKAA1,5,DDX19A;S86;,-1.044354242272992
PRKAA1,5,DDX3X;S261;,-0.7184957459812586
PRKAA1,5,DENND4C;S1037;,1.132517708614161
PRKAA1,5,DLG2;S323;,-1.0307970156682502
PRKAA1,5,DLG2;S328;,-1.116949241750775
PRKAA1,5,DMXL1;S574;,0.9269953258253101
PRKAA1,5,DNAJC2;T48;,-0.4805458071669669
PRKAA1,5,DNAJC25;T353;,-0.2933052791979214
PRKAA1,5,DOCK6;S1339;,-0.7644965968131066
PRKAA1,5,DOCK7;S1361;,-1.0004472952184844
PRKAA1,5,DOCK7;S2107;,-1.1101312729989996
PRKAA1,5,DOPEY1;S1261;,-1.0212967536339972
PRKAA1,5,DTNA;S606;,-1.1903126376891349
PRKAA1,5,DUSP27;S366;,-0.98346860619989
PRKAA1,5,DUSP27;S368;,-1.1575141890766836
PRKAA1,5,DUSP27;S370;,-1.145001064045652
PRKAA1,5,DUSP27;S427;,-1.1462419189134254
PRKAA1,5,DYNC1H1;S4365;,-1.0496550259006625
PRKAA1,5,DYNC1I2;S81;,-0.9330842067839559
PRKAA1,5,EEF2;T57;,0.5187975176993715
PRKAA1,5,EEF2K;S365;,0.04151585727656903
PRKAA1,5,EHBP1L1;S1363;,1.1618317090183115
PRKAA1,5,EHD4;S459;,-1.217921180423153
PRKAA1,5,EIF3A;S584;,-1.0073204514224394
PRKAA1,5,EIF4B;S422;,-0.8306376933002055
PRKAA1,5,EIF4B;S424;,-1.1405378502720234
PRKAA1,5,EIF4B;S425;,-1.0453104574178882
PRKAA1,5,EIF4B;T420;,-1.0702157717096967
PRKAA1,5,EIF4EBP1;S64;,-1.130738790035056
PRKAA1,5,EIF4EBP2;S2;,-0.9506886610422767
PRKAA1,5,EIF5B;S183;,-0.9552980792424829
PRKAA1,5,ELMSAN1;S456;,-0.7764935914593533
PRKAA1,5,EPS8;S659;,-0.9855669360440173
PRKAA1,5,ETL4;S1844;,-0.9302027613211593
PRKAA1,5,ETV3;S139;,-1.116191907137659
PRKAA1,5,FAM120C;S55;,-1.1587994853549732
PRKAA1,5,FAM134C;S313;,0.9404135062484579
PRKAA1,5,FAM134C;S320;,0.3738163104557779
PRKAA1,5,FAM171A2;S423;,-1.0646429986033108
PRKAA1,5,FAM65A;S752;,-1.1574933481708078
PRKAA1,5,FBXO30;S379;,-1.1354897345751194
PRKAA1,5,FHOD1;S489;,-1.0637695429956622
PRKAA1,5,FHOD1;S501;,-0.9618653634605681
PRKAA1,5,FHOD1;S504;,-1.1344397474409424
PRKAA1,5,FHOD1;S513;,-1.0792522248099004
PRKAA1,5,FHOD1;S523;,-1.0201282717606195
PRKAA1,5,FLNC;S2147;,-1.1218622880333327
PRKAA1,5,FLNC;S2234;,-1.00004663037339
PRKAA1,5,FMN1;S589;,-1.1336932802401307
PRKAA1,5,FOSL2;S320;,-0.990252905784767
PRKAA1,5,FOSL2;T322;,-0.7803378838916597
PRKAA1,5,FOXK1;S225;,-1.0083904386789677
PRKAA1,5,FOXK2;T200;,-0.9764263987100674
PRKAA1,5,FOXO3;S252;,-0.882016630563675
PRKAA1,5,FRMD8;S21;,-1.1058470111820455
PRKAA1,5,FRYL;T1959;,-0.8675561486736001
PRKAA1,5,GAB1;S418;,-1.0086140349632358
PRKAA1,5,GAB2;S142;,-1.0983089219745017
PRKAA1,5,GAB2;S143;,-0.8651709808221417
PRKAA1,5,GAB2;S211;,-0.9584121597533489
PRKAA1,5,GAB2;S365;,-1.1224507561715285
PRKAA1,5,GAB2;T388;,-0.9991407702375246
PRKAA1,5,GATAD2A;S103;,1.1538116106492684
PRKAA1,5,GATAD2A;S96;,1.1426288042319912
PRKAA1,5,GATAD2B;S338;,-1.0035814553178763
PRKAA1,5,GBF1;S1786;,-0.6905699366689206
PRKAA1,5,GIGYF1;S28;,-1.0212340212908613
PRKAA1,5,GIT2;S568;,-1.198823652947243
PRKAA1,5,GOLGA4;S116;,1.1355359135958074
PRKAA1,5,GSK3A;S21;,-0.8338633508490727
PRKAA1,5,GSK3A;S41;,-1.1863747202359927
PRKAA1,5,GSK3B;S9;,-0.8012563933555762
PRKAA1,5,GYS1;S728;,-1.0002003563866073
PRKAA1,5,HBP1;S401;,-1.0190903809484746
PRKAA1,5,HBS1L;S147;,-1.1784509734254451
PRKAA1,5,HDAC6;S21;,-1.1153132793014209
PRKAA1,5,HECTD1;S1392;,-0.889695846932022
PRKAA1,5,HECTD1;S1393;,-1.0054270020880032
PRKAA1,5,HECTD1;S1573;,0.9173090790696578
PRKAA1,5,HELB;S944;,-0.9349606845997867
PRKAA1,5,HERC1;S1163;,-1.1076204513151109
PRKAA1,5,HERC1;T1154;,-1.0652767424386864
PRKAA1,5,HIRIP3;S27;,-1.2119327896067782
PRKAA1,5,HN1L;S97;,-1.0757338239611076
PRKAA1,5,HOMER3;S158;,-1.020269060354739
PRKAA1,5,HUWE1;S1876;,-1.0942989085425379
PRKAA1,5,HUWE1;S3639;,-1.1996582566906608
PRKAA1,5,HUWE1;S3898;,-1.0645432460417181
PRKAA1,5,HUWE1;T3903;,-1.0425248669227143
PRKAA1,5,IREB2;S178;,-1.2125017626267707
PRKAA1,5,IRF2BPL;S69;,-1.1191448190529003
PRKAA1,5,ITSN1;S1063;,-0.6216140513017969
PRKAA1,5,ITSN1;S315;,-0.9831820601559911
PRKAA1,5,JMY;S56;,-0.9281914030694898
PRKAA1,5,JSRP1;S47;,-1.1566881661669377
PRKAA1,5,KANK2;S358;,-1.0911583108660075
PRKAA1,5,KCTD3;S809;,1.122849512085064
PRKAA1,5,KDM2A;S718;,-1.0852159125711012
PRKAA1,5,KDM2A;T713;,-0.9954130016726545
PRKAA1,5,KDM5C;S316;,-1.0836470707022534
PRKAA1,5,KPNA1;S2;,-0.751013847804044
PRKAA1,5,KPNA1;T3;,-0.4265203667077046
PRKAA1,5,LAMTOR1;S98;,-1.1499826816081722
PRKAA1,5,LARP1;S916;,-0.790383946731649
PRKAA1,5,LARP1;T932;,-0.9070409068667654
PRKAA1,5,LARP4B;S498;,-0.9700113277686644
PRKAA1,5,LDB3;S112;,-1.1236108797555822
PRKAA1,5,LIMA1;S360;,-1.0427446248240142
PRKAA1,5,LIMA1;S603;,-1.0563968055829285
PRKAA1,5,LIMA1;S608;,-1.065547977421597
PRKAA1,5,LIMA1;S703;,-1.0540105980229617
PRKAA1,5,LMNA;S404;,-0.8930738998559244
PRKAA1,5,LMNA;S406;,-1.1030522762447161
PRKAA1,5,LMNA;S407;,-1.1299055614737634
PRKAA1,5,LMNA;S423;,-1.1554138648187529
PRKAA1,5,LMNA;S424;,-1.0898353300182901
PRKAA1,5,LMO7;S1541;,-1.08530476510831
PRKAA1,5,LMO7;S1543;,-1.0048803533786925
PRKAA1,5,LOC100360205;S239;,-0.985966739334146
PRKAA1,5,LOC100365259;S393;,-0.623664060924901
PRKAA1,5,LOC100910104;S475;,-0.9954241244629877
PRKAA1,5,LOC100910104;S532;,1.0381398678080394
PRKAA1,5,LOC100910104;S719;,-1.0925199235795433
PRKAA1,5,LOC100910646;S166;,-1.1306717999624767
PRKAA1,5,LOC100911178;S1643;,-1.1711496372124315
PRKAA1,5,LOC100911302;S1721;,-0.9870122694153712
PRKAA1,5,LOC100911677;S490;,1.1333460140767042
PRKAA1,5,LOC100912115;S649;,-1.1028706861496245
PRKAA1,5,LOC312502;S1164;,-1.156650382312602
PRKAA1,5,LOC312502;S138;,1.217655065452664
PRKAA1,5,LOC312502;S139;,1.2180477449701592
PRKAA1,5,LOC312502;S483;,-0.9737455455641939
PRKAA1,5,LOC683007;S1204;,-1.0915540127189698
PRKAA1,5,LOC683007;S1207;,-1.1688413965683435
PRKAA1,5,LOC684259;S780;,1.104886225144459
PRKAA1,5,LOC685707;S1251;,-0.9931976269251932
PRKAA1,5,LRRFIP2;S18;,-1.1285288098889281
PRKAA1,5,LRRFIP2;T136;,-0.894384139884904
PRKAA1,5,LYSMD1;S33;,1.1267894050831158
PRKAA1,5,MACF1;S1376;,-0.9275713135090771
PRKAA1,5,MACF1;S5293;,-1.0674676683577653
PRKAA1,5,MAF1;S60;,-1.0827091962311077
PRKAA1,5,MAP1A;S1757;,-1.0044986644543181
PRKAA1,5,MAP1A;T2177;,-0.9514031196713149
PRKAA1,5,MAP1A;T504;,-1.0662132551233017
PRKAA1,5,MAP1B;S1257;,-0.9534986943424252
PRKAA1,5,MAP1B;S1389;,-0.9875953366351049
PRKAA1,5,MAP1B;S1393;,-0.9960236442160828
PRKAA1,5,MAP1B;T1781;,0.004044911830396257
PRKAA1,5,MAP1S;S683;,-0.9924636149072841
PRKAA1,5,MAP4;S902;,1.1205661958766253
PRKAA1,5,MAP4K4;S591;,-1.132423722894654
PRKAA1,5,MAP4K4;S791;,1.2255770582876602
PRKAA1,5,MAP4K4;S794;,1.188628203451861
PRKAA1,5,MAPK1;Y185;,-0.22051565828144992
PRKAA1,5,MAPK14;Y182;,-0.14254187947434563
PRKAA1,5,MAPK8;Y185;,0.23306411501038946
PRKAA1,5,MARCKS;S141;,-1.048336539813694
PRKAA1,5,MARK3;S593;,-1.19262625610827
PRKAA1,5,MARK3;T594;,-0.6372649100949377
PRKAA1,5,MATR3;S188;,-1.0103713562444525
PRKAA1,5,MBD3;S85;,-1.0159858283936731
PRKAA1,5,MBD3;S86;,-1.178986308629263
PRKAA1,5,MDM2;S138;,-0.9221213837045106
PRKAA1,5,MED1;S1465;,-1.1430359594506654
PRKAA1,5,MED1;S1467;,-1.1415240734418868
PRKAA1,5,MED1;S1468;,-1.165976237691102
PRKAA1,5,MED24;S860;,-1.0750940353117378
PRKAA1,5,MED24;S861;,-1.1786936578941467
PRKAA1,5,MEF2C;S226;,-1.1177457812398892
PRKAA1,5,MID1;S96;,-1.0330959100256651
PRKAA1,5,MKL1;S571;,-0.9953403953156919
PRKAA1,5,MLL2;S2291;,-1.1417573772520115
PRKAA1,5,MLLT4;S216;,-1.190373432536188
PRKAA1,5,MLLT4;S246;,-1.0923512989698902
PRKAA1,5,MON2;S197;,-1.134451522566612
PRKAA1,5,MPHOSPH10;S168;,1.16772679791643
PRKAA1,5,MPRIP;S369;,-1.1037340463713796
PRKAA1,5,MTFR1L;S100;,1.1035817580783573
PRKAA1,5,MTFR1L;S234;,1.1914239273152127
PRKAA1,5,MTFR1L;S235;,1.2225897560527104
PRKAA1,5,MTSS1L;S575;,-1.0521291538109574
PRKAA1,5,MURC;S20;,-1.0607870388507339
PRKAA1,5,MUSK;S689;,-1.1187883816025415
PRKAA1,5,MUSK;S690;,-0.8622743893422687
PRKAA1,5,MYBBP1A;S1283;,-1.072806738820829
PRKAA1,5,MYCBP2;S2750;,-1.007269473021548
PRKAA1,5,MYOZ2;T32;,-0.9510716802207624
PRKAA1,5,NACA;S1125;,-1.016917215082344
PRKAA1,5,NACA;S1345;,-1.0878359168562373
PRKAA1,5,NACA;S1454;,-0.9784446639625888
PRKAA1,5,NACA;S1720;,-1.0800489346098265
PRKAA1,5,NACA;S914;,-1.0006052616553842
PRKAA1,5,NACA;S942;,-1.0918539696498288
PRKAA1,5,NCAPH;S24;,-1.1343613223664362
PRKAA1,5,NCOR1;S363;,-1.1409588143785037
PRKAA1,5,NCOR2;S1747;,-1.0491097092866755
PRKAA1,5,NDRG1;S330;,-0.8389201922549503
PRKAA1,5,NDRG1;T328;,-1.0669423793383834
PRKAA1,5,NDRG2;T334;,-1.0902909980867153
PRKAA1,5,NEK9;S16;,0.8593642645562075
PRKAA1,5,NEK9;S736;,-1.0715446254274772
PRKAA1,5,NELFE;S131;,-1.018948366686996
PRKAA1,5,NES;S1071;,1.1256258949595894
PRKAA1,5,NES;S1123;,-1.1122286393282501
PRKAA1,5,NES;S1131;,1.1380245831551252
PRKAA1,5,NES;S620;,-1.1658896487269639
PRKAA1,5,NES;S784;,1.0162767808158109
PRKAA1,5,NEXN;S280;,-1.0115143195860818
PRKAA1,5,NFIX;S265;,-1.0907519827428005
PRKAA1,5,NHSL1;T1376;,-0.9918854485270501
PRKAA1,5,NUMA1;S1935;,-1.02790062092771
PRKAA1,5,NUMA1;S1958;,-0.9758276594707262
PRKAA1,5,NUP35;S73;,-1.088187481905804
PRKAA1,5,OPTN;S188;,1.110652287286182
PRKAA1,5,PACS2;S319;,-1.1086963649708839
PRKAA1,5,PAK1;S144;,-1.0939457125516492
PRKAA1,5,PAK1;S203;,-1.0929757583834439
PRKAA1,5,PAK2;S197;,-0.7126649763953972
PRKAA1,5,PARD3;S715;,-0.9105252674048979
PRKAA1,5,PARVA;S14;,-0.8102402230476426
PRKAA1,5,PATL1;S184;,-1.0653487236984969
PRKAA1,5,PBXIP1;S132;,-1.1007208471236067
PRKAA1,5,PBXIP1;S133;,-1.1312818462777832
PRKAA1,5,PCM1;S1280;,-0.9451849501929199
PRKAA1,5,PCM1;S380;,-1.150150844929076
PRKAA1,5,PCM1;S384;,-0.9969186460571446
PRKAA1,5,PDAP1;S176;,-1.1120762428550905
PRKAA1,5,PDAP1;S178;,-1.1025770887620756
PRKAA1,5,PDCD4;S420;,-0.9629757572958806
PRKAA1,5,PDCD4;S76;,-1.0101189598215174
PRKAA1,5,PDLIM7;S209;,-1.167705041063132
PRKAA1,5,PDLIM7;T214;,-0.7923435407070913
PRKAA1,5,PDLIM7;T215;,-0.9073682605495299
PRKAA1,5,PDS5B;S1176;,-1.0547139057178225
PRKAA1,5,PDXDC1;T554;,-0.9998484895063533
PRKAA1,5,PELO;S55;,-1.2147532490239563
PRKAA1,5,PEX1;S1209;,-1.0778120698181937
PRKAA1,5,PFKFB2;S469;,-0.7167977787545198
PRKAA1,5,PHF1;S410;,-1.0807415920512227
PRKAA1,5,PHF1;S415;,-1.0683439132527224
PRKAA1,5,PHF2;S782;,-1.0462169761596336
PRKAA1,5,PHIP;S1251;,-1.016650104711992
PRKAA1,5,PHLDB1;S431;,-1.0654862523078406
PRKAA1,5,PHLDB1;S534;,-0.848569255291683
PRKAA1,5,PHLDB2;S241;,-1.014924521140438
PRKAA1,5,PI4K2A;S43;,-1.1979257033369906
PRKAA1,5,PI4K2A;S46;,-1.0507137302479161
PRKAA1,5,PI4K2A;S461;,-0.9730731803776993
PRKAA1,5,PI4K2A;S50;,-1.017172142495378
PRKAA1,5,PID1;S230;,-1.1200812989505553
PRKAA1,5,PID1;S231;,-1.057255891706879
PRKAA1,5,PID1;S232;,-0.88306248738581
PRKAA1,5,PID1;S242;,-1.0426080357559095
PRKAA1,5,PIEZO1;S1370;,-1.0226097017012714
PRKAA1,5,PIK3C2A;S261;,-1.1456411676330371
PRKAA1,5,PLEC;S4246;,-0.6874832623884001
PRKAA1,5,PLEC;S4249;,-1.1048732529274226
PRKAA1,5,PNISR;S290;,-1.1036843434824288
PRKAA1,5,POM121;S370;,-1.163794748337026
PRKAA1,5,PPAN;S233;,1.1119124553848658
PRKAA1,5,PPAN;S238;,1.1101085782431002
PRKAA1,5,PPAN;S240;,1.178164997269979
PRKAA1,5,PPP1R12C;S508;,-1.0086362608630166
PRKAA1,5,PPP1R13L;S110;,-1.0514527517282457
PRKAA1,5,PPP1R13L;S154;,-1.1417416729959968
PRKAA1,5,PPP1R13L;S360;,-0.9914800571500592
PRKAA1,5,PPP6R2;S629;,-1.1176957353509835
PRKAA1,5,PPP6R2;S719;,-1.0783300097707476
PRKAA1,5,PRKAA1;S496;,-1.0106889835694037
PRKAA1,5,PRKAB1;S108;,1.214085617072231
PRKAA1,5,PRRC2A;S765;,-1.1776005408685781
PRKAA1,5,PRRC2B;S259;,-0.7773704864260295
PRKAA1,5,PSMA5;T55;,0.4589773447675508
PRKAA1,5,PSMC3;S12;,-1.1504608686986995
PRKAA1,5,PSMC3;S9;,-1.119764655509743
PRKAA1,5,PTPN12;T544;,0.5548746034081335
PRKAA1,5,PTPN21;S599;,-0.9424553164452054
PRKAA1,5,PTPN21;S762;,-0.8148257901885018
PRKAA1,5,PTRF;S169;,-1.1941938495777384
PRKAA1,5,PTRF;S171;,-1.1648585777672422
PRKAA1,5,PUM2;S82;,-1.0224721848033242
PRKAA1,5,PXN;S106;,-1.175989793945474
PRKAA1,5,PXN;S137;,-1.1576017175785323
PRKAA1,5,PXN;S83;,-1.0634297589240007
PRKAA1,5,RABGEF1;T142;,-0.43939324495015025
PRKAA1,5,RAF1;S295;,-1.0580137583966305
PRKAA1,5,RAF1;S296;,-1.0739846345571982
PRKAA1,5,RAI14;T249;,-0.9684842743660069
PRKAA1,5,RANBP10;S481;,0.5531378288929047
PRKAA1,5,RANBP3;S58;,-0.9860733959044451
PRKAA1,5,RAPGEF1;S306;,-1.0962700944680606
PRKAA1,5,RAPGEF1;S308;,-1.0939089759190455
PRKAA1,5,RAVER1;S576;,-0.90520845386494
PRKAA1,5,RB1CC1;S243;,-1.1542118134832478
PRKAA1,5,RBM3;S145;,-1.0534807476095625
PRKAA1,5,RBM7;S72;,-1.012450917556647
PRKAA1,5,RFX7;S1177;,-1.0493525777101962
PRKAA1,5,RGD1307838;S900;,-0.9986705490523229
PRKAA1,5,RGD1307838;S903;,-1.11724018031636
PRKAA1,5,RGD1308297;S518;,-1.1501244316468324
PRKAA1,5,RGD1309586;S243;,-1.0677881609180018
PRKAA1,5,RGD1309586;S59;,-0.6147951769616817
PRKAA1,5,RGD1310016;S1171;,0.9317347273863137
PRKAA1,5,RGD1311783;S45;,1.192026115235012
PRKAA1,5,RGD1311783;S46;,1.1496789129451097
PRKAA1,5,RGD1560225;S763;,-1.0508531653878999
PRKAA1,5,RGD1561609;S759;,-0.8760161207996744
PRKAA1,5,RGD1562639;S1035;,-1.0783554899188177
PRKAA1,5,RGD1566017;S802;,-1.0712526088308265
PRKAA1,5,RIN2;S494;,-0.9415717566609401
PRKAA1,5,RIPK2;S412;,1.0922927639803524
PRKAA1,5,RNF40;S586;,-1.1050716097365068
PRKAA1,5,RPS6KA3;S715;,-1.0358402199040633
PRKAA1,5,RPS6KA4;S681;,-1.0945798865530538
PRKAA1,5,RPS6KA4;S682;,-1.153536759735684
PRKAA1,5,RPS6KB1;S404;,-1.1263248051285901
PRKAA1,5,RPTOR;S863;,-1.086594003856314
PRKAA1,5,RRP1B;S524;,-1.0986178491889678
PRKAA1,5,RRP1B;T521;,-0.8642645642113762
PRKAA1,5,RTF1;S416;,-1.1230975001427403
PRKAA1,5,RUFY1;S50;,-0.992060416850041
PRKAA1,5,RUNX1T1;T568;,-0.8427652930826932
PRKAA1,5,SAMD4B;S271;,-0.9795807634847982
PRKAA1,5,SAP30L;T91;,-0.7876276461899085
PRKAA1,5,SBF1;S1141;,0.3048593090777986
PRKAA1,5,SCRIB;S1315;,-1.1068391129428847
PRKAA1,5,SCRIB;S1529;,-1.037930082585328
PRKAA1,5,SENP7;S47;,-1.080330942450176
PRKAA1,5,SETD2;S511;,-1.157125566708634
PRKAA1,5,SF3B1;T326;,0.5239959231046705
PRKAA1,5,SFPQ;T586;,-0.8450059609227709
PRKAA1,5,SGTA;S306;,-1.0158806414360282
PRKAA1,5,SGTA;S308;,-1.148319000222282
PRKAA1,5,SH3BP5;S420;,-0.8791074142445318
PRKAA1,5,SH3D19;S274;,-1.029534663340731
PRKAA1,5,SH3PXD2A;S368;,1.1735587406775898
PRKAA1,5,SH3PXD2A;S495;,-1.1808002806635032
PRKAA1,5,SH3PXD2A;S956;,-0.9605164994679781
PRKAA1,5,SHC3;S359;,-1.0240450175212863
PRKAA1,5,SIK2;S673;,-1.0234042137992294
PRKAA1,5,SIPA1L1;S1408;,1.024351806870241
PRKAA1,5,SIPA1L1;S1411;,1.120298850046096
PRKAA1,5,SIPA1L1;S288;,-0.9448986099467143
PRKAA1,5,SLC2A13;S38;,1.1428170027513564
PRKAA1,5,SLC2A13;S44;,1.2148492168195761
PRKAA1,5,SLC2A13;S47;,1.130433902534436
PRKAA1,5,SLC4A7;S1171;,1.0569232001517335
PRKAA1,5,SLC4A7;S263;,1.2423415716494255
PRKAA1,5,SLK;S778;,1.1607380878237137
PRKAA1,5,SMCR7L;S59;,-0.9987102291167931
PRKAA1,5,SMCR8;S416;,-1.1484991412735808
PRKAA1,5,SMCR8;S486;,1.1690737032158036
PRKAA1,5,SMCR8;S488;,1.0808055647024348
PRKAA1,5,SMCR8;S491;,1.173857895811458
PRKAA1,5,SMCR8;S497;,1.0164964982562583
PRKAA1,5,SMG6;S537;,-1.1360299007509709
PRKAA1,5,SNW1;S224;,1.0849622320718726
PRKAA1,5,SNX8;S454;,-1.0808519193553896
PRKAA1,5,SON;S94;,-1.124574969555621
PRKAA1,5,SORBS1;S857;,-1.0645138418707196
PRKAA1,5,SOS1;S1120;,-0.9187411709344218
PRKAA1,5,SOX6;S399;,-1.1100981018499072
PRKAA1,5,SOX6;S402;,-1.087165121148059
PRKAA1,5,SOX6;T401;,-0.9425913697924864
PRKAA1,5,SPAG7;S219;,-1.116527038302998
PRKAA1,5,SPAG9;S203;,-1.120588554124053
PRKAA1,5,SPAG9;S716;,-0.9578161742982099
PRKAA1,5,SPHK2;S379;,1.107995955103861
PRKAA1,5,SRPK2;S487;,-0.9314907099746823
PRKAA1,5,SRRM2;S2228;,-1.0554259538622641
PRKAA1,5,SRRM2;S2338;,-1.0586923550351546
PRKAA1,5,SRSF10;S131;,1.0001515220151846
PRKAA1,5,SRSF11;S200;,-1.1030677698548024
PRKAA1,5,STARD13;S334;,-1.1485746946860695
PRKAA1,5,STAT3;S727;,-0.8397275555981804
PRKAA1,5,STIM1;S257;,0.9999840364474497
PRKAA1,5,STIM1;S523;,1.0654982320838866
PRKAA1,5,STIM1;S524;,1.131309664785697
PRKAA1,5,STIM2;S675;,1.1479764581159542
PRKAA1,5,STK11IP;S443;,-1.1512607476202017
PRKAA1,5,STK3;S385;,-1.2266239569579338
PRKAA1,5,STMN1;S16;,-1.1026745645933869
PRKAA1,5,STMN1;S25;,-1.022917201513637
PRKAA1,5,STMN1;S38;,-0.9576763316654326
PRKAA1,5,STRN3;S227;,-1.2111814022216756
PRKAA1,5,SUN2;S12;,-1.1654519343121161
PRKAA1,5,SVIL;S1177;,-1.1554937104254281
PRKAA1,5,SVIL;S259;,-1.0091683025974363
PRKAA1,5,SVIL;S531;,-1.144511574627738
PRKAA1,5,SYNPO2L;S401;,-0.9090776089037844
PRKAA1,5,SYNPO2L;T141;,0.7277056227033588
PRKAA1,5,SZT2;S1641;,-1.0419969823662152
PRKAA1,5,TACC2;S575;,-0.7473602827399595
PRKAA1,5,TANC2;S1447;,-1.1382020927957495
PRKAA1,5,TBC1D1;S231;,1.1919842169652886
PRKAA1,5,TBC1D1;S662;,1.2278717392678205
PRKAA1,5,TBC1D1;T590;,-0.8167986376651168
PRKAA1,5,TBC1D16;S382;,-1.116820143569955
PRKAA1,5,TCF12;S583;,-0.9286673625507976
PRKAA1,5,TDRD3;S256;,-0.9929113835262364
PRKAA1,5,TENC1;T996;,-0.826274278851112
PRKAA1,5,TFE3;S531;,-0.6645970395719712
PRKAA1,5,TJP1;S1602;,-1.1357773591501723
PRKAA1,5,TJP1;S1604;,-1.0991879969390088
PRKAA1,5,TJP2;S147;,-1.1898065552137684
PRKAA1,5,TMEM245;S327;,-0.6902941459150083
PRKAA1,5,TMEM55A;S14;,1.124688458712994
PRKAA1,5,TNKS1BP1;S1642;,-0.9028598924706783
PRKAA1,5,TNRC6B;S306;,-1.0955758487859422
PRKAA1,5,TNRC6B;S421;,-1.192503824268627
PRKAA1,5,TRAK1;S390;,-1.1584628931232097
PRKAA1,5,TRAK1;S905;,1.106533976948461
PRKAA1,5,TRAPPC12;S314;,-1.1704737457366332
PRKAA1,5,TRIM28;S474;,-1.0269059374769374
PRKAA1,5,TRIO;S2459;,-1.0787348996620787
PRKAA1,5,TRIO;S2463;,-1.0580676591893572
PRKAA1,5,TRIP12;T1454;,-1.0531033073690959
PRKAA1,5,TSC2;S939;,-0.8780829753332171
PRKAA1,5,TSSC4;S190;,-1.0796603318912101
PRKAA1,5,TTN;S305;,1.1370530442715219
PRKAA1,5,UBA1;S13;,-0.9246472982599578
PRKAA1,5,UBA5;S380;,-1.0277394563312465
PRKAA1,5,UBE2O;S835;,-1.025706938643167
PRKAA1,5,UBE2O;T830;,0.45304393040293345
PRKAA1,5,UBE4B;S88;,-1.066375179282025
PRKAA1,5,ULK1;S450;,-1.1388648037719682
PRKAA1,5,ULK1;S465;,1.1776088782579859
PRKAA1,5,ULK1;S477;,-0.9600098943340665
PRKAA1,5,ULK1;S479;,-1.083146412400791
PRKAA1,5,ULK1;S637;,1.2308253437468986
PRKAA1,5,ULK1;T468;,0.5834195262178096
PRKAA1,5,ULK1;T659;,0.9075136483940458
PRKAA1,5,USP10;S224;,-1.1341808125690291
PRKAA1,5,VAPA;S164;,1.1948628690363978
PRKAA1,5,VIM;S420;,1.1021375112115088
PRKAA1,5,VIM;S430;,0.9647819885472321
PRKAA1,5,VIM;T426;,1.1020869555354182
PRKAA1,5,VPS26B;S304;,1.1188177911344113
PRKAA1,5,WIPF2;S235;,-1.1223452037394597
PRKAA1,5,WNK1;S165;,-1.1045693857778378
PRKAA1,5,WWC3;S955;,-1.1615029958374956
PRKAA1,5,YAP1;S46;,1.0382519730191717
PRKAA1,5,ZC3H13;S368;,1.14257214804127
PRKAA1,5,ZC3HAV1;S307;,-1.088432729146
PRKAA1,5,ZC3HAV1;S325;,-1.11694521553426
PRKAA1,5,ZC3HAV1;S544;,-1.1654808499598694
PRKAA1,5,ZC3HC1;S343;,-1.0433415512710584
PRKAA1,5,ZC3HC1;T351;,-0.7788131650286696
PRKAA1,5,ZFP295;S411;,-0.959111519154674
PRKAA1,5,ZFYVE16;S903;,-0.952180519162269
PRKAA1,5,ZNRF2;S148;,-1.1197375133160326
PRKAA1,5,ZNRF2;S154;,-1.135153702521279
PRKAA1,5,ZNRF2;S18;,-0.9772658542177072
PRKAA1,5,ZNRF2;S81;,-0.8309070752747162
PRKAA1,5,ZYX;S143;,-1.1609723025369851
PRKAA1,5,ZYX;S144;,-1.123095048877
PRKAA1,5,ZYX;S336;,-1.118229066976591
PRKAA1,5,ZZEF1;S1516;,-1.03413460461906
PRKAA1,5,ZZEF1;S1535;,-0.845869128393195
PRKAA1,6,AAK1;S677;,-1.026127481570602
PRKAA1,6,ABCC4;S604;,-1.062144265942664
PRKAA1,6,ABI2;S165;,-0.9589526335076627
PRKAA1,6,ABI2;S168;,-1.1131215393390412
PRKAA1,6,ABL2;S799;,-0.9818762185132051
PRKAA1,6,ABLIM3;S566;,-1.1366142198677427
PRKAA1,6,ABLIM3;S575;,0.08624289109922498
PRKAA1,6,ACACA;S79;,0.999830138058158
PRKAA1,6,ACIN1;S711;,-1.0216067867768457
PRKAA1,6,ADD1;S613;,-1.147257869243283
PRKAA1,6,ADD1;T614;,-0.9997721899013943
PRKAA1,6,ADNP;S971;,-1.0874088857838702
PRKAA1,6,AFF4;S823;,-0.837196706760068
PRKAA1,6,AGAP3;S107;,-1.0477151372112838
PRKAA1,6,AHCTF1;S1214;,0.8577227592585578
PRKAA1,6,AHNAK;S1191;,0.5691777801975936
PRKAA1,6,AHNAK;S177;,-1.0698228310303084
PRKAA1,6,AHNAK;S2060;,-1.1448642423504123
PRKAA1,6,AHNAK;S211;,-1.030295072844667
PRKAA1,6,AHNAK;S2117;,0.5370520877820436
PRKAA1,6,AHNAK;S222;,0.920474646260041
PRKAA1,6,AHNAK;S3915;,-1.1773123546754056
PRKAA1,6,AHNAK;S42;,-1.1625724385035618
PRKAA1,6,AHNAK;S4597;,-1.0917105643585001
PRKAA1,6,AHNAK;S5243;,-1.036354217982915
PRKAA1,6,AHNAK;T4049;,-0.8589149898736143
PRKAA1,6,AHNAK2;S425;,-1.1434661424536017
PRKAA1,6,AHNAK2;T438;,-0.9922185844643914
PRKAA1,6,AIMP1;S110;,-1.0252890088386901
PRKAA1,6,AJUBA;S129;,-1.025690445016188
PRKAA1,6,AKAP1;S103;,1.1465974476833454
PRKAA1,6,AKAP10;S278;,-1.1255285004169722
PRKAA1,6,AKAP11;S1090;,0.022104605209799982
PRKAA1,6,AKAP11;S21;,-1.0785097412873208
PRKAA1,6,AKAP11;S23;,-1.1142500664765114
PRKAA1,6,AKAP11;S448;,-1.1047606852334457
PRKAA1,6,AKAP13;S2515;,-0.949140300274044
PRKAA1,6,AKAP2;S152;,-0.9899843186100586
PRKAA1,6,AKAP2;S730;,-1.0202432072284748
PRKAA1,6,AKAP6;S562;,0.9267439304026341
PRKAA1,6,AKAP9;S3669;,-1.1332476865232166
PRKAA1,6,AKT1S1;S184;,-1.1082270346318088
PRKAA1,6,AKT1S1;T247;,-0.9431605909774817
PRKAA1,6,ALKBH5;S362;,-0.9129565607860282
PRKAA1,6,ALKBH5;S376;,-1.1201952000615376
PRKAA1,6,AMOTL1;S580;,0.7565110849017703
PRKAA1,6,ANP32A;S15;,-1.0533602396867807
PRKAA1,6,AP3D1;S755;,-0.947655932797617
PRKAA1,6,ARFGAP2;S145;,-1.1120484088839437
PRKAA1,6,ARFGEF2;S214;,-0.9967041800153663
PRKAA1,6,ARFIP1;S39;,1.1400759235504447
PRKAA1,6,ARHGAP17;S710;,-1.0056904380461515
PRKAA1,6,ARHGAP22;S200;,-1.0621967719713636
PRKAA1,6,ARHGAP22;S236;,-1.042343980480582
PRKAA1,6,ARHGAP35;S1174;,-1.091404614362705
PRKAA1,6,ARHGAP39;S284;,-1.1452838853412104
PRKAA1,6,ARHGAP5;S1195;,-1.0869157784762271
PRKAA1,6,ARHGAP5;S1202;,-1.081943481893238
PRKAA1,6,ARHGAP5;S967;,-1.1272255203962513
PRKAA1,6,ARHGEF12;S337;,-1.0657291428962061
PRKAA1,6,ARHGEF12;S341;,-1.1334122348460722
PRKAA1,6,ARHGEF17;S995;,0.7372812535432102
PRKAA1,6,ARHGEF5;S721;,-1.1137341242223917
PRKAA1,6,ARPP21;S256;,0.4341373271262331
PRKAA1,6,ATF7;T53;,0.22202585942038053
PRKAA1,6,ATG14;S5;,-1.08363094174642
PRKAA1,6,ATG2A;S1246;,-1.108251414606615
PRKAA1,6,ATG2B;S240;,-1.101036648185317
PRKAA1,6,ATG2B;S255;,-1.1080267220247726
PRKAA1,6,ATRX;S761;,-0.960553447918881
PRKAA1,6,ATXN2;S622;,-1.1256674750690485
PRKAA1,6,ATXN2L;S109;,-1.0760710027287044
PRKAA1,6,ATXN2L;S447;,-1.037407405109648
PRKAA1,6,AZI1;S114;,-0.8609794744914615
PRKAA1,6,AZI1;S304;,-1.006753909799165
PRKAA1,6,BAD;S171;,1.0496560349985906
PRKAA1,6,BAG3;S271;,-1.031651196996397
PRKAA1,6,BAG3;S387;,-1.0982355578008398
PRKAA1,6,BAG3;S388;,-1.0248048313639926
PRKAA1,6,BAIAP2L1;S218;,-1.0806245855141243
PRKAA1,6,BAIAP2L1;S380;,0.9999147051058197
PRKAA1,6,BAZ2A;S1388;,-1.0790346899257535
PRKAA1,6,BBX;S243;,-1.039049935511138
PRKAA1,6,BCL9L;S116;,-1.0063919002747481
PRKAA1,6,BCL9L;S21;,0.790129591674152
PRKAA1,6,BCL9L;S25;,-0.9937470731264391
PRKAA1,6,BICD2;S611;,-1.020897194798746
PRKAA1,6,BICD2;S819;,-0.9005509422244907
PRKAA1,6,BRAF;S134;,-1.0978500562355713
PRKAA1,6,BRD8;S274;,-1.0058975595914719
PRKAA1,6,BRD8;T270;,-1.0893392739178192
PRKAA1,6,BSDC1;S216;,-1.0136294880662333
PRKAA1,6,C2CD4C;S262;,-0.9714782728759994
PRKAA1,6,CACNB1;S53;,-1.049910036411273
PRKAA1,6,CALD1;S527;,-1.0925402999185008
PRKAA1,6,CAMK2D;T371;,0.18888191026585768
PRKAA1,6,CAMSAP1;S1154;,-1.1083707308568083
PRKAA1,6,CAMSAP1;S517;,-1.1099547209342024
PRKAA1,6,CAP2;S301;,-1.0992103376626512
PRKAA1,6,CBX5;S93;,-0.9385025962083704
PRKAA1,6,CCDC6;S143;,-1.1267580803148867
PRKAA1,6,CCDC88A;S1638;,-0.998790594408888
PRKAA1,6,CCDC91;S71;,-1.1120845796209284
PRKAA1,6,CDC42EP2;S137;,-1.0199772625921422
PRKAA1,6,CDC42EP2;S141;,-1.0696197797103968
PRKAA1,6,CDC42EP4;S140;,-1.0674913573263687
PRKAA1,6,CDKN1A;S69;,-1.1519248913740343
PRKAA1,6,CDKN1B;S12;,-1.081056307522848
PRKAA1,6,CDKN1B;S7;,-1.1058800510635831
PRKAA1,6,CEP170B;S1166;,-0.9189753652127238
PRKAA1,6,CEP68;S503;,-0.4066310990682236
PRKAA1,6,CEP68;S510;,-0.9963489414975574
PRKAA1,6,CHAMP1;S532;,-0.9678007704982057
PRKAA1,6,CHD8;S549;,1.0000923251779708
PRKAA1,6,CHRND;S379;,0.9726017414755084
PRKAA1,6,CIC;S1394;,-0.9829545849489283
PRKAA1,6,CIC;S1399;,-1.1260209732351705
PRKAA1,6,CLASP2;S331;,1.0847962855339417
PRKAA1,6,CLIP1;S159;,-1.086597413549816
PRKAA1,6,COBL;S31;,1.0488419216913403
PRKAA1,6,COBL;S34;,1.0434032798590986
PRKAA1,6,COG3;S536;,0.9410575220299431
PRKAA1,6,CORO7;S298;,1.2250194391828058
PRKAA1,6,DAB2IP;S802;,-1.1020244268511692
PRKAA1,6,DAP;S2;,-1.072698211969544
PRKAA1,6,DAP;S3;,-1.0682113495574976
PRKAA1,6,DBNDD1;S123;,-1.0603050340382922
PRKAA1,6,DCAF6;S336;,-1.172755926061624
PRKAA1,6,DCLK1;S30;,1.0003305684472295
PRKAA1,6,DDX19A;S86;,-1.0628196723936965
PRKAA1,6,DDX3X;S261;,-0.8586952433441819
PRKAA1,6,DENND4C;S1037;,1.0424383850470276
PRKAA1,6,DLG2;S323;,-1.0392491817715264
PRKAA1,6,DLG2;S328;,-1.0833896447410996
PRKAA1,6,DMXL1;S574;,0.9999266708568686
PRKAA1,6,DNAJC2;T48;,-0.8142725658278097
PRKAA1,6,DNAJC25;T353;,-0.6961188176981794
PRKAA1,6,DOCK6;S1339;,-0.560405595210781
PRKAA1,6,DOCK7;S1361;,-0.7886955321826227
PRKAA1,6,DOCK7;S2107;,-1.071613350379478
PRKAA1,6,DOPEY1;S1261;,-0.8426508756844622
PRKAA1,6,DTNA;S606;,-1.1427460353643981
PRKAA1,6,DUSP27;S366;,-1.0003693807979177
PRKAA1,6,DUSP27;S368;,-1.0872615557900966
PRKAA1,6,DUSP27;S370;,-1.0946908862786882
PRKAA1,6,DUSP27;S427;,-1.068981365665764
PRKAA1,6,DYNC1H1;S4365;,-1.0391134278353555
PRKAA1,6,DYNC1I2;S81;,-0.981717567456412
PRKAA1,6,EEF2;T57;,0.2607735257043282
PRKAA1,6,EEF2K;S365;,0.14647966380843205
PRKAA1,6,EHBP1L1;S1363;,1.0185042639387043
PRKAA1,6,EHD4;S459;,-1.155131906470767
PRKAA1,6,EIF3A;S584;,-1.0121536005661578
PRKAA1,6,EIF4B;S422;,-0.90346061875364
PRKAA1,6,EIF4B;S424;,-1.083735767562257
PRKAA1,6,EIF4B;S425;,-1.0663538888717277
PRKAA1,6,EIF4B;T420;,-0.9953967252388637
PRKAA1,6,EIF4EBP1;S64;,-1.1075224713208984
PRKAA1,6,EIF4EBP2;S2;,-0.9592868192991237
PRKAA1,6,EIF5B;S183;,-0.9301777626149808
PRKAA1,6,ELMSAN1;S456;,-0.8790852743795334
PRKAA1,6,EPS8;S659;,-0.9988748894753825
PRKAA1,6,ETL4;S1844;,-0.9882552568386169
PRKAA1,6,ETV3;S139;,-1.0704099095522135
PRKAA1,6,FAM120C;S55;,-1.0966836551535113
PRKAA1,6,FAM134C;S313;,0.5293062457376949
PRKAA1,6,FAM134C;S320;,-0.0026022411108540533
PRKAA1,6,FAM171A2;S423;,-1.0098360464391887
PRKAA1,6,FAM65A;S752;,-1.0401980489859006
PRKAA1,6,FBXO30;S379;,-1.120314647427958
PRKAA1,6,FHOD1;S489;,-1.0391027444829468
PRKAA1,6,FHOD1;S501;,-0.9922103054952752
PRKAA1,6,FHOD1;S504;,-1.1056248634558186
PRKAA1,6,FHOD1;S513;,-1.038678086741141
PRKAA1,6,FHOD1;S523;,-0.9999246159277843
PRKAA1,6,FLNC;S2147;,-1.0943810925595594
PRKAA1,6,FLNC;S2234;,-1.0116420318401267
PRKAA1,6,FMN1;S589;,-1.1103174088954582
PRKAA1,6,FOSL2;S320;,-1.0567493229357259
PRKAA1,6,FOSL2;T322;,-0.9704920785007822
PRKAA1,6,FOXK1;S225;,-1.0451677418048837
PRKAA1,6,FOXK2;T200;,-1.0531750712154888
PRKAA1,6,FOXO3;S252;,-0.9518509073701806
PRKAA1,6,FRMD8;S21;,-1.0587864441662371
PRKAA1,6,FRYL;T1959;,-0.8739865377026756
PRKAA1,6,GAB1;S418;,-1.0250288855403393
PRKAA1,6,GAB2;S142;,-1.0931664696706778
PRKAA1,6,GAB2;S143;,-1.0000733224380651
PRKAA1,6,GAB2;S211;,-0.9996825825653557
PRKAA1,6,GAB2;S365;,-1.1015526844224526
PRKAA1,6,GAB2;T388;,-0.9652866494584185
PRKAA1,6,GATAD2A;S103;,1.0374874607215914
PRKAA1,6,GATAD2A;S96;,1.1414061965598765
PRKAA1,6,GATAD2B;S338;,-1.0594665877723752
PRKAA1,6,GBF1;S1786;,-0.8593540372633431
PRKAA1,6,GIGYF1;S28;,-1.0220860015974367
PRKAA1,6,GIT2;S568;,-1.135346403704324
PRKAA1,6,GOLGA4;S116;,1.0188863527267695
PRKAA1,6,GSK3A;S21;,-0.8833572107298889
PRKAA1,6,GSK3A;S41;,-1.1141638851531162
PRKAA1,6,GSK3B;S9;,-0.8852004418075742
PRKAA1,6,GYS1;S728;,-0.9766672514334648
PRKAA1,6,HBP1;S401;,-1.0651665490904252
PRKAA1,6,HBS1L;S147;,-1.1270603525223337
PRKAA1,6,HDAC6;S21;,-1.118300837873952
PRKAA1,6,HECTD1;S1392;,-0.9433568033480967
PRKAA1,6,HECTD1;S1393;,-1.0546800435701253
PRKAA1,6,HECTD1;S1573;,0.6486595109090473
PRKAA1,6,HELB;S944;,-0.9814364124860834
PRKAA1,6,HERC1;S1163;,-1.0807319014763446
PRKAA1,6,HERC1;T1154;,-1.0563415993254823
PRKAA1,6,HIRIP3;S27;,-1.1294767103034853
PRKAA1,6,HN1L;S97;,-1.093010882692309
PRKAA1,6,HOMER3;S158;,-0.863881129946389
PRKAA1,6,HUWE1;S1876;,-1.088310241584524
PRKAA1,6,HUWE1;S3639;,-1.17372132216604
PRKAA1,6,HUWE1;S3898;,-1.023973597801039
PRKAA1,6,HUWE1;T3903;,-1.006333165562323
PRKAA1,6,IREB2;S178;,-1.1188149286053952
PRKAA1,6,IRF2BPL;S69;,-1.042371087465598
PRKAA1,6,ITSN1;S1063;,-0.7829279877774714
PRKAA1,6,ITSN1;S315;,-0.9822242625959718
PRKAA1,6,JMY;S56;,-0.9838212892111592
PRKAA1,6,JSRP1;S47;,-1.0891827658513162
PRKAA1,6,KANK2;S358;,-1.0333840934184721
PRKAA1,6,KCTD3;S809;,1.0361049867707837
PRKAA1,6,KDM2A;S718;,-1.052759522911238
PRKAA1,6,KDM2A;T713;,-0.9909886285496391
PRKAA1,6,KDM5C;S316;,-0.9755514913633224
PRKAA1,6,KPNA1;S2;,-0.847615058299215
PRKAA1,6,KPNA1;T3;,-0.7761645247093334
PRKAA1,6,LAMTOR1;S98;,-1.0487274126186361
PRKAA1,6,LARP1;S916;,-0.8959874538343395
PRKAA1,6,LARP1;T932;,-0.9932848811448548
PRKAA1,6,LARP4B;S498;,-0.980634594727361
PRKAA1,6,LDB3;S112;,-1.105350187212617
PRKAA1,6,LIMA1;S360;,-1.0721975516711937
PRKAA1,6,LIMA1;S603;,-1.0385469060440142
PRKAA1,6,LIMA1;S608;,-1.0694688968827104
PRKAA1,6,LIMA1;S703;,-1.010019842505007
PRKAA1,6,LMNA;S404;,-0.9396803588422024
PRKAA1,6,LMNA;S406;,-1.0325734447741088
PRKAA1,6,LMNA;S407;,-1.113257664908726
PRKAA1,6,LMNA;S423;,-1.0706330987922668
PRKAA1,6,LMNA;S424;,-1.0801049617290306
PRKAA1,6,LMO7;S1541;,-0.9965198252069483
PRKAA1,6,LMO7;S1543;,-0.993417168918847
PRKAA1,6,LOC100360205;S239;,-1.0246125744634287
PRKAA1,6,LOC100365259;S393;,-0.6576928328008164
PRKAA1,6,LOC100910104;S475;,-0.9976565778404946
PRKAA1,6,LOC100910104;S532;,1.1456768317978103
PRKAA1,6,LOC100910104;S719;,-1.1065866417243448
PRKAA1,6,LOC100910646;S166;,-1.1055431479486306
PRKAA1,6,LOC100911178;S1643;,-1.1149909612503337
PRKAA1,6,LOC100911302;S1721;,-1.056850464357349
PRKAA1,6,LOC100911677;S490;,1.0443294055014614
PRKAA1,6,LOC100912115;S649;,-1.0483477700928379
PRKAA1,6,LOC312502;S1164;,-1.083868042897838
PRKAA1,6,LOC312502;S138;,1.0862027207835634
PRKAA1,6,LOC312502;S139;,1.058871041266245
PRKAA1,6,LOC312502;S483;,-1.022170413909761
PRKAA1,6,LOC683007;S1204;,-1.0903823730551718
PRKAA1,6,LOC683007;S1207;,-1.1271732110274788
PRKAA1,6,LOC684259;S780;,1.0588098061881746
PRKAA1,6,LOC685707;S1251;,-1.0395883917682365
PRKAA1,6,LRRFIP2;S18;,-1.0860490454156189
PRKAA1,6,LRRFIP2;T136;,-0.9790489586097844
PRKAA1,6,LYSMD1;S33;,1.0047633938795937
PRKAA1,6,MACF1;S1376;,-0.9333225204339809
PRKAA1,6,MACF1;S5293;,-1.0747151247454834
PRKAA1,6,MAF1;S60;,-1.0972553051097447
PRKAA1,6,MAP1A;S1757;,-0.9496681008663329
PRKAA1,6,MAP1A;T2177;,-1.033574749457122
PRKAA1,6,MAP1A;T504;,-1.0465152370223014
PRKAA1,6,MAP1B;S1257;,-1.0101781448519989
PRKAA1,6,MAP1B;S1389;,-1.0445233655086066
PRKAA1,6,MAP1B;S1393;,-1.0514863117063933
PRKAA1,6,MAP1B;T1781;,-0.4164437625241828
PRKAA1,6,MAP1S;S683;,-1.010930289494766
PRKAA1,6,MAP4;S902;,0.9510013695495001
PRKAA1,6,MAP4K4;S591;,-1.1084118628373787
PRKAA1,6,MAP4K4;S791;,1.2790809203777325
PRKAA1,6,MAP4K4;S794;,1.2126414321350203
PRKAA1,6,MAPK1;Y185;,-0.4473776256454862
PRKAA1,6,MAPK14;Y182;,-0.4070839926361136
PRKAA1,6,MAPK8;Y185;,-0.027813864248569423
PRKAA1,6,MARCKS;S141;,-0.9327076747803286
PRKAA1,6,MARK3;S593;,-1.107751635554762
PRKAA1,6,MARK3;T594;,-0.8850289724214253
PRKAA1,6,MATR3;S188;,-0.8947300629270919
PRKAA1,6,MBD3;S85;,-0.9883940041289211
PRKAA1,6,MBD3;S86;,-1.1201419140446875
PRKAA1,6,MDM2;S138;,-0.9218975372121946
PRKAA1,6,MED1;S1465;,-1.1279740751460738
PRKAA1,6,MED1;S1467;,-1.067695601456455
PRKAA1,6,MED1;S1468;,-1.1000784968562203
PRKAA1,6,MED24;S860;,-0.9898801694328643
PRKAA1,6,MED24;S861;,-1.1073365210588593
PRKAA1,6,MEF2C;S226;,-1.0943695612014468
PRKAA1,6,MID1;S96;,-1.0733152703656907
PRKAA1,6,MKL1;S571;,-1.004235435959933
PRKAA1,6,MLL2;S2291;,-1.1153177369275782
PRKAA1,6,MLLT4;S216;,-1.113424914974575
PRKAA1,6,MLLT4;S246;,-1.0307046077536548
PRKAA1,6,MON2;S197;,-1.048704521448488
PRKAA1,6,MPHOSPH10;S168;,1.0067846328596868
PRKAA1,6,MPRIP;S369;,-1.07957073113719
PRKAA1,6,MTFR1L;S100;,1.0979627200855564
PRKAA1,6,MTFR1L;S234;,1.0573463774916905
PRKAA1,6,MTFR1L;S235;,1.192475487646829
PRKAA1,6,MTSS1L;S575;,-1.0680628047811684
PRKAA1,6,MURC;S20;,-0.967615989948676
PRKAA1,6,MUSK;S689;,-1.0622726181284567
PRKAA1,6,MUSK;S690;,-0.9512455297369441
PRKAA1,6,MYBBP1A;S1283;,-1.0685700139610472
PRKAA1,6,MYCBP2;S2750;,-1.0313274680787745
PRKAA1,6,MYOZ2;T32;,-0.9150768481275796
PRKAA1,6,NACA;S1125;,-1.0463303640975252
PRKAA1,6,NACA;S1345;,-1.0909968593043555
PRKAA1,6,NACA;S1454;,-1.019252609601106
PRKAA1,6,NACA;S1720;,-1.0283146072679747
PRKAA1,6,NACA;S914;,-1.0292841452482473
PRKAA1,6,NACA;S942;,-1.0585615225938672
PRKAA1,6,NCAPH;S24;,-1.1275868631641073
PRKAA1,6,NCOR1;S363;,-1.1259691795801496
PRKAA1,6,NCOR2;S1747;,-1.0597751317723578
PRKAA1,6,NDRG1;S330;,-0.9333371397756866
PRKAA1,6,NDRG1;T328;,-1.0165593290348804
PRKAA1,6,NDRG2;T334;,-1.0121836548752003
PRKAA1,6,NEK9;S16;,0.5885168816016737
PRKAA1,6,NEK9;S736;,-0.9788105791900916
PRKAA1,6,NELFE;S131;,-1.0620520184677478
PRKAA1,6,NES;S1071;,0.8951954840309435
PRKAA1,6,NES;S1123;,-1.082099352629936
PRKAA1,6,NES;S1131;,1.0285880399189737
PRKAA1,6,NES;S620;,-1.1243151026231375
PRKAA1,6,NES;S784;,0.7086115814854332
PRKAA1,6,NEXN;S280;,-1.0003846229862468
PRKAA1,6,NFIX;S265;,-1.0777404939929152
PRKAA1,6,NHSL1;T1376;,-1.0008685207796881
PRKAA1,6,NUMA1;S1935;,-0.9767869276601354
PRKAA1,6,NUMA1;S1958;,-1.0012472134661015
PRKAA1,6,NUP35;S73;,-1.0526860013836787
PRKAA1,6,OPTN;S188;,1.0846623010058376
PRKAA1,6,PACS2;S319;,-1.0858815288720454
PRKAA1,6,PAK1;S144;,-1.0451041578933873
PRKAA1,6,PAK1;S203;,-1.0303679885918433
PRKAA1,6,PAK2;S197;,-0.814481782387757
PRKAA1,6,PARD3;S715;,-0.959810435036675
PRKAA1,6,PARVA;S14;,-0.8188878429916455
PRKAA1,6,PATL1;S184;,-1.0630772429645126
PRKAA1,6,PBXIP1;S132;,-1.0538412090076192
PRKAA1,6,PBXIP1;S133;,-1.081760089558276
PRKAA1,6,PCM1;S1280;,-1.0063528076628636
PRKAA1,6,PCM1;S380;,-1.1110899028263752
PRKAA1,6,PCM1;S384;,-1.0181704882174596
PRKAA1,6,PDAP1;S176;,-1.039707279429815
PRKAA1,6,PDAP1;S178;,-1.0579976348008824
PRKAA1,6,PDCD4;S420;,-0.9844344613299231
PRKAA1,6,PDCD4;S76;,-1.0243947989059132
PRKAA1,6,PDLIM7;S209;,-1.1437175536053956
PRKAA1,6,PDLIM7;T214;,-0.9696617800551655
PRKAA1,6,PDLIM7;T215;,-0.9408113142046581
PRKAA1,6,PDS5B;S1176;,-1.0362662428049072
PRKAA1,6,PDXDC1;T554;,-1.0249478252016144
PRKAA1,6,PELO;S55;,-1.1619433040704823
PRKAA1,6,PEX1;S1209;,-1.0584150640417007
PRKAA1,6,PFKFB2;S469;,-0.8335366908415739
PRKAA1,6,PHF1;S410;,-1.0614260054701716
PRKAA1,6,PHF1;S415;,-1.0544313673721963
PRKAA1,6,PHF2;S782;,-1.0442609568687948
PRKAA1,6,PHIP;S1251;,-0.9876192631741525
PRKAA1,6,PHLDB1;S431;,-1.0513905102185161
PRKAA1,6,PHLDB1;S534;,-0.9477766187582721
PRKAA1,6,PHLDB2;S241;,-0.9793623430202112
PRKAA1,6,PI4K2A;S43;,-1.134041777950609
PRKAA1,6,PI4K2A;S46;,-1.0995231572112616
PRKAA1,6,PI4K2A;S461;,-1.023758638707956
PRKAA1,6,PI4K2A;S50;,-1.0174865421621377
PRKAA1,6,PID1;S230;,-1.0603375954821221
PRKAA1,6,PID1;S231;,-1.0653564755266967
PRKAA1,6,PID1;S232;,-0.9397081063758637
PRKAA1,6,PID1;S242;,-1.0746902665278315
PRKAA1,6,PIEZO1;S1370;,-1.0247886881420294
PRKAA1,6,PIK3C2A;S261;,-1.1216602620513834
PRKAA1,6,PLEC;S4246;,-0.8335317743023476
PRKAA1,6,PLEC;S4249;,-1.0613901994363537
PRKAA1,6,PNISR;S290;,-1.0838898828679018
PRKAA1,6,POM121;S370;,-1.1117865193739882
PRKAA1,6,PPAN;S233;,0.9996503741294203
PRKAA1,6,PPAN;S238;,0.9058039376102192
PRKAA1,6,PPAN;S240;,1.0385785536314522
PRKAA1,6,PPP1R12C;S508;,-1.0449024796085145
PRKAA1,6,PPP1R13L;S110;,-1.0391843523087418
PRKAA1,6,PPP1R13L;S154;,-1.1130236496810852
PRKAA1,6,PPP1R13L;S360;,-0.9868872944606852
PRKAA1,6,PPP6R2;S629;,-1.0562829523155
PRKAA1,6,PPP6R2;S719;,-1.0224932055618567
PRKAA1,6,PRKAA1;S496;,-1.0337135683466796
PRKAA1,6,PRKAB1;S108;,1.165346610902865
PRKAA1,6,PRRC2A;S765;,-1.1261878739196234
PRKAA1,6,PRRC2B;S259;,-0.8985176560775439
PRKAA1,6,PSMA5;T55;,-0.037837834468921555
PRKAA1,6,PSMC3;S12;,-1.125421105545422
PRKAA1,6,PSMC3;S9;,-1.0990364980350944
PRKAA1,6,PTPN12;T544;,0.285644779339403
PRKAA1,6,PTPN21;S599;,-1.0046309507012445
PRKAA1,6,PTPN21;S762;,-0.855633328474883
PRKAA1,6,PTRF;S169;,-1.138097190862976
PRKAA1,6,PTRF;S171;,-1.1034790147570308
PRKAA1,6,PUM2;S82;,-1.0559336886743058
PRKAA1,6,PXN;S106;,-1.1051786041988463
PRKAA1,6,PXN;S137;,-1.1057729355560484
PRKAA1,6,PXN;S83;,-1.0468991579863476
PRKAA1,6,RABGEF1;T142;,-0.7617867241525804
PRKAA1,6,RAF1;S295;,-1.1062372882062357
PRKAA1,6,RAF1;S296;,-1.0360529476868237
PRKAA1,6,RAI14;T249;,-1.013465985293931
PRKAA1,6,RANBP10;S481;,0.2800792918055879
PRKAA1,6,RANBP3;S58;,-0.9826475038568593
PRKAA1,6,RAPGEF1;S306;,-1.033903259403562
PRKAA1,6,RAPGEF1;S308;,-0.9632347204827514
PRKAA1,6,RAVER1;S576;,-1.0178838040828206
PRKAA1,6,RB1CC1;S243;,-1.1330519906670842
PRKAA1,6,RBM3;S145;,-0.9851187673191834
PRKAA1,6,RBM7;S72;,-0.9227248580573714
PRKAA1,6,RFX7;S1177;,-1.0144279238066445
PRKAA1,6,RGD1307838;S900;,-0.931024200037007
PRKAA1,6,RGD1307838;S903;,-1.0668851640036703
PRKAA1,6,RGD1308297;S518;,-1.0862012179626555
PRKAA1,6,RGD1309586;S243;,-1.0328020067398072
PRKAA1,6,RGD1309586;S59;,-0.5837298446758936
PRKAA1,6,RGD1310016;S1171;,1.0037730641548004
PRKAA1,6,RGD1311783;S45;,1.2327346450969998
PRKAA1,6,RGD1311783;S46;,1.069819110400376
PRKAA1,6,RGD1560225;S763;,-1.0440776738546402
PRKAA1,6,RGD1561609;S759;,-0.9344458812056936
PRKAA1,6,RGD1562639;S1035;,-1.0215571198202409
PRKAA1,6,RGD1566017;S802;,-1.0847986022909741
PRKAA1,6,RIN2;S494;,-0.9872155609218791
PRKAA1,6,RIPK2;S412;,1.0256135108644797
PRKAA1,6,RNF40;S586;,-1.0525174698716968
PRKAA1,6,RPS6KA3;S715;,-1.0708038658500842
PRKAA1,6,RPS6KA4;S681;,-1.0099971518744435
PRKAA1,6,RPS6KA4;S682;,-1.1166486179476092
PRKAA1,6,RPS6KB1;S404;,-1.0385864373043756
PRKAA1,6,RPTOR;S863;,-1.0667399086048768
PRKAA1,6,RRP1B;S524;,-1.1054709848891369
PRKAA1,6,RRP1B;T521;,-1.022372405775193
PRKAA1,6,RTF1;S416;,-1.0894187005428912
PRKAA1,6,RUFY1;S50;,-1.0417289999731028
PRKAA1,6,RUNX1T1;T568;,-1.0177578361300361
PRKAA1,6,SAMD4B;S271;,-1.0074313385430658
PRKAA1,6,SAP30L;T91;,-0.8579892751156908
PRKAA1,6,SBF1;S1141;,0.26846126391501113
PRKAA1,6,SCRIB;S1315;,-1.1009867417665584
PRKAA1,6,SCRIB;S1529;,-1.0533647841212632
PRKAA1,6,SENP7;S47;,-0.9946892205809099
PRKAA1,6,SETD2;S511;,-1.1197326898458908
PRKAA1,6,SF3B1;T326;,0.24649589670288605
PRKAA1,6,SFPQ;T586;,-1.0332751468710677
PRKAA1,6,SGTA;S306;,-1.0172158506961915
PRKAA1,6,SGTA;S308;,-1.1106280495930776
PRKAA1,6,SH3BP5;S420;,-0.8905420228468044
PRKAA1,6,SH3D19;S274;,-1.0150981042176457
PRKAA1,6,SH3PXD2A;S368;,0.9788841636235017
PRKAA1,6,SH3PXD2A;S495;,-1.1361759452558855
PRKAA1,6,SH3PXD2A;S956;,-0.8333818146485251
PRKAA1,6,SHC3;S359;,-1.0251600041719462
PRKAA1,6,SIK2;S673;,-0.9933939067127445
PRKAA1,6,SIPA1L1;S1408;,0.8676683935317022
PRKAA1,6,SIPA1L1;S1411;,1.0782017948583928
PRKAA1,6,SIPA1L1;S288;,-0.9873809273099685
PRKAA1,6,SLC2A13;S38;,1.0749799153381345
PRKAA1,6,SLC2A13;S44;,1.1495374268234666
PRKAA1,6,SLC2A13;S47;,1.0130169345919724
PRKAA1,6,SLC4A7;S1171;,0.8799351292699875
PRKAA1,6,SLC4A7;S263;,1.100248500108799
PRKAA1,6,SLK;S778;,0.9987619890967019
PRKAA1,6,SMCR7L;S59;,-1.029699596746518
PRKAA1,6,SMCR8;S416;,-1.0759714519377084
PRKAA1,6,SMCR8;S486;,1.1949774651102618
PRKAA1,6,SMCR8;S488;,1.122288025509493
PRKAA1,6,SMCR8;S491;,1.1524482483527436
PRKAA1,6,SMCR8;S497;,0.9274905352346225
PRKAA1,6,SMG6;S537;,-1.0823587953934584
PRKAA1,6,SNW1;S224;,0.8588169255033024
PRKAA1,6,SNX8;S454;,-1.0777256624099432
PRKAA1,6,SON;S94;,-1.0687752999236406
PRKAA1,6,SORBS1;S857;,-1.0796839120144521
PRKAA1,6,SOS1;S1120;,-0.9742399057009061
PRKAA1,6,SOX6;S399;,-1.0813249321426968
PRKAA1,6,SOX6;S402;,-1.080810889044355
PRKAA1,6,SOX6;T401;,-1.0269747541509129
PRKAA1,6,SPAG7;S219;,-1.063883013691515
PRKAA1,6,SPAG9;S203;,-1.0226102833421251
PRKAA1,6,SPAG9;S716;,-0.8940766547889781
PRKAA1,6,SPHK2;S379;,0.9612759886093636
PRKAA1,6,SRPK2;S487;,-0.965687877967568
PRKAA1,6,SRRM2;S2228;,-1.0726712708933963
PRKAA1,6,SRRM2;S2338;,-1.0736723201194012
PRKAA1,6,SRSF10;S131;,1.0183983618218464
PRKAA1,6,SRSF11;S200;,-1.102871464316663
PRKAA1,6,STARD13;S334;,-1.0960892793987929
PRKAA1,6,STAT3;S727;,-0.9131565506107103
PRKAA1,6,STIM1;S257;,0.7030255463415706
PRKAA1,6,STIM1;S523;,0.8305517518204304
PRKAA1,6,STIM1;S524;,0.8925602043604814
PRKAA1,6,STIM2;S675;,0.9114978514696532
PRKAA1,6,STK11IP;S443;,-1.1279834844782788
PRKAA1,6,STK3;S385;,-1.1753890601385437
PRKAA1,6,STMN1;S16;,-0.9852150217767852
PRKAA1,6,STMN1;S25;,-1.034295891242058
PRKAA1,6,STMN1;S38;,-0.9694268613379988
PRKAA1,6,STRN3;S227;,-1.1462069625153075
PRKAA1,6,SUN2;S12;,-1.0981855023990892
PRKAA1,6,SVIL;S1177;,-1.1172259381086818
PRKAA1,6,SVIL;S259;,-1.0142610909335412
PRKAA1,6,SVIL;S531;,-1.136836900176454
PRKAA1,6,SYNPO2L;S401;,-0.9500593434879351
PRKAA1,6,SYNPO2L;T141;,0.3050454057158465
PRKAA1,6,SZT2;S1641;,-1.0324196837711581
PRKAA1,6,TACC2;S575;,-0.9094449644585341
PRKAA1,6,TANC2;S1447;,-1.0672053642028982
PRKAA1,6,TBC1D1;S231;,1.1876514580212398
PRKAA1,6,TBC1D1;S662;,1.26434507995634
PRKAA1,6,TBC1D1;T590;,-0.8035954660629181
PRKAA1,6,TBC1D16;S382;,-1.1225090209686
PRKAA1,6,TCF12;S583;,-0.9318195108286078
PRKAA1,6,TDRD3;S256;,-0.9890307700456283
PRKAA1,6,TENC1;T996;,-1.0010371518047745
PRKAA1,6,TFE3;S531;,-0.820105486735124
PRKAA1,6,TJP1;S1602;,-1.0977381552058822
PRKAA1,6,TJP1;S1604;,-1.0695844458337203
PRKAA1,6,TJP2;S147;,-1.1418192814475887
PRKAA1,6,TMEM245;S327;,-0.8191990755937112
PRKAA1,6,TMEM55A;S14;,0.9821841126746256
PRKAA1,6,TNKS1BP1;S1642;,-0.9844001580163974
PRKAA1,6,TNRC6B;S306;,-1.1126257869164928
PRKAA1,6,TNRC6B;S421;,-1.1310819736003284
PRKAA1,6,TRAK1;S390;,-1.1010025057101882
PRKAA1,6,TRAK1;S905;,1.1843552972159166
PRKAA1,6,TRAPPC12;S314;,-1.1240118893355888
PRKAA1,6,TRIM28;S474;,-0.9594659523092361
PRKAA1,6,TRIO;S2459;,-1.0958853534162096
PRKAA1,6,TRIO;S2463;,-1.0699815757819153
PRKAA1,6,TRIP12;T1454;,-0.9987846638333667
PRKAA1,6,TSC2;S939;,-0.9359589736371453
PRKAA1,6,TSSC4;S190;,-1.0937534320993514
PRKAA1,6,TTN;S305;,0.9155907837477646
PRKAA1,6,UBA1;S13;,-0.9736315287086248
PRKAA1,6,UBA5;S380;,-1.0302300858740459
PRKAA1,6,UBE2O;S835;,-1.0330138098099404
PRKAA1,6,UBE2O;T830;,-0.1142284432043165
PRKAA1,6,UBE4B;S88;,-1.0497586084736705
PRKAA1,6,ULK1;S450;,-1.1239107859922406
PRKAA1,6,ULK1;S465;,1.1410671075269818
PRKAA1,6,ULK1;S477;,-0.9878376868664984
PRKAA1,6,ULK1;S479;,-1.100500440381652
PRKAA1,6,ULK1;S637;,1.1599328426890672
PRKAA1,6,ULK1;T468;,0.2825331869558799
PRKAA1,6,ULK1;T659;,0.6001188699917712
PRKAA1,6,USP10;S224;,-1.067930934104186
PRKAA1,6,VAPA;S164;,1.0078539882614705
PRKAA1,6,VIM;S420;,0.9021976201622806
PRKAA1,6,VIM;S430;,0.6148478155014752
PRKAA1,6,VIM;T426;,0.8911734737573822
PRKAA1,6,VPS26B;S304;,1.0021086876403715
PRKAA1,6,WIPF2;S235;,-1.0947635265911426
PRKAA1,6,WNK1;S165;,-0.9722101576987696
PRKAA1,6,WWC3;S955;,-1.1010719694313236
PRKAA1,6,YAP1;S46;,1.110682990668722
PRKAA1,6,ZC3H13;S368;,1.033076230164346
PRKAA1,6,ZC3HAV1;S307;,-1.0931940963910434
PRKAA1,6,ZC3HAV1;S325;,-1.0983258849165007
PRKAA1,6,ZC3HAV1;S544;,-1.1412867800621471
PRKAA1,6,ZC3HC1;S343;,-1.0456749649120722
PRKAA1,6,ZC3HC1;T351;,-0.9138711421515971
PRKAA1,6,ZFP295;S411;,-0.9999206332297608
PRKAA1,6,ZFYVE16;S903;,-1.0083139894131579
PRKAA1,6,ZNRF2;S148;,-1.0975798211265833
PRKAA1,6,ZNRF2;S154;,-1.1085143388088186
PRKAA1,6,ZNRF2;S18;,-1.0221720592209844
PRKAA1,6,ZNRF2;S81;,-0.9164615935300323
PRKAA1,6,ZYX;S143;,-1.0836115150199106
PRKAA1,6,ZYX;S144;,-1.110436804118443
PRKAA1,6,ZYX;S336;,-1.119726598143667
PRKAA1,6,ZZEF1;S1516;,-1.0263191179377384
PRKAA1,6,ZZEF1;S1535;,-0.9222102081318042
PRKAA1,7,AAK1;S677;,-0.9846922205580046
PRKAA1,7,ABCC4;S604;,-1.2007476288526475
PRKAA1,7,ABI2;S165;,-1.0638864953725082
PRKAA1,7,ABI2;S168;,-1.2127893474416334
PRKAA1,7,ABL2;S799;,-1.1026322557832222
PRKAA1,7,ABLIM3;S566;,-1.2543534616483043
PRKAA1,7,ABLIM3;S575;,0.322520714530817
PRKAA1,7,ACACA;S79;,0.9999237999609528
PRKAA1,7,ACIN1;S711;,-1.1079898052393373
PRKAA1,7,ADD1;S613;,-1.2472707164225867
PRKAA1,7,ADD1;T614;,-0.9998505029036052
PRKAA1,7,ADNP;S971;,-1.238997604453827
PRKAA1,7,AFF4;S823;,-0.8855555493656477
PRKAA1,7,AGAP3;S107;,-1.1204250805829696
PRKAA1,7,AHCTF1;S1214;,1.01598364325548
PRKAA1,7,AHNAK;S1191;,0.6632976034744574
PRKAA1,7,AHNAK;S177;,-1.155608879968339
PRKAA1,7,AHNAK;S2060;,-1.255027370325967
PRKAA1,7,AHNAK;S211;,-1.0670249189958503
PRKAA1,7,AHNAK;S2117;,0.6375890422443742
PRKAA1,7,AHNAK;S222;,1.0008525582921741
PRKAA1,7,AHNAK;S3915;,-1.2133629415456897
PRKAA1,7,AHNAK;S42;,-1.283041303173633
PRKAA1,7,AHNAK;S4597;,-1.1993606381405353
PRKAA1,7,AHNAK;S5243;,-1.1123591116318579
PRKAA1,7,AHNAK;T4049;,-0.5763651536160092
PRKAA1,7,AHNAK2;S425;,-1.2198060127378085
PRKAA1,7,AHNAK2;T438;,-0.9900245768044829
PRKAA1,7,AIMP1;S110;,-1.075256987672373
PRKAA1,7,AJUBA;S129;,-1.0953787968302633
PRKAA1,7,AKAP1;S103;,1.0691798671655914
PRKAA1,7,AKAP10;S278;,-1.247318863434422
PRKAA1,7,AKAP11;S1090;,0.44274821438629763
PRKAA1,7,AKAP11;S21;,-1.2198841028149647
PRKAA1,7,AKAP11;S23;,-1.1975236698492377
PRKAA1,7,AKAP11;S448;,-1.1897556525137414
PRKAA1,7,AKAP13;S2515;,-1.033562812980014
PRKAA1,7,AKAP2;S152;,-0.9910539285590579
PRKAA1,7,AKAP2;S730;,-1.1199492682334917
PRKAA1,7,AKAP6;S562;,0.9585434757037651
PRKAA1,7,AKAP9;S3669;,-1.1282212374683909
PRKAA1,7,AKT1S1;S184;,-1.2442579943781948
PRKAA1,7,AKT1S1;T247;,-1.1388427422808907
PRKAA1,7,ALKBH5;S362;,-0.9097963184328415
PRKAA1,7,ALKBH5;S376;,-1.190440760644642
PRKAA1,7,AMOTL1;S580;,0.841079898241322
PRKAA1,7,ANP32A;S15;,-1.147187490141583
PRKAA1,7,AP3D1;S755;,-0.9996583090282446
PRKAA1,7,ARFGAP2;S145;,-1.205352328328554
PRKAA1,7,ARFGEF2;S214;,-1.000544213604765
PRKAA1,7,ARFIP1;S39;,1.1460366065196643
PRKAA1,7,ARHGAP17;S710;,-1.0580249548430216
PRKAA1,7,ARHGAP22;S200;,-1.0883801242741369
PRKAA1,7,ARHGAP22;S236;,-1.1115572398189753
PRKAA1,7,ARHGAP35;S1174;,-1.1698661281189422
PRKAA1,7,ARHGAP39;S284;,-1.1530593179782131
PRKAA1,7,ARHGAP5;S1195;,-1.161774396215238
PRKAA1,7,ARHGAP5;S1202;,-1.1209239159836701
PRKAA1,7,ARHGAP5;S967;,-1.2133583570635766
PRKAA1,7,ARHGEF12;S337;,-1.156125623612664
PRKAA1,7,ARHGEF12;S341;,-1.2037388443921044
PRKAA1,7,ARHGEF17;S995;,0.7896170113723702
PRKAA1,7,ARHGEF5;S721;,-1.273925799980826
PRKAA1,7,ARPP21;S256;,0.5060988466726433
PRKAA1,7,ATF7;T53;,0.5782584703114626
PRKAA1,7,ATG14;S5;,-1.185648675081182
PRKAA1,7,ATG2A;S1246;,-1.2188340593803422
PRKAA1,7,ATG2B;S240;,-1.1829854248911642
PRKAA1,7,ATG2B;S255;,-1.11650683243042
PRKAA1,7,ATRX;S761;,-1.0290904749135075
PRKAA1,7,ATXN2;S622;,-1.212058886011637
PRKAA1,7,ATXN2L;S109;,-1.193276058012178
PRKAA1,7,ATXN2L;S447;,-1.1147037189966145
PRKAA1,7,AZI1;S114;,-0.9025604030037129
PRKAA1,7,AZI1;S304;,-1.1333779339344627
PRKAA1,7,BAD;S171;,1.0263330884185877
PRKAA1,7,BAG3;S271;,-1.0133931628073747
PRKAA1,7,BAG3;S387;,-1.2169115143741103
PRKAA1,7,BAG3;S388;,-1.128185399597718
PRKAA1,7,BAIAP2L1;S218;,-1.1211957419824954
PRKAA1,7,BAIAP2L1;S380;,1.0001494595784992
PRKAA1,7,BAZ2A;S1388;,-1.1716901228378684
PRKAA1,7,BBX;S243;,-1.0795347376377977
PRKAA1,7,BCL9L;S116;,-1.1038990302864506
PRKAA1,7,BCL9L;S21;,0.9727713810563147
PRKAA1,7,BCL9L;S25;,-1.0447821529171055
PRKAA1,7,BICD2;S611;,-1.0499509334040664
PRKAA1,7,BICD2;S819;,-1.0000932614840268
PRKAA1,7,BRAF;S134;,-1.2238362583219506
PRKAA1,7,BRD8;S274;,-1.1120903787531293
PRKAA1,7,BRD8;T270;,-1.1206154953463061
PRKAA1,7,BSDC1;S216;,-1.1641831449781657
PRKAA1,7,C2CD4C;S262;,-1.0415705869020957
PRKAA1,7,CACNB1;S53;,-1.1626015210609735
PRKAA1,7,CALD1;S527;,-1.183156893514221
PRKAA1,7,CAMK2D;T371;,0.312346250633745
PRKAA1,7,CAMSAP1;S1154;,-1.1748753336903466
PRKAA1,7,CAMSAP1;S517;,-1.1974233308831985
PRKAA1,7,CAP2;S301;,-1.220127076652329
PRKAA1,7,CBX5;S93;,-0.9775741539502589
PRKAA1,7,CCDC6;S143;,-1.1858888562656877
PRKAA1,7,CCDC88A;S1638;,-1.0618007863390186
PRKAA1,7,CCDC91;S71;,-1.2344716808018346
PRKAA1,7,CDC42EP2;S137;,-1.110517130910305
PRKAA1,7,CDC42EP2;S141;,-1.1258328255033119
PRKAA1,7,CDC42EP4;S140;,-1.1333685493148438
PRKAA1,7,CDKN1A;S69;,-1.2032858014969654
PRKAA1,7,CDKN1B;S12;,-1.1291312152665585
PRKAA1,7,CDKN1B;S7;,-1.2553413689035509
PRKAA1,7,CEP170B;S1166;,-0.9817584500442221
PRKAA1,7,CEP68;S503;,-0.2290962103571393
PRKAA1,7,CEP68;S510;,-1.0816465883901503
PRKAA1,7,CHAMP1;S532;,-1.1109107414834685
PRKAA1,7,CHD8;S549;,0.9998668153122904
PRKAA1,7,CHRND;S379;,0.9263254105720361
PRKAA1,7,CIC;S1394;,-1.0683243808469216
PRKAA1,7,CIC;S1399;,-1.2514627711378692
PRKAA1,7,CLASP2;S331;,1.0835881068171234
PRKAA1,7,CLIP1;S159;,-1.1746111964769046
PRKAA1,7,COBL;S31;,1.0577374136555548
PRKAA1,7,COBL;S34;,1.092204807765775
PRKAA1,7,COG3;S536;,1.006458634547012
PRKAA1,7,CORO7;S298;,1.190569082215172
PRKAA1,7,DAB2IP;S802;,-1.1877416027712924
PRKAA1,7,DAP;S2;,-1.192375896837835
PRKAA1,7,DAP;S3;,-1.1999277517382165
PRKAA1,7,DBNDD1;S123;,-1.1255885934620198
PRKAA1,7,DCAF6;S336;,-1.2908988421557415
PRKAA1,7,DCLK1;S30;,0.9997503270258771
PRKAA1,7,DDX19A;S86;,-1.143432685010334
PRKAA1,7,DDX3X;S261;,-0.8881581985597663
PRKAA1,7,DENND4C;S1037;,1.073467623781279
PRKAA1,7,DLG2;S323;,-1.142504630813056
PRKAA1,7,DLG2;S328;,-1.2068742281018514
PRKAA1,7,DMXL1;S574;,0.985310213420017
PRKAA1,7,DNAJC2;T48;,-0.6985073190357786
PRKAA1,7,DNAJC25;T353;,-0.46607033321713787
PRKAA1,7,DOCK6;S1339;,-0.5649713111069089
PRKAA1,7,DOCK7;S1361;,-0.7972785870169712
PRKAA1,7,DOCK7;S2107;,-1.1443695822229507
PRKAA1,7,DOPEY1;S1261;,-0.9305287510852337
PRKAA1,7,DTNA;S606;,-1.181730541788742
PRKAA1,7,DUSP27;S366;,-1.0580215077922914
PRKAA1,7,DUSP27;S368;,-1.1703317664555954
PRKAA1,7,DUSP27;S370;,-1.2123828520287465
PRKAA1,7,DUSP27;S427;,-1.1743434190127402
PRKAA1,7,DYNC1H1;S4365;,-1.134997082385805
PRKAA1,7,DYNC1I2;S81;,-1.0266541133191505
PRKAA1,7,EEF2;T57;,0.35212272430135216
PRKAA1,7,EEF2K;S365;,0.21569773098504377
PRKAA1,7,EHBP1L1;S1363;,1.0873352276429342
PRKAA1,7,EHD4;S459;,-1.234024901492737
PRKAA1,7,EIF3A;S584;,-1.116981096157377
PRKAA1,7,EIF4B;S422;,-0.9637377885863713
PRKAA1,7,EIF4B;S424;,-1.18746524293965
PRKAA1,7,EIF4B;S425;,-1.1583368910432135
PRKAA1,7,EIF4B;T420;,-1.2213433511028542
PRKAA1,7,EIF4EBP1;S64;,-1.2302679668765395
PRKAA1,7,EIF4EBP2;S2;,-1.124922789698687
PRKAA1,7,EIF5B;S183;,-1.053277164742704
PRKAA1,7,ELMSAN1;S456;,-0.9256416157312374
PRKAA1,7,EPS8;S659;,-1.0327077317966333
PRKAA1,7,ETL4;S1844;,-1.0471727189577518
PRKAA1,7,ETV3;S139;,-1.164581662032344
PRKAA1,7,FAM120C;S55;,-1.2422999977775573
PRKAA1,7,FAM134C;S313;,0.8551267210440473
PRKAA1,7,FAM134C;S320;,0.37209212915961143
PRKAA1,7,FAM171A2;S423;,-1.1077261746236549
PRKAA1,7,FAM65A;S752;,-1.0414504287691726
PRKAA1,7,FBXO30;S379;,-1.1891883305574988
PRKAA1,7,FHOD1;S489;,-1.1829710460703704
PRKAA1,7,FHOD1;S501;,-1.1120153133827904
PRKAA1,7,FHOD1;S504;,-1.1608071677455754
PRKAA1,7,FHOD1;S513;,-1.0827248759798676
PRKAA1,7,FHOD1;S523;,-1.1187837426643947
PRKAA1,7,FLNC;S2147;,-1.2194078770917394
PRKAA1,7,FLNC;S2234;,-1.081946421735476
PRKAA1,7,FMN1;S589;,-1.1883988515387622
PRKAA1,7,FOSL2;S320;,-1.1191105208007988
PRKAA1,7,FOSL2;T322;,-0.9391273242108658
PRKAA1,7,FOXK1;S225;,-1.1045950794639476
PRKAA1,7,FOXK2;T200;,-1.0316396806892967
PRKAA1,7,FOXO3;S252;,-1.0177560175524933
PRKAA1,7,FRMD8;S21;,-1.1788060847438182
PRKAA1,7,FRYL;T1959;,-1.0749929685002717
PRKAA1,7,GAB1;S418;,-1.0762883104842116
PRKAA1,7,GAB2;S142;,-1.1554379541735529
PRKAA1,7,GAB2;S143;,-1.0032966708099258
PRKAA1,7,GAB2;S211;,-1.0670403762548935
PRKAA1,7,GAB2;S365;,-1.2002257080457694
PRKAA1,7,GAB2;T388;,-1.1440216887318824
PRKAA1,7,GATAD2A;S103;,1.084547307039253
PRKAA1,7,GATAD2A;S96;,1.1353855036745661
PRKAA1,7,GATAD2B;S338;,-1.1124708201767743
PRKAA1,7,GBF1;S1786;,-0.8968709397742459
PRKAA1,7,GIGYF1;S28;,-1.0991793809781651
PRKAA1,7,GIT2;S568;,-1.1917511898345923
PRKAA1,7,GOLGA4;S116;,1.0424315677573528
PRKAA1,7,GSK3A;S21;,-1.0122736236214969
PRKAA1,7,GSK3A;S41;,-1.2427221894827076
PRKAA1,7,GSK3B;S9;,-0.9536958346639032
PRKAA1,7,GYS1;S728;,-1.0653245781696519
PRKAA1,7,HBP1;S401;,-1.1195748185621952
PRKAA1,7,HBS1L;S147;,-1.2349611094739563
PRKAA1,7,HDAC6;S21;,-1.1491428072787397
PRKAA1,7,HECTD1;S1392;,-1.016306180194858
PRKAA1,7,HECTD1;S1393;,-1.0857952726653282
PRKAA1,7,HECTD1;S1573;,0.7423592857327935
PRKAA1,7,HELB;S944;,-1.1024884719957342
PRKAA1,7,HERC1;S1163;,-1.1347288458770255
PRKAA1,7,HERC1;T1154;,-1.1260908233192815
PRKAA1,7,HIRIP3;S27;,-1.2370546912442466
PRKAA1,7,HN1L;S97;,-1.1933709654181024
PRKAA1,7,HOMER3;S158;,-0.915909374914735
PRKAA1,7,HUWE1;S1876;,-1.229219538222664
PRKAA1,7,HUWE1;S3639;,-1.2671348963190214
PRKAA1,7,HUWE1;S3898;,-1.1295383641228922
PRKAA1,7,HUWE1;T3903;,-1.0810764892518612
PRKAA1,7,IREB2;S178;,-1.2528610365311381
PRKAA1,7,IRF2BPL;S69;,-1.2015117610782993
PRKAA1,7,ITSN1;S1063;,-0.5379470486241844
PRKAA1,7,ITSN1;S315;,-1.026163415704152
PRKAA1,7,JMY;S56;,-1.0313842138140332
PRKAA1,7,JSRP1;S47;,-1.1483639138441153
PRKAA1,7,KANK2;S358;,-1.1338658835319702
PRKAA1,7,KCTD3;S809;,1.0654551416144016
PRKAA1,7,KDM2A;S718;,-1.1152744997922681
PRKAA1,7,KDM2A;T713;,-1.0425527628154947
PRKAA1,7,KDM5C;S316;,-1.0480813636634647
PRKAA1,7,KPNA1;S2;,-0.9431817935163442
PRKAA1,7,KPNA1;T3;,-0.640327135688688
PRKAA1,7,LAMTOR1;S98;,-1.135842160418171
PRKAA1,7,LARP1;S916;,-0.9438010095607464
PRKAA1,7,LARP1;T932;,-1.0031832888423728
PRKAA1,7,LARP4B;S498;,-1.0515791105534507
PRKAA1,7,LDB3;S112;,-1.2539033312111494
PRKAA1,7,LIMA1;S360;,-1.1352027837551133
PRKAA1,7,LIMA1;S603;,-1.1388614952976719
PRKAA1,7,LIMA1;S608;,-1.1481279265118194
PRKAA1,7,LIMA1;S703;,-1.1571157287780338
PRKAA1,7,LMNA;S404;,-0.9979642720274186
PRKAA1,7,LMNA;S406;,-1.191042200297532
PRKAA1,7,LMNA;S407;,-1.2322179935839412
PRKAA1,7,LMNA;S423;,-1.1586133797184448
PRKAA1,7,LMNA;S424;,-1.1945230923840982
PRKAA1,7,LMO7;S1541;,-1.0373276383296703
PRKAA1,7,LMO7;S1543;,-1.1289832110272373
PRKAA1,7,LOC100360205;S239;,-1.117690143059523
PRKAA1,7,LOC100365259;S393;,-0.5837548570778897
PRKAA1,7,LOC100910104;S475;,-1.0951892749071137
PRKAA1,7,LOC100910104;S532;,1.1021930886289566
PRKAA1,7,LOC100910104;S719;,-1.1626421710933434
PRKAA1,7,LOC100910646;S166;,-1.2011184456013955
PRKAA1,7,LOC100911178;S1643;,-1.1760893973751683
PRKAA1,7,LOC100911302;S1721;,-1.1433338054210478
PRKAA1,7,LOC100911677;S490;,1.1140514833950608
PRKAA1,7,LOC100912115;S649;,-1.1463797471603794
PRKAA1,7,LOC312502;S1164;,-1.2107300524927358
PRKAA1,7,LOC312502;S138;,1.145108220471792
PRKAA1,7,LOC312502;S139;,1.0954068446265548
PRKAA1,7,LOC312502;S483;,-1.1164291216186408
PRKAA1,7,LOC683007;S1204;,-1.187482363915861
PRKAA1,7,LOC683007;S1207;,-1.2424666510834144
PRKAA1,7,LOC684259;S780;,1.0854638255574074
PRKAA1,7,LOC685707;S1251;,-1.0970248257782904
PRKAA1,7,LRRFIP2;S18;,-1.186533914382538
PRKAA1,7,LRRFIP2;T136;,-1.038861748157061
PRKAA1,7,LYSMD1;S33;,1.0694129650822328
PRKAA1,7,MACF1;S1376;,-1.0558467057781267
PRKAA1,7,MACF1;S5293;,-1.1306869762693175
PRKAA1,7,MAF1;S60;,-1.1617650222999198
PRKAA1,7,MAP1A;S1757;,-0.9054116287493145
PRKAA1,7,MAP1A;T2177;,-1.0304575675030987
PRKAA1,7,MAP1A;T504;,-1.1202811076136203
PRKAA1,7,MAP1B;S1257;,-1.091144075310003
PRKAA1,7,MAP1B;S1389;,-1.0765713116347029
PRKAA1,7,MAP1B;S1393;,-1.0786241919554613
PRKAA1,7,MAP1B;T1781;,-0.014783562506378745
PRKAA1,7,MAP1S;S683;,-1.0803630266336206
PRKAA1,7,MAP4;S902;,0.9971818424239544
PRKAA1,7,MAP4K4;S591;,-1.2113127318955181
PRKAA1,7,MAP4K4;S791;,1.2314329237406048
PRKAA1,7,MAP4K4;S794;,1.1600473206137865
PRKAA1,7,MAPK1;Y185;,-0.3851400383678224
PRKAA1,7,MAPK14;Y182;,-0.29897089452481485
PRKAA1,7,MAPK8;Y185;,0.05169602204644916
PRKAA1,7,MARCKS;S141;,-0.9376507535866418
PRKAA1,7,MARK3;S593;,-1.263707121080652
PRKAA1,7,MARK3;T594;,-0.8054118702379367
PRKAA1,7,MATR3;S188;,-0.9417163207492338
PRKAA1,7,MBD3;S85;,-1.0849791420923618
PRKAA1,7,MBD3;S86;,-1.2669301116218923
PRKAA1,7,MDM2;S138;,-1.0467643114905663
PRKAA1,7,MED1;S1465;,-1.2270985353554846
PRKAA1,7,MED1;S1467;,-1.2007562305115622
PRKAA1,7,MED1;S1468;,-1.2243689088574836
PRKAA1,7,MED24;S860;,-1.0541645494477683
PRKAA1,7,MED24;S861;,-1.1876008251196022
PRKAA1,7,MEF2C;S226;,-1.1369303085301465
PRKAA1,7,MID1;S96;,-1.132504320641536
PRKAA1,7,MKL1;S571;,-1.157592836252202
PRKAA1,7,MLL2;S2291;,-1.1989158752058886
PRKAA1,7,MLLT4;S216;,-1.2329548534369223
PRKAA1,7,MLLT4;S246;,-1.0852494059730522
PRKAA1,7,MON2;S197;,-1.1652479890622178
PRKAA1,7,MPHOSPH10;S168;,1.073494324409975
PRKAA1,7,MPRIP;S369;,-1.1476272327721926
PRKAA1,7,MTFR1L;S100;,1.0742204811714977
PRKAA1,7,MTFR1L;S234;,1.0990877489845414
PRKAA1,7,MTFR1L;S235;,1.1640943845759095
PRKAA1,7,MTSS1L;S575;,-1.1312704142350585
PRKAA1,7,MURC;S20;,-1.1192976293884416
PRKAA1,7,MUSK;S689;,-1.1884747815713201
PRKAA1,7,MUSK;S690;,-1.051553461900014
PRKAA1,7,MYBBP1A;S1283;,-1.1568341154904278
PRKAA1,7,MYCBP2;S2750;,-1.0669857057595846
PRKAA1,7,MYOZ2;T32;,-1.0191061867006772
PRKAA1,7,NACA;S1125;,-1.1217156604950953
PRKAA1,7,NACA;S1345;,-1.1335721003091792
PRKAA1,7,NACA;S1454;,-1.1018531636368463
PRKAA1,7,NACA;S1720;,-1.1168212101613477
PRKAA1,7,NACA;S914;,-1.075690718499738
PRKAA1,7,NACA;S942;,-1.12510108052287
PRKAA1,7,NCAPH;S24;,-1.2238576901726206
PRKAA1,7,NCOR1;S363;,-1.2048272047652167
PRKAA1,7,NCOR2;S1747;,-1.1562869663759106
PRKAA1,7,NDRG1;S330;,-0.9640834012637671
PRKAA1,7,NDRG1;T328;,-1.0996059136913843
PRKAA1,7,NDRG2;T334;,-1.1796862300168958
PRKAA1,7,NEK9;S16;,0.6689142844368948
PRKAA1,7,NEK9;S736;,-1.045821842286394
PRKAA1,7,NELFE;S131;,-1.1430687141312281
PRKAA1,7,NES;S1071;,0.9873608710698817
PRKAA1,7,NES;S1123;,-1.2325783220806827
PRKAA1,7,NES;S1131;,1.1279825553863232
PRKAA1,7,NES;S620;,-1.2309480154141903
PRKAA1,7,NES;S784;,0.8376666284352821
PRKAA1,7,NEXN;S280;,-0.9894901433906083
PRKAA1,7,NFIX;S265;,-1.1489711203622182
PRKAA1,7,NHSL1;T1376;,-1.0507892365471014
PRKAA1,7,NUMA1;S1935;,-1.0777364478138372
PRKAA1,7,NUMA1;S1958;,-1.1232473833380558
PRKAA1,7,NUP35;S73;,-1.1445716747894568
PRKAA1,7,OPTN;S188;,1.1026344559888823
PRKAA1,7,PACS2;S319;,-1.1750151006512264
PRKAA1,7,PAK1;S144;,-1.176036055567013
PRKAA1,7,PAK1;S203;,-1.1460231829690577
PRKAA1,7,PAK2;S197;,-0.7264732490578992
PRKAA1,7,PARD3;S715;,-1.0179450681217548
PRKAA1,7,PARVA;S14;,-0.9998214539305155
PRKAA1,7,PATL1;S184;,-1.1465704891111579
PRKAA1,7,PBXIP1;S132;,-1.1854467646805138
PRKAA1,7,PBXIP1;S133;,-1.1641918672112552
PRKAA1,7,PCM1;S1280;,-1.086252264136814
PRKAA1,7,PCM1;S380;,-1.2221332251488954
PRKAA1,7,PCM1;S384;,-1.1259546327909273
PRKAA1,7,PDAP1;S176;,-1.1004960076850347
PRKAA1,7,PDAP1;S178;,-1.2149072654658908
PRKAA1,7,PDCD4;S420;,-1.1110976732728988
PRKAA1,7,PDCD4;S76;,-1.121244376376616
PRKAA1,7,PDLIM7;S209;,-1.2701092966343925
PRKAA1,7,PDLIM7;T214;,-0.9737030341075927
PRKAA1,7,PDLIM7;T215;,-0.9720779984427067
PRKAA1,7,PDS5B;S1176;,-1.107750522013658
PRKAA1,7,PDXDC1;T554;,-1.0338412310529153
PRKAA1,7,PELO;S55;,-1.2298119780320969
PRKAA1,7,PEX1;S1209;,-1.1598036839767107
PRKAA1,7,PFKFB2;S469;,-0.8367033518232195
PRKAA1,7,PHF1;S410;,-1.18229867915566
PRKAA1,7,PHF1;S415;,-1.163515552270934
PRKAA1,7,PHF2;S782;,-1.1599117498172726
PRKAA1,7,PHIP;S1251;,-1.146716358171948
PRKAA1,7,PHLDB1;S431;,-1.1527159338609758
PRKAA1,7,PHLDB1;S534;,-0.9648863365162942
PRKAA1,7,PHLDB2;S241;,-1.041388968069621
PRKAA1,7,PI4K2A;S43;,-1.2473927845392416
PRKAA1,7,PI4K2A;S46;,-1.1678550981735483
PRKAA1,7,PI4K2A;S461;,-1.079262672998735
PRKAA1,7,PI4K2A;S50;,-1.124889259678775
PRKAA1,7,PID1;S230;,-1.1387600164067617
PRKAA1,7,PID1;S231;,-1.1713888123980152
PRKAA1,7,PID1;S232;,-1.0033157185957335
PRKAA1,7,PID1;S242;,-1.2171871188783745
PRKAA1,7,PIEZO1;S1370;,-1.116293502658461
PRKAA1,7,PIK3C2A;S261;,-1.2013040252639657
PRKAA1,7,PLEC;S4246;,-0.847708692075915
PRKAA1,7,PLEC;S4249;,-1.1178193431245753
PRKAA1,7,PNISR;S290;,-1.2416337312923647
PRKAA1,7,POM121;S370;,-1.1659734824642314
PRKAA1,7,PPAN;S233;,1.01322289129299
PRKAA1,7,PPAN;S238;,1.0441009766522276
PRKAA1,7,PPAN;S240;,1.1303435635207362
PRKAA1,7,PPP1R12C;S508;,-1.1474384669207776
PRKAA1,7,PPP1R13L;S110;,-1.1240759599370798
PRKAA1,7,PPP1R13L;S154;,-1.2044653443721274
PRKAA1,7,PPP1R13L;S360;,-1.1328516296084017
PRKAA1,7,PPP6R2;S629;,-1.110187909500505
PRKAA1,7,PPP6R2;S719;,-1.1719374110169796
PRKAA1,7,PRKAA1;S496;,-1.0724743757573654
PRKAA1,7,PRKAB1;S108;,1.1506384526947069
PRKAA1,7,PRRC2A;S765;,-1.2532312346580223
PRKAA1,7,PRRC2B;S259;,-0.9277062649734115
PRKAA1,7,PSMA5;T55;,0.3355920682030571
PRKAA1,7,PSMC3;S12;,-1.1992834163920596
PRKAA1,7,PSMC3;S9;,-1.182626889550493
PRKAA1,7,PTPN12;T544;,0.38870418671595464
PRKAA1,7,PTPN21;S599;,-1.0525196413821136
PRKAA1,7,PTPN21;S762;,-0.9561009047018917
PRKAA1,7,PTRF;S169;,-1.2451517304831448
PRKAA1,7,PTRF;S171;,-1.19993776719858
PRKAA1,7,PUM2;S82;,-1.1099961694705018
PRKAA1,7,PXN;S106;,-1.1362361119133513
PRKAA1,7,PXN;S137;,-1.203659244961538
PRKAA1,7,PXN;S83;,-1.1754828517205507
PRKAA1,7,RABGEF1;T142;,-0.6099479509704205
PRKAA1,7,RAF1;S295;,-1.189734142693494
PRKAA1,7,RAF1;S296;,-1.1312052444047187
PRKAA1,7,RAI14;T249;,-1.0628603819466802
PRKAA1,7,RANBP10;S481;,0.5402690665493576
PRKAA1,7,RANBP3;S58;,-1.0839198945086013
PRKAA1,7,RAPGEF1;S306;,-1.0585665709876328
PRKAA1,7,RAPGEF1;S308;,-1.1283344110935614
PRKAA1,7,RAVER1;S576;,-1.0318226794885128
PRKAA1,7,RB1CC1;S243;,-1.2266669440228801
PRKAA1,7,RBM3;S145;,-1.1123523644954116
PRKAA1,7,RBM7;S72;,-1.0224739757205912
PRKAA1,7,RFX7;S1177;,-1.1440261971144539
PRKAA1,7,RGD1307838;S900;,-1.075260351410867
PRKAA1,7,RGD1307838;S903;,-1.2308789294202442
PRKAA1,7,RGD1308297;S518;,-1.1512454142270416
PRKAA1,7,RGD1309586;S243;,-1.193818327367562
PRKAA1,7,RGD1309586;S59;,-0.5995833300680588
PRKAA1,7,RGD1310016;S1171;,1.0140861511187642
PRKAA1,7,RGD1311783;S45;,1.2080984747641224
PRKAA1,7,RGD1311783;S46;,1.1109801924998692
PRKAA1,7,RGD1560225;S763;,-0.9725998989903731
PRKAA1,7,RGD1561609;S759;,-0.9796515967078291
PRKAA1,7,RGD1562639;S1035;,-1.172609620262157
PRKAA1,7,RGD1566017;S802;,-1.182685587506705
PRKAA1,7,RIN2;S494;,-1.0810686087761516
PRKAA1,7,RIPK2;S412;,1.0167021582248104
PRKAA1,7,RNF40;S586;,-1.1763896194307506
PRKAA1,7,RPS6KA3;S715;,-1.124043062648836
PRKAA1,7,RPS6KA4;S681;,-1.0641316031706864
PRKAA1,7,RPS6KA4;S682;,-1.1517018188026562
PRKAA1,7,RPS6KB1;S404;,-1.1724641605356803
PRKAA1,7,RPTOR;S863;,-1.1948693672221962
PRKAA1,7,RRP1B;S524;,-1.214429022244468
PRKAA1,7,RRP1B;T521;,-0.9801790693205369
PRKAA1,7,RTF1;S416;,-1.1954798949363366
PRKAA1,7,RUFY1;S50;,-1.1005702262177404
PRKAA1,7,RUNX1T1;T568;,-0.8848507981123559
PRKAA1,7,SAMD4B;S271;,-1.0798242818978336
PRKAA1,7,SAP30L;T91;,-0.917935217674879
PRKAA1,7,SBF1;S1141;,0.43922014288476374
PRKAA1,7,SCRIB;S1315;,-1.1779049673866977
PRKAA1,7,SCRIB;S1529;,-1.1276575254063828
PRKAA1,7,SENP7;S47;,-1.151895703539278
PRKAA1,7,SETD2;S511;,-1.205457423413745
PRKAA1,7,SF3B1;T326;,0.37387732003473095
PRKAA1,7,SFPQ;T586;,-0.9359928384680242
PRKAA1,7,SGTA;S306;,-1.1055829832837336
PRKAA1,7,SGTA;S308;,-1.274270986535616
PRKAA1,7,SH3BP5;S420;,-0.9509850648738164
PRKAA1,7,SH3D19;S274;,-1.131560321068053
PRKAA1,7,SH3PXD2A;S368;,1.0708332821727782
PRKAA1,7,SH3PXD2A;S495;,-1.2032845502193332
PRKAA1,7,SH3PXD2A;S956;,-0.922657543734845
PRKAA1,7,SHC3;S359;,-1.1774211339377347
PRKAA1,7,SIK2;S673;,-1.03380738798185
PRKAA1,7,SIPA1L1;S1408;,0.8920431741777485
PRKAA1,7,SIPA1L1;S1411;,1.0870447176014506
PRKAA1,7,SIPA1L1;S288;,-0.9916774537089786
PRKAA1,7,SLC2A13;S38;,1.1089789159723917
PRKAA1,7,SLC2A13;S44;,1.1509627351918021
PRKAA1,7,SLC2A13;S47;,1.0449861328382266
PRKAA1,7,SLC4A7;S1171;,0.9300337396074626
PRKAA1,7,SLC4A7;S263;,1.1388289539903753
PRKAA1,7,SLK;S778;,1.070863060953951
PRKAA1,7,SMCR7L;S59;,-1.104606816178567
PRKAA1,7,SMCR8;S416;,-1.1432050605175232
PRKAA1,7,SMCR8;S486;,1.1906398206820945
PRKAA1,7,SMCR8;S488;,1.1453164131798619
PRKAA1,7,SMCR8;S491;,1.1744565543191194
PRKAA1,7,SMCR8;S497;,0.9948116794167402
PRKAA1,7,SMG6;S537;,-1.2093544511279173
PRKAA1,7,SNW1;S224;,0.9995086575121798
PRKAA1,7,SNX8;S454;,-1.1497637656824538
PRKAA1,7,SON;S94;,-1.1333263281208128
PRKAA1,7,SORBS1;S857;,-1.201685229238335
PRKAA1,7,SOS1;S1120;,-0.9892839302952902
PRKAA1,7,SOX6;S399;,-1.187134274300984
PRKAA1,7,SOX6;S402;,-1.1544912478487226
PRKAA1,7,SOX6;T401;,-1.0595829597019573
PRKAA1,7,SPAG7;S219;,-1.113880195995098
PRKAA1,7,SPAG9;S203;,-1.0745605722010536
PRKAA1,7,SPAG9;S716;,-0.9259013945202269
PRKAA1,7,SPHK2;S379;,1.05309377396692
PRKAA1,7,SRPK2;S487;,-1.0352161032275842
PRKAA1,7,SRRM2;S2228;,-1.1278310269890248
PRKAA1,7,SRRM2;S2338;,-1.1463365539337456
PRKAA1,7,SRSF10;S131;,0.9693292719684988
PRKAA1,7,SRSF11;S200;,-1.2002557106631695
PRKAA1,7,STARD13;S334;,-1.201387314106262
PRKAA1,7,STAT3;S727;,-0.9181467507936247
PRKAA1,7,STIM1;S257;,0.7960006922013535
PRKAA1,7,STIM1;S523;,0.9537243670792147
PRKAA1,7,STIM1;S524;,0.9769478749387052
PRKAA1,7,STIM2;S675;,1.013242342470768
PRKAA1,7,STK11IP;S443;,-1.1789604884187277
PRKAA1,7,STK3;S385;,-1.2827719057756761
PRKAA1,7,STMN1;S16;,-1.1320990048549333
PRKAA1,7,STMN1;S25;,-1.0969951871008337
PRKAA1,7,STMN1;S38;,-1.028871723131938
PRKAA1,7,STRN3;S227;,-1.2768963111168783
PRKAA1,7,SUN2;S12;,-1.2105282723137152
PRKAA1,7,SVIL;S1177;,-1.2062722793713563
PRKAA1,7,SVIL;S259;,-1.1024191929632137
PRKAA1,7,SVIL;S531;,-1.1334275436005325
PRKAA1,7,SYNPO2L;S401;,-1.0625938401355577
PRKAA1,7,SYNPO2L;T141;,0.564736299611074
PRKAA1,7,SZT2;S1641;,-1.0941996294862903
PRKAA1,7,TACC2;S575;,-0.9174568379182223
PRKAA1,7,TANC2;S1447;,-1.0619057582303515
PRKAA1,7,TBC1D1;S231;,1.146552807960734
PRKAA1,7,TBC1D1;S662;,1.2109646375952332
PRKAA1,7,TBC1D1;T590;,-1.0002668826188912
PRKAA1,7,TBC1D16;S382;,-1.2320245246564352
PRKAA1,7,TCF12;S583;,-1.0132960832569888
PRKAA1,7,TDRD3;S256;,-1.1041141953796711
PRKAA1,7,TENC1;T996;,-0.9955387921074268
PRKAA1,7,TFE3;S531;,-0.8335043368378925
PRKAA1,7,TJP1;S1602;,-1.2195825563373621
PRKAA1,7,TJP1;S1604;,-1.2567425548861249
PRKAA1,7,TJP2;S147;,-1.2634932872922147
PRKAA1,7,TMEM245;S327;,-0.8899132092253664
PRKAA1,7,TMEM55A;S14;,1.079774807884803
PRKAA1,7,TNKS1BP1;S1642;,-1.0471268457202307
PRKAA1,7,TNRC6B;S306;,-1.1635106790170309
PRKAA1,7,TNRC6B;S421;,-1.2619560253509727
PRKAA1,7,TRAK1;S390;,-1.1724758233966746
PRKAA1,7,TRAK1;S905;,1.114444300344183
PRKAA1,7,TRAPPC12;S314;,-1.1919975086830261
PRKAA1,7,TRIM28;S474;,-0.9468250070263751
PRKAA1,7,TRIO;S2459;,-1.1977532786304566
PRKAA1,7,TRIO;S2463;,-1.1612572079569141
PRKAA1,7,TRIP12;T1454;,-1.2257181867948175
PRKAA1,7,TSC2;S939;,-1.0085367073383538
PRKAA1,7,TSSC4;S190;,-1.1786687348856753
PRKAA1,7,TTN;S305;,1.0522422992129599
PRKAA1,7,UBA1;S13;,-1.0150365233900185
PRKAA1,7,UBA5;S380;,-1.1005998294741153
PRKAA1,7,UBE2O;S835;,-1.1421149423283445
PRKAA1,7,UBE2O;T830;,0.3183226997702292
PRKAA1,7,UBE4B;S88;,-1.0915729936966143
PRKAA1,7,ULK1;S450;,-1.246311247160754
PRKAA1,7,ULK1;S465;,1.1426724722684862
PRKAA1,7,ULK1;S477;,-1.0997899171320265
PRKAA1,7,ULK1;S479;,-1.150349748140711
PRKAA1,7,ULK1;S637;,1.1718344684838864
PRKAA1,7,ULK1;T468;,0.3901048244117181
PRKAA1,7,ULK1;T659;,0.7143565634735106
PRKAA1,7,USP10;S224;,-1.1700877037491593
PRKAA1,7,VAPA;S164;,1.0887709662335745
PRKAA1,7,VIM;S420;,0.9384380435582059
PRKAA1,7,VIM;S430;,0.7517924216452149
PRKAA1,7,VIM;T426;,0.9548154027558292
PRKAA1,7,VPS26B;S304;,1.0132989952642757
PRKAA1,7,WIPF2;S235;,-1.0760748497843036
PRKAA1,7,WNK1;S165;,-0.9789368445500798
PRKAA1,7,WWC3;S955;,-1.2309771119952742
PRKAA1,7,YAP1;S46;,1.0701472783750585
PRKAA1,7,ZC3H13;S368;,1.128373166622622
PRKAA1,7,ZC3HAV1;S307;,-1.1699409608988425
PRKAA1,7,ZC3HAV1;S325;,-1.2275292591239457
PRKAA1,7,ZC3HAV1;S544;,-1.2471010505587357
PRKAA1,7,ZC3HC1;S343;,-1.1540421062055883
PRKAA1,7,ZC3HC1;T351;,-0.8133409261255805
PRKAA1,7,ZFP295;S411;,-1.0557262095805457
PRKAA1,7,ZFYVE16;S903;,-1.0689186247517406
PRKAA1,7,ZNRF2;S148;,-1.2418009571897073
PRKAA1,7,ZNRF2;S154;,-1.2026447149239006
PRKAA1,7,ZNRF2;S18;,-1.0881699820624597
PRKAA1,7,ZNRF2;S81;,-0.9398509597889321
PRKAA1,7,ZYX;S143;,-1.201465065975117
PRKAA1,7,ZYX;S144;,-1.2574679750617523
PRKAA1,7,ZYX;S336;,-1.2339350346906601
PRKAA1,7,ZZEF1;S1516;,-1.117601649512759
PRKAA1,7,ZZEF1;S1535;,-0.9601331157734354
PRKAA1,8,AAK1;S677;,-1.0040333578867444
PRKAA1,8,ABCC4;S604;,-1.1066588484013862
PRKAA1,8,ABI2;S165;,-1.068085670438761
PRKAA1,8,ABI2;S168;,-1.1597838249127927
PRKAA1,8,ABL2;S799;,-1.077992524255601
PRKAA1,8,ABLIM3;S566;,-1.187803114767913
PRKAA1,8,ABLIM3;S575;,0.2558593885769144
PRKAA1,8,ACACA;S79;,1.1068777265922927
PRKAA1,8,ACIN1;S711;,-1.1009727848650297
PRKAA1,8,ADD1;S613;,-1.2039209843589604
PRKAA1,8,ADD1;T614;,-1.0035835672677198
PRKAA1,8,ADNP;S971;,-1.1666856155396106
PRKAA1,8,AFF4;S823;,-0.9877555221093541
PRKAA1,8,AGAP3;S107;,-1.0609952147491357
PRKAA1,8,AHCTF1;S1214;,1.0360245758798017
PRKAA1,8,AHNAK;S1191;,0.8003223363709375
PRKAA1,8,AHNAK;S177;,-1.1340534022331963
PRKAA1,8,AHNAK;S2060;,-1.1785284513785943
PRKAA1,8,AHNAK;S211;,-1.0569554877561393
PRKAA1,8,AHNAK;S2117;,0.7998102001432714
PRKAA1,8,AHNAK;S222;,1.1243325077466577
PRKAA1,8,AHNAK;S3915;,-1.180926291999911
PRKAA1,8,AHNAK;S42;,-1.206886924682833
PRKAA1,8,AHNAK;S4597;,-1.1245211734953784
PRKAA1,8,AHNAK;S5243;,-1.0727566235796244
PRKAA1,8,AHNAK;T4049;,-0.7806808523006625
PRKAA1,8,AHNAK2;S425;,-1.1335964220187003
PRKAA1,8,AHNAK2;T438;,-1.1577279999707826
PRKAA1,8,AIMP1;S110;,-1.0434061985113428
PRKAA1,8,AJUBA;S129;,-1.0430679002811705
PRKAA1,8,AKAP1;S103;,1.1045023197444748
PRKAA1,8,AKAP10;S278;,-1.2003872417623174
PRKAA1,8,AKAP11;S1090;,0.324721117017913
PRKAA1,8,AKAP11;S21;,-1.1579003549599616
PRKAA1,8,AKAP11;S23;,-1.1650539387734382
PRKAA1,8,AKAP11;S448;,-1.102606314590394
PRKAA1,8,AKAP13;S2515;,-1.0505556597513723
PRKAA1,8,AKAP2;S152;,-0.9793726079607046
PRKAA1,8,AKAP2;S730;,-1.104629209533366
PRKAA1,8,AKAP6;S562;,1.0641830760068869
PRKAA1,8,AKAP9;S3669;,-1.1202614292584905
PRKAA1,8,AKT1S1;S184;,-1.165241523369807
PRKAA1,8,AKT1S1;T247;,-1.1671322483287887
PRKAA1,8,ALKBH5;S362;,-0.925445699782844
PRKAA1,8,ALKBH5;S376;,-1.1751570212629248
PRKAA1,8,AMOTL1;S580;,0.9893840022505433
PRKAA1,8,ANP32A;S15;,-1.1314986531320295
PRKAA1,8,AP3D1;S755;,-1.0409072429787756
PRKAA1,8,ARFGAP2;S145;,-1.1219987336066155
PRKAA1,8,ARFGEF2;S214;,-1.0194074563738171
PRKAA1,8,ARFIP1;S39;,1.2330351821878143
PRKAA1,8,ARHGAP17;S710;,-1.0866579995661494
PRKAA1,8,ARHGAP22;S200;,-1.0542716685918125
PRKAA1,8,ARHGAP22;S236;,-1.1255771190960115
PRKAA1,8,ARHGAP35;S1174;,-1.1618553974612797
PRKAA1,8,ARHGAP39;S284;,-1.1401035833368247
PRKAA1,8,ARHGAP5;S1195;,-1.1367843257174086
PRKAA1,8,ARHGAP5;S1202;,-1.0316898372664451
PRKAA1,8,ARHGAP5;S967;,-1.1426195277155107
PRKAA1,8,ARHGEF12;S337;,-1.0776026938069299
PRKAA1,8,ARHGEF12;S341;,-1.133896116071696
PRKAA1,8,ARHGEF17;S995;,0.9479978158690046
PRKAA1,8,ARHGEF5;S721;,-1.193003455740869
PRKAA1,8,ARPP21;S256;,0.4494103570460895
PRKAA1,8,ATF7;T53;,0.5173600784956907
PRKAA1,8,ATG14;S5;,-1.1338272817793944
PRKAA1,8,ATG2A;S1246;,-1.1427800850899452
PRKAA1,8,ATG2B;S240;,-1.0966414341443964
PRKAA1,8,ATG2B;S255;,-1.0608480487235743
PRKAA1,8,ATRX;S761;,-1.013482582907348
PRKAA1,8,ATXN2;S622;,-1.1376329267619012
PRKAA1,8,ATXN2L;S109;,-1.0871498937109616
PRKAA1,8,ATXN2L;S447;,-1.060204264429564
PRKAA1,8,AZI1;S114;,-1.0058285008524452
PRKAA1,8,AZI1;S304;,-1.0685939445933899
PRKAA1,8,BAD;S171;,1.0085119958895619
PRKAA1,8,BAG3;S271;,-0.9234977814922525
PRKAA1,8,BAG3;S387;,-1.1575869864723283
PRKAA1,8,BAG3;S388;,-1.0575159002408314
PRKAA1,8,BAIAP2L1;S218;,-1.0586215948596516
PRKAA1,8,BAIAP2L1;S380;,0.9998504888808049
PRKAA1,8,BAZ2A;S1388;,-1.0749062808749998
PRKAA1,8,BBX;S243;,-1.109520459324179
PRKAA1,8,BCL9L;S116;,-1.08463910215377
PRKAA1,8,BCL9L;S21;,0.9719692021746051
PRKAA1,8,BCL9L;S25;,-1.000308316845076
PRKAA1,8,BICD2;S611;,-0.9892825653689219
PRKAA1,8,BICD2;S819;,-1.0001244537190195
PRKAA1,8,BRAF;S134;,-1.1459567817934981
PRKAA1,8,BRD8;S274;,-1.0340432481438269
PRKAA1,8,BRD8;T270;,-1.1350106233161477
PRKAA1,8,BSDC1;S216;,-1.1645985535311099
PRKAA1,8,C2CD4C;S262;,-0.9986277904127272
PRKAA1,8,CACNB1;S53;,-1.111165706197809
PRKAA1,8,CALD1;S527;,-1.1004920501426985
PRKAA1,8,CAMK2D;T371;,0.4348131295921965
PRKAA1,8,CAMSAP1;S1154;,-1.1121939804003353
PRKAA1,8,CAMSAP1;S517;,-1.152304650248208
PRKAA1,8,CAP2;S301;,-1.109204814221214
PRKAA1,8,CBX5;S93;,-1.0404128645118378
PRKAA1,8,CCDC6;S143;,-1.125864515639013
PRKAA1,8,CCDC88A;S1638;,-1.0185056814297644
PRKAA1,8,CCDC91;S71;,-1.1382819717974926
PRKAA1,8,CDC42EP2;S137;,-1.063758738104755
PRKAA1,8,CDC42EP2;S141;,-1.0851605508621605
PRKAA1,8,CDC42EP4;S140;,-1.0789442877620778
PRKAA1,8,CDKN1A;S69;,-1.182063974004818
PRKAA1,8,CDKN1B;S12;,-1.0793044850745408
PRKAA1,8,CDKN1B;S7;,-1.1939014228697893
PRKAA1,8,CEP170B;S1166;,-0.9905908387627851
PRKAA1,8,CEP68;S503;,-0.34157634168849227
PRKAA1,8,CEP68;S510;,-1.0180631351596887
PRKAA1,8,CHAMP1;S532;,-1.0136853186361485
PRKAA1,8,CHD8;S549;,1.0306567475542572
PRKAA1,8,CHRND;S379;,0.9182059662265687
PRKAA1,8,CIC;S1394;,-1.0672424807044514
PRKAA1,8,CIC;S1399;,-1.188522337063269
PRKAA1,8,CLASP2;S331;,1.0921018123778445
PRKAA1,8,CLIP1;S159;,-1.0740541372566834
PRKAA1,8,COBL;S31;,1.1775434747639517
PRKAA1,8,COBL;S34;,1.1965477486391134
PRKAA1,8,COG3;S536;,1.0761418214579332
PRKAA1,8,CORO7;S298;,1.2721554842845584
PRKAA1,8,DAB2IP;S802;,-1.0999093886420745
PRKAA1,8,DAP;S2;,-1.1679403648400735
PRKAA1,8,DAP;S3;,-1.141966061127562
PRKAA1,8,DBNDD1;S123;,-1.1161439817524283
PRKAA1,8,DCAF6;S336;,-1.2225828062323003
PRKAA1,8,DCLK1;S30;,1.0001917788134047
PRKAA1,8,DDX19A;S86;,-1.0816751757790497
PRKAA1,8,DDX3X;S261;,-0.9510415556966378
PRKAA1,8,DENND4C;S1037;,1.1571443937807198
PRKAA1,8,DLG2;S323;,-1.0716585138742079
PRKAA1,8,DLG2;S328;,-1.1295812339137214
PRKAA1,8,DMXL1;S574;,0.954253393918276
PRKAA1,8,DNAJC2;T48;,-1.0003100983225797
PRKAA1,8,DNAJC25;T353;,-0.6554624217672989
PRKAA1,8,DOCK6;S1339;,-0.5124040719055191
PRKAA1,8,DOCK7;S1361;,-0.7481823659558222
PRKAA1,8,DOCK7;S2107;,-1.117127680531374
PRKAA1,8,DOPEY1;S1261;,-0.8855077837779493
PRKAA1,8,DTNA;S606;,-1.1198996862940496
PRKAA1,8,DUSP27;S366;,-1.0816443606627621
PRKAA1,8,DUSP27;S368;,-1.1344898537270658
PRKAA1,8,DUSP27;S370;,-1.1620545212736302
PRKAA1,8,DUSP27;S427;,-1.1345353829031637
PRKAA1,8,DYNC1H1;S4365;,-1.1307335324093053
PRKAA1,8,DYNC1I2;S81;,-0.9920840102355732
PRKAA1,8,EEF2;T57;,0.46486251255890126
PRKAA1,8,EEF2K;S365;,0.1835128781246842
PRKAA1,8,EHBP1L1;S1363;,1.1571136823998076
PRKAA1,8,EHD4;S459;,-1.1730239424324578
PRKAA1,8,EIF3A;S584;,-1.084635295245167
PRKAA1,8,EIF4B;S422;,-1.0207507275752556
PRKAA1,8,EIF4B;S424;,-1.1577572962280498
PRKAA1,8,EIF4B;S425;,-1.1050016906312607
PRKAA1,8,EIF4B;T420;,-1.1585250781097067
PRKAA1,8,EIF4EBP1;S64;,-1.1540873694931326
PRKAA1,8,EIF4EBP2;S2;,-1.0977936289051367
PRKAA1,8,EIF5B;S183;,-1.0423142998475934
PRKAA1,8,ELMSAN1;S456;,-0.9909384078419838
PRKAA1,8,EPS8;S659;,-1.0754441913804496
PRKAA1,8,ETL4;S1844;,-0.9818766452328676
PRKAA1,8,ETV3;S139;,-1.1061106597718064
PRKAA1,8,FAM120C;S55;,-1.152488737158236
PRKAA1,8,FAM134C;S313;,0.8045869383211819
PRKAA1,8,FAM134C;S320;,0.20170580007902444
PRKAA1,8,FAM171A2;S423;,-1.06667696679291
PRKAA1,8,FAM65A;S752;,-1.0004434985635497
PRKAA1,8,FBXO30;S379;,-1.1128915961308703
PRKAA1,8,FHOD1;S489;,-1.1294041996557498
PRKAA1,8,FHOD1;S501;,-1.01114603642308
PRKAA1,8,FHOD1;S504;,-1.0674164709863518
PRKAA1,8,FHOD1;S513;,-1.0568421380631072
PRKAA1,8,FHOD1;S523;,-1.0518939165097028
PRKAA1,8,FLNC;S2147;,-1.1483370735836096
PRKAA1,8,FLNC;S2234;,-1.0959439511267441
PRKAA1,8,FMN1;S589;,-1.112698298520954
PRKAA1,8,FOSL2;S320;,-1.0410691456014565
PRKAA1,8,FOSL2;T322;,-1.0519885480278541
PRKAA1,8,FOXK1;S225;,-1.0563536664637265
PRKAA1,8,FOXK2;T200;,-1.0479984011118064
PRKAA1,8,FOXO3;S252;,-1.0458088609357483
PRKAA1,8,FRMD8;S21;,-1.1370333438919886
PRKAA1,8,FRYL;T1959;,-1.0731800194068186
PRKAA1,8,GAB1;S418;,-1.090182697976405
PRKAA1,8,GAB2;S142;,-1.1194665900464573
PRKAA1,8,GAB2;S143;,-1.0110515992747158
PRKAA1,8,GAB2;S211;,-1.0889201612057644
PRKAA1,8,GAB2;S365;,-1.1544810733372417
PRKAA1,8,GAB2;T388;,-1.1028623059779856
PRKAA1,8,GATAD2A;S103;,1.1426309009896085
PRKAA1,8,GATAD2A;S96;,1.121234433985461
PRKAA1,8,GATAD2B;S338;,-1.0657771996393925
PRKAA1,8,GBF1;S1786;,-0.8848103046900957
PRKAA1,8,GIGYF1;S28;,-1.027620092875455
PRKAA1,8,GIT2;S568;,-1.1470967706817587
PRKAA1,8,GOLGA4;S116;,1.1406377533046874
PRKAA1,8,GSK3A;S21;,-1.0188901798924066
PRKAA1,8,GSK3A;S41;,-1.181805845909356
PRKAA1,8,GSK3B;S9;,-0.9977866533343325
PRKAA1,8,GYS1;S728;,-0.9966312252881586
PRKAA1,8,HBP1;S401;,-1.0744598645742607
PRKAA1,8,HBS1L;S147;,-1.1744515304997822
PRKAA1,8,HDAC6;S21;,-1.1084193732856265
PRKAA1,8,HECTD1;S1392;,-1.0314344722568671
PRKAA1,8,HECTD1;S1393;,-1.0984491270743246
PRKAA1,8,HECTD1;S1573;,0.8926270371530756
PRKAA1,8,HELB;S944;,-1.0259028228473408
PRKAA1,8,HERC1;S1163;,-1.077547964237269
PRKAA1,8,HERC1;T1154;,-1.1307036118860871
PRKAA1,8,HIRIP3;S27;,-1.1504179071490332
PRKAA1,8,HN1L;S97;,-1.1158352062705077
PRKAA1,8,HOMER3;S158;,-0.8909603993228838
PRKAA1,8,HUWE1;S1876;,-1.1626030033367158
PRKAA1,8,HUWE1;S3639;,-1.1948049222803658
PRKAA1,8,HUWE1;S3898;,-1.0446593092013663
PRKAA1,8,HUWE1;T3903;,-1.0254531296240654
PRKAA1,8,IREB2;S178;,-1.2038012831561093
PRKAA1,8,IRF2BPL;S69;,-1.1136200113464034
PRKAA1,8,ITSN1;S1063;,-0.5337603750521559
PRKAA1,8,ITSN1;S315;,-1.0687475703137774
PRKAA1,8,JMY;S56;,-1.0477753493075626
PRKAA1,8,JSRP1;S47;,-1.10366315505856
PRKAA1,8,KANK2;S358;,-1.0996915926192405
PRKAA1,8,KCTD3;S809;,1.1532601512202856
PRKAA1,8,KDM2A;S718;,-1.0171537662885206
PRKAA1,8,KDM2A;T713;,-1.043311372340516
PRKAA1,8,KDM5C;S316;,-1.0241994722739745
PRKAA1,8,KPNA1;S2;,-0.9618474876107428
PRKAA1,8,KPNA1;T3;,-0.8193768862747597
PRKAA1,8,LAMTOR1;S98;,-1.0524465966101804
PRKAA1,8,LARP1;S916;,-1.0261853349796277
PRKAA1,8,LARP1;T932;,-1.015842781301504
PRKAA1,8,LARP4B;S498;,-1.0582361181695947
PRKAA1,8,LDB3;S112;,-1.1507682136956545
PRKAA1,8,LIMA1;S360;,-1.087301828208071
PRKAA1,8,LIMA1;S603;,-1.0549124424185656
PRKAA1,8,LIMA1;S608;,-1.0925435026785022
PRKAA1,8,LIMA1;S703;,-1.0721789202846177
PRKAA1,8,LMNA;S404;,-1.05600187853372
PRKAA1,8,LMNA;S406;,-1.1369184538077208
PRKAA1,8,LMNA;S407;,-1.1832745675063394
PRKAA1,8,LMNA;S423;,-1.1140842123523518
PRKAA1,8,LMNA;S424;,-1.1542706028086176
PRKAA1,8,LMO7;S1541;,-1.0194672626254548
PRKAA1,8,LMO7;S1543;,-1.0798936043236396
PRKAA1,8,LOC100360205;S239;,-1.1065247407291543
PRKAA1,8,LOC100365259;S393;,-0.6106317125439418
PRKAA1,8,LOC100910104;S475;,-1.0863684576869985
PRKAA1,8,LOC100910104;S532;,1.104091814370673
PRKAA1,8,LOC100910104;S719;,-1.095121239436627
PRKAA1,8,LOC100910646;S166;,-1.1571665946647518
PRKAA1,8,LOC100911178;S1643;,-1.1045935803534217
PRKAA1,8,LOC100911302;S1721;,-1.0618027753817432
PRKAA1,8,LOC100911677;S490;,1.1747558563913434
PRKAA1,8,LOC100912115;S649;,-1.0518864865643736
PRKAA1,8,LOC312502;S1164;,-1.1274973022522936
PRKAA1,8,LOC312502;S138;,1.2093603393907
PRKAA1,8,LOC312502;S139;,1.191337561183003
PRKAA1,8,LOC312502;S483;,-1.042236162526125
PRKAA1,8,LOC683007;S1204;,-1.1246058197901392
PRKAA1,8,LOC683007;S1207;,-1.1682883140543845
PRKAA1,8,LOC684259;S780;,1.0831908708159466
PRKAA1,8,LOC685707;S1251;,-1.0630092454314861
PRKAA1,8,LRRFIP2;S18;,-1.154954885146044
PRKAA1,8,LRRFIP2;T136;,-1.1835552632650919
PRKAA1,8,LYSMD1;S33;,1.0790217286771884
PRKAA1,8,MACF1;S1376;,-1.053055792764126
PRKAA1,8,MACF1;S5293;,-1.0647156442453003
PRKAA1,8,MAF1;S60;,-1.1095021316264215
PRKAA1,8,MAP1A;S1757;,-0.8431921224313175
PRKAA1,8,MAP1A;T2177;,-1.043538878519814
PRKAA1,8,MAP1A;T504;,-1.1146484930269411
PRKAA1,8,MAP1B;S1257;,-1.0254905245904815
PRKAA1,8,MAP1B;S1389;,-1.0371614379878022
PRKAA1,8,MAP1B;S1393;,-1.0538532106013139
PRKAA1,8,MAP1B;T1781;,-0.08088926686742132
PRKAA1,8,MAP1S;S683;,-1.0082700086504965
PRKAA1,8,MAP4;S902;,1.1081168842247555
PRKAA1,8,MAP4K4;S591;,-1.1666679967686127
PRKAA1,8,MAP4K4;S791;,1.2538577715340307
PRKAA1,8,MAP4K4;S794;,1.2064590880934716
PRKAA1,8,MAPK1;Y185;,-0.6086560497782064
PRKAA1,8,MAPK14;Y182;,-0.5482422238805179
PRKAA1,8,MAPK8;Y185;,0.1154343557267945
PRKAA1,8,MARCKS;S141;,-0.9123461915447388
PRKAA1,8,MARK3;S593;,-1.186848422555005
PRKAA1,8,MARK3;T594;,-0.9571332309454355
PRKAA1,8,MATR3;S188;,-0.9212071451959398
PRKAA1,8,MBD3;S85;,-1.0786472622723033
PRKAA1,8,MBD3;S86;,-1.2147756588296272
PRKAA1,8,MDM2;S138;,-1.0473341749137257
PRKAA1,8,MED1;S1465;,-1.1781472646401392
PRKAA1,8,MED1;S1467;,-1.1786798127641933
PRKAA1,8,MED1;S1468;,-1.1523614200475647
PRKAA1,8,MED24;S860;,-1.042471666508736
PRKAA1,8,MED24;S861;,-1.1261097551169763
PRKAA1,8,MEF2C;S226;,-1.0319396939118777
PRKAA1,8,MID1;S96;,-1.08848345049114
PRKAA1,8,MKL1;S571;,-1.0341104836099013
PRKAA1,8,MLL2;S2291;,-1.1328611150849761
PRKAA1,8,MLLT4;S216;,-1.190919577247777
PRKAA1,8,MLLT4;S246;,-1.0710692152971955
PRKAA1,8,MON2;S197;,-1.108375333856669
PRKAA1,8,MPHOSPH10;S168;,1.1642642604610134
PRKAA1,8,MPRIP;S369;,-1.066129498554851
PRKAA1,8,MTFR1L;S100;,1.1326368654817223
PRKAA1,8,MTFR1L;S234;,1.178176473886244
PRKAA1,8,MTFR1L;S235;,1.2311618130052775
PRKAA1,8,MTSS1L;S575;,-1.0833518665469217
PRKAA1,8,MURC;S20;,-1.047142862681902
PRKAA1,8,MUSK;S689;,-1.1284372609042537
PRKAA1,8,MUSK;S690;,-1.0475567367595813
PRKAA1,8,MYBBP1A;S1283;,-1.0730454253211847
PRKAA1,8,MYCBP2;S2750;,-1.091520196160399
PRKAA1,8,MYOZ2;T32;,-1.0019270333290926
PRKAA1,8,NACA;S1125;,-1.033249816467074
PRKAA1,8,NACA;S1345;,-1.0849392682571688
PRKAA1,8,NACA;S1454;,-1.0132820814886134
PRKAA1,8,NACA;S1720;,-1.021158179654945
PRKAA1,8,NACA;S914;,-0.9907411072415411
PRKAA1,8,NACA;S942;,-1.031191506245359
PRKAA1,8,NCAPH;S24;,-1.1420604942202592
PRKAA1,8,NCOR1;S363;,-1.1240025392736597
PRKAA1,8,NCOR2;S1747;,-1.097935640369422
PRKAA1,8,NDRG1;S330;,-1.0496910872913026
PRKAA1,8,NDRG1;T328;,-1.0951696517130418
PRKAA1,8,NDRG2;T334;,-1.1150181845988978
PRKAA1,8,NEK9;S16;,0.8194451195039891
PRKAA1,8,NEK9;S736;,-1.0300366055763304
PRKAA1,8,NELFE;S131;,-1.1103057344315523
PRKAA1,8,NES;S1071;,1.1258864595651583
PRKAA1,8,NES;S1123;,-1.1929452523559485
PRKAA1,8,NES;S1131;,1.154225093251908
PRKAA1,8,NES;S620;,-1.1724324486896969
PRKAA1,8,NES;S784;,0.9900780229169373
PRKAA1,8,NEXN;S280;,-0.9825632622760685
PRKAA1,8,NFIX;S265;,-1.1160642379681531
PRKAA1,8,NHSL1;T1376;,-1.0032559493394528
PRKAA1,8,NUMA1;S1935;,-1.0639735350705155
PRKAA1,8,NUMA1;S1958;,-1.100662278794931
PRKAA1,8,NUP35;S73;,-1.067524726948427
PRKAA1,8,OPTN;S188;,1.1702460917870972
PRKAA1,8,PACS2;S319;,-1.108148896584183
PRKAA1,8,PAK1;S144;,-1.1182623057856713
PRKAA1,8,PAK1;S203;,-1.09871510189101
PRKAA1,8,PAK2;S197;,-0.8017011567873689
PRKAA1,8,PARD3;S715;,-1.0525619413682195
PRKAA1,8,PARVA;S14;,-0.8820222579575865
PRKAA1,8,PATL1;S184;,-1.0854590481843982
PRKAA1,8,PBXIP1;S132;,-1.1258257796575442
PRKAA1,8,PBXIP1;S133;,-1.0924732266577024
PRKAA1,8,PCM1;S1280;,-1.1017037287598304
PRKAA1,8,PCM1;S380;,-1.1777649240953385
PRKAA1,8,PCM1;S384;,-1.112186245546895
PRKAA1,8,PDAP1;S176;,-1.0804995483060484
PRKAA1,8,PDAP1;S178;,-1.1440548194757973
PRKAA1,8,PDCD4;S420;,-1.0957310683576305
PRKAA1,8,PDCD4;S76;,-1.1139630328271455
PRKAA1,8,PDLIM7;S209;,-1.2128541503098755
PRKAA1,8,PDLIM7;T214;,-1.1809177699092996
PRKAA1,8,PDLIM7;T215;,-0.999670816973355
PRKAA1,8,PDS5B;S1176;,-1.087901911792752
PRKAA1,8,PDXDC1;T554;,-1.0403515216864343
PRKAA1,8,PELO;S55;,-1.1903889222440096
PRKAA1,8,PEX1;S1209;,-1.1383154477590158
PRKAA1,8,PFKFB2;S469;,-0.9792955548742477
PRKAA1,8,PHF1;S410;,-1.0912726699295037
PRKAA1,8,PHF1;S415;,-1.0734189613530134
PRKAA1,8,PHF2;S782;,-1.066995534458176
PRKAA1,8,PHIP;S1251;,-1.093568164219485
PRKAA1,8,PHLDB1;S431;,-1.1284826615515857
PRKAA1,8,PHLDB1;S534;,-1.0512085956651713
PRKAA1,8,PHLDB2;S241;,-1.0698927660936157
PRKAA1,8,PI4K2A;S43;,-1.1815302380950519
PRKAA1,8,PI4K2A;S46;,-1.0871308460298603
PRKAA1,8,PI4K2A;S461;,-1.0982912799378948
PRKAA1,8,PI4K2A;S50;,-1.0330741245930877
PRKAA1,8,PID1;S230;,-1.122112007013404
PRKAA1,8,PID1;S231;,-1.150167948817943
PRKAA1,8,PID1;S232;,-1.044273737021294
PRKAA1,8,PID1;S242;,-1.2158354766015878
PRKAA1,8,PIEZO1;S1370;,-1.0422102616443885
PRKAA1,8,PIK3C2A;S261;,-1.1443669249567836
PRKAA1,8,PLEC;S4246;,-1.0000329353046467
PRKAA1,8,PLEC;S4249;,-1.0871448218500062
PRKAA1,8,PNISR;S290;,-1.1890320616423273
PRKAA1,8,POM121;S370;,-1.1069031233402706
PRKAA1,8,PPAN;S233;,1.106240365035881
PRKAA1,8,PPAN;S238;,1.046775032731275
PRKAA1,8,PPAN;S240;,1.181807677934922
PRKAA1,8,PPP1R12C;S508;,-1.0862791580318387
PRKAA1,8,PPP1R13L;S110;,-1.059135971344208
PRKAA1,8,PPP1R13L;S154;,-1.1244788697026618
PRKAA1,8,PPP1R13L;S360;,-1.0413343368858072
PRKAA1,8,PPP6R2;S629;,-1.0340294031416386
PRKAA1,8,PPP6R2;S719;,-1.0827614539284853
PRKAA1,8,PRKAA1;S496;,-1.090287271176943
PRKAA1,8,PRKAB1;S108;,1.2221449580095396
PRKAA1,8,PRRC2A;S765;,-1.2084252772524664
PRKAA1,8,PRRC2B;S259;,-1.0196531320513464
PRKAA1,8,PSMA5;T55;,0.13082561349079003
PRKAA1,8,PSMC3;S12;,-1.1332884182507585
PRKAA1,8,PSMC3;S9;,-1.1113178392879257
PRKAA1,8,PTPN12;T544;,0.46327715317492774
PRKAA1,8,PTPN21;S599;,-1.068325173753191
PRKAA1,8,PTPN21;S762;,-0.9775385371230796
PRKAA1,8,PTRF;S169;,-1.2043872701376674
PRKAA1,8,PTRF;S171;,-1.1686565828563071
PRKAA1,8,PUM2;S82;,-1.0816056194530022
PRKAA1,8,PXN;S106;,-1.089628494822308
PRKAA1,8,PXN;S137;,-1.1555984581144616
PRKAA1,8,PXN;S83;,-1.070222812618914
PRKAA1,8,RABGEF1;T142;,-0.7977624959206548
PRKAA1,8,RAF1;S295;,-1.1403117423115197
PRKAA1,8,RAF1;S296;,-1.0246755351334318
PRKAA1,8,RAI14;T249;,-1.0656272444385837
PRKAA1,8,RANBP10;S481;,0.466033942304695
PRKAA1,8,RANBP3;S58;,-1.0767374706083368
PRKAA1,8,RAPGEF1;S306;,-1.0626257280013838
PRKAA1,8,RAPGEF1;S308;,-1.0594997034419797
PRKAA1,8,RAVER1;S576;,-1.0604194201468526
PRKAA1,8,RB1CC1;S243;,-1.1355186937463198
PRKAA1,8,RBM3;S145;,-1.0692928234205272
PRKAA1,8,RBM7;S72;,-0.9775440557668365
PRKAA1,8,RFX7;S1177;,-1.095123457614996
PRKAA1,8,RGD1307838;S900;,-1.0159256919783919
PRKAA1,8,RGD1307838;S903;,-1.1593277441344598
PRKAA1,8,RGD1308297;S518;,-1.106849262799024
PRKAA1,8,RGD1309586;S243;,-1.1297376471036977
PRKAA1,8,RGD1309586;S59;,-0.6313612078008977
PRKAA1,8,RGD1310016;S1171;,1.0001173593611186
PRKAA1,8,RGD1311783;S45;,1.249741545003203
PRKAA1,8,RGD1311783;S46;,1.1755638967206112
PRKAA1,8,RGD1560225;S763;,-0.9023844993163685
PRKAA1,8,RGD1561609;S759;,-1.0469482432738038
PRKAA1,8,RGD1562639;S1035;,-1.1101567429452373
PRKAA1,8,RGD1566017;S802;,-1.1403652547071943
PRKAA1,8,RIN2;S494;,-1.0966054733736652
PRKAA1,8,RIPK2;S412;,1.070033545290943
PRKAA1,8,RNF40;S586;,-1.1286242539112423
PRKAA1,8,RPS6KA3;S715;,-1.1064992441280284
PRKAA1,8,RPS6KA4;S681;,-1.025897541209306
PRKAA1,8,RPS6KA4;S682;,-1.1112971280024864
PRKAA1,8,RPS6KB1;S404;,-1.141225675983486
PRKAA1,8,RPTOR;S863;,-1.1040080492372406
PRKAA1,8,RRP1B;S524;,-1.129846573041697
PRKAA1,8,RRP1B;T521;,-1.0717026708572763
PRKAA1,8,RTF1;S416;,-1.1532243412474605
PRKAA1,8,RUFY1;S50;,-1.044335787608308
PRKAA1,8,RUNX1T1;T568;,-0.9537044498778859
PRKAA1,8,SAMD4B;S271;,-1.017263760870506
PRKAA1,8,SAP30L;T91;,-1.0213510816286622
PRKAA1,8,SBF1;S1141;,0.4001163244156199
PRKAA1,8,SCRIB;S1315;,-1.1175291060542305
PRKAA1,8,SCRIB;S1529;,-1.1804366435983593
PRKAA1,8,SENP7;S47;,-1.0680627517566161
PRKAA1,8,SETD2;S511;,-1.1119036396139395
PRKAA1,8,SF3B1;T326;,0.4207388576839643
PRKAA1,8,SFPQ;T586;,-1.0309352881085967
PRKAA1,8,SGTA;S306;,-1.0973757772909942
PRKAA1,8,SGTA;S308;,-1.1954950979941061
PRKAA1,8,SH3BP5;S420;,-1.0076847881554383
PRKAA1,8,SH3D19;S274;,-1.0403545503773406
PRKAA1,8,SH3PXD2A;S368;,1.1815618396038519
PRKAA1,8,SH3PXD2A;S495;,-1.1361216577795603
PRKAA1,8,SH3PXD2A;S956;,-0.8799532772257461
PRKAA1,8,SHC3;S359;,-1.0832666624065266
PRKAA1,8,SIK2;S673;,-1.004324500916752
PRKAA1,8,SIPA1L1;S1408;,1.0173067132515696
PRKAA1,8,SIPA1L1;S1411;,1.1531000181393165
PRKAA1,8,SIPA1L1;S288;,-1.0578344575776286
PRKAA1,8,SLC2A13;S38;,1.1876811845863298
PRKAA1,8,SLC2A13;S44;,1.2240647402776996
PRKAA1,8,SLC2A13;S47;,1.1459759599277572
PRKAA1,8,SLC4A7;S1171;,1.0502586577920445
PRKAA1,8,SLC4A7;S263;,1.2188446382331664
PRKAA1,8,SLK;S778;,1.1306481046702492
PRKAA1,8,SMCR7L;S59;,-1.0273783101379361
PRKAA1,8,SMCR8;S416;,-1.1080121968919094
PRKAA1,8,SMCR8;S486;,1.244504056876986
PRKAA1,8,SMCR8;S488;,1.149611204126586
PRKAA1,8,SMCR8;S491;,1.202438380011471
PRKAA1,8,SMCR8;S497;,0.9893333055939049
PRKAA1,8,SMG6;S537;,-1.131276193132258
PRKAA1,8,SNW1;S224;,1.0003900704667135
PRKAA1,8,SNX8;S454;,-1.0820143180805748
PRKAA1,8,SON;S94;,-1.1158399149621645
PRKAA1,8,SORBS1;S857;,-1.1338446791556671
PRKAA1,8,SOS1;S1120;,-1.0588938664382583
PRKAA1,8,SOX6;S399;,-1.0935326392414038
PRKAA1,8,SOX6;S402;,-1.0758296524010198
PRKAA1,8,SOX6;T401;,-1.144599568600273
PRKAA1,8,SPAG7;S219;,-1.054094429056299
PRKAA1,8,SPAG9;S203;,-1.0582422984472875
PRKAA1,8,SPAG9;S716;,-0.94403618264741
PRKAA1,8,SPHK2;S379;,1.0709523498089275
PRKAA1,8,SRPK2;S487;,-1.0524386823377905
PRKAA1,8,SRRM2;S2228;,-1.0621127863844892
PRKAA1,8,SRRM2;S2338;,-1.08379474761664
PRKAA1,8,SRSF10;S131;,1.0003198804841564
PRKAA1,8,SRSF11;S200;,-1.126651722974992
PRKAA1,8,STARD13;S334;,-1.1117274809236912
PRKAA1,8,STAT3;S727;,-0.9108455424706801
PRKAA1,8,STIM1;S257;,0.999967061826712
PRKAA1,8,STIM1;S523;,1.0189995640820793
PRKAA1,8,STIM1;S524;,1.1229543318841517
PRKAA1,8,STIM2;S675;,1.1308994572198052
PRKAA1,8,STK11IP;S443;,-1.1330694693009327
PRKAA1,8,STK3;S385;,-1.2080544575994567
PRKAA1,8,STMN1;S16;,-1.082058948609232
PRKAA1,8,STMN1;S25;,-1.0326657959632415
PRKAA1,8,STMN1;S38;,-0.9604656879692768
PRKAA1,8,STRN3;S227;,-1.2049172594238025
PRKAA1,8,SUN2;S12;,-1.169385674356447
PRKAA1,8,SVIL;S1177;,-1.1171035540003404
PRKAA1,8,SVIL;S259;,-1.0759668253906451
PRKAA1,8,SVIL;S531;,-1.0926433784654934
PRKAA1,8,SYNPO2L;S401;,-1.049289140043178
PRKAA1,8,SYNPO2L;T141;,0.5630436436228792
PRKAA1,8,SZT2;S1641;,-1.0942850777434718
PRKAA1,8,TACC2;S575;,-0.9138963047376296
PRKAA1,8,TANC2;S1447;,-1.00293097023145
PRKAA1,8,TBC1D1;S231;,1.2302567665050266
PRKAA1,8,TBC1D1;S662;,1.2778718709799064
PRKAA1,8,TBC1D1;T590;,-0.9868356503901434
PRKAA1,8,TBC1D16;S382;,-1.1850462949080611
PRKAA1,8,TCF12;S583;,-1.0281457771092763
PRKAA1,8,TDRD3;S256;,-1.0829660995995452
PRKAA1,8,TENC1;T996;,-1.1554187756335417
PRKAA1,8,TFE3;S531;,-0.9711386124616384
PRKAA1,8,TJP1;S1602;,-1.1388725591576663
PRKAA1,8,TJP1;S1604;,-1.200011993436454
PRKAA1,8,TJP2;S147;,-1.2075024037815292
PRKAA1,8,TMEM245;S327;,-0.8894837053551359
PRKAA1,8,TMEM55A;S14;,1.098075347186624
PRKAA1,8,TNKS1BP1;S1642;,-1.0812956265407794
PRKAA1,8,TNRC6B;S306;,-1.105660749080676
PRKAA1,8,TNRC6B;S421;,-1.176710867305276
PRKAA1,8,TRAK1;S390;,-1.130818324451648
PRKAA1,8,TRAK1;S905;,1.1653747798814638
PRKAA1,8,TRAPPC12;S314;,-1.128123708298401
PRKAA1,8,TRIM28;S474;,-0.9753986460818065
PRKAA1,8,TRIO;S2459;,-1.1303859356532546
PRKAA1,8,TRIO;S2463;,-1.0795748253036161
PRKAA1,8,TRIP12;T1454;,-1.2037532233579202
PRKAA1,8,TSC2;S939;,-1.032787956494672
PRKAA1,8,TSSC4;S190;,-1.1126015496324513
PRKAA1,8,TTN;S305;,1.1040099134600354
PRKAA1,8,UBA1;S13;,-1.0577067284831716
PRKAA1,8,UBA5;S380;,-1.1048912408633254
PRKAA1,8,UBE2O;S835;,-1.0557135425170476
PRKAA1,8,UBE2O;T830;,0.14241041869630355
PRKAA1,8,UBE4B;S88;,-1.027901002716663
PRKAA1,8,ULK1;S450;,-1.1774771003606277
PRKAA1,8,ULK1;S465;,1.1950518637297494
PRKAA1,8,ULK1;S477;,-1.0494184524780312
PRKAA1,8,ULK1;S479;,-1.1084669940181904
PRKAA1,8,ULK1;S637;,1.2340586354949536
PRKAA1,8,ULK1;T468;,0.5368788110108711
PRKAA1,8,ULK1;T659;,0.8761579313131789
PRKAA1,8,USP10;S224;,-1.0794984868034885
PRKAA1,8,VAPA;S164;,1.1366351290278964
PRKAA1,8,VIM;S420;,1.0665724689062137
PRKAA1,8,VIM;S430;,0.9213893144429641
PRKAA1,8,VIM;T426;,1.0317929760590523
PRKAA1,8,VPS26B;S304;,1.1149597638407809
PRKAA1,8,WIPF2;S235;,-1.0081764070857084
PRKAA1,8,WNK1;S165;,-0.9634508012032561
PRKAA1,8,WWC3;S955;,-1.169211453163345
PRKAA1,8,YAP1;S46;,1.10356232720258
PRKAA1,8,ZC3H13;S368;,1.1448391663827278
PRKAA1,8,ZC3HAV1;S307;,-1.1089731600739323
PRKAA1,8,ZC3HAV1;S325;,-1.1771286186898664
PRKAA1,8,ZC3HAV1;S544;,-1.1723937066512982
PRKAA1,8,ZC3HC1;S343;,-1.0516713173260337
PRKAA1,8,ZC3HC1;T351;,-0.9186541148100211
PRKAA1,8,ZFP295;S411;,-1.0612385042941967
PRKAA1,8,ZFYVE16;S903;,-1.061674058393144
PRKAA1,8,ZNRF2;S148;,-1.164496718544946
PRKAA1,8,ZNRF2;S154;,-1.1326395936306612
PRKAA1,8,ZNRF2;S18;,-1.1114790950686149
PRKAA1,8,ZNRF2;S81;,-1.0118609604858448
PRKAA1,8,ZYX;S143;,-1.176643699200302
PRKAA1,8,ZYX;S144;,-1.210395993034864
PRKAA1,8,ZYX;S336;,-1.1415267189457203
PRKAA1,8,ZZEF1;S1516;,-1.0550333671125367
PRKAA1,8,ZZEF1;S1535;,-1.0274907452647999
PRKAA1,9,AAK1;S677;,-1.018354352748512
PRKAA1,9,ABCC4;S604;,-1.0865311406559568
PRKAA1,9,ABI2;S165;,-0.983323777919783
PRKAA1,9,ABI2;S168;,-1.16929587512394
PRKAA1,9,ABL2;S799;,-1.0214602931423225
PRKAA1,9,ABLIM3;S566;,-1.196221354694535
PRKAA1,9,ABLIM3;S575;,0.1349397344027854
PRKAA1,9,ACACA;S79;,1.039619395029559
PRKAA1,9,ACIN1;S711;,-1.0566728951215472
PRKAA1,9,ADD1;S613;,-1.2139499066306163
PRKAA1,9,ADD1;T614;,-0.949203395464221
PRKAA1,9,ADNP;S971;,-1.1286597928238893
PRKAA1,9,AFF4;S823;,-0.8432449336948145
PRKAA1,9,AGAP3;S107;,-1.078220153406607
PRKAA1,9,AHCTF1;S1214;,0.924547861648291
PRKAA1,9,AHNAK;S1191;,0.8328463843612623
PRKAA1,9,AHNAK;S177;,-1.1405051450646133
PRKAA1,9,AHNAK;S2060;,-1.221558719122941
PRKAA1,9,AHNAK;S211;,-1.0544773188357104
PRKAA1,9,AHNAK;S2117;,0.8289891514111819
PRKAA1,9,AHNAK;S222;,1.0587813454169905
PRKAA1,9,AHNAK;S3915;,-1.2096667462336137
PRKAA1,9,AHNAK;S42;,-1.24232672578092
PRKAA1,9,AHNAK;S4597;,-1.1451475380051226
PRKAA1,9,AHNAK;S5243;,-1.1040606035963718
PRKAA1,9,AHNAK;T4049;,-0.6774894854236142
PRKAA1,9,AHNAK2;S425;,-1.1825671171277516
PRKAA1,9,AHNAK2;T438;,-0.9913633688874824
PRKAA1,9,AIMP1;S110;,-1.068826880243704
PRKAA1,9,AJUBA;S129;,-1.0340843466493008
PRKAA1,9,AKAP1;S103;,1.1144001742713914
PRKAA1,9,AKAP10;S278;,-1.1898478106993684
PRKAA1,9,AKAP11;S1090;,0.2879484101030192
PRKAA1,9,AKAP11;S21;,-1.162281228123533
PRKAA1,9,AKAP11;S23;,-1.183417854635528
PRKAA1,9,AKAP11;S448;,-1.1300214010842553
PRKAA1,9,AKAP13;S2515;,-0.9671764565074895
PRKAA1,9,AKAP2;S152;,-0.9842855225078835
PRKAA1,9,AKAP2;S730;,-1.066529772913056
PRKAA1,9,AKAP6;S562;,1.1101724929206633
PRKAA1,9,AKAP9;S3669;,-1.1242597118508997
PRKAA1,9,AKT1S1;S184;,-1.1993807313510922
PRKAA1,9,AKT1S1;T247;,-1.0468733413431563
PRKAA1,9,ALKBH5;S362;,-0.910177702713249
PRKAA1,9,ALKBH5;S376;,-1.1678896618997319
PRKAA1,9,AMOTL1;S580;,0.9664058812284411
PRKAA1,9,ANP32A;S15;,-1.0916341787477117
PRKAA1,9,AP3D1;S755;,-0.9619722349898464
PRKAA1,9,ARFGAP2;S145;,-1.164860057080986
PRKAA1,9,ARFGEF2;S214;,-1.0130909982276344
PRKAA1,9,ARFIP1;S39;,1.1125289730565597
PRKAA1,9,ARHGAP17;S710;,-1.0175248519531308
PRKAA1,9,ARHGAP22;S200;,-1.0976867235034904
PRKAA1,9,ARHGAP22;S236;,-1.0669896298450403
PRKAA1,9,ARHGAP35;S1174;,-1.1414457016732271
PRKAA1,9,ARHGAP39;S284;,-1.1583287707178052
PRKAA1,9,ARHGAP5;S1195;,-1.1412110075963877
PRKAA1,9,ARHGAP5;S1202;,-1.0727041905052286
PRKAA1,9,ARHGAP5;S967;,-1.1680468597639457
PRKAA1,9,ARHGEF12;S337;,-1.1096477696443767
PRKAA1,9,ARHGEF12;S341;,-1.1763271718715584
PRKAA1,9,ARHGEF17;S995;,0.9476825498144457
PRKAA1,9,ARHGEF5;S721;,-1.2176719934174804
PRKAA1,9,ARPP21;S256;,0.4996266838143571
PRKAA1,9,ATF7;T53;,0.381293749152086
PRKAA1,9,ATG14;S5;,-1.1629235431365545
PRKAA1,9,ATG2A;S1246;,-1.157028015001693
PRKAA1,9,ATG2B;S240;,-1.113255649669952
PRKAA1,9,ATG2B;S255;,-1.1192061052018
PRKAA1,9,ATRX;S761;,-0.9875709298458317
PRKAA1,9,ATXN2;S622;,-1.1573953517437758
PRKAA1,9,ATXN2L;S109;,-1.1034055536547025
PRKAA1,9,ATXN2L;S447;,-1.0545676367459473
PRKAA1,9,AZI1;S114;,-0.8724660128262663
PRKAA1,9,AZI1;S304;,-1.07063038492683
PRKAA1,9,BAD;S171;,1.000127570967558
PRKAA1,9,BAG3;S271;,-1.049766946177095
PRKAA1,9,BAG3;S387;,-1.1505864499921863
PRKAA1,9,BAG3;S388;,-1.0955074754399605
PRKAA1,9,BAIAP2L1;S218;,-1.1090739472399347
PRKAA1,9,BAIAP2L1;S380;,0.9111527048811667
PRKAA1,9,BAZ2A;S1388;,-1.1024478575302743
PRKAA1,9,BBX;S243;,-1.0429208312529668
PRKAA1,9,BCL9L;S116;,-1.0516693577749212
PRKAA1,9,BCL9L;S21;,0.8277083090960944
PRKAA1,9,BCL9L;S25;,-1.0000812189325041
PRKAA1,9,BICD2;S611;,-0.9881149947275383
PRKAA1,9,BICD2;S819;,-0.9743072589605098
PRKAA1,9,BRAF;S134;,-1.146221069733327
PRKAA1,9,BRD8;S274;,-1.0124234218115213
PRKAA1,9,BRD8;T270;,-1.094568089183701
PRKAA1,9,BSDC1;S216;,-1.0859383717702393
PRKAA1,9,C2CD4C;S262;,-1.0191066685482302
PRKAA1,9,CACNB1;S53;,-1.1178038367220806
PRKAA1,9,CALD1;S527;,-1.1675096501219355
PRKAA1,9,CAMK2D;T371;,0.49758244610332986
PRKAA1,9,CAMSAP1;S1154;,-1.1289884107845807
PRKAA1,9,CAMSAP1;S517;,-1.160094851418925
PRKAA1,9,CAP2;S301;,-1.164816519647556
PRKAA1,9,CBX5;S93;,-0.9482397984115534
PRKAA1,9,CCDC6;S143;,-1.167878871599473
PRKAA1,9,CCDC88A;S1638;,-1.0475114266107024
PRKAA1,9,CCDC91;S71;,-1.1904838688943964
PRKAA1,9,CDC42EP2;S137;,-1.012646214045424
PRKAA1,9,CDC42EP2;S141;,-1.0669385588553861
PRKAA1,9,CDC42EP4;S140;,-1.0747219828861385
PRKAA1,9,CDKN1A;S69;,-1.1927891939280335
PRKAA1,9,CDKN1B;S12;,-1.13704306839258
PRKAA1,9,CDKN1B;S7;,-1.1963325180589708
PRKAA1,9,CEP170B;S1166;,-0.9689690280435918
PRKAA1,9,CEP68;S503;,-0.3288924506297685
PRKAA1,9,CEP68;S510;,-1.0100783896798062
PRKAA1,9,CHAMP1;S532;,-0.9706006452990504
PRKAA1,9,CHD8;S549;,1.0862210672654897
PRKAA1,9,CHRND;S379;,0.9773836919710919
PRKAA1,9,CIC;S1394;,-1.0149629068487036
PRKAA1,9,CIC;S1399;,-1.2010148253737511
PRKAA1,9,CLASP2;S331;,1.0805695939074695
PRKAA1,9,CLIP1;S159;,-1.1428272902494427
PRKAA1,9,COBL;S31;,1.0861395531925562
PRKAA1,9,COBL;S34;,1.1300168783534799
PRKAA1,9,COG3;S536;,0.9333746007634807
PRKAA1,9,CORO7;S298;,1.173394649175409
PRKAA1,9,DAB2IP;S802;,-1.1541525233539958
PRKAA1,9,DAP;S2;,-1.170482314144554
PRKAA1,9,DAP;S3;,-1.1605190632550393
PRKAA1,9,DBNDD1;S123;,-1.0932349915236983
PRKAA1,9,DCAF6;S336;,-1.2476740084905589
PRKAA1,9,DCLK1;S30;,0.6767194880239593
PRKAA1,9,DDX19A;S86;,-1.072749413612798
PRKAA1,9,DDX3X;S261;,-0.8608753085781538
PRKAA1,9,DENND4C;S1037;,1.0832443097176023
PRKAA1,9,DLG2;S323;,-1.0622785097359573
PRKAA1,9,DLG2;S328;,-1.1096112671581801
PRKAA1,9,DMXL1;S574;,0.9997552143270518
PRKAA1,9,DNAJC2;T48;,-0.749751518544265
PRKAA1,9,DNAJC25;T353;,-0.5616913143690435
PRKAA1,9,DOCK6;S1339;,-0.5861536094008087
PRKAA1,9,DOCK7;S1361;,-0.8068079624482586
PRKAA1,9,DOCK7;S2107;,-1.1449437739942685
PRKAA1,9,DOPEY1;S1261;,-0.8946665507596433
PRKAA1,9,DTNA;S606;,-1.1815716828152796
PRKAA1,9,DUSP27;S366;,-1.0227454304490686
PRKAA1,9,DUSP27;S368;,-1.1584537318473358
PRKAA1,9,DUSP27;S370;,-1.1650325322959398
PRKAA1,9,DUSP27;S427;,-1.1279143541587906
PRKAA1,9,DYNC1H1;S4365;,-1.0771193381070872
PRKAA1,9,DYNC1I2;S81;,-0.9785186055938904
PRKAA1,9,EEF2;T57;,0.5090651401081573
PRKAA1,9,EEF2K;S365;,0.18934021173300986
PRKAA1,9,EHBP1L1;S1363;,1.0871431549764825
PRKAA1,9,EHD4;S459;,-1.1917610985505533
PRKAA1,9,EIF3A;S584;,-1.0501773743923666
PRKAA1,9,EIF4B;S422;,-0.9120355440438385
PRKAA1,9,EIF4B;S424;,-1.146709518173526
PRKAA1,9,EIF4B;S425;,-1.113097379966968
PRKAA1,9,EIF4B;T420;,-1.1192116273039256
PRKAA1,9,EIF4EBP1;S64;,-1.1605991806333853
PRKAA1,9,EIF4EBP2;S2;,-1.0800375989658186
PRKAA1,9,EIF5B;S183;,-0.9601877885075198
PRKAA1,9,ELMSAN1;S456;,-0.8830170480177547
PRKAA1,9,EPS8;S659;,-1.0121120756335915
PRKAA1,9,ETL4;S1844;,-0.9709771599091118
PRKAA1,9,ETV3;S139;,-1.1070002944078192
PRKAA1,9,FAM120C;S55;,-1.1381719610392982
PRKAA1,9,FAM134C;S313;,0.773293099672868
PRKAA1,9,FAM134C;S320;,0.18565618939659995
PRKAA1,9,FAM171A2;S423;,-1.0634349248660457
PRKAA1,9,FAM65A;S752;,-1.0548492586537983
PRKAA1,9,FBXO30;S379;,-1.165397853465278
PRKAA1,9,FHOD1;S489;,-1.1012241847953574
PRKAA1,9,FHOD1;S501;,-0.9872140613882533
PRKAA1,9,FHOD1;S504;,-1.1158157460067244
PRKAA1,9,FHOD1;S513;,-1.078220699512389
PRKAA1,9,FHOD1;S523;,-1.0020667869065731
PRKAA1,9,FLNC;S2147;,-1.1755872780665593
PRKAA1,9,FLNC;S2234;,-1.0443499083887595
PRKAA1,9,FMN1;S589;,-1.1743518571392628
PRKAA1,9,FOSL2;S320;,-1.0852501509424803
PRKAA1,9,FOSL2;T322;,-1.00028831810901
PRKAA1,9,FOXK1;S225;,-1.047261898503297
PRKAA1,9,FOXK2;T200;,-1.027410738758797
PRKAA1,9,FOXO3;S252;,-0.9733927504011911
PRKAA1,9,FRMD8;S21;,-1.1099924078055101
PRKAA1,9,FRYL;T1959;,-0.9677395734750296
PRKAA1,9,GAB1;S418;,-1.059938310378838
PRKAA1,9,GAB2;S142;,-1.146006249316629
PRKAA1,9,GAB2;S143;,-0.9834391588131213
PRKAA1,9,GAB2;S211;,-1.0233852612494507
PRKAA1,9,GAB2;S365;,-1.128409063477616
PRKAA1,9,GAB2;T388;,-1.0658453315186176
PRKAA1,9,GATAD2A;S103;,1.0446285991664248
PRKAA1,9,GATAD2A;S96;,1.0000072015449295
PRKAA1,9,GATAD2B;S338;,-1.069830959636719
PRKAA1,9,GBF1;S1786;,-0.8089568427715015
PRKAA1,9,GIGYF1;S28;,-1.014072303379594
PRKAA1,9,GIT2;S568;,-1.1808887253141966
PRKAA1,9,GOLGA4;S116;,1.110760894443214
PRKAA1,9,GSK3A;S21;,-0.9158552083974414
PRKAA1,9,GSK3A;S41;,-1.195793054724614
PRKAA1,9,GSK3B;S9;,-0.9087537335964164
PRKAA1,9,GYS1;S728;,-0.9571772700697158
PRKAA1,9,HBP1;S401;,-1.0890653142556421
PRKAA1,9,HBS1L;S147;,-1.1938539509260815
PRKAA1,9,HDAC6;S21;,-1.1519657663285026
PRKAA1,9,HECTD1;S1392;,-0.9507776798503639
PRKAA1,9,HECTD1;S1393;,-1.0795097445302801
PRKAA1,9,HECTD1;S1573;,0.9069663375964947
PRKAA1,9,HELB;S944;,-0.9664447742812876
PRKAA1,9,HERC1;S1163;,-1.0822637678021318
PRKAA1,9,HERC1;T1154;,-1.0885441228428536
PRKAA1,9,HIRIP3;S27;,-1.1825423413324154
PRKAA1,9,HN1L;S97;,-1.154017762959769
PRKAA1,9,HOMER3;S158;,-0.9007478469977629
PRKAA1,9,HUWE1;S1876;,-1.1571603231701806
PRKAA1,9,HUWE1;S3639;,-1.24963284707502
PRKAA1,9,HUWE1;S3898;,-1.0274313099543864
PRKAA1,9,HUWE1;T3903;,-1.00677418680722
PRKAA1,9,IREB2;S178;,-1.1920521061545846
PRKAA1,9,IRF2BPL;S69;,-1.0579186242876384
PRKAA1,9,ITSN1;S1063;,-0.6670616696081182
PRKAA1,9,ITSN1;S315;,-1.015015830137593
PRKAA1,9,JMY;S56;,-1.0218154531356929
PRKAA1,9,JSRP1;S47;,-1.1518098604057099
PRKAA1,9,KANK2;S358;,-1.0861671585919204
PRKAA1,9,KCTD3;S809;,1.118650586198688
PRKAA1,9,KDM2A;S718;,-1.0659349106157585
PRKAA1,9,KDM2A;T713;,-0.9509692918995144
PRKAA1,9,KDM5C;S316;,-1.0156005176342606
PRKAA1,9,KPNA1;S2;,-0.8970264499479438
PRKAA1,9,KPNA1;T3;,-0.6855437676697568
PRKAA1,9,LAMTOR1;S98;,-1.1274055720578866
PRKAA1,9,LARP1;S916;,-0.9017564081713877
PRKAA1,9,LARP1;T932;,-0.9725959491005937
PRKAA1,9,LARP4B;S498;,-1.0183465729867727
PRKAA1,9,LDB3;S112;,-1.2030299323207825
PRKAA1,9,LIMA1;S360;,-1.0989939788594265
PRKAA1,9,LIMA1;S603;,-1.0500879603303783
PRKAA1,9,LIMA1;S608;,-1.086342778845303
PRKAA1,9,LIMA1;S703;,-1.025324033307917
PRKAA1,9,LMNA;S404;,-0.9568431673970866
PRKAA1,9,LMNA;S406;,-1.10641568617474
PRKAA1,9,LMNA;S407;,-1.1600149158766087
PRKAA1,9,LMNA;S423;,-1.1131499787606012
PRKAA1,9,LMNA;S424;,-1.148480687812894
PRKAA1,9,LMO7;S1541;,-1.012042057211029
PRKAA1,9,LMO7;S1543;,-1.0406601329506255
PRKAA1,9,LOC100360205;S239;,-1.071320912518041
PRKAA1,9,LOC100365259;S393;,-0.6543955226524716
PRKAA1,9,LOC100910104;S475;,-1.0325349064987048
PRKAA1,9,LOC100910104;S532;,1.1139379877171391
PRKAA1,9,LOC100910104;S719;,-1.151976793587187
PRKAA1,9,LOC100910646;S166;,-1.162720012720863
PRKAA1,9,LOC100911178;S1643;,-1.178576094682788
PRKAA1,9,LOC100911302;S1721;,-1.0849919359888427
PRKAA1,9,LOC100911677;S490;,1.059642040811956
PRKAA1,9,LOC100912115;S649;,-1.056721327210884
PRKAA1,9,LOC312502;S1164;,-1.1050925128149827
PRKAA1,9,LOC312502;S138;,1.16743625597829
PRKAA1,9,LOC312502;S139;,1.137778142358327
PRKAA1,9,LOC312502;S483;,-1.037694833061162
PRKAA1,9,LOC683007;S1204;,-1.122208576254198
PRKAA1,9,LOC683007;S1207;,-1.1896555519475371
PRKAA1,9,LOC684259;S780;,0.8414565694710335
PRKAA1,9,LOC685707;S1251;,-1.0431255462496023
PRKAA1,9,LRRFIP2;S18;,-1.1565904643327043
PRKAA1,9,LRRFIP2;T136;,-1.0184469164700394
PRKAA1,9,LYSMD1;S33;,0.9385640422483335
PRKAA1,9,MACF1;S1376;,-0.9685796419178168
PRKAA1,9,MACF1;S5293;,-1.095901865677351
PRKAA1,9,MAF1;S60;,-1.1239582052937862
PRKAA1,9,MAP1A;S1757;,-0.9795408516035262
PRKAA1,9,MAP1A;T2177;,-1.023752140238338
PRKAA1,9,MAP1A;T504;,-1.0652864420026502
PRKAA1,9,MAP1B;S1257;,-1.016664809316953
PRKAA1,9,MAP1B;S1389;,-1.051449277791437
PRKAA1,9,MAP1B;S1393;,-1.0742824755245182
PRKAA1,9,MAP1B;T1781;,-0.24477068708776928
PRKAA1,9,MAP1S;S683;,-1.0058242747567643
PRKAA1,9,MAP4;S902;,1.0824343096376279
PRKAA1,9,MAP4K4;S591;,-1.141136712097273
PRKAA1,9,MAP4K4;S791;,1.1619436280378166
PRKAA1,9,MAP4K4;S794;,1.0833187935934951
PRKAA1,9,MAPK1;Y185;,-0.3716715093957172
PRKAA1,9,MAPK14;Y182;,-0.30509688497942256
PRKAA1,9,MAPK8;Y185;,0.15555823062200946
PRKAA1,9,MARCKS;S141;,-0.9393011808688005
PRKAA1,9,MARK3;S593;,-1.2175510776544853
PRKAA1,9,MARK3;T594;,-0.8692008872211396
PRKAA1,9,MATR3;S188;,-0.9181261915281491
PRKAA1,9,MBD3;S85;,-1.0186453937897353
PRKAA1,9,MBD3;S86;,-1.2091385396690435
PRKAA1,9,MDM2;S138;,-0.9425531366722382
PRKAA1,9,MED1;S1465;,-1.1678546751162961
PRKAA1,9,MED1;S1467;,-1.13461795336485
PRKAA1,9,MED1;S1468;,-1.178949128478255
PRKAA1,9,MED24;S860;,-1.0239176372632115
PRKAA1,9,MED24;S861;,-1.1869690411786764
PRKAA1,9,MEF2C;S226;,-1.115174875301627
PRKAA1,9,MID1;S96;,-1.07895016585921
PRKAA1,9,MKL1;S571;,-1.0046438071820118
PRKAA1,9,MLL2;S2291;,-1.1378381606131918
PRKAA1,9,MLLT4;S216;,-1.1700979304092678
PRKAA1,9,MLLT4;S246;,-1.088826941962011
PRKAA1,9,MON2;S197;,-1.1248482131501862
PRKAA1,9,MPHOSPH10;S168;,1.1061889503266737
PRKAA1,9,MPRIP;S369;,-1.1017244223803933
PRKAA1,9,MTFR1L;S100;,1.1106773291054632
PRKAA1,9,MTFR1L;S234;,1.1031362722788693
PRKAA1,9,MTFR1L;S235;,1.1681309059820546
PRKAA1,9,MTSS1L;S575;,-1.1110614988101948
PRKAA1,9,MURC;S20;,-1.0330397947357812
PRKAA1,9,MUSK;S689;,-1.1186290948541913
PRKAA1,9,MUSK;S690;,-0.925700468997775
PRKAA1,9,MYBBP1A;S1283;,-1.0821163203037316
PRKAA1,9,MYCBP2;S2750;,-1.0472529247041529
PRKAA1,9,MYOZ2;T32;,-0.8778871989133598
PRKAA1,9,NACA;S1125;,-1.0534919595854222
PRKAA1,9,NACA;S1345;,-1.1265083147982546
PRKAA1,9,NACA;S1454;,-1.0203468414756287
PRKAA1,9,NACA;S1720;,-1.0146523735836133
PRKAA1,9,NACA;S914;,-1.0440655649548534
PRKAA1,9,NACA;S942;,-1.0838241233480186
PRKAA1,9,NCAPH;S24;,-1.1835297931704545
PRKAA1,9,NCOR1;S363;,-1.1758940413825898
PRKAA1,9,NCOR2;S1747;,-1.0605458019223328
PRKAA1,9,NDRG1;S330;,-0.9531861731441242
PRKAA1,9,NDRG1;T328;,-1.0637259809689255
PRKAA1,9,NDRG2;T334;,-1.1071477828582847
PRKAA1,9,NEK9;S16;,0.8369747062842577
PRKAA1,9,NEK9;S736;,-1.0158192619551902
PRKAA1,9,NELFE;S131;,-1.0925967530493639
PRKAA1,9,NES;S1071;,1.0702602091647053
PRKAA1,9,NES;S1123;,-1.1821754008450986
PRKAA1,9,NES;S1131;,1.0576629186572075
PRKAA1,9,NES;S620;,-1.1735684873646022
PRKAA1,9,NES;S784;,0.9839919360035798
PRKAA1,9,NEXN;S280;,-1.0118418768367818
PRKAA1,9,NFIX;S265;,-1.1245718235080653
PRKAA1,9,NHSL1;T1376;,-0.9773900435647825
PRKAA1,9,NUMA1;S1935;,-1.0221727178477278
PRKAA1,9,NUMA1;S1958;,-1.045478302717544
PRKAA1,9,NUP35;S73;,-1.0637739813288392
PRKAA1,9,OPTN;S188;,1.049967025657736
PRKAA1,9,PACS2;S319;,-1.091372824045209
PRKAA1,9,PAK1;S144;,-1.151381969047393
PRKAA1,9,PAK1;S203;,-1.114316453346299
PRKAA1,9,PAK2;S197;,-0.7828400641661952
PRKAA1,9,PARD3;S715;,-0.9762723749989548
PRKAA1,9,PARVA;S14;,-0.7729579329346911
PRKAA1,9,PATL1;S184;,-1.1040947291993883
PRKAA1,9,PBXIP1;S132;,-1.13985139365806
PRKAA1,9,PBXIP1;S133;,-1.171932211179412
PRKAA1,9,PCM1;S1280;,-1.034766195321749
PRKAA1,9,PCM1;S380;,-1.1856058429419258
PRKAA1,9,PCM1;S384;,-1.0410252699336262
PRKAA1,9,PDAP1;S176;,-1.0828589356264875
PRKAA1,9,PDAP1;S178;,-1.153330004198356
PRKAA1,9,PDCD4;S420;,-1.037329863353671
PRKAA1,9,PDCD4;S76;,-1.0614559602911773
PRKAA1,9,PDLIM7;S209;,-1.224141607705021
PRKAA1,9,PDLIM7;T214;,-0.9776850547446928
PRKAA1,9,PDLIM7;T215;,-0.8756187677503462
PRKAA1,9,PDS5B;S1176;,-1.066419867677652
PRKAA1,9,PDXDC1;T554;,-0.9968162057192713
PRKAA1,9,PELO;S55;,-1.2086686752847013
PRKAA1,9,PEX1;S1209;,-1.102473479738527
PRKAA1,9,PFKFB2;S469;,-0.8456835288382599
PRKAA1,9,PHF1;S410;,-1.078105436233023
PRKAA1,9,PHF1;S415;,-1.056584917067615
PRKAA1,9,PHF2;S782;,-1.0654632554839425
PRKAA1,9,PHIP;S1251;,-1.045901478369527
PRKAA1,9,PHLDB1;S431;,-1.088651249660559
PRKAA1,9,PHLDB1;S534;,-0.951179819508415
PRKAA1,9,PHLDB2;S241;,-1.0062027421119422
PRKAA1,9,PI4K2A;S43;,-1.214442880246167
PRKAA1,9,PI4K2A;S46;,-1.1249575521743522
PRKAA1,9,PI4K2A;S461;,-1.0502364873543628
PRKAA1,9,PI4K2A;S50;,-1.0096259397109788
PRKAA1,9,PID1;S230;,-1.0951947475066264
PRKAA1,9,PID1;S231;,-1.1129457240102791
PRKAA1,9,PID1;S232;,-0.9623267430632614
PRKAA1,9,PID1;S242;,-1.177523844667709
PRKAA1,9,PIEZO1;S1370;,-1.012815758365738
PRKAA1,9,PIK3C2A;S261;,-1.1819027003969242
PRKAA1,9,PLEC;S4246;,-0.8322410924903448
PRKAA1,9,PLEC;S4249;,-1.0913585624447575
PRKAA1,9,PNISR;S290;,-1.1491076097468091
PRKAA1,9,POM121;S370;,-1.140946092459202
PRKAA1,9,PPAN;S233;,1.036053525030592
PRKAA1,9,PPAN;S238;,0.9837357103355222
PRKAA1,9,PPAN;S240;,1.0952251599162721
PRKAA1,9,PPP1R12C;S508;,-1.05122827209909
PRKAA1,9,PPP1R13L;S110;,-1.0377489449047348
PRKAA1,9,PPP1R13L;S154;,-1.1782800164868097
PRKAA1,9,PPP1R13L;S360;,-0.9794819024944503
PRKAA1,9,PPP6R2;S629;,-1.0463188631106046
PRKAA1,9,PPP6R2;S719;,-1.0343304571562766
PRKAA1,9,PRKAA1;S496;,-1.0696047986748127
PRKAA1,9,PRKAB1;S108;,1.1390825521863717
PRKAA1,9,PRRC2A;S765;,-1.187264926921118
PRKAA1,9,PRRC2B;S259;,-0.8900575526420522
PRKAA1,9,PSMA5;T55;,0.18891395872188838
PRKAA1,9,PSMC3;S12;,-1.1680533530522323
PRKAA1,9,PSMC3;S9;,-1.131808638051079
PRKAA1,9,PTPN12;T544;,0.47971093805254245
PRKAA1,9,PTPN21;S599;,-1.0371308393001968
PRKAA1,9,PTPN21;S762;,-0.8618432433263079
PRKAA1,9,PTRF;S169;,-1.1906622714773458
PRKAA1,9,PTRF;S171;,-1.1831455703621063
PRKAA1,9,PUM2;S82;,-1.0749530482614775
PRKAA1,9,PXN;S106;,-1.1519023570268072
PRKAA1,9,PXN;S137;,-1.170414671409042
PRKAA1,9,PXN;S83;,-1.0791629129521363
PRKAA1,9,RABGEF1;T142;,-0.6739828680137645
PRKAA1,9,RAF1;S295;,-1.1228127746220369
PRKAA1,9,RAF1;S296;,-1.0594704188985935
PRKAA1,9,RAI14;T249;,-1.017838691629447
PRKAA1,9,RANBP10;S481;,0.4483973347866637
PRKAA1,9,RANBP3;S58;,-1.0219883567064492
PRKAA1,9,RAPGEF1;S306;,-1.0579874255345585
PRKAA1,9,RAPGEF1;S308;,-1.0609317434500483
PRKAA1,9,RAVER1;S576;,-1.0121413061174211
PRKAA1,9,RB1CC1;S243;,-1.1636532728237925
PRKAA1,9,RBM3;S145;,-1.0769919491172968
PRKAA1,9,RBM7;S72;,-0.9677706135573194
PRKAA1,9,RFX7;S1177;,-1.089193178886582
PRKAA1,9,RGD1307838;S900;,-0.9883672647039099
PRKAA1,9,RGD1307838;S903;,-1.171374009496965
PRKAA1,9,RGD1308297;S518;,-1.1334553113650658
PRKAA1,9,RGD1309586;S243;,-1.1044641127653736
PRKAA1,9,RGD1309586;S59;,-0.5579839936661809
PRKAA1,9,RGD1310016;S1171;,0.9997743108538495
PRKAA1,9,RGD1311783;S45;,1.1497031096793147
PRKAA1,9,RGD1311783;S46;,1.1382490279730477
PRKAA1,9,RGD1560225;S763;,-1.019231936061331
PRKAA1,9,RGD1561609;S759;,-0.9564464898899256
PRKAA1,9,RGD1562639;S1035;,-1.090628690431343
PRKAA1,9,RGD1566017;S802;,-1.144614368969376
PRKAA1,9,RIN2;S494;,-1.01221809468687
PRKAA1,9,RIPK2;S412;,1.1082479436587842
PRKAA1,9,RNF40;S586;,-1.1491361342578468
PRKAA1,9,RPS6KA3;S715;,-1.0883505556233288
PRKAA1,9,RPS6KA4;S681;,-1.047237174134966
PRKAA1,9,RPS6KA4;S682;,-1.1515473170996005
PRKAA1,9,RPS6KB1;S404;,-1.1062132995709881
PRKAA1,9,RPTOR;S863;,-1.1131286468669193
PRKAA1,9,RRP1B;S524;,-1.157889618412757
PRKAA1,9,RRP1B;T521;,-0.9750382580716005
PRKAA1,9,RTF1;S416;,-1.1594873989371084
PRKAA1,9,RUFY1;S50;,-1.0723443384340603
PRKAA1,9,RUNX1T1;T568;,-0.9129777253401133
PRKAA1,9,SAMD4B;S271;,-1.0014644513522966
PRKAA1,9,SAP30L;T91;,-0.9013453736991668
PRKAA1,9,SBF1;S1141;,0.3313989275453521
PRKAA1,9,SCRIB;S1315;,-1.1332003796720023
PRKAA1,9,SCRIB;S1529;,-1.1048704356504364
PRKAA1,9,SENP7;S47;,-0.9911694908693724
PRKAA1,9,SETD2;S511;,-1.166940441131577
PRKAA1,9,SF3B1;T326;,0.4033149320638674
PRKAA1,9,SFPQ;T586;,-0.9446558309148285
PRKAA1,9,SGTA;S306;,-1.0505795363609511
PRKAA1,9,SGTA;S308;,-1.2180148314294375
PRKAA1,9,SH3BP5;S420;,-0.9087860875664773
PRKAA1,9,SH3D19;S274;,-1.0335030010397523
PRKAA1,9,SH3PXD2A;S368;,1.1357028786159296
PRKAA1,9,SH3PXD2A;S495;,-1.2074956323050052
PRKAA1,9,SH3PXD2A;S956;,-0.864725320269478
PRKAA1,9,SHC3;S359;,-1.0662304592469183
PRKAA1,9,SIK2;S673;,-1.0214505130806881
PRKAA1,9,SIPA1L1;S1408;,1.024413137590373
PRKAA1,9,SIPA1L1;S1411;,1.0598124325776805
PRKAA1,9,SIPA1L1;S288;,-0.9998427858600304
PRKAA1,9,SLC2A13;S38;,1.0721837576849425
PRKAA1,9,SLC2A13;S44;,1.1851384153470774
PRKAA1,9,SLC2A13;S47;,1.095403730434746
PRKAA1,9,SLC4A7;S1171;,1.049587826454194
PRKAA1,9,SLC4A7;S263;,1.1429117949834224
PRKAA1,9,SLK;S778;,1.1021407821004332
PRKAA1,9,SMCR7L;S59;,-1.0460693749975047
PRKAA1,9,SMCR8;S416;,-1.1329040573213738
PRKAA1,9,SMCR8;S486;,1.064941800568837
PRKAA1,9,SMCR8;S488;,1.011067957161145
PRKAA1,9,SMCR8;S491;,1.0353078891806384
PRKAA1,9,SMCR8;S497;,0.739867292656258
PRKAA1,9,SMG6;S537;,-1.1232842340729416
PRKAA1,9,SNW1;S224;,0.7851390715520319
PRKAA1,9,SNX8;S454;,-1.1141797157854998
PRKAA1,9,SON;S94;,-1.1003671900275829
PRKAA1,9,SORBS1;S857;,-1.1233679533985383
PRKAA1,9,SOS1;S1120;,-0.9861548037355137
PRKAA1,9,SOX6;S399;,-1.1112641573799
PRKAA1,9,SOX6;S402;,-1.099020446107423
PRKAA1,9,SOX6;T401;,-1.0628253673027521
PRKAA1,9,SPAG7;S219;,-1.1142090699411404
PRKAA1,9,SPAG9;S203;,-1.0469422624792817
PRKAA1,9,SPAG9;S716;,-0.936716642800072
PRKAA1,9,SPHK2;S379;,0.8021181573816326
PRKAA1,9,SRPK2;S487;,-0.9998724056257514
PRKAA1,9,SRRM2;S2228;,-1.1428542725564805
PRKAA1,9,SRRM2;S2338;,-1.113334626433884
PRKAA1,9,SRSF10;S131;,1.0210960487496985
PRKAA1,9,SRSF11;S200;,-1.1497592699270782
PRKAA1,9,STARD13;S334;,-1.1284644743712677
PRKAA1,9,STAT3;S727;,-0.9998991769437673
PRKAA1,9,STIM1;S257;,1.000367658782077
PRKAA1,9,STIM1;S523;,1.0136054519341915
PRKAA1,9,STIM1;S524;,1.0681869814357405
PRKAA1,9,STIM2;S675;,1.0456400128482046
PRKAA1,9,STK11IP;S443;,-1.1720776649112536
PRKAA1,9,STK3;S385;,-1.2303724000469163
PRKAA1,9,STMN1;S16;,-1.081132093438786
PRKAA1,9,STMN1;S25;,-1.0922452308297153
PRKAA1,9,STMN1;S38;,-0.9804190761805928
PRKAA1,9,STRN3;S227;,-1.2120961321493167
PRKAA1,9,SUN2;S12;,-1.1590511527338603
PRKAA1,9,SVIL;S1177;,-1.1972641801348756
PRKAA1,9,SVIL;S259;,-1.0619288431669045
PRKAA1,9,SVIL;S531;,-1.1387065094047673
PRKAA1,9,SYNPO2L;S401;,-0.9918655844342374
PRKAA1,9,SYNPO2L;T141;,0.5706962395115627
PRKAA1,9,SZT2;S1641;,-1.054696475104702
PRKAA1,9,TACC2;S575;,-0.86729291180734
PRKAA1,9,TANC2;S1447;,-1.0969086780728985
PRKAA1,9,TBC1D1;S231;,1.1484092173505402
PRKAA1,9,TBC1D1;S662;,1.182469261764723
PRKAA1,9,TBC1D1;T590;,-0.9052407670346239
PRKAA1,9,TBC1D16;S382;,-1.181884444186155
PRKAA1,9,TCF12;S583;,-0.9586760720988025
PRKAA1,9,TDRD3;S256;,-1.0292969853889489
PRKAA1,9,TENC1;T996;,-1.007780127158385
PRKAA1,9,TFE3;S531;,-0.8115318119840675
PRKAA1,9,TJP1;S1602;,-1.1462971329365186
PRKAA1,9,TJP1;S1604;,-1.1878832550399607
PRKAA1,9,TJP2;S147;,-1.2424850230748068
PRKAA1,9,TMEM245;S327;,-0.763642423535511
PRKAA1,9,TMEM55A;S14;,1.0007230645364666
PRKAA1,9,TNKS1BP1;S1642;,-1.0022984337712701
PRKAA1,9,TNRC6B;S306;,-1.1296653225436009
PRKAA1,9,TNRC6B;S421;,-1.1664670918222935
PRKAA1,9,TRAK1;S390;,-1.1155386306960644
PRKAA1,9,TRAK1;S905;,1.154363338749171
PRKAA1,9,TRAPPC12;S314;,-1.1501854615784204
PRKAA1,9,TRIM28;S474;,-0.9966191343316113
PRKAA1,9,TRIO;S2459;,-1.1176310326818586
PRKAA1,9,TRIO;S2463;,-1.0970249897961797
PRKAA1,9,TRIP12;T1454;,-1.1266374767896592
PRKAA1,9,TSC2;S939;,-0.9482283915558405
PRKAA1,9,TSSC4;S190;,-1.12673895668964
PRKAA1,9,TTN;S305;,1.0364544026093516
PRKAA1,9,UBA1;S13;,-0.9871428877923519
PRKAA1,9,UBA5;S380;,-1.067556553812469
PRKAA1,9,UBE2O;S835;,-1.0307981289116304
PRKAA1,9,UBE2O;T830;,0.10871957370186656
PRKAA1,9,UBE4B;S88;,-1.079229694474762
PRKAA1,9,ULK1;S450;,-1.2066960578450106
PRKAA1,9,ULK1;S465;,1.141571412245373
PRKAA1,9,ULK1;S477;,-0.975606205390684
PRKAA1,9,ULK1;S479;,-1.1318896435060928
PRKAA1,9,ULK1;S637;,1.1251232127723976
PRKAA1,9,ULK1;T468;,0.6102964941464101
PRKAA1,9,ULK1;T659;,0.9055480133605041
PRKAA1,9,USP10;S224;,-1.0755133251931317
PRKAA1,9,VAPA;S164;,1.110604588930909
PRKAA1,9,VIM;S420;,1.057833016804309
PRKAA1,9,VIM;S430;,0.9548970670568597
PRKAA1,9,VIM;T426;,1.0280666072858178
PRKAA1,9,VPS26B;S304;,1.082490632574703
PRKAA1,9,WIPF2;S235;,-1.0789823699938066
PRKAA1,9,WNK1;S165;,-0.9998908975927621
PRKAA1,9,WWC3;S955;,-1.1901202734826173
PRKAA1,9,YAP1;S46;,1.0558118607933296
PRKAA1,9,ZC3H13;S368;,1.0047068073283496
PRKAA1,9,ZC3HAV1;S307;,-1.1014691774287344
PRKAA1,9,ZC3HAV1;S325;,-1.174508577607034
PRKAA1,9,ZC3HAV1;S544;,-1.2087278174867748
PRKAA1,9,ZC3HC1;S343;,-1.0566038441413623
PRKAA1,9,ZC3HC1;T351;,-0.8794741383913179
PRKAA1,9,ZFP295;S411;,-1.0128914168151335
PRKAA1,9,ZFYVE16;S903;,-1.0313692705027335
PRKAA1,9,ZNRF2;S148;,-1.204720002955213
PRKAA1,9,ZNRF2;S154;,-1.1534850676171953
PRKAA1,9,ZNRF2;S18;,-1.0532993635026016
PRKAA1,9,ZNRF2;S81;,-0.9198501822351186
PRKAA1,9,ZYX;S143;,-1.145518671081235
PRKAA1,9,ZYX;S144;,-1.1980551633122494
PRKAA1,9,ZYX;S336;,-1.186132192354624
PRKAA1,9,ZZEF1;S1516;,-1.0405053603331227
PRKAA1,9,ZZEF1;S1535;,-0.9351784214380437
PRKAA1,10,AAK1;S677;,-1.0569748252049518
PRKAA1,10,ABCC4;S604;,-1.1108236406916907
PRKAA1,10,ABI2;S165;,-1.068881522371546
PRKAA1,10,ABI2;S168;,-1.1817206251649714
PRKAA1,10,ABL2;S799;,-1.102736246828218
PRKAA1,10,ABLIM3;S566;,-1.1624363545899983
PRKAA1,10,ABLIM3;S575;,0.24007935702634553
PRKAA1,10,ACACA;S79;,1.057431944010641
PRKAA1,10,ACIN1;S711;,-1.10800758266849
PRKAA1,10,ADD1;S613;,-1.188046069243926
PRKAA1,10,ADD1;T614;,-0.885265566098106
PRKAA1,10,ADNP;S971;,-1.1708368396193434
PRKAA1,10,AFF4;S823;,-0.8567323242812005
PRKAA1,10,AGAP3;S107;,-1.0095748796770503
PRKAA1,10,AHCTF1;S1214;,0.9351263403111211
PRKAA1,10,AHNAK;S1191;,0.8388401635169765
PRKAA1,10,AHNAK;S177;,-1.0906383332431886
PRKAA1,10,AHNAK;S2060;,-1.1511801430066764
PRKAA1,10,AHNAK;S211;,-1.068291010773666
PRKAA1,10,AHNAK;S2117;,0.8339517687319142
PRKAA1,10,AHNAK;S222;,1.1031850437873532
PRKAA1,10,AHNAK;S3915;,-1.1735216496119263
PRKAA1,10,AHNAK;S42;,-1.190420014727949
PRKAA1,10,AHNAK;S4597;,-1.096885606518862
PRKAA1,10,AHNAK;S5243;,-1.0054436519488514
PRKAA1,10,AHNAK;T4049;,-0.5381184272423001
PRKAA1,10,AHNAK2;S425;,-1.164681826277371
PRKAA1,10,AHNAK2;T438;,-0.8783792506724781
PRKAA1,10,AIMP1;S110;,-1.1078973597875434
PRKAA1,10,AJUBA;S129;,-0.976855764437814
PRKAA1,10,AKAP1;S103;,1.1006936790012298
PRKAA1,10,AKAP10;S278;,-1.1996450642182308
PRKAA1,10,AKAP11;S1090;,0.3813509426789733
PRKAA1,10,AKAP11;S21;,-1.1326384689475686
PRKAA1,10,AKAP11;S23;,-1.1651222930293101
PRKAA1,10,AKAP11;S448;,-1.1288154144835532
PRKAA1,10,AKAP13;S2515;,-1.0070649848392057
PRKAA1,10,AKAP2;S152;,-0.9198370316061939
PRKAA1,10,AKAP2;S730;,-1.1128049902964818
PRKAA1,10,AKAP6;S562;,1.0640686865363835
PRKAA1,10,AKAP9;S3669;,-1.1527049135375913
PRKAA1,10,AKT1S1;S184;,-1.1359281003564436
PRKAA1,10,AKT1S1;T247;,-0.9781975787756287
PRKAA1,10,ALKBH5;S362;,-0.9173534521153257
PRKAA1,10,ALKBH5;S376;,-1.1905460898774753
PRKAA1,10,AMOTL1;S580;,0.9885206805761736
PRKAA1,10,ANP32A;S15;,-1.129064622763591
PRKAA1,10,AP3D1;S755;,-0.9631558786407165
PRKAA1,10,ARFGAP2;S145;,-1.100381165926824
PRKAA1,10,ARFGEF2;S214;,-0.8880313964057266
PRKAA1,10,ARFIP1;S39;,1.1594554224902538
PRKAA1,10,ARHGAP17;S710;,-1.0678133375835137
PRKAA1,10,ARHGAP22;S200;,-1.0223417368576373
PRKAA1,10,ARHGAP22;S236;,-1.0795167799165515
PRKAA1,10,ARHGAP35;S1174;,-1.1258035937606483
PRKAA1,10,ARHGAP39;S284;,-1.1310633774167502
PRKAA1,10,ARHGAP5;S1195;,-1.1798182803973132
PRKAA1,10,ARHGAP5;S1202;,-1.079714082832447
PRKAA1,10,ARHGAP5;S967;,-1.127554817414605
PRKAA1,10,ARHGEF12;S337;,-1.0902136328163265
PRKAA1,10,ARHGEF12;S341;,-1.153166458532849
PRKAA1,10,ARHGEF17;S995;,0.9478616183209664
PRKAA1,10,ARHGEF5;S721;,-1.1844086834248164
PRKAA1,10,ARPP21;S256;,0.546806765268417
PRKAA1,10,ATF7;T53;,0.470775527032082
PRKAA1,10,ATG14;S5;,-1.0689447632913212
PRKAA1,10,ATG2A;S1246;,-1.1447662776113836
PRKAA1,10,ATG2B;S240;,-1.1277596036664206
PRKAA1,10,ATG2B;S255;,-1.1213793823096678
PRKAA1,10,ATRX;S761;,-1.059921321022821
PRKAA1,10,ATXN2;S622;,-1.1567741314174549
PRKAA1,10,ATXN2L;S109;,-1.1026473187680157
PRKAA1,10,ATXN2L;S447;,-1.006205242484053
PRKAA1,10,AZI1;S114;,-0.8672683111945366
PRKAA1,10,AZI1;S304;,-1.0767330229370833
PRKAA1,10,BAD;S171;,1.006932088468558
PRKAA1,10,BAG3;S271;,-1.0267909358064464
PRKAA1,10,BAG3;S387;,-1.1703718235311764
PRKAA1,10,BAG3;S388;,-0.9975214313438792
PRKAA1,10,BAIAP2L1;S218;,-1.0874564910825097
PRKAA1,10,BAIAP2L1;S380;,1.000045994298326
PRKAA1,10,BAZ2A;S1388;,-1.0822357164587855
PRKAA1,10,BBX;S243;,-1.0254053629018247
PRKAA1,10,BCL9L;S116;,-1.1015499209767876
PRKAA1,10,BCL9L;S21;,0.8514409606006236
PRKAA1,10,BCL9L;S25;,-0.9355377059165623
PRKAA1,10,BICD2;S611;,-0.9799839591520405
PRKAA1,10,BICD2;S819;,-0.7798427933083868
PRKAA1,10,BRAF;S134;,-1.1076926846803445
PRKAA1,10,BRD8;S274;,-0.9988416980279053
PRKAA1,10,BRD8;T270;,-1.0286652136871917
PRKAA1,10,BSDC1;S216;,-1.1231814399678812
PRKAA1,10,C2CD4C;S262;,-1.0172671214323634
PRKAA1,10,CACNB1;S53;,-1.109929879385814
PRKAA1,10,CALD1;S527;,-1.0427458002091146
PRKAA1,10,CAMK2D;T371;,0.511403218545035
PRKAA1,10,CAMSAP1;S1154;,-1.1158480849939885
PRKAA1,10,CAMSAP1;S517;,-1.1523930717450026
PRKAA1,10,CAP2;S301;,-1.1038128712502666
PRKAA1,10,CBX5;S93;,-0.9384292093660187
PRKAA1,10,CCDC6;S143;,-1.1187240403592142
PRKAA1,10,CCDC88A;S1638;,-1.1011495674181206
PRKAA1,10,CCDC91;S71;,-1.130758855003469
PRKAA1,10,CDC42EP2;S137;,-1.0079863419879842
PRKAA1,10,CDC42EP2;S141;,-1.0409998940072505
PRKAA1,10,CDC42EP4;S140;,-1.0399827451195538
PRKAA1,10,CDKN1A;S69;,-1.1591724028412025
PRKAA1,10,CDKN1B;S12;,-1.1143794154225077
PRKAA1,10,CDKN1B;S7;,-1.1943825538635007
PRKAA1,10,CEP170B;S1166;,-0.9862474597856792
PRKAA1,10,CEP68;S503;,-0.21648504079042097
PRKAA1,10,CEP68;S510;,-0.9682246975875344
PRKAA1,10,CHAMP1;S532;,-1.0011807051473265
PRKAA1,10,CHD8;S549;,1.0556856429090666
PRKAA1,10,CHRND;S379;,0.9499766129946708
PRKAA1,10,CIC;S1394;,-1.0765645460675353
PRKAA1,10,CIC;S1399;,-1.1657097209772684
PRKAA1,10,CLASP2;S331;,1.1079821648064603
PRKAA1,10,CLIP1;S159;,-1.0920148533340215
PRKAA1,10,COBL;S31;,1.113626002192893
PRKAA1,10,COBL;S34;,1.1628373831803709
PRKAA1,10,COG3;S536;,1.0228048102257075
PRKAA1,10,CORO7;S298;,1.1899673468997625
PRKAA1,10,DAB2IP;S802;,-1.097780774930123
PRKAA1,10,DAP;S2;,-1.112717282157541
PRKAA1,10,DAP;S3;,-1.017384973270064
PRKAA1,10,DBNDD1;S123;,-1.1158618199136234
PRKAA1,10,DCAF6;S336;,-1.217283951060367
PRKAA1,10,DCLK1;S30;,0.6843222603370218
PRKAA1,10,DDX19A;S86;,-1.0506489497621392
PRKAA1,10,DDX3X;S261;,-0.8001852384848618
PRKAA1,10,DENND4C;S1037;,1.1308413096708916
PRKAA1,10,DLG2;S323;,-1.033671829639575
PRKAA1,10,DLG2;S328;,-1.107892037563755
PRKAA1,10,DMXL1;S574;,0.9802775612493152
PRKAA1,10,DNAJC2;T48;,-0.5895495119994583
PRKAA1,10,DNAJC25;T353;,-0.3663881858361404
PRKAA1,10,DOCK6;S1339;,-0.5448196332487908
PRKAA1,10,DOCK7;S1361;,-0.8007255964403557
PRKAA1,10,DOCK7;S2107;,-1.0887751833743515
PRKAA1,10,DOPEY1;S1261;,-0.944822530544172
PRKAA1,10,DTNA;S606;,-1.1332872607894464
PRKAA1,10,DUSP27;S366;,-1.0515329953899242
PRKAA1,10,DUSP27;S368;,-1.1798455417999214
PRKAA1,10,DUSP27;S370;,-1.1967366597308906
PRKAA1,10,DUSP27;S427;,-1.1873275246283623
PRKAA1,10,DYNC1H1;S4365;,-1.1354438711011021
PRKAA1,10,DYNC1I2;S81;,-0.9222439238049428
PRKAA1,10,EEF2;T57;,0.5061357890614937
PRKAA1,10,EEF2K;S365;,0.22059448526637027
PRKAA1,10,EHBP1L1;S1363;,1.1385635390065907
PRKAA1,10,EHD4;S459;,-1.1735261780478117
PRKAA1,10,EIF3A;S584;,-1.0633217734865825
PRKAA1,10,EIF4B;S422;,-0.9606312517398068
PRKAA1,10,EIF4B;S424;,-1.1879355669028606
PRKAA1,10,EIF4B;S425;,-1.0918800727183586
PRKAA1,10,EIF4B;T420;,-1.1304653017836517
PRKAA1,10,EIF4EBP1;S64;,-1.1468819189104529
PRKAA1,10,EIF4EBP2;S2;,-0.9170634196282916
PRKAA1,10,EIF5B;S183;,-1.0814756672898291
PRKAA1,10,ELMSAN1;S456;,-0.9091066348426576
PRKAA1,10,EPS8;S659;,-1.0607853641683298
PRKAA1,10,ETL4;S1844;,-0.9267442786598902
PRKAA1,10,ETV3;S139;,-1.1334378630138697
PRKAA1,10,FAM120C;S55;,-1.140254596501184
PRKAA1,10,FAM134C;S313;,0.8835096145759718
PRKAA1,10,FAM134C;S320;,0.3008052882173922
PRKAA1,10,FAM171A2;S423;,-1.131414948970173
PRKAA1,10,FAM65A;S752;,-1.0930361100192576
PRKAA1,10,FBXO30;S379;,-1.11152535157248
PRKAA1,10,FHOD1;S489;,-1.1293379481020098
PRKAA1,10,FHOD1;S501;,-0.982032762089438
PRKAA1,10,FHOD1;S504;,-1.1157180061035894
PRKAA1,10,FHOD1;S513;,-1.0934834874237758
PRKAA1,10,FHOD1;S523;,-1.0326515160042173
PRKAA1,10,FLNC;S2147;,-1.163680995150738
PRKAA1,10,FLNC;S2234;,-1.0716196483213523
PRKAA1,10,FMN1;S589;,-1.1238397158165065
PRKAA1,10,FOSL2;S320;,-0.9934539762618148
PRKAA1,10,FOSL2;T322;,-0.811581603424901
PRKAA1,10,FOXK1;S225;,-1.0262592641204131
PRKAA1,10,FOXK2;T200;,-0.9760573279293501
PRKAA1,10,FOXO3;S252;,-0.983268482722473
PRKAA1,10,FRMD8;S21;,-1.1220568620926317
PRKAA1,10,FRYL;T1959;,-0.8933025614116888
PRKAA1,10,GAB1;S418;,-1.0485690107564092
PRKAA1,10,GAB2;S142;,-1.1264973780080147
PRKAA1,10,GAB2;S143;,-0.9020146368533123
PRKAA1,10,GAB2;S211;,-1.0788068327442155
PRKAA1,10,GAB2;S365;,-1.1272214771443334
PRKAA1,10,GAB2;T388;,-0.9721928941370899
PRKAA1,10,GATAD2A;S103;,1.0894107866934035
PRKAA1,10,GATAD2A;S96;,0.9999820318696625
PRKAA1,10,GATAD2B;S338;,-1.0217222012255174
PRKAA1,10,GBF1;S1786;,-0.7415706056211775
PRKAA1,10,GIGYF1;S28;,-1.009062901246395
PRKAA1,10,GIT2;S568;,-1.1768664400692892
PRKAA1,10,GOLGA4;S116;,1.1195949852956375
PRKAA1,10,GSK3A;S21;,-0.9500205084126311
PRKAA1,10,GSK3A;S41;,-1.2011794004377392
PRKAA1,10,GSK3B;S9;,-0.8933651877920415
PRKAA1,10,GYS1;S728;,-0.971689122622065
PRKAA1,10,HBP1;S401;,-1.0130623928285574
PRKAA1,10,HBS1L;S147;,-1.1961618080224259
PRKAA1,10,HDAC6;S21;,-1.0947941643854553
PRKAA1,10,HECTD1;S1392;,-0.9604433452323828
PRKAA1,10,HECTD1;S1393;,-1.0471510041562972
PRKAA1,10,HECTD1;S1573;,0.9013041755856769
PRKAA1,10,HELB;S944;,-0.9749460854323353
PRKAA1,10,HERC1;S1163;,-1.0832582850784451
PRKAA1,10,HERC1;T1154;,-1.055920525323603
PRKAA1,10,HIRIP3;S27;,-1.191569220093004
PRKAA1,10,HN1L;S97;,-1.0879989215791765
PRKAA1,10,HOMER3;S158;,-0.9999461462412882
PRKAA1,10,HUWE1;S1876;,-1.1319841906219372
PRKAA1,10,HUWE1;S3639;,-1.2007426689759606
PRKAA1,10,HUWE1;S3898;,-1.0588617903376538
PRKAA1,10,HUWE1;T3903;,-0.9999865130504384
PRKAA1,10,IREB2;S178;,-1.2356736020319734
PRKAA1,10,IRF2BPL;S69;,-1.111485893333756
PRKAA1,10,ITSN1;S1063;,-0.6022162883982247
PRKAA1,10,ITSN1;S315;,-1.0325098925090874
PRKAA1,10,JMY;S56;,-0.9901461236479238
PRKAA1,10,JSRP1;S47;,-1.1576518052089622
PRKAA1,10,KANK2;S358;,-1.1563118319607804
PRKAA1,10,KCTD3;S809;,1.138053115934109
PRKAA1,10,KDM2A;S718;,-1.0351505775910874
PRKAA1,10,KDM2A;T713;,-0.9709823400792373
PRKAA1,10,KDM5C;S316;,-1.0500451947844183
PRKAA1,10,KPNA1;S2;,-0.69298635355376
PRKAA1,10,KPNA1;T3;,-0.47532673804067443
PRKAA1,10,LAMTOR1;S98;,-1.0970277678687985
PRKAA1,10,LARP1;S916;,-0.9244236726063119
PRKAA1,10,LARP1;T932;,-0.8642522804774293
PRKAA1,10,LARP4B;S498;,-1.0394366909227555
PRKAA1,10,LDB3;S112;,-1.1277851445454403
PRKAA1,10,LIMA1;S360;,-1.0585524988482162
PRKAA1,10,LIMA1;S603;,-1.0576736264376714
PRKAA1,10,LIMA1;S608;,-1.0658316044048457
PRKAA1,10,LIMA1;S703;,-1.079732670441092
PRKAA1,10,LMNA;S404;,-0.9999262574010489
PRKAA1,10,LMNA;S406;,-1.1541320470026792
PRKAA1,10,LMNA;S407;,-1.1964592607142013
PRKAA1,10,LMNA;S423;,-1.1724420064046939
PRKAA1,10,LMNA;S424;,-1.135762955176709
PRKAA1,10,LMO7;S1541;,-1.0453340398342672
PRKAA1,10,LMO7;S1543;,-1.0773203790010837
PRKAA1,10,LOC100360205;S239;,-1.0695262353844943
PRKAA1,10,LOC100365259;S393;,-0.5673601996450136
PRKAA1,10,LOC100910104;S475;,-1.0789935559670856
PRKAA1,10,LOC100910104;S532;,1.1098196723286344
PRKAA1,10,LOC100910104;S719;,-1.0847798377698639
PRKAA1,10,LOC100910646;S166;,-1.1867616433087447
PRKAA1,10,LOC100911178;S1643;,-1.0967030112587328
PRKAA1,10,LOC100911302;S1721;,-1.025757828378379
PRKAA1,10,LOC100911677;S490;,1.147934929632706
PRKAA1,10,LOC100912115;S649;,-1.0654435729116447
PRKAA1,10,LOC312502;S1164;,-1.1276820693999898
PRKAA1,10,LOC312502;S138;,1.1942754093890455
PRKAA1,10,LOC312502;S139;,1.1490824079535011
PRKAA1,10,LOC312502;S483;,-0.9997040230637553
PRKAA1,10,LOC683007;S1204;,-1.0965348034178377
PRKAA1,10,LOC683007;S1207;,-1.1938248867189512
PRKAA1,10,LOC684259;S780;,0.8627522879229498
PRKAA1,10,LOC685707;S1251;,-0.9998161045464801
PRKAA1,10,LRRFIP2;S18;,-1.1727729538967602
PRKAA1,10,LRRFIP2;T136;,-0.9998371706015721
PRKAA1,10,LYSMD1;S33;,1.0038258740218693
PRKAA1,10,MACF1;S1376;,-1.0517368873022117
PRKAA1,10,MACF1;S5293;,-1.0442228348605924
PRKAA1,10,MAF1;S60;,-1.0859919916125098
PRKAA1,10,MAP1A;S1757;,-0.9070558391747873
PRKAA1,10,MAP1A;T2177;,-0.9164641727457653
PRKAA1,10,MAP1A;T504;,-1.0181858755673465
PRKAA1,10,MAP1B;S1257;,-0.9724327809137621
PRKAA1,10,MAP1B;S1389;,-1.009592162293194
PRKAA1,10,MAP1B;S1393;,-0.9840829812488388
PRKAA1,10,MAP1B;T1781;,-0.17794874947746886
PRKAA1,10,MAP1S;S683;,-0.9724471373015942
PRKAA1,10,MAP4;S902;,1.0894506181021466
PRKAA1,10,MAP4K4;S591;,-1.20187715957735
PRKAA1,10,MAP4K4;S791;,1.1834456179614756
PRKAA1,10,MAP4K4;S794;,1.1369095802500309
PRKAA1,10,MAPK1;Y185;,-0.34505205638624575
PRKAA1,10,MAPK14;Y182;,-0.281085516288581
PRKAA1,10,MAPK8;Y185;,0.1794609437403673
PRKAA1,10,MARCKS;S141;,-1.0035946575060288
PRKAA1,10,MARK3;S593;,-1.181448614355485
PRKAA1,10,MARK3;T594;,-0.6948821963338616
PRKAA1,10,MATR3;S188;,-0.9782643492632602
PRKAA1,10,MBD3;S85;,-1.078370954708544
PRKAA1,10,MBD3;S86;,-1.2023482958623632
PRKAA1,10,MDM2;S138;,-1.052354398919511
PRKAA1,10,MED1;S1465;,-1.1508619235851625
PRKAA1,10,MED1;S1467;,-1.185067103143983
PRKAA1,10,MED1;S1468;,-1.162514567869638
PRKAA1,10,MED24;S860;,-1.0805266153371988
PRKAA1,10,MED24;S861;,-1.1123810238246215
PRKAA1,10,MEF2C;S226;,-1.095017196719772
PRKAA1,10,MID1;S96;,-1.0396657572657437
PRKAA1,10,MKL1;S571;,-1.0141254629493388
PRKAA1,10,MLL2;S2291;,-1.1259772920852795
PRKAA1,10,MLLT4;S216;,-1.2119326086539906
PRKAA1,10,MLLT4;S246;,-1.0965300480247502
PRKAA1,10,MON2;S197;,-1.080201649622322
PRKAA1,10,MPHOSPH10;S168;,1.1327144672294016
PRKAA1,10,MPRIP;S369;,-1.0901062711693146
PRKAA1,10,MTFR1L;S100;,1.1158497562767764
PRKAA1,10,MTFR1L;S234;,1.1433941461073114
PRKAA1,10,MTFR1L;S235;,1.1725799367264593
PRKAA1,10,MTSS1L;S575;,-1.0423020937801435
PRKAA1,10,MURC;S20;,-0.9994978309311241
PRKAA1,10,MUSK;S689;,-1.1596640288261688
PRKAA1,10,MUSK;S690;,-0.9418293780752088
PRKAA1,10,MYBBP1A;S1283;,-1.060708400514429
PRKAA1,10,MYCBP2;S2750;,-1.0934657520189046
PRKAA1,10,MYOZ2;T32;,-0.9048308438488476
PRKAA1,10,NACA;S1125;,-1.0330603106789358
PRKAA1,10,NACA;S1345;,-1.0523730854649347
PRKAA1,10,NACA;S1454;,-0.9998558646275961
PRKAA1,10,NACA;S1720;,-1.0644032728142359
PRKAA1,10,NACA;S914;,-0.9782874822764015
PRKAA1,10,NACA;S942;,-1.0609390358265363
PRKAA1,10,NCAPH;S24;,-1.130664516739802
PRKAA1,10,NCOR1;S363;,-1.1294956396768323
PRKAA1,10,NCOR2;S1747;,-1.0830526625664094
PRKAA1,10,NDRG1;S330;,-0.9446512641854288
PRKAA1,10,NDRG1;T328;,-1.0389656709444717
PRKAA1,10,NDRG2;T334;,-1.152423150927655
PRKAA1,10,NEK9;S16;,0.8356331538686055
PRKAA1,10,NEK9;S736;,-1.09974911694077
PRKAA1,10,NELFE;S131;,-1.0784467704636218
PRKAA1,10,NES;S1071;,1.1033807924429901
PRKAA1,10,NES;S1123;,-1.1306318236730537
PRKAA1,10,NES;S1131;,1.1260119934787776
PRKAA1,10,NES;S620;,-1.1665306316222843
PRKAA1,10,NES;S784;,1.0055263576668152
PRKAA1,10,NEXN;S280;,-0.9571244261377031
PRKAA1,10,NFIX;S265;,-1.1059957546451973
PRKAA1,10,NHSL1;T1376;,-0.941720988674209
PRKAA1,10,NUMA1;S1935;,-1.0952205238371613
PRKAA1,10,NUMA1;S1958;,-1.0912772436113862
PRKAA1,10,NUP35;S73;,-1.072811935139939
PRKAA1,10,OPTN;S188;,1.1277708117327536
PRKAA1,10,PACS2;S319;,-1.1126241638053243
PRKAA1,10,PAK1;S144;,-1.0891069051620188
PRKAA1,10,PAK1;S203;,-1.042337806854951
PRKAA1,10,PAK2;S197;,-0.7020704246056182
PRKAA1,10,PARD3;S715;,-1.0258058997773107
PRKAA1,10,PARVA;S14;,-0.8044104913827811
PRKAA1,10,PATL1;S184;,-1.0504771737941214
PRKAA1,10,PBXIP1;S132;,-1.0577408041353884
PRKAA1,10,PBXIP1;S133;,-1.067131441187728
PRKAA1,10,PCM1;S1280;,-1.0632118964240915
PRKAA1,10,PCM1;S380;,-1.1856276344130432
PRKAA1,10,PCM1;S384;,-1.1211056988739387
PRKAA1,10,PDAP1;S176;,-1.0888976426783368
PRKAA1,10,PDAP1;S178;,-1.087221874425909
PRKAA1,10,PDCD4;S420;,-1.0965217756669845
PRKAA1,10,PDCD4;S76;,-1.1238362371113213
PRKAA1,10,PDLIM7;S209;,-1.2031498125469031
PRKAA1,10,PDLIM7;T214;,-0.8881861134967007
PRKAA1,10,PDLIM7;T215;,-0.8798487300623902
PRKAA1,10,PDS5B;S1176;,-1.091525992004093
PRKAA1,10,PDXDC1;T554;,-0.9394109010709191
PRKAA1,10,PELO;S55;,-1.2065300851796688
PRKAA1,10,PEX1;S1209;,-1.1537239723043367
PRKAA1,10,PFKFB2;S469;,-0.808323792760422
PRKAA1,10,PHF1;S410;,-1.1024282690657246
PRKAA1,10,PHF1;S415;,-1.0562225066538904
PRKAA1,10,PHF2;S782;,-1.0388322495644986
PRKAA1,10,PHIP;S1251;,-1.0501437764381751
PRKAA1,10,PHLDB1;S431;,-1.156753292092247
PRKAA1,10,PHLDB1;S534;,-0.943671390841212
PRKAA1,10,PHLDB2;S241;,-1.0560913944792822
PRKAA1,10,PI4K2A;S43;,-1.2115442686151219
PRKAA1,10,PI4K2A;S46;,-1.0853605317963952
PRKAA1,10,PI4K2A;S461;,-1.0413649125666724
PRKAA1,10,PI4K2A;S50;,-0.9963796270963478
PRKAA1,10,PID1;S230;,-1.1564796291888726
PRKAA1,10,PID1;S231;,-1.13715830943746
PRKAA1,10,PID1;S232;,-0.9814960368579447
PRKAA1,10,PID1;S242;,-1.0752201984380994
PRKAA1,10,PIEZO1;S1370;,-1.0222772073287627
PRKAA1,10,PIK3C2A;S261;,-1.1177943187140362
PRKAA1,10,PLEC;S4246;,-0.8065831134024124
PRKAA1,10,PLEC;S4249;,-1.1156347850505215
PRKAA1,10,PNISR;S290;,-1.1740396974533456
PRKAA1,10,POM121;S370;,-1.138150470977043
PRKAA1,10,PPAN;S233;,1.0770539204064777
PRKAA1,10,PPAN;S238;,1.057370302719391
PRKAA1,10,PPAN;S240;,1.1555373188191382
PRKAA1,10,PPP1R12C;S508;,-1.0385017680507609
PRKAA1,10,PPP1R13L;S110;,-1.032439643000159
PRKAA1,10,PPP1R13L;S154;,-1.1171004290367395
PRKAA1,10,PPP1R13L;S360;,-0.9978325050248792
PRKAA1,10,PPP6R2;S629;,-1.0584242451235353
PRKAA1,10,PPP6R2;S719;,-1.081664277416459
PRKAA1,10,PRKAA1;S496;,-1.0563734020712077
PRKAA1,10,PRKAB1;S108;,1.1591406127242256
PRKAA1,10,PRRC2A;S765;,-1.2164440286536633
PRKAA1,10,PRRC2B;S259;,-0.9118802725065717
PRKAA1,10,PSMA5;T55;,0.34859084182891625
PRKAA1,10,PSMC3;S12;,-1.1437630440100064
PRKAA1,10,PSMC3;S9;,-1.1217339847391146
PRKAA1,10,PTPN12;T544;,0.48379641145556623
PRKAA1,10,PTPN21;S599;,-1.043869079373257
PRKAA1,10,PTPN21;S762;,-0.9223728092622726
PRKAA1,10,PTRF;S169;,-1.2215141449581157
PRKAA1,10,PTRF;S171;,-1.186435317583377
PRKAA1,10,PUM2;S82;,-1.026620083832994
PRKAA1,10,PXN;S106;,-1.1295103328182783
PRKAA1,10,PXN;S137;,-1.1583075071390976
PRKAA1,10,PXN;S83;,-1.06383255201566
PRKAA1,10,RABGEF1;T142;,-0.4871896732479769
PRKAA1,10,RAF1;S295;,-1.1116330616214363
PRKAA1,10,RAF1;S296;,-1.0481503128739489
PRKAA1,10,RAI14;T249;,-0.945509838328641
PRKAA1,10,RANBP10;S481;,0.5564738541440324
PRKAA1,10,RANBP3;S58;,-1.062621255373205
PRKAA1,10,RAPGEF1;S306;,-1.1186767997629166
PRKAA1,10,RAPGEF1;S308;,-1.0648274978585188
PRKAA1,10,RAVER1;S576;,-0.9695573278847052
PRKAA1,10,RB1CC1;S243;,-1.1646862184863584
PRKAA1,10,RBM3;S145;,-1.0059484488183912
PRKAA1,10,RBM7;S72;,-0.956455102362881
PRKAA1,10,RFX7;S1177;,-1.104246634284401
PRKAA1,10,RGD1307838;S900;,-1.0000179392613227
PRKAA1,10,RGD1307838;S903;,-1.09788991652726
PRKAA1,10,RGD1308297;S518;,-1.0698683074372084
PRKAA1,10,RGD1309586;S243;,-1.1250421550940308
PRKAA1,10,RGD1309586;S59;,-0.46104695612468405
PRKAA1,10,RGD1310016;S1171;,0.9994418392467658
PRKAA1,10,RGD1311783;S45;,1.192900868757649
PRKAA1,10,RGD1311783;S46;,1.1654925583264248
PRKAA1,10,RGD1560225;S763;,-0.9991582889300705
PRKAA1,10,RGD1561609;S759;,-0.9495566850493194
PRKAA1,10,RGD1562639;S1035;,-1.0808500147914741
PRKAA1,10,RGD1566017;S802;,-1.0973637528621545
PRKAA1,10,RIN2;S494;,-1.0345786861641613
PRKAA1,10,RIPK2;S412;,1.0634017295162579
PRKAA1,10,RNF40;S586;,-1.0874254460445758
PRKAA1,10,RPS6KA3;S715;,-1.0863386798726569
PRKAA1,10,RPS6KA4;S681;,-1.094953234143157
PRKAA1,10,RPS6KA4;S682;,-1.1218527715525752
PRKAA1,10,RPS6KB1;S404;,-1.1474364972394542
PRKAA1,10,RPTOR;S863;,-1.069648076939448
PRKAA1,10,RRP1B;S524;,-1.1071824338332277
PRKAA1,10,RRP1B;T521;,-0.8889559074640458
PRKAA1,10,RTF1;S416;,-1.1321792511075108
PRKAA1,10,RUFY1;S50;,-0.9836076970882106
PRKAA1,10,RUNX1T1;T568;,-0.8527172523849045
PRKAA1,10,SAMD4B;S271;,-0.9695221401373123
PRKAA1,10,SAP30L;T91;,-0.7982058723317416
PRKAA1,10,SBF1;S1141;,0.38924087962883847
PRKAA1,10,SCRIB;S1315;,-1.0896761719393693
PRKAA1,10,SCRIB;S1529;,-1.1066659188527288
PRKAA1,10,SENP7;S47;,-1.0456067279233903
PRKAA1,10,SETD2;S511;,-1.1075501799856522
PRKAA1,10,SF3B1;T326;,0.4291661899437568
PRKAA1,10,SFPQ;T586;,-0.8804106572898242
PRKAA1,10,SGTA;S306;,-1.1225115036486093
PRKAA1,10,SGTA;S308;,-1.1771112310085796
PRKAA1,10,SH3BP5;S420;,-0.9830677404552118
PRKAA1,10,SH3D19;S274;,-1.0470699980451847
PRKAA1,10,SH3PXD2A;S368;,1.1579270602861735
PRKAA1,10,SH3PXD2A;S495;,-1.1217652275368502
PRKAA1,10,SH3PXD2A;S956;,-0.8671996757882967
PRKAA1,10,SHC3;S359;,-1.0708603693682903
PRKAA1,10,SIK2;S673;,-1.0062662966635159
PRKAA1,10,SIPA1L1;S1408;,1.0100932483850045
PRKAA1,10,SIPA1L1;S1411;,1.121369946492557
PRKAA1,10,SIPA1L1;S288;,-0.9940974919288947
PRKAA1,10,SLC2A13;S38;,1.1534515422819394
PRKAA1,10,SLC2A13;S44;,1.192199599809896
PRKAA1,10,SLC2A13;S47;,1.1335822860279254
PRKAA1,10,SLC4A7;S1171;,1.0549357747852572
PRKAA1,10,SLC4A7;S263;,1.1569461644566355
PRKAA1,10,SLK;S778;,1.1126722272986749
PRKAA1,10,SMCR7L;S59;,-0.9931552330504496
PRKAA1,10,SMCR8;S416;,-1.1081044222034189
PRKAA1,10,SMCR8;S486;,1.1606968101931543
PRKAA1,10,SMCR8;S488;,1.0451918220923138
PRKAA1,10,SMCR8;S491;,1.1077404554484211
PRKAA1,10,SMCR8;S497;,0.7430941370813963
PRKAA1,10,SMG6;S537;,-1.1405900054555258
PRKAA1,10,SNW1;S224;,0.8129821794131207
PRKAA1,10,SNX8;S454;,-1.0580728266763504
PRKAA1,10,SON;S94;,-1.131731806906548
PRKAA1,10,SORBS1;S857;,-1.0946676912762145
PRKAA1,10,SOS1;S1120;,-0.9990004703354528
PRKAA1,10,SOX6;S399;,-1.1079175538356767
PRKAA1,10,SOX6;S402;,-1.064925861661394
PRKAA1,10,SOX6;T401;,-0.9829518268849847
PRKAA1,10,SPAG7;S219;,-1.0799355116002185
PRKAA1,10,SPAG9;S203;,-1.1399857277898304
PRKAA1,10,SPAG9;S716;,-0.9609161250189143
PRKAA1,10,SPHK2;S379;,0.8713731862714919
PRKAA1,10,SRPK2;S487;,-1.0320915762275351
PRKAA1,10,SRRM2;S2228;,-1.036967694811233
PRKAA1,10,SRRM2;S2338;,-1.0623277596167053
PRKAA1,10,SRSF10;S131;,0.9906521056362064
PRKAA1,10,SRSF11;S200;,-1.1075850473758644
PRKAA1,10,STARD13;S334;,-1.12843516288872
PRKAA1,10,STAT3;S727;,-0.8283503863345186
PRKAA1,10,STIM1;S257;,0.9996201283066396
PRKAA1,10,STIM1;S523;,1.0263206075192781
PRKAA1,10,STIM1;S524;,1.098450993699184
PRKAA1,10,STIM2;S675;,1.0980480341385983
PRKAA1,10,STK11IP;S443;,-1.1121156685429803
PRKAA1,10,STK3;S385;,-1.2161867571911238
PRKAA1,10,STMN1;S16;,-1.1027756763603112
PRKAA1,10,STMN1;S25;,-0.9892176971970914
PRKAA1,10,STMN1;S38;,-0.9032117301331312
PRKAA1,10,STRN3;S227;,-1.2161320143820369
PRKAA1,10,SUN2;S12;,-1.2011914285515681
PRKAA1,10,SVIL;S1177;,-1.112701818896701
PRKAA1,10,SVIL;S259;,-1.0904906550129587
PRKAA1,10,SVIL;S531;,-1.1384553904723036
PRKAA1,10,SYNPO2L;S401;,-1.0417401153001276
PRKAA1,10,SYNPO2L;T141;,0.6258845165015029
PRKAA1,10,SZT2;S1641;,-1.1204833382185526
PRKAA1,10,TACC2;S575;,-0.78715793022261
PRKAA1,10,TANC2;S1447;,-1.0857611454371927
PRKAA1,10,TBC1D1;S231;,1.1610423744436806
PRKAA1,10,TBC1D1;S662;,1.1970027483519132
PRKAA1,10,TBC1D1;T590;,-0.820728828777643
PRKAA1,10,TBC1D16;S382;,-1.1783331063381504
PRKAA1,10,TCF12;S583;,-0.9949015624110988
PRKAA1,10,TDRD3;S256;,-1.066596829383229
PRKAA1,10,TENC1;T996;,-0.9215015342270154
PRKAA1,10,TFE3;S531;,-0.8043145231199451
PRKAA1,10,TJP1;S1602;,-1.1255641630112698
PRKAA1,10,TJP1;S1604;,-1.1463728957541721
PRKAA1,10,TJP2;S147;,-1.1793391400551179
PRKAA1,10,TMEM245;S327;,-0.7275800932412003
PRKAA1,10,TMEM55A;S14;,1.0684362338927185
PRKAA1,10,TNKS1BP1;S1642;,-1.020990625289476
PRKAA1,10,TNRC6B;S306;,-1.0947443390215896
PRKAA1,10,TNRC6B;S421;,-1.1704677776495653
PRKAA1,10,TRAK1;S390;,-1.1604093229853307
PRKAA1,10,TRAK1;S905;,1.1228457230011992
PRKAA1,10,TRAPPC12;S314;,-1.1476936201616146
PRKAA1,10,TRIM28;S474;,-1.007916668688933
PRKAA1,10,TRIO;S2459;,-1.1152280015638878
PRKAA1,10,TRIO;S2463;,-1.0619044202370158
PRKAA1,10,TRIP12;T1454;,-1.1267897229278938
PRKAA1,10,TSC2;S939;,-0.9769550124243787
PRKAA1,10,TSSC4;S190;,-1.0820825295435543
PRKAA1,10,TTN;S305;,1.0758231616941132
PRKAA1,10,UBA1;S13;,-1.0237994522267457
PRKAA1,10,UBA5;S380;,-1.0961105134347942
PRKAA1,10,UBE2O;S835;,-1.05136168186271
PRKAA1,10,UBE2O;T830;,0.25977895655830696
PRKAA1,10,UBE4B;S88;,-0.9969228113402158
PRKAA1,10,ULK1;S450;,-1.1099931650425716
PRKAA1,10,ULK1;S465;,1.1623807280116367
PRKAA1,10,ULK1;S477;,-0.9933966300722836
PRKAA1,10,ULK1;S479;,-1.0882291972324896
PRKAA1,10,ULK1;S637;,1.1686851584976383
PRKAA1,10,ULK1;T468;,0.5712079318510068
PRKAA1,10,ULK1;T659;,0.88553572023067
PRKAA1,10,USP10;S224;,-1.0990358726953617
PRKAA1,10,VAPA;S164;,1.1110460166271423
PRKAA1,10,VIM;S420;,1.0392220809352406
PRKAA1,10,VIM;S430;,0.9378382115569953
PRKAA1,10,VIM;T426;,1.006477002537381
PRKAA1,10,VPS26B;S304;,1.0907163352888563
PRKAA1,10,WIPF2;S235;,-1.0765657395831265
PRKAA1,10,WNK1;S165;,-1.0727693391686346
PRKAA1,10,WWC3;S955;,-1.1527062357936078
PRKAA1,10,YAP1;S46;,1.1010753239605595
PRKAA1,10,ZC3H13;S368;,1.086688624125413
PRKAA1,10,ZC3HAV1;S307;,-1.1012424026486098
PRKAA1,10,ZC3HAV1;S325;,-1.1595622608142673
PRKAA1,10,ZC3HAV1;S544;,-1.146851810142269
PRKAA1,10,ZC3HC1;S343;,-1.0580307080144868
PRKAA1,10,ZC3HC1;T351;,-0.8251218870625757
PRKAA1,10,ZFP295;S411;,-1.0414519281486374
PRKAA1,10,ZFYVE16;S903;,-1.0203770357832078
PRKAA1,10,ZNRF2;S148;,-1.1543506836376143
PRKAA1,10,ZNRF2;S154;,-1.126960305766304
PRKAA1,10,ZNRF2;S18;,-1.0762501331411973
PRKAA1,10,ZNRF2;S81;,-0.9238442218454789
PRKAA1,10,ZYX;S143;,-1.2064123236270028
PRKAA1,10,ZYX;S144;,-1.1927489099437598
PRKAA1,10,ZYX;S336;,-1.1233427852406315
PRKAA1,10,ZZEF1;S1516;,-1.0256717384338838
PRKAA1,10,ZZEF1;S1535;,-0.9339006500267664
