kinase,ensemble,site,prob_class_1,prob_class_2
MAPK1,1,AAK1;S677;,0.007803608326019863,0.9921963916739801
MAPK1,1,ABCC4;S604;,0.8334234177168893,0.16657658228311067
MAPK1,1,ABI2;S165;,0.0060565995674195195,0.9939434004325804
MAPK1,1,ABI2;S168;,0.013908933671692693,0.9860910663283072
MAPK1,1,ABL2;S799;,0.0036408951108202374,0.9963591048891798
MAPK1,1,ABLIM3;S566;,0.5783144692338973,0.4216855307661026
MAPK1,1,ABLIM3;S575;,0.004445884912023658,0.9955541150879762
MAPK1,1,ACACA;S79;,0.023852625187107516,0.9761473748128925
MAPK1,1,ACIN1;S711;,0.0045872558149343155,0.9954127441850658
MAPK1,1,ADD1;S613;,0.1183957621379419,0.8816042378620581
MAPK1,1,ADD1;T614;,0.8556715094713646,0.1443284905286356
MAPK1,1,ADNP;S971;,0.5745433535758626,0.42545664642413733
MAPK1,1,AFF4;S823;,0.016148152833095036,0.983851847166905
MAPK1,1,AGAP3;S107;,0.6971226404485512,0.3028773595514487
MAPK1,1,AHCTF1;S1214;,0.01353708202233684,0.9864629179776634
MAPK1,1,AHNAK;S1191;,0.03088716061843907,0.969112839381561
MAPK1,1,AHNAK;S177;,0.007184668685439192,0.9928153313145608
MAPK1,1,AHNAK;S2060;,0.5164997062542349,0.48350029374576525
MAPK1,1,AHNAK;S211;,0.006439465201565737,0.9935605347984342
MAPK1,1,AHNAK;S2117;,0.03117468654502249,0.9688253134549775
MAPK1,1,AHNAK;S222;,0.016372154980345954,0.9836278450196543
MAPK1,1,AHNAK;S3915;,0.2927577742093998,0.7072422257906
MAPK1,1,AHNAK;S42;,0.5471172159555696,0.4528827840444303
MAPK1,1,AHNAK;S4597;,0.6704789948637938,0.32952100513620614
MAPK1,1,AHNAK;S5243;,0.7623029057832977,0.23769709421670224
MAPK1,1,AHNAK;T4049;,0.11820413086634542,0.8817958691336545
MAPK1,1,AHNAK2;S425;,0.5069694384618467,0.4930305615381532
MAPK1,1,AHNAK2;T438;,0.057163404352740976,0.9428365956472591
MAPK1,1,AIMP1;S110;,0.0028508684800041995,0.9971491315199957
MAPK1,1,AJUBA;S129;,0.8860047647907089,0.11399523520929107
MAPK1,1,AKAP1;S103;,0.02338799730086952,0.9766120026991305
MAPK1,1,AKAP10;S278;,0.026230348194876366,0.9737696518051236
MAPK1,1,AKAP11;S1090;,0.0073289008498896215,0.9926710991501104
MAPK1,1,AKAP11;S21;,0.013927562460011225,0.9860724375399886
MAPK1,1,AKAP11;S23;,0.010783100623066266,0.9892168993769339
MAPK1,1,AKAP11;S448;,0.6011448396259359,0.398855160374064
MAPK1,1,AKAP13;S2515;,0.01512901017150059,0.9848709898284994
MAPK1,1,AKAP2;S152;,0.9277461624799018,0.07225383752009812
MAPK1,1,AKAP2;S730;,0.00898923404858834,0.9910107659514115
MAPK1,1,AKAP6;S562;,0.01992129159651442,0.9800787084034855
MAPK1,1,AKAP9;S3669;,0.1711805954217231,0.828819404578277
MAPK1,1,AKT1S1;S184;,0.018791016858776703,0.9812089831412232
MAPK1,1,AKT1S1;T247;,0.018591506912026236,0.9814084930879737
MAPK1,1,ALKBH5;S362;,0.003001506131617878,0.9969984938683822
MAPK1,1,ALKBH5;S376;,0.008799515021429923,0.99120048497857
MAPK1,1,AMOTL1;S580;,0.020942175224414477,0.9790578247755857
MAPK1,1,ANP32A;S15;,0.007071065833821618,0.9929289341661783
MAPK1,1,AP3D1;S755;,0.007916112385724502,0.9920838876142756
MAPK1,1,ARFGAP2;S145;,0.7796435709125098,0.22035642908749042
MAPK1,1,ARFGEF2;S214;,0.011371324729386286,0.9886286752706138
MAPK1,1,ARFIP1;S39;,0.015462389849491784,0.9845376101505082
MAPK1,1,ARHGAP17;S710;,0.011528964728733554,0.9884710352712665
MAPK1,1,ARHGAP22;S200;,0.876311437747418,0.12368856225258199
MAPK1,1,ARHGAP22;S236;,0.010270608846867828,0.9897293911531321
MAPK1,1,ARHGAP35;S1174;,0.016316327340239644,0.9836836726597602
MAPK1,1,ARHGAP39;S284;,0.17446382517789513,0.8255361748221046
MAPK1,1,ARHGAP5;S1195;,0.007044610912316702,0.9929553890876832
MAPK1,1,ARHGAP5;S1202;,0.6684324535381586,0.3315675464618415
MAPK1,1,ARHGAP5;S967;,0.6310469326841187,0.3689530673158813
MAPK1,1,ARHGEF12;S337;,0.014539820584931237,0.9854601794150688
MAPK1,1,ARHGEF12;S341;,0.709174430817842,0.29082556918215785
MAPK1,1,ARHGEF17;S995;,0.025458131752171275,0.9745418682478286
MAPK1,1,ARHGEF5;S721;,0.020901265797032408,0.9790987342029677
MAPK1,1,ARPP21;S256;,0.007909076542909226,0.9920909234570907
MAPK1,1,ATF7;T53;,0.013949359019657383,0.9860506409803426
MAPK1,1,ATG14;S5;,0.014267663618949314,0.9857323363810507
MAPK1,1,ATG2A;S1246;,0.127534672000743,0.872465327999257
MAPK1,1,ATG2B;S240;,0.6630659478592568,0.33693405214074307
MAPK1,1,ATG2B;S255;,0.23178045512104056,0.7682195448789594
MAPK1,1,ATRX;S761;,0.002695620026617527,0.9973043799733825
MAPK1,1,ATXN2;S622;,0.6628121690033801,0.33718783099661986
MAPK1,1,ATXN2L;S109;,0.7900441543877419,0.209955845612258
MAPK1,1,ATXN2L;S447;,0.9277877616608181,0.07221223833918175
MAPK1,1,AZI1;S114;,0.01243891399437545,0.9875610860056249
MAPK1,1,AZI1;S304;,0.005704615298471867,0.994295384701528
MAPK1,1,BAD;S171;,0.014030368400222955,0.985969631599777
MAPK1,1,BAG3;S271;,0.21570490487128732,0.7842950951287125
MAPK1,1,BAG3;S387;,0.0338896823833332,0.9661103176166667
MAPK1,1,BAG3;S388;,0.7062709342295128,0.2937290657704871
MAPK1,1,BAIAP2L1;S218;,0.4187132757235448,0.5812867242764552
MAPK1,1,BAIAP2L1;S380;,0.013365666730977915,0.9866343332690221
MAPK1,1,BAZ2A;S1388;,0.8704819451068443,0.1295180548931556
MAPK1,1,BBX;S243;,0.3105415616949651,0.689458438305035
MAPK1,1,BCL9L;S116;,0.002818514590130103,0.99718148540987
MAPK1,1,BCL9L;S21;,0.011324612228346452,0.9886753877716534
MAPK1,1,BCL9L;S25;,0.9580145460459519,0.041985453954048124
MAPK1,1,BICD2;S611;,0.8634313885282551,0.13656861147174484
MAPK1,1,BICD2;S819;,0.012387422501108117,0.9876125774988919
MAPK1,1,BRAF;S134;,0.813403547960069,0.1865964520399311
MAPK1,1,BRD8;S274;,0.9384699856090679,0.06153001439093196
MAPK1,1,BRD8;T270;,0.5239329775330566,0.4760670224669435
MAPK1,1,BSDC1;S216;,0.026766508180667618,0.9732334918193323
MAPK1,1,C2CD4C;S262;,0.0025453269628799677,0.9974546730371201
MAPK1,1,CACNB1;S53;,0.018920058437688743,0.981079941562311
MAPK1,1,CALD1;S527;,0.39917070693281387,0.600829293067186
MAPK1,1,CAMK2D;T371;,0.04893056304924423,0.9510694369507557
MAPK1,1,CAMSAP1;S1154;,0.8665460248419901,0.13345397515801002
MAPK1,1,CAMSAP1;S517;,0.04527093980308818,0.9547290601969118
MAPK1,1,CAP2;S301;,0.5171450848782733,0.4828549151217267
MAPK1,1,CBX5;S93;,0.007428644134729024,0.9925713558652711
MAPK1,1,CCDC6;S143;,0.8455849345661927,0.1544150654338072
MAPK1,1,CCDC88A;S1638;,0.004735095496174233,0.9952649045038258
MAPK1,1,CCDC91;S71;,0.2756966867761925,0.7243033132238075
MAPK1,1,CDC42EP2;S137;,0.7572286498746646,0.24277135012533535
MAPK1,1,CDC42EP2;S141;,0.845859742582538,0.1541402574174619
MAPK1,1,CDC42EP4;S140;,0.8416458414035535,0.1583541585964466
MAPK1,1,CDKN1A;S69;,0.25917077581972553,0.7408292241802743
MAPK1,1,CDKN1B;S12;,0.00879370342725982,0.9912062965727401
MAPK1,1,CDKN1B;S7;,0.023178404919850088,0.9768215950801499
MAPK1,1,CEP170B;S1166;,0.003435513588980851,0.9965644864110191
MAPK1,1,CEP68;S503;,0.003864564547794819,0.9961354354522051
MAPK1,1,CEP68;S510;,0.9543213699518942,0.04567863004810589
MAPK1,1,CHAMP1;S532;,0.924948001744003,0.07505199825599707
MAPK1,1,CHD8;S549;,0.023186625054404664,0.9768133749455952
MAPK1,1,CHRND;S379;,0.02566314142643929,0.974336858573561
MAPK1,1,CIC;S1394;,0.00314113835343124,0.9968588616465689
MAPK1,1,CIC;S1399;,0.015418031936649894,0.9845819680633501
MAPK1,1,CLASP2;S331;,0.01504173546744542,0.9849582645325544
MAPK1,1,CLIP1;S159;,0.6956880627669624,0.3043119372330376
MAPK1,1,COBL;S31;,0.01644616097258778,0.9835538390274122
MAPK1,1,COBL;S34;,0.015884544147728333,0.9841154558522717
MAPK1,1,COG3;S536;,0.01815483628506636,0.9818451637149337
MAPK1,1,CORO7;S298;,0.014719543792547106,0.9852804562074526
MAPK1,1,DAB2IP;S802;,0.7328322758520461,0.2671677241479537
MAPK1,1,DAP;S2;,0.009993835373520625,0.9900061646264793
MAPK1,1,DAP;S3;,0.4289287147207761,0.5710712852792238
MAPK1,1,DBNDD1;S123;,0.006096792919356286,0.9939032070806436
MAPK1,1,DCAF6;S336;,0.25827207144277803,0.7417279285572219
MAPK1,1,DCLK1;S30;,0.01532245369425155,0.9846775463057486
MAPK1,1,DDX19A;S86;,0.8608531926161427,0.1391468073838573
MAPK1,1,DDX3X;S261;,0.07672555314451455,0.9232744468554853
MAPK1,1,DENND4C;S1037;,0.018347727927063944,0.981652272072936
MAPK1,1,DLG2;S323;,0.9533189570602802,0.04668104293971967
MAPK1,1,DLG2;S328;,0.7069536112536347,0.2930463887463653
MAPK1,1,DMXL1;S574;,0.015139046348744082,0.984860953651256
MAPK1,1,DNAJC2;T48;,0.028490806928747867,0.9715091930712522
MAPK1,1,DNAJC25;T353;,0.017665318388585018,0.9823346816114149
MAPK1,1,DOCK6;S1339;,0.002785510772025035,0.9972144892279748
MAPK1,1,DOCK7;S1361;,1.5004944827056215e-05,0.9999849950551729
MAPK1,1,DOCK7;S2107;,0.013533218661964263,0.9864667813380359
MAPK1,1,DOPEY1;S1261;,1.6338498446738713e-05,0.9999836615015532
MAPK1,1,DTNA;S606;,0.579456201571544,0.4205437984284562
MAPK1,1,DUSP27;S366;,0.007892563056141829,0.9921074369438581
MAPK1,1,DUSP27;S368;,0.006575004837844844,0.9934249951621551
MAPK1,1,DUSP27;S370;,0.011218111872196353,0.9887818881278037
MAPK1,1,DUSP27;S427;,0.006727056309831452,0.9932729436901686
MAPK1,1,DYNC1H1;S4365;,0.006872020845624422,0.9931279791543756
MAPK1,1,DYNC1I2;S81;,0.9735213712762475,0.026478628723752513
MAPK1,1,EEF2;T57;,0.04998317352196732,0.9500168264780326
MAPK1,1,EEF2K;S365;,0.0058387519585558255,0.9941612480414442
MAPK1,1,EHBP1L1;S1363;,0.012950165978585088,0.9870498340214151
MAPK1,1,EHD4;S459;,0.6624659890022752,0.33753401099772495
MAPK1,1,EIF3A;S584;,0.005028136847810553,0.9949718631521897
MAPK1,1,EIF4B;S422;,0.01575032181287731,0.9842496781871226
MAPK1,1,EIF4B;S424;,0.01009575525141694,0.9899042447485832
MAPK1,1,EIF4B;S425;,0.021979296899388327,0.9780207031006116
MAPK1,1,EIF4B;T420;,0.008817972340516235,0.9911820276594837
MAPK1,1,EIF4EBP1;S64;,0.560885213297654,0.439114786702346
MAPK1,1,EIF4EBP2;S2;,0.01406381088955256,0.9859361891104478
MAPK1,1,EIF5B;S183;,0.004912766712524086,0.9950872332874757
MAPK1,1,ELMSAN1;S456;,0.009984012570045704,0.9900159874299544
MAPK1,1,EPS8;S659;,0.011125470293121156,0.9888745297068787
MAPK1,1,ETL4;S1844;,0.9397340924013324,0.060265907598667644
MAPK1,1,ETV3;S139;,0.113761614585098,0.8862383854149021
MAPK1,1,FAM120C;S55;,0.8601299622795427,0.13987003772045725
MAPK1,1,FAM134C;S313;,0.008487339267214193,0.9915126607327857
MAPK1,1,FAM134C;S320;,0.008032482782861537,0.9919675172171384
MAPK1,1,FAM171A2;S423;,0.005570844379496405,0.9944291556205036
MAPK1,1,FAM65A;S752;,0.01394674268486971,0.9860532573151303
MAPK1,1,FBXO30;S379;,0.7669049253584315,0.23309507464156856
MAPK1,1,FHOD1;S489;,0.020099029689331586,0.9799009703106685
MAPK1,1,FHOD1;S501;,0.9300857270446266,0.06991427295537359
MAPK1,1,FHOD1;S504;,0.7616135754313156,0.23838642456868428
MAPK1,1,FHOD1;S513;,0.006757409494447644,0.9932425905055524
MAPK1,1,FHOD1;S523;,0.8160226818328509,0.1839773181671493
MAPK1,1,FLNC;S2147;,0.008022150944151756,0.9919778490558484
MAPK1,1,FLNC;S2234;,0.00917236642020486,0.9908276335797952
MAPK1,1,FMN1;S589;,0.5779821991995453,0.4220178008004547
MAPK1,1,FOSL2;S320;,0.7925098675584709,0.20749013244152917
MAPK1,1,FOSL2;T322;,0.03484901618544309,0.9651509838145568
MAPK1,1,FOXK1;S225;,0.7909335134028317,0.20906648659716817
MAPK1,1,FOXK2;T200;,0.6177914273051847,0.3822085726948154
MAPK1,1,FOXO3;S252;,0.004983129218391192,0.9950168707816088
MAPK1,1,FRMD8;S21;,0.004815756300152234,0.9951842436998479
MAPK1,1,FRYL;T1959;,0.009546286812500063,0.9904537131875001
MAPK1,1,GAB1;S418;,0.007695152216090089,0.99230484778391
MAPK1,1,GAB2;S142;,0.13434918147732727,0.8656508185226728
MAPK1,1,GAB2;S143;,0.7432468006182059,0.2567531993817942
MAPK1,1,GAB2;S211;,0.013463063866519362,0.9865369361334807
MAPK1,1,GAB2;S365;,0.38004273573691894,0.619957264263081
MAPK1,1,GAB2;T388;,0.008774296296545643,0.9912257037034545
MAPK1,1,GATAD2A;S103;,0.01642041758983537,0.9835795824101646
MAPK1,1,GATAD2A;S96;,0.014712379671164497,0.9852876203288354
MAPK1,1,GATAD2B;S338;,0.8783711682626928,0.12162883173730708
MAPK1,1,GBF1;S1786;,0.9360361026938798,0.06396389730612022
MAPK1,1,GIGYF1;S28;,0.9405589782369286,0.0594410217630715
MAPK1,1,GIT2;S568;,0.015338708797298392,0.9846612912027017
MAPK1,1,GOLGA4;S116;,0.01702991373656894,0.9829700862634311
MAPK1,1,GSK3A;S21;,0.006436279390285261,0.9935637206097145
MAPK1,1,GSK3A;S41;,0.012336374959702075,0.9876636250402978
MAPK1,1,GSK3B;S9;,0.008416910544794761,0.9915830894552053
MAPK1,1,GYS1;S728;,0.9323228616587579,0.06767713834124187
MAPK1,1,HBP1;S401;,0.8167112474343712,0.1832887525656288
MAPK1,1,HBS1L;S147;,0.012131138895553568,0.9878688611044465
MAPK1,1,HDAC6;S21;,0.5910281110946382,0.40897188890536185
MAPK1,1,HECTD1;S1392;,0.026857720430037358,0.9731422795699626
MAPK1,1,HECTD1;S1393;,0.03481565622953409,0.9651843437704656
MAPK1,1,HECTD1;S1573;,0.02590868426783691,0.974091315732163
MAPK1,1,HELB;S944;,0.870930126814852,0.12906987318514815
MAPK1,1,HERC1;S1163;,0.9172506864346778,0.08274931356532202
MAPK1,1,HERC1;T1154;,0.30247609372532364,0.6975239062746768
MAPK1,1,HIRIP3;S27;,0.3956616032643835,0.6043383967356166
MAPK1,1,HN1L;S97;,0.7037032713039393,0.2962967286960609
MAPK1,1,HOMER3;S158;,0.0026957419352882403,0.9973042580647118
MAPK1,1,HUWE1;S1876;,0.024089757251174987,0.9759102427488253
MAPK1,1,HUWE1;S3639;,0.36050374531140794,0.6394962546885921
MAPK1,1,HUWE1;S3898;,0.9193603736015775,0.08063962639842231
MAPK1,1,HUWE1;T3903;,0.9486830261577015,0.05131697384229853
MAPK1,1,IREB2;S178;,0.017950155461413896,0.9820498445385859
MAPK1,1,IRF2BPL;S69;,0.8146306877162347,0.1853693122837655
MAPK1,1,ITSN1;S1063;,0.020816413005554826,0.9791835869944452
MAPK1,1,ITSN1;S315;,0.00722179397038567,0.9927782060296141
MAPK1,1,JMY;S56;,0.010737826787047199,0.989262173212953
MAPK1,1,JSRP1;S47;,0.008546425402083866,0.9914535745979163
MAPK1,1,KANK2;S358;,0.004228227591672865,0.9957717724083273
MAPK1,1,KCTD3;S809;,0.0168680320349618,0.9831319679650382
MAPK1,1,KDM2A;S718;,0.9327470763853025,0.06725292361469733
MAPK1,1,KDM2A;T713;,0.8528364213127755,0.1471635786872244
MAPK1,1,KDM5C;S316;,1.9172442318419717e-05,0.9999808275576817
MAPK1,1,KPNA1;S2;,0.013242767245552437,0.9867572327544475
MAPK1,1,KPNA1;T3;,0.2584454787769122,0.7415545212230876
MAPK1,1,LAMTOR1;S98;,0.008924156912050119,0.9910758430879498
MAPK1,1,LARP1;S916;,0.013308896728790178,0.9866911032712098
MAPK1,1,LARP1;T932;,0.8307506889119807,0.16924931108801936
MAPK1,1,LARP4B;S498;,0.0035674566894206795,0.9964325433105793
MAPK1,1,LDB3;S112;,0.32233535098884464,0.6776646490111552
MAPK1,1,LIMA1;S360;,0.8916643882527087,0.10833561174729132
MAPK1,1,LIMA1;S603;,0.7640882560836351,0.23591174391636507
MAPK1,1,LIMA1;S608;,0.9278426775827469,0.072157322417253
MAPK1,1,LIMA1;S703;,0.7830652253803633,0.21693477461963656
MAPK1,1,LMNA;S404;,0.009008841309097152,0.9909911586909027
MAPK1,1,LMNA;S406;,0.003696722729900478,0.9963032772700994
MAPK1,1,LMNA;S407;,0.03311955083408904,0.966880449165911
MAPK1,1,LMNA;S423;,0.012118271038054585,0.9878817289619453
MAPK1,1,LMNA;S424;,0.021233876120664463,0.9787661238793355
MAPK1,1,LMO7;S1541;,1.892563752962757e-05,0.9999810743624703
MAPK1,1,LMO7;S1543;,0.004132955909632873,0.9958670440903672
MAPK1,1,LOC100360205;S239;,0.009467552465968837,0.990532447534031
MAPK1,1,LOC100365259;S393;,0.0036212519153702946,0.9963787480846296
MAPK1,1,LOC100910104;S475;,0.006189027987885192,0.9938109720121148
MAPK1,1,LOC100910104;S532;,0.01896885940961838,0.9810311405903813
MAPK1,1,LOC100910104;S719;,0.820138851084494,0.179861148915506
MAPK1,1,LOC100910646;S166;,0.018868201108000707,0.9811317988919993
MAPK1,1,LOC100911178;S1643;,0.3890759116054952,0.6109240883945047
MAPK1,1,LOC100911302;S1721;,0.8024009548610712,0.19759904513892895
MAPK1,1,LOC100911677;S490;,0.011087443525356065,0.9889125564746438
MAPK1,1,LOC100912115;S649;,0.7954875260083247,0.20451247399167527
MAPK1,1,LOC312502;S1164;,0.7940798182808402,0.20592018171915974
MAPK1,1,LOC312502;S138;,0.012961093919458813,0.9870389060805411
MAPK1,1,LOC312502;S139;,0.014416424675941014,0.9855835753240587
MAPK1,1,LOC312502;S483;,0.8359471141600463,0.16405288583995384
MAPK1,1,LOC683007;S1204;,0.8827590331107441,0.11724096688925607
MAPK1,1,LOC683007;S1207;,0.027432722273560882,0.9725672777264392
MAPK1,1,LOC684259;S780;,0.013962798536366856,0.9860372014636333
MAPK1,1,LOC685707;S1251;,0.9476696214728632,0.05233037852713696
MAPK1,1,LRRFIP2;S18;,0.013453712657991208,0.9865462873420089
MAPK1,1,LRRFIP2;T136;,0.018738765351663616,0.9812612346483366
MAPK1,1,LYSMD1;S33;,0.015569387462476296,0.9844306125375238
MAPK1,1,MACF1;S1376;,0.005706749628329196,0.9942932503716708
MAPK1,1,MACF1;S5293;,0.9394507374005007,0.060549262599499366
MAPK1,1,MAF1;S60;,0.8884338568062934,0.11156614319370663
MAPK1,1,MAP1A;S1757;,0.05653542586573988,0.9434645741342602
MAPK1,1,MAP1A;T2177;,0.7440279999623538,0.2559720000376462
MAPK1,1,MAP1A;T504;,0.8875441805774078,0.11245581942259213
MAPK1,1,MAP1B;S1257;,0.9053384240544663,0.0946615759455338
MAPK1,1,MAP1B;S1389;,0.8177023076877984,0.1822976923122017
MAPK1,1,MAP1B;S1393;,0.726920840776484,0.27307915922351594
MAPK1,1,MAP1B;T1781;,0.02571076996870594,0.974289230031294
MAPK1,1,MAP1S;S683;,0.9586130837024145,0.041386916297585404
MAPK1,1,MAP4;S902;,0.019445723668643965,0.9805542763313562
MAPK1,1,MAP4K4;S591;,0.025869492143781616,0.9741305078562185
MAPK1,1,MAP4K4;S791;,0.014673160100756599,0.9853268398992433
MAPK1,1,MAP4K4;S794;,0.01726305491219206,0.9827369450878081
MAPK1,1,MAPK1;Y185;,0.09003730906370948,0.9099626909362907
MAPK1,1,MAPK14;Y182;,0.07944705567426671,0.9205529443257334
MAPK1,1,MAPK8;Y185;,0.073555158234665,0.9264448417653349
MAPK1,1,MARCKS;S141;,0.012890589360776888,0.9871094106392231
MAPK1,1,MARK3;S593;,0.012526980527185646,0.9874730194728143
MAPK1,1,MARK3;T594;,0.036760658599670266,0.9632393414003296
MAPK1,1,MATR3;S188;,6.844436335398457e-06,0.9999931555636645
MAPK1,1,MBD3;S85;,0.003145715079418086,0.996854284920582
MAPK1,1,MBD3;S86;,0.010640483312304496,0.9893595166876954
MAPK1,1,MDM2;S138;,0.009463505297843438,0.9905364947021567
MAPK1,1,MED1;S1465;,0.5593727540471317,0.4406272459528681
MAPK1,1,MED1;S1467;,0.007676549745339592,0.9923234502546602
MAPK1,1,MED1;S1468;,0.04026222652222698,0.9597377734777732
MAPK1,1,MED24;S860;,0.0037327359022975,0.9962672640977026
MAPK1,1,MED24;S861;,0.012703779060515105,0.9872962209394848
MAPK1,1,MEF2C;S226;,0.25785797870022337,0.7421420212997765
MAPK1,1,MID1;S96;,0.9299076897626858,0.07009231023731435
MAPK1,1,MKL1;S571;,0.848919935955653,0.15108006404434696
MAPK1,1,MLL2;S2291;,0.8442689769259871,0.1557310230740127
MAPK1,1,MLLT4;S216;,0.011980105821554598,0.9880198941784453
MAPK1,1,MLLT4;S246;,0.007740295464033894,0.992259704535966
MAPK1,1,MON2;S197;,0.004929580412907814,0.9950704195870922
MAPK1,1,MPHOSPH10;S168;,0.015320337206992595,0.9846796627930073
MAPK1,1,MPRIP;S369;,0.8193052917063912,0.1806947082936089
MAPK1,1,MTFR1L;S100;,0.016730820077968896,0.983269179922031
MAPK1,1,MTFR1L;S234;,0.013916349101300485,0.9860836508986995
MAPK1,1,MTFR1L;S235;,0.013950827698923312,0.9860491723010766
MAPK1,1,MTSS1L;S575;,0.8215582273825618,0.17844177261743824
MAPK1,1,MURC;S20;,0.006728678221348914,0.9932713217786513
MAPK1,1,MUSK;S689;,0.008673655080762807,0.9913263449192372
MAPK1,1,MUSK;S690;,0.4845534345126804,0.5154465654873196
MAPK1,1,MYBBP1A;S1283;,0.9276329587657983,0.07236704123420167
MAPK1,1,MYCBP2;S2750;,0.007912356327223733,0.9920876436727762
MAPK1,1,MYOZ2;T32;,0.9208717633258247,0.07912823667417528
MAPK1,1,NACA;S1125;,0.8097668711251652,0.19023312887483482
MAPK1,1,NACA;S1345;,0.7803523027540459,0.21964769724595404
MAPK1,1,NACA;S1454;,0.8489493397754735,0.15105066022452676
MAPK1,1,NACA;S1720;,0.7255510686249516,0.27444893137504844
MAPK1,1,NACA;S914;,0.9221698613113941,0.07783013868860596
MAPK1,1,NACA;S942;,0.5939439362752705,0.4060560637247293
MAPK1,1,NCAPH;S24;,0.7263486805469203,0.2736513194530795
MAPK1,1,NCOR1;S363;,0.7017963583876673,0.29820364161233254
MAPK1,1,NCOR2;S1747;,0.6687331785275581,0.3312668214724419
MAPK1,1,NDRG1;S330;,0.023725547685361264,0.9762744523146388
MAPK1,1,NDRG1;T328;,0.006316017431113513,0.9936839825688865
MAPK1,1,NDRG2;T334;,0.009224792235183136,0.9907752077648169
MAPK1,1,NEK9;S16;,0.030046593413721873,0.969953406586278
MAPK1,1,NEK9;S736;,0.002561738979596771,0.9974382610204032
MAPK1,1,NELFE;S131;,0.008360115673494534,0.9916398843265055
MAPK1,1,NES;S1071;,0.015170154725401279,0.9848298452745987
MAPK1,1,NES;S1123;,0.009941667148171464,0.9900583328518286
MAPK1,1,NES;S1131;,0.010619626639306616,0.9893803733606936
MAPK1,1,NES;S620;,0.5403409044024468,0.4596590955975534
MAPK1,1,NES;S784;,0.019619225473473514,0.9803807745265264
MAPK1,1,NEXN;S280;,0.003686847059871419,0.9963131529401287
MAPK1,1,NFIX;S265;,0.03546986264092459,0.9645301373590753
MAPK1,1,NHSL1;T1376;,0.8963826720520961,0.10361732794790393
MAPK1,1,NUMA1;S1935;,0.003938305273475564,0.9960616947265245
MAPK1,1,NUMA1;S1958;,0.008837773011734376,0.9911622269882656
MAPK1,1,NUP35;S73;,0.8858777916050585,0.1141222083949416
MAPK1,1,OPTN;S188;,0.015166439135061653,0.9848335608649381
MAPK1,1,PACS2;S319;,0.7541371738279974,0.2458628261720026
MAPK1,1,PAK1;S144;,0.015587007493357988,0.9844129925066422
MAPK1,1,PAK1;S203;,0.012206955025573653,0.9877930449744263
MAPK1,1,PAK2;S197;,0.005014739130579969,0.9949852608694201
MAPK1,1,PARD3;S715;,0.007462185736929144,0.9925378142630708
MAPK1,1,PARVA;S14;,0.9378408780071722,0.062159121992828
MAPK1,1,PATL1;S184;,0.9101838476754236,0.08981615232457656
MAPK1,1,PBXIP1;S132;,0.009536863648729455,0.9904631363512706
MAPK1,1,PBXIP1;S133;,0.5825468660919578,0.41745313390804195
MAPK1,1,PCM1;S1280;,0.017812889474084027,0.982187110525916
MAPK1,1,PCM1;S380;,0.019159532039707106,0.980840467960293
MAPK1,1,PCM1;S384;,0.017793453554610563,0.9822065464453894
MAPK1,1,PDAP1;S176;,0.004425798507968479,0.9955742014920316
MAPK1,1,PDAP1;S178;,0.00708670778688116,0.9929132922131187
MAPK1,1,PDCD4;S420;,0.007626570468100915,0.992373429531899
MAPK1,1,PDCD4;S76;,0.007548223423990061,0.9924517765760099
MAPK1,1,PDLIM7;S209;,0.029431749850059214,0.9705682501499407
MAPK1,1,PDLIM7;T214;,0.14501462722346897,0.8549853727765313
MAPK1,1,PDLIM7;T215;,0.8328505356273767,0.16714946437262337
MAPK1,1,PDS5B;S1176;,0.0044301490332740705,0.9955698509667258
MAPK1,1,PDXDC1;T554;,0.8924130297184002,0.10758697028159983
MAPK1,1,PELO;S55;,0.029293001714471877,0.9707069982855281
MAPK1,1,PEX1;S1209;,0.0050394549212263206,0.9949605450787737
MAPK1,1,PFKFB2;S469;,0.013927558025206458,0.9860724419747935
MAPK1,1,PHF1;S410;,0.8425722681140803,0.15742773188591963
MAPK1,1,PHF1;S415;,0.9166780686556499,0.08332193134435016
MAPK1,1,PHF2;S782;,0.9395922747734485,0.06040772522655156
MAPK1,1,PHIP;S1251;,0.004415810595764888,0.9955841894042352
MAPK1,1,PHLDB1;S431;,0.005190531837768085,0.994809468162232
MAPK1,1,PHLDB1;S534;,0.02306937627886758,0.9769306237211324
MAPK1,1,PHLDB2;S241;,0.007528106554710963,0.992471893445289
MAPK1,1,PI4K2A;S43;,0.030920038192747797,0.9690799618072521
MAPK1,1,PI4K2A;S46;,0.4380836525051079,0.5619163474948922
MAPK1,1,PI4K2A;S461;,0.009189615950728215,0.9908103840492718
MAPK1,1,PI4K2A;S50;,0.9700811324109389,0.02991886758906112
MAPK1,1,PID1;S230;,0.02348162477134307,0.9765183752286569
MAPK1,1,PID1;S231;,0.0073325961365053845,0.9926674038634946
MAPK1,1,PID1;S232;,0.006297105702771368,0.9937028942972287
MAPK1,1,PID1;S242;,0.018470086923387297,0.9815299130766127
MAPK1,1,PIEZO1;S1370;,0.9218161337811953,0.07818386621880467
MAPK1,1,PIK3C2A;S261;,0.6249161252054447,0.3750838747945551
MAPK1,1,PLEC;S4246;,0.027340421646652357,0.9726595783533477
MAPK1,1,PLEC;S4249;,0.020975481848492458,0.9790245181515076
MAPK1,1,PNISR;S290;,0.011715170193836884,0.9882848298061631
MAPK1,1,POM121;S370;,0.04728839331554302,0.9527116066844569
MAPK1,1,PPAN;S233;,0.021244848612013152,0.9787551513879869
MAPK1,1,PPAN;S238;,0.009283560310356324,0.9907164396896437
MAPK1,1,PPAN;S240;,0.011943475878666074,0.9880565241213339
MAPK1,1,PPP1R12C;S508;,0.8764451377668394,0.12355486223316053
MAPK1,1,PPP1R13L;S110;,0.9573135140626535,0.04268648593734647
MAPK1,1,PPP1R13L;S154;,0.7708888657233843,0.22911113427661584
MAPK1,1,PPP1R13L;S360;,0.9405484449374807,0.05945155506251929
MAPK1,1,PPP6R2;S629;,0.8292505326103086,0.17074946738969146
MAPK1,1,PPP6R2;S719;,0.8041681220333722,0.19583187796662774
MAPK1,1,PRKAA1;S496;,0.00689976818171788,0.9931002318182821
MAPK1,1,PRKAB1;S108;,0.015373112559455414,0.9846268874405445
MAPK1,1,PRRC2A;S765;,0.036022131288337624,0.9639778687116625
MAPK1,1,PRRC2B;S259;,0.017672003359372534,0.9823279966406273
MAPK1,1,PSMA5;T55;,0.009140550280567487,0.9908594497194325
MAPK1,1,PSMC3;S12;,0.7515455562029011,0.248454443797099
MAPK1,1,PSMC3;S9;,0.795540912298988,0.20445908770101218
MAPK1,1,PTPN12;T544;,0.0397899370912113,0.9602100629087889
MAPK1,1,PTPN21;S599;,0.008158955644268658,0.9918410443557314
MAPK1,1,PTPN21;S762;,0.029695314633957345,0.9703046853660426
MAPK1,1,PTRF;S169;,0.029138322160017653,0.9708616778399823
MAPK1,1,PTRF;S171;,0.04231583144121178,0.9576841685587881
MAPK1,1,PUM2;S82;,0.8595560026421942,0.1404439973578057
MAPK1,1,PXN;S106;,0.008546896802004092,0.9914531031979957
MAPK1,1,PXN;S137;,0.04086652520488214,0.9591334747951178
MAPK1,1,PXN;S83;,0.9227925731555476,0.07720742684445239
MAPK1,1,RABGEF1;T142;,0.02028329517474772,0.9797167048252521
MAPK1,1,RAF1;S295;,0.12633469413619755,0.8736653058638023
MAPK1,1,RAF1;S296;,0.532218486599373,0.467781513400627
MAPK1,1,RAI14;T249;,0.6620904188500365,0.3379095811499634
MAPK1,1,RANBP10;S481;,0.00571041864092873,0.9942895813590711
MAPK1,1,RANBP3;S58;,0.007155102625073318,0.9928448973749265
MAPK1,1,RAPGEF1;S306;,0.011057335172350816,0.9889426648276491
MAPK1,1,RAPGEF1;S308;,0.004267958489860883,0.9957320415101393
MAPK1,1,RAVER1;S576;,0.47620820337846387,0.5237917966215361
MAPK1,1,RB1CC1;S243;,0.6281852170356512,0.3718147829643489
MAPK1,1,RBM3;S145;,0.0059448377634774485,0.9940551622365225
MAPK1,1,RBM7;S72;,0.002619255741249289,0.9973807442587507
MAPK1,1,RFX7;S1177;,0.006677577327172643,0.9933224226728274
MAPK1,1,RGD1307838;S900;,0.0027531061967261557,0.9972468938032739
MAPK1,1,RGD1307838;S903;,0.009065566604235313,0.9909344333957645
MAPK1,1,RGD1308297;S518;,0.10319215178557563,0.8968078482144246
MAPK1,1,RGD1309586;S243;,0.007936075578570248,0.9920639244214299
MAPK1,1,RGD1309586;S59;,0.003206921235774807,0.9967930787642251
MAPK1,1,RGD1310016;S1171;,0.014295463237603468,0.9857045367623963
MAPK1,1,RGD1311783;S45;,0.014382402701851442,0.9856175972981487
MAPK1,1,RGD1311783;S46;,0.015318532927718662,0.9846814670722814
MAPK1,1,RGD1560225;S763;,0.14414837086892832,0.8558516291310718
MAPK1,1,RGD1561609;S759;,0.011340451263740552,0.9886595487362595
MAPK1,1,RGD1562639;S1035;,0.005063112460287307,0.9949368875397127
MAPK1,1,RGD1566017;S802;,0.011179005208958488,0.9888209947910416
MAPK1,1,RIN2;S494;,0.012904354031781584,0.9870956459682183
MAPK1,1,RIPK2;S412;,0.018964721466324195,0.9810352785336758
MAPK1,1,RNF40;S586;,0.004854792892838415,0.9951452071071617
MAPK1,1,RPS6KA3;S715;,0.28915331722018556,0.7108466827798146
MAPK1,1,RPS6KA4;S681;,0.006903701306036819,0.9930962986939632
MAPK1,1,RPS6KA4;S682;,0.32572746682073267,0.6742725331792673
MAPK1,1,RPS6KB1;S404;,0.021515360356992565,0.9784846396430075
MAPK1,1,RPTOR;S863;,0.9388269343835193,0.06117306561648088
MAPK1,1,RRP1B;S524;,0.7179666816899866,0.28203331831001355
MAPK1,1,RRP1B;T521;,0.515900326324003,0.4840996736759971
MAPK1,1,RTF1;S416;,0.007778403216938078,0.992221596783062
MAPK1,1,RUFY1;S50;,0.5586008884057426,0.4413991115942574
MAPK1,1,RUNX1T1;T568;,0.5870481469394201,0.4129518530605799
MAPK1,1,SAMD4B;S271;,0.9701771793148996,0.029822820685100334
MAPK1,1,SAP30L;T91;,0.009178304041093713,0.9908216959589062
MAPK1,1,SBF1;S1141;,0.006329483405668544,0.9936705165943315
MAPK1,1,SCRIB;S1315;,0.8955023802132697,0.10449761978673047
MAPK1,1,SCRIB;S1529;,0.01452754496187565,0.9854724550381242
MAPK1,1,SENP7;S47;,0.8417004688843039,0.1582995311156961
MAPK1,1,SETD2;S511;,0.8099690106418816,0.19003098935811813
MAPK1,1,SF3B1;T326;,0.04062627771660882,0.959373722283391
MAPK1,1,SFPQ;T586;,0.5079926300991726,0.4920073699008274
MAPK1,1,SGTA;S306;,0.006358147021764552,0.9936418529782355
MAPK1,1,SGTA;S308;,0.017993061442766006,0.9820069385572342
MAPK1,1,SH3BP5;S420;,0.01079320532382454,0.9892067946761754
MAPK1,1,SH3D19;S274;,0.8815752122286538,0.11842478777134623
MAPK1,1,SH3PXD2A;S368;,0.013953358339373029,0.9860466416606268
MAPK1,1,SH3PXD2A;S495;,0.5573880376669859,0.4426119623330142
MAPK1,1,SH3PXD2A;S956;,1.3111682415627704e-05,0.9999868883175843
MAPK1,1,SHC3;S359;,0.6514021478136685,0.3485978521863315
MAPK1,1,SIK2;S673;,0.0074158871176691465,0.9925841128823308
MAPK1,1,SIPA1L1;S1408;,0.02309019150285529,0.9769098084971447
MAPK1,1,SIPA1L1;S1411;,0.01829928127665001,0.9817007187233502
MAPK1,1,SIPA1L1;S288;,0.007242441107643686,0.9927575588923564
MAPK1,1,SLC2A13;S38;,0.013698707840330835,0.9863012921596693
MAPK1,1,SLC2A13;S44;,0.015298057404086771,0.9847019425959131
MAPK1,1,SLC2A13;S47;,0.01601902469049128,0.9839809753095086
MAPK1,1,SLC4A7;S1171;,0.02087842312267434,0.9791215768773255
MAPK1,1,SLC4A7;S263;,0.014120420139003427,0.9858795798609965
MAPK1,1,SLK;S778;,0.014790429929928267,0.9852095700700718
MAPK1,1,SMCR7L;S59;,0.9501881461651833,0.04981185383481673
MAPK1,1,SMCR8;S416;,0.016283424439525906,0.9837165755604741
MAPK1,1,SMCR8;S486;,0.013415131879806705,0.9865848681201933
MAPK1,1,SMCR8;S488;,0.0140534524220541,0.9859465475779459
MAPK1,1,SMCR8;S491;,0.011089583485017637,0.9889104165149825
MAPK1,1,SMCR8;S497;,0.013102885862526515,0.9868971141374736
MAPK1,1,SMG6;S537;,0.7450754299564868,0.2549245700435132
MAPK1,1,SNW1;S224;,0.01282233971918028,0.9871776602808199
MAPK1,1,SNX8;S454;,0.8605212627486725,0.13947873725132753
MAPK1,1,SON;S94;,0.004039263058607421,0.9959607369413924
MAPK1,1,SORBS1;S857;,0.7047596957923496,0.29524030420765024
MAPK1,1,SOS1;S1120;,0.01461825144379279,0.9853817485562072
MAPK1,1,SOX6;S399;,0.8664088829739203,0.13359111702607981
MAPK1,1,SOX6;S402;,0.884050228500454,0.11594977149954637
MAPK1,1,SOX6;T401;,0.022604947912351098,0.9773950520876489
MAPK1,1,SPAG7;S219;,0.00522944300400713,0.9947705569959928
MAPK1,1,SPAG9;S203;,0.006687839413164425,0.9933121605868355
MAPK1,1,SPAG9;S716;,0.004850379135611143,0.995149620864389
MAPK1,1,SPHK2;S379;,0.012797890014762307,0.9872021099852377
MAPK1,1,SRPK2;S487;,0.006953042899051727,0.9930469571009483
MAPK1,1,SRRM2;S2228;,0.47066031167079275,0.5293396883292073
MAPK1,1,SRRM2;S2338;,0.6918239265436668,0.3081760734563333
MAPK1,1,SRSF10;S131;,0.02785931097546073,0.9721406890245392
MAPK1,1,SRSF11;S200;,0.7690024556145273,0.23099754438547296
MAPK1,1,STARD13;S334;,0.6176248042164914,0.3823751957835087
MAPK1,1,STAT3;S727;,0.8676937111677936,0.13230628883220635
MAPK1,1,STIM1;S257;,0.022030032208631003,0.9779699677913689
MAPK1,1,STIM1;S523;,0.01901029841641973,0.9809897015835803
MAPK1,1,STIM1;S524;,0.01605007426940763,0.9839499257305924
MAPK1,1,STIM2;S675;,0.013911349324018996,0.9860886506759811
MAPK1,1,STK11IP;S443;,0.7320377535256125,0.2679622464743875
MAPK1,1,STK3;S385;,0.440839916889325,0.559160083110675
MAPK1,1,STMN1;S16;,0.0064731486186603345,0.9935268513813394
MAPK1,1,STMN1;S25;,0.8389890613239116,0.16101093867608823
MAPK1,1,STMN1;S38;,0.94717129434909,0.05282870565090996
MAPK1,1,STRN3;S227;,0.40695812069498605,0.5930418793050141
MAPK1,1,SUN2;S12;,0.006494952416142809,0.9935050475838575
MAPK1,1,SVIL;S1177;,0.48692458365571534,0.5130754163442848
MAPK1,1,SVIL;S259;,0.004746674978002062,0.9952533250219979
MAPK1,1,SVIL;S531;,0.1646012404400153,0.8353987595599848
MAPK1,1,SYNPO2L;S401;,0.00835257410347894,0.9916474258965212
MAPK1,1,SYNPO2L;T141;,0.022490479416638634,0.9775095205833614
MAPK1,1,SZT2;S1641;,0.00895545629137627,0.9910445437086237
MAPK1,1,TACC2;S575;,0.9278109359694194,0.07218906403058048
MAPK1,1,TANC2;S1447;,0.012365539338456431,0.9876344606615436
MAPK1,1,TBC1D1;S231;,0.01731029920459137,0.9826897007954087
MAPK1,1,TBC1D1;S662;,0.015277232988958889,0.984722767011041
MAPK1,1,TBC1D1;T590;,0.006781678901211889,0.9932183210987878
MAPK1,1,TBC1D16;S382;,0.014418731513660181,0.9855812684863395
MAPK1,1,TCF12;S583;,0.0038841374894846227,0.9961158625105153
MAPK1,1,TDRD3;S256;,0.004182716367833776,0.9958172836321663
MAPK1,1,TENC1;T996;,0.08343338343510949,0.9165666165648906
MAPK1,1,TFE3;S531;,0.018543155677386278,0.9814568443226135
MAPK1,1,TJP1;S1602;,0.8885315909435535,0.11146840905644657
MAPK1,1,TJP1;S1604;,0.011113778758404134,0.988886221241596
MAPK1,1,TJP2;S147;,0.026679520612318538,0.9733204793876814
MAPK1,1,TMEM245;S327;,0.9277060171754484,0.07229398282455143
MAPK1,1,TMEM55A;S14;,0.011695695023835854,0.9883043049761642
MAPK1,1,TNKS1BP1;S1642;,0.008352807871779673,0.9916471921282204
MAPK1,1,TNRC6B;S306;,0.6889384478354708,0.3110615521645293
MAPK1,1,TNRC6B;S421;,0.74842780838635,0.25157219161364996
MAPK1,1,TRAK1;S390;,0.5435001510226594,0.4564998489773407
MAPK1,1,TRAK1;S905;,0.019056195046617402,0.9809438049533826
MAPK1,1,TRAPPC12;S314;,0.7545963506350966,0.24540364936490344
MAPK1,1,TRIM28;S474;,0.005413058797480151,0.9945869412025198
MAPK1,1,TRIO;S2459;,0.6863402806792689,0.31365971932073117
MAPK1,1,TRIO;S2463;,0.9248154419586225,0.07518455804137764
MAPK1,1,TRIP12;T1454;,0.01978941464000514,0.9802105853599948
MAPK1,1,TSC2;S939;,0.00465720664604536,0.9953427933539548
MAPK1,1,TSSC4;S190;,0.658711762479367,0.34128823752063303
MAPK1,1,TTN;S305;,0.013878223748183968,0.986121776251816
MAPK1,1,UBA1;S13;,0.009730798400047957,0.990269201599952
MAPK1,1,UBA5;S380;,0.0055080850929935836,0.9944919149070066
MAPK1,1,UBE2O;S835;,0.8344546094536565,0.1655453905463435
MAPK1,1,UBE2O;T830;,0.011810373457936167,0.9881896265420639
MAPK1,1,UBE4B;S88;,0.5914014487140211,0.40859855128597894
MAPK1,1,ULK1;S450;,0.4657777795117037,0.5342222204882965
MAPK1,1,ULK1;S465;,0.015561927514909434,0.9844380724850907
MAPK1,1,ULK1;S477;,0.7861214524816166,0.2138785475183834
MAPK1,1,ULK1;S479;,0.7779620496327944,0.22203795036720567
MAPK1,1,ULK1;S637;,0.011544531831961214,0.9884554681680386
MAPK1,1,ULK1;T468;,0.042972636327671725,0.9570273636723284
MAPK1,1,ULK1;T659;,0.025857323329468503,0.9741426766705313
MAPK1,1,USP10;S224;,0.8817752230354301,0.11822477696456983
MAPK1,1,VAPA;S164;,0.01257169178472273,0.9874283082152774
MAPK1,1,VIM;S420;,0.01811800549028158,0.9818819945097186
MAPK1,1,VIM;S430;,0.023235694453859503,0.9767643055461406
MAPK1,1,VIM;T426;,0.015640166072708617,0.9843598339272912
MAPK1,1,VPS26B;S304;,0.018522510961025866,0.981477489038974
MAPK1,1,WIPF2;S235;,0.6266782690774507,0.37332173092254917
MAPK1,1,WNK1;S165;,0.006481613262994759,0.9935183867370053
MAPK1,1,WWC3;S955;,0.006037377050513962,0.9939626229494861
MAPK1,1,YAP1;S46;,0.013794693469690616,0.9862053065303094
MAPK1,1,ZC3H13;S368;,0.012751807896522008,0.9872481921034781
MAPK1,1,ZC3HAV1;S307;,0.7821745077639116,0.2178254922360884
MAPK1,1,ZC3HAV1;S325;,0.021004554167087155,0.9789954458329128
MAPK1,1,ZC3HAV1;S544;,0.6950380964848475,0.3049619035151528
MAPK1,1,ZC3HC1;S343;,0.769349746963373,0.23065025303662712
MAPK1,1,ZC3HC1;T351;,0.02036169331674269,0.9796383066832575
MAPK1,1,ZFP295;S411;,0.005819420491723097,0.9941805795082771
MAPK1,1,ZFYVE16;S903;,0.023789897736329214,0.9762101022636709
MAPK1,1,ZNRF2;S148;,0.03363823184518839,0.9663617681548115
MAPK1,1,ZNRF2;S154;,0.7689948921138938,0.23100510788610634
MAPK1,1,ZNRF2;S18;,0.011338716132640309,0.9886612838673594
MAPK1,1,ZNRF2;S81;,0.013276927183245291,0.9867230728167548
MAPK1,1,ZYX;S143;,0.007852809158387269,0.9921471908416127
MAPK1,1,ZYX;S144;,0.0202492497842114,0.9797507502157885
MAPK1,1,ZYX;S336;,0.6408928428560787,0.3591071571439212
MAPK1,1,ZZEF1;S1516;,0.9293154112429128,0.0706845887570871
MAPK1,1,ZZEF1;S1535;,0.00679476682780325,0.9932052331721967
MAPK1,2,AAK1;S677;,0.02012418230015822,0.979875817699842
MAPK1,2,ABCC4;S604;,0.85124209056991,0.14875790943009007
MAPK1,2,ABI2;S165;,0.010919799143710426,0.9890802008562897
MAPK1,2,ABI2;S168;,0.011314652530053515,0.9886853474699465
MAPK1,2,ABL2;S799;,0.005907472439187204,0.9940925275608128
MAPK1,2,ABLIM3;S566;,0.19778407022121822,0.8022159297787818
MAPK1,2,ABLIM3;S575;,0.029909218563070775,0.9700907814369294
MAPK1,2,ACACA;S79;,0.03290332383931122,0.9670966761606886
MAPK1,2,ACIN1;S711;,0.007689973648658796,0.9923100263513411
MAPK1,2,ADD1;S613;,0.12916663791097227,0.8708333620890277
MAPK1,2,ADD1;T614;,0.7485619087902937,0.2514380912097063
MAPK1,2,ADNP;S971;,0.6209973378687162,0.3790026621312837
MAPK1,2,AFF4;S823;,0.03682197576196986,0.9631780242380302
MAPK1,2,AGAP3;S107;,0.42601277094091994,0.57398722905908
MAPK1,2,AHCTF1;S1214;,0.031923332157450475,0.9680766678425496
MAPK1,2,AHNAK;S1191;,0.05339159305979255,0.9466084069402071
MAPK1,2,AHNAK;S177;,0.009521488199489874,0.9904785118005102
MAPK1,2,AHNAK;S2060;,0.15095427325336025,0.8490457267466398
MAPK1,2,AHNAK;S211;,0.013647219789777697,0.9863527802102225
MAPK1,2,AHNAK;S2117;,0.052377194228166654,0.9476228057718336
MAPK1,2,AHNAK;S222;,0.021464276282785966,0.9785357237172139
MAPK1,2,AHNAK;S3915;,0.1911951397266521,0.8088048602733477
MAPK1,2,AHNAK;S42;,0.3750543828253805,0.6249456171746195
MAPK1,2,AHNAK;S4597;,0.5927232002939764,0.4072767997060237
MAPK1,2,AHNAK;S5243;,0.5327140633753004,0.4672859366246996
MAPK1,2,AHNAK;T4049;,0.2757158781222864,0.7242841218777136
MAPK1,2,AHNAK2;S425;,0.1333654273702441,0.866634572629756
MAPK1,2,AHNAK2;T438;,0.13600370434990908,0.863996295650091
MAPK1,2,AIMP1;S110;,0.007559538756989625,0.9924404612430104
MAPK1,2,AJUBA;S129;,0.8678682952998049,0.13213170470019528
MAPK1,2,AKAP1;S103;,0.025901463902259662,0.9740985360977403
MAPK1,2,AKAP10;S278;,0.01847363783241097,0.9815263621675889
MAPK1,2,AKAP11;S1090;,0.04249047574833466,0.9575095242516652
MAPK1,2,AKAP11;S21;,0.004776811583509583,0.9952231884164904
MAPK1,2,AKAP11;S23;,0.011224289110073019,0.9887757108899269
MAPK1,2,AKAP11;S448;,0.2956411988914154,0.7043588011085848
MAPK1,2,AKAP13;S2515;,0.013430830368753364,0.9865691696312467
MAPK1,2,AKAP2;S152;,0.9389379959873146,0.061062004012685356
MAPK1,2,AKAP2;S730;,0.02342760573602915,0.976572394263971
MAPK1,2,AKAP6;S562;,0.01823702630571591,0.9817629736942839
MAPK1,2,AKAP9;S3669;,0.26931744788629924,0.7306825521137007
MAPK1,2,AKT1S1;S184;,0.013476179839957988,0.9865238201600421
MAPK1,2,AKT1S1;T247;,0.026806770955953584,0.9731932290440464
MAPK1,2,ALKBH5;S362;,0.010544465802424182,0.9894555341975759
MAPK1,2,ALKBH5;S376;,0.013335605388536727,0.9866643946114633
MAPK1,2,AMOTL1;S580;,0.032937681499679634,0.9670623185003204
MAPK1,2,ANP32A;S15;,0.01325152381036534,0.9867484761896347
MAPK1,2,AP3D1;S755;,0.017967876090149503,0.9820321239098503
MAPK1,2,ARFGAP2;S145;,0.4285459856975374,0.5714540143024626
MAPK1,2,ARFGEF2;S214;,0.01969688950602272,0.9803031104939773
MAPK1,2,ARFIP1;S39;,0.02138229422605736,0.9786177057739427
MAPK1,2,ARHGAP17;S710;,0.02593715038129952,0.9740628496187004
MAPK1,2,ARHGAP22;S200;,0.8792298934745928,0.12077010652540732
MAPK1,2,ARHGAP22;S236;,0.011411412348315735,0.9885885876516841
MAPK1,2,ARHGAP35;S1174;,0.012224520849842496,0.9877754791501575
MAPK1,2,ARHGAP39;S284;,0.12948256540461028,0.8705174345953897
MAPK1,2,ARHGAP5;S1195;,0.010484770073352578,0.9895152299266473
MAPK1,2,ARHGAP5;S1202;,0.7479334518986467,0.2520665481013534
MAPK1,2,ARHGAP5;S967;,0.36635905856879536,0.6336409414312046
MAPK1,2,ARHGEF12;S337;,0.025078856195980936,0.9749211438040191
MAPK1,2,ARHGEF12;S341;,0.7177028367550203,0.28229716324497944
MAPK1,2,ARHGEF17;S995;,0.039097610570724854,0.9609023894292751
MAPK1,2,ARHGEF5;S721;,0.008354017971763519,0.9916459820282365
MAPK1,2,ARPP21;S256;,0.03296831517416222,0.9670316848258377
MAPK1,2,ATF7;T53;,0.0574167590982328,0.9425832409017671
MAPK1,2,ATG14;S5;,0.011223142884153589,0.9887768571158463
MAPK1,2,ATG2A;S1246;,0.10431809906555703,0.895681900934443
MAPK1,2,ATG2B;S240;,0.5682518439111426,0.4317481560888574
MAPK1,2,ATG2B;S255;,0.14191926784612155,0.8580807321538784
MAPK1,2,ATRX;S761;,0.00898554729672622,0.9910144527032739
MAPK1,2,ATXN2;S622;,0.5784149368192109,0.4215850631807892
MAPK1,2,ATXN2L;S109;,0.783670974001577,0.21632902599842285
MAPK1,2,ATXN2L;S447;,0.8653408732106196,0.13465912678938027
MAPK1,2,AZI1;S114;,0.02447388848012252,0.9755261115198776
MAPK1,2,AZI1;S304;,0.00996509973001123,0.990034900269989
MAPK1,2,BAD;S171;,0.026591284858165587,0.9734087151418342
MAPK1,2,BAG3;S271;,0.0776278486943517,0.9223721513056482
MAPK1,2,BAG3;S387;,0.04114839926856897,0.958851600731431
MAPK1,2,BAG3;S388;,0.05062399860099075,0.9493760013990094
MAPK1,2,BAIAP2L1;S218;,0.32522185565494377,0.6747781443450562
MAPK1,2,BAIAP2L1;S380;,0.028023061984495706,0.9719769380155042
MAPK1,2,BAZ2A;S1388;,0.8716080465471475,0.12839195345285254
MAPK1,2,BBX;S243;,0.2952066545215061,0.704793345478494
MAPK1,2,BCL9L;S116;,0.0031849554005776216,0.9968150445994224
MAPK1,2,BCL9L;S21;,0.029786753467929604,0.9702132465320702
MAPK1,2,BCL9L;S25;,0.955634211527438,0.04436578847256209
MAPK1,2,BICD2;S611;,0.8838966088859257,0.11610339111407435
MAPK1,2,BICD2;S819;,0.011553789971746322,0.9884462100282537
MAPK1,2,BRAF;S134;,0.6179198203921001,0.38208017960789964
MAPK1,2,BRD8;S274;,0.950353944835152,0.049646055164847984
MAPK1,2,BRD8;T270;,0.45095928820292613,0.5490407117970739
MAPK1,2,BSDC1;S216;,0.08219928199800015,0.9178007180019998
MAPK1,2,C2CD4C;S262;,0.003695163350525756,0.9963048366494743
MAPK1,2,CACNB1;S53;,0.01497251262552194,0.985027487374478
MAPK1,2,CALD1;S527;,0.03561056817761606,0.9643894318223839
MAPK1,2,CAMK2D;T371;,0.09306917608446093,0.9069308239155391
MAPK1,2,CAMSAP1;S1154;,0.7256828013639026,0.27431719863609727
MAPK1,2,CAMSAP1;S517;,0.02382774587526627,0.9761722541247335
MAPK1,2,CAP2;S301;,0.1342457073158832,0.8657542926841166
MAPK1,2,CBX5;S93;,0.012227480326327254,0.9877725196736729
MAPK1,2,CCDC6;S143;,0.6103208430157123,0.3896791569842876
MAPK1,2,CCDC88A;S1638;,0.010486798348574388,0.9895132016514258
MAPK1,2,CCDC91;S71;,0.028702874912357026,0.9712971250876431
MAPK1,2,CDC42EP2;S137;,0.8405088847261489,0.1594911152738512
MAPK1,2,CDC42EP2;S141;,0.9152507332132509,0.08474926678674927
MAPK1,2,CDC42EP4;S140;,0.8214615199747152,0.17853848002528483
MAPK1,2,CDKN1A;S69;,0.2045967067318688,0.7954032932681312
MAPK1,2,CDKN1B;S12;,0.010632176483145489,0.9893678235168545
MAPK1,2,CDKN1B;S7;,0.008830423616210564,0.9911695763837896
MAPK1,2,CEP170B;S1166;,0.004876034708958035,0.9951239652910419
MAPK1,2,CEP68;S503;,0.02860097994459045,0.9713990200554095
MAPK1,2,CEP68;S510;,0.9470339266585062,0.052966073341493745
MAPK1,2,CHAMP1;S532;,0.946502097634863,0.05349790236513705
MAPK1,2,CHD8;S549;,0.020523044655033396,0.9794769553449665
MAPK1,2,CHRND;S379;,0.03204125094100074,0.9679587490589993
MAPK1,2,CIC;S1394;,0.006298242494600325,0.9937017575053998
MAPK1,2,CIC;S1399;,0.01627786667331629,0.9837221333266839
MAPK1,2,CLASP2;S331;,0.019996375519467372,0.9800036244805327
MAPK1,2,CLIP1;S159;,0.31540290408498756,0.6845970959150124
MAPK1,2,COBL;S31;,0.022678907733141643,0.9773210922668585
MAPK1,2,COBL;S34;,0.01925786307263639,0.9807421369273636
MAPK1,2,COG3;S536;,0.02775510466976993,0.9722448953302302
MAPK1,2,CORO7;S298;,0.019184281509188723,0.9808157184908114
MAPK1,2,DAB2IP;S802;,0.5842563164775159,0.41574368352248425
MAPK1,2,DAP;S2;,0.012970477604096586,0.9870295223959035
MAPK1,2,DAP;S3;,0.05351506821101576,0.9464849317889845
MAPK1,2,DBNDD1;S123;,0.008113266742859305,0.9918867332571405
MAPK1,2,DCAF6;S336;,0.15503578640206025,0.8449642135979398
MAPK1,2,DCLK1;S30;,0.04344558278412459,0.9565544172158755
MAPK1,2,DDX19A;S86;,0.8578055770820715,0.14219442291792841
MAPK1,2,DDX3X;S261;,0.10400995638986668,0.8959900436101335
MAPK1,2,DENND4C;S1037;,0.026760796527315864,0.9732392034726842
MAPK1,2,DLG2;S323;,0.9389548629808365,0.06104513701916338
MAPK1,2,DLG2;S328;,0.4369349348789475,0.5630650651210526
MAPK1,2,DMXL1;S574;,0.027628816980428163,0.9723711830195718
MAPK1,2,DNAJC2;T48;,0.11852853976968572,0.8814714602303144
MAPK1,2,DNAJC25;T353;,0.08361108297359636,0.9163889170264036
MAPK1,2,DOCK6;S1339;,0.008176705420717042,0.9918232945792829
MAPK1,2,DOCK7;S1361;,0.0038273490593349517,0.9961726509406651
MAPK1,2,DOCK7;S2107;,0.006667051164357226,0.9933329488356428
MAPK1,2,DOPEY1;S1261;,0.005882606800789043,0.9941173931992111
MAPK1,2,DTNA;S606;,0.38099051452251853,0.6190094854774815
MAPK1,2,DUSP27;S366;,0.010901923596416863,0.9890980764035832
MAPK1,2,DUSP27;S368;,0.014180123092557322,0.9858198769074428
MAPK1,2,DUSP27;S370;,0.01395520879780071,0.9860447912021991
MAPK1,2,DUSP27;S427;,0.01400466501036075,0.9859953349896391
MAPK1,2,DYNC1H1;S4365;,0.010146932890763738,0.9898530671092362
MAPK1,2,DYNC1I2;S81;,0.9686990604367343,0.03130093956326566
MAPK1,2,EEF2;T57;,0.08679829548252904,0.9132017045174708
MAPK1,2,EEF2K;S365;,0.030666629156378876,0.9693333708436209
MAPK1,2,EHBP1L1;S1363;,0.019320014443458006,0.9806799855565421
MAPK1,2,EHD4;S459;,0.38510936542625146,0.6148906345737485
MAPK1,2,EIF3A;S584;,0.007246104581231801,0.9927538954187684
MAPK1,2,EIF4B;S422;,0.046075404956299394,0.9539245950437004
MAPK1,2,EIF4B;S424;,0.017278177325283847,0.9827218226747162
MAPK1,2,EIF4B;S425;,0.022583678520167485,0.9774163214798324
MAPK1,2,EIF4B;T420;,0.01324120848415269,0.9867587915158473
MAPK1,2,EIF4EBP1;S64;,0.5351317391739149,0.46486826082608507
MAPK1,2,EIF4EBP2;S2;,0.008288806124043,0.9917111938759571
MAPK1,2,EIF5B;S183;,0.011162125765258539,0.9888378742347415
MAPK1,2,ELMSAN1;S456;,0.024865962632199316,0.9751340373678007
MAPK1,2,EPS8;S659;,0.028641979175971305,0.9713580208240288
MAPK1,2,ETL4;S1844;,0.9513852804493389,0.048614719550661066
MAPK1,2,ETV3;S139;,0.213756566406893,0.7862434335931072
MAPK1,2,FAM120C;S55;,0.6894097977994595,0.31059020220054034
MAPK1,2,FAM134C;S313;,0.024281701419202235,0.9757182985807976
MAPK1,2,FAM134C;S320;,0.050148408472219665,0.9498515915277802
MAPK1,2,FAM171A2;S423;,0.01004684883087349,0.9899531511691265
MAPK1,2,FAM65A;S752;,0.01497513149532476,0.9850248685046752
MAPK1,2,FBXO30;S379;,0.5628359779595359,0.437164022040464
MAPK1,2,FHOD1;S489;,0.029816986378845934,0.9701830136211538
MAPK1,2,FHOD1;S501;,0.9389171115952838,0.06108288840471615
MAPK1,2,FHOD1;S504;,0.657156810344633,0.3428431896553669
MAPK1,2,FHOD1;S513;,0.01712046536109862,0.9828795346389015
MAPK1,2,FHOD1;S523;,0.8605293251706511,0.1394706748293491
MAPK1,2,FLNC;S2147;,0.010450441655664808,0.9895495583443353
MAPK1,2,FLNC;S2234;,0.017161816163400238,0.9828381838365997
MAPK1,2,FMN1;S589;,0.2724274908079506,0.7275725091920494
MAPK1,2,FOSL2;S320;,0.6357190687081334,0.36428093129186645
MAPK1,2,FOSL2;T322;,0.05595892944887253,0.9440410705511276
MAPK1,2,FOXK1;S225;,0.8462596981010483,0.15374030189895166
MAPK1,2,FOXK2;T200;,0.515630342155051,0.484369657844949
MAPK1,2,FOXO3;S252;,0.012273432865514348,0.9877265671344858
MAPK1,2,FRMD8;S21;,0.0032438792080166853,0.9967561207919833
MAPK1,2,FRYL;T1959;,0.022045678726871798,0.9779543212731281
MAPK1,2,GAB1;S418;,0.010283621638221491,0.9897163783617784
MAPK1,2,GAB2;S142;,0.22688439058420204,0.7731156094157978
MAPK1,2,GAB2;S143;,0.7313629658253112,0.2686370341746889
MAPK1,2,GAB2;S211;,0.030280992973884396,0.9697190070261157
MAPK1,2,GAB2;S365;,0.14205241341926866,0.8579475865807311
MAPK1,2,GAB2;T388;,0.011961254182589783,0.9880387458174102
MAPK1,2,GATAD2A;S103;,0.02377602510846051,0.9762239748915393
MAPK1,2,GATAD2A;S96;,0.03050852732288589,0.9694914726771143
MAPK1,2,GATAD2B;S338;,0.8244035435856597,0.17559645641434035
MAPK1,2,GBF1;S1786;,0.939223642547251,0.060776357452748994
MAPK1,2,GIGYF1;S28;,0.9628702483511931,0.037129751648807
MAPK1,2,GIT2;S568;,0.01406962960703006,0.98593037039297
MAPK1,2,GOLGA4;S116;,0.018676373502797432,0.9813236264972026
MAPK1,2,GSK3A;S21;,0.008705617675062834,0.9912943823249372
MAPK1,2,GSK3A;S41;,0.010655144990896847,0.9893448550091032
MAPK1,2,GSK3B;S9;,0.021917849175983446,0.9780821508240164
MAPK1,2,GYS1;S728;,0.9644861681505804,0.03551383184941954
MAPK1,2,HBP1;S401;,0.5969182143201746,0.4030817856798255
MAPK1,2,HBS1L;S147;,0.010100859684565278,0.9898991403154347
MAPK1,2,HDAC6;S21;,0.35401798200105766,0.6459820179989423
MAPK1,2,HECTD1;S1392;,0.044348216112891053,0.9556517838871088
MAPK1,2,HECTD1;S1393;,0.04223369438209346,0.9577663056179064
MAPK1,2,HECTD1;S1573;,0.04025923669530121,0.9597407633046988
MAPK1,2,HELB;S944;,0.9100928702978313,0.08990712970216858
MAPK1,2,HERC1;S1163;,0.9320871667046982,0.06791283329530193
MAPK1,2,HERC1;T1154;,0.18538480957587217,0.814615190424128
MAPK1,2,HIRIP3;S27;,0.188190021751225,0.811809978248775
MAPK1,2,HN1L;S97;,0.5514528163619705,0.44854718363802937
MAPK1,2,HOMER3;S158;,0.007055674833998266,0.9929443251660015
MAPK1,2,HUWE1;S1876;,0.009618429400231965,0.990381570599768
MAPK1,2,HUWE1;S3639;,0.2525781208054891,0.747421879194511
MAPK1,2,HUWE1;S3898;,0.9583242690782205,0.04167573092177942
MAPK1,2,HUWE1;T3903;,0.9386152575536024,0.06138474244639774
MAPK1,2,IREB2;S178;,0.015412542187468774,0.9845874578125313
MAPK1,2,IRF2BPL;S69;,0.8322007291906977,0.1677992708093025
MAPK1,2,ITSN1;S1063;,0.0363749868492799,0.96362501315072
MAPK1,2,ITSN1;S315;,0.009824333646404025,0.990175666353596
MAPK1,2,JMY;S56;,0.028894317238016456,0.9711056827619834
MAPK1,2,JSRP1;S47;,0.014764725037206085,0.985235274962794
MAPK1,2,KANK2;S358;,0.010941698375479994,0.98905830162452
MAPK1,2,KCTD3;S809;,0.017669314960729356,0.9823306850392708
MAPK1,2,KDM2A;S718;,0.8185892451995114,0.18141075480048854
MAPK1,2,KDM2A;T713;,0.8956570606246578,0.10434293937534223
MAPK1,2,KDM5C;S316;,0.005770139233954284,0.9942298607660458
MAPK1,2,KPNA1;S2;,0.014206488753285541,0.9857935112467144
MAPK1,2,KPNA1;T3;,0.2634255152623071,0.7365744847376929
MAPK1,2,LAMTOR1;S98;,0.00488515501728369,0.9951148449827162
MAPK1,2,LARP1;S916;,0.028222378482242714,0.9717776215177572
MAPK1,2,LARP1;T932;,0.6372504517242988,0.3627495482757013
MAPK1,2,LARP4B;S498;,0.008648355490559501,0.9913516445094406
MAPK1,2,LDB3;S112;,0.07469779399441258,0.9253022060055875
MAPK1,2,LIMA1;S360;,0.905167084321723,0.09483291567827716
MAPK1,2,LIMA1;S603;,0.7224503211753112,0.27754967882468873
MAPK1,2,LIMA1;S608;,0.9398605621650827,0.06013943783491739
MAPK1,2,LIMA1;S703;,0.8594426211977891,0.1405573788022109
MAPK1,2,LMNA;S404;,0.017539231994539554,0.9824607680054604
MAPK1,2,LMNA;S406;,0.0035020835958371045,0.9964979164041629
MAPK1,2,LMNA;S407;,0.02361826659008601,0.976381733409914
MAPK1,2,LMNA;S423;,0.021593897662447306,0.9784061023375527
MAPK1,2,LMNA;S424;,0.01681055506881781,0.9831894449311822
MAPK1,2,LMO7;S1541;,0.006961150149918019,0.9930388498500821
MAPK1,2,LMO7;S1543;,0.00875321837469799,0.9912467816253021
MAPK1,2,LOC100360205;S239;,0.013014261532574468,0.9869857384674253
MAPK1,2,LOC100365259;S393;,0.012703518430816506,0.9872964815691836
MAPK1,2,LOC100910104;S475;,0.013229050395817094,0.9867709496041831
MAPK1,2,LOC100910104;S532;,0.02467230916676789,0.9753276908332318
MAPK1,2,LOC100910104;S719;,0.8101834872008946,0.18981651279910536
MAPK1,2,LOC100910646;S166;,0.05047819814114776,0.9495218018588524
MAPK1,2,LOC100911178;S1643;,0.07215530228090339,0.9278446977190966
MAPK1,2,LOC100911302;S1721;,0.7400496588968299,0.2599503411031701
MAPK1,2,LOC100911677;S490;,0.017121143479271878,0.9828788565207278
MAPK1,2,LOC100912115;S649;,0.47337439935942965,0.5266256006405703
MAPK1,2,LOC312502;S1164;,0.7111297433962602,0.28887025660373994
MAPK1,2,LOC312502;S138;,0.013542765521230857,0.9864572344787691
MAPK1,2,LOC312502;S139;,0.017539471041452884,0.9824605289585472
MAPK1,2,LOC312502;S483;,0.7041681180457582,0.2958318819542419
MAPK1,2,LOC683007;S1204;,0.8510497591267246,0.14895024087327527
MAPK1,2,LOC683007;S1207;,0.01663831096586814,0.9833616890341318
MAPK1,2,LOC684259;S780;,0.036692517286778345,0.9633074827132216
MAPK1,2,LOC685707;S1251;,0.9389137775493371,0.06108622245066314
MAPK1,2,LRRFIP2;S18;,0.023003992811032884,0.9769960071889671
MAPK1,2,LRRFIP2;T136;,0.0661187442884939,0.9338812557115062
MAPK1,2,LYSMD1;S33;,0.03709277154752202,0.9629072284524779
MAPK1,2,MACF1;S1376;,0.012314565686365917,0.9876854343136341
MAPK1,2,MACF1;S5293;,0.9079540944125046,0.09204590558749537
MAPK1,2,MAF1;S60;,0.920983281971544,0.07901671802845604
MAPK1,2,MAP1A;S1757;,0.014749734746328558,0.9852502652536714
MAPK1,2,MAP1A;T2177;,0.4578224938839363,0.5421775061160637
MAPK1,2,MAP1A;T504;,0.8274079906408722,0.1725920093591278
MAPK1,2,MAP1B;S1257;,0.8651754317040102,0.1348245682959896
MAPK1,2,MAP1B;S1389;,0.8937018205346486,0.1062981794653515
MAPK1,2,MAP1B;S1393;,0.5425279019481478,0.457472098051852
MAPK1,2,MAP1B;T1781;,0.07838946648652205,0.921610533513478
MAPK1,2,MAP1S;S683;,0.9416089631657326,0.05839103683426743
MAPK1,2,MAP4;S902;,0.025095825959695343,0.9749041740403045
MAPK1,2,MAP4K4;S591;,0.05543445159221277,0.9445655484077874
MAPK1,2,MAP4K4;S791;,0.019121589211887637,0.9808784107881123
MAPK1,2,MAP4K4;S794;,0.02442652186339053,0.9755734781366093
MAPK1,2,MAPK1;Y185;,0.16707598360249973,0.8329240163975004
MAPK1,2,MAPK14;Y182;,0.17075795757501613,0.829242042424984
MAPK1,2,MAPK8;Y185;,0.1207423200861377,0.8792576799138625
MAPK1,2,MARCKS;S141;,0.01897328712733538,0.9810267128726647
MAPK1,2,MARK3;S593;,0.003535583406612537,0.9964644165933872
MAPK1,2,MARK3;T594;,0.07184105586470774,0.9281589441352922
MAPK1,2,MATR3;S188;,0.0033773027348547938,0.9966226972651451
MAPK1,2,MBD3;S85;,0.005856486847940641,0.9941435131520594
MAPK1,2,MBD3;S86;,0.007715096653571123,0.9922849033464288
MAPK1,2,MDM2;S138;,0.023989614007240225,0.9760103859927598
MAPK1,2,MED1;S1465;,0.3590533486459205,0.6409466513540796
MAPK1,2,MED1;S1467;,0.011230292946587138,0.9887697070534127
MAPK1,2,MED1;S1468;,0.011660662341976767,0.9883393376580232
MAPK1,2,MED24;S860;,0.005804927827937662,0.994195072172062
MAPK1,2,MED24;S861;,0.008256280422229242,0.9917437195777707
MAPK1,2,MEF2C;S226;,0.1759734191932137,0.8240265808067865
MAPK1,2,MID1;S96;,0.927483974209544,0.07251602579045616
MAPK1,2,MKL1;S571;,0.7502504867783537,0.24974951322164624
MAPK1,2,MLL2;S2291;,0.7830706060019069,0.2169293939980931
MAPK1,2,MLLT4;S216;,0.015676036555691268,0.9843239634443088
MAPK1,2,MLLT4;S246;,0.009692735703872385,0.9903072642961277
MAPK1,2,MON2;S197;,0.002901397924243689,0.9970986020757563
MAPK1,2,MPHOSPH10;S168;,0.019784010253574215,0.980215989746426
MAPK1,2,MPRIP;S369;,0.8136005844556597,0.18639941554434034
MAPK1,2,MTFR1L;S100;,0.01966719180958622,0.9803328081904137
MAPK1,2,MTFR1L;S234;,0.018945086567553285,0.9810549134324466
MAPK1,2,MTFR1L;S235;,0.017394515362989072,0.982605484637011
MAPK1,2,MTSS1L;S575;,0.5686696859327257,0.43133031406727423
MAPK1,2,MURC;S20;,0.003136020932571295,0.9968639790674289
MAPK1,2,MUSK;S689;,0.008021463977855215,0.9919785360221448
MAPK1,2,MUSK;S690;,0.44525501339650214,0.554744986603498
MAPK1,2,MYBBP1A;S1283;,0.8933106816931657,0.1066893183068343
MAPK1,2,MYCBP2;S2750;,0.0190090166180618,0.9809909833819382
MAPK1,2,MYOZ2;T32;,0.9389644471306053,0.06103555286939484
MAPK1,2,NACA;S1125;,0.8612003812556824,0.13879961874431734
MAPK1,2,NACA;S1345;,0.550743842919194,0.449256157080806
MAPK1,2,NACA;S1454;,0.9027333771008476,0.09726662289915258
MAPK1,2,NACA;S1720;,0.817878861866428,0.18212113813357186
MAPK1,2,NACA;S914;,0.8238119900902929,0.17618800990970732
MAPK1,2,NACA;S942;,0.3999248583801707,0.6000751416198293
MAPK1,2,NCAPH;S24;,0.5,0.5
MAPK1,2,NCOR1;S363;,0.48599064043880635,0.5140093595611938
MAPK1,2,NCOR2;S1747;,0.5926355848999775,0.4073644151000226
MAPK1,2,NDRG1;S330;,0.04661761239499247,0.9533823876050074
MAPK1,2,NDRG1;T328;,0.011883500850157786,0.9881164991498423
MAPK1,2,NDRG2;T334;,0.017942713077004964,0.982057286922995
MAPK1,2,NEK9;S16;,0.05023152274984965,0.9497684772501502
MAPK1,2,NEK9;S736;,0.007131421191746306,0.9928685788082537
MAPK1,2,NELFE;S131;,0.012307599574146559,0.9876924004258534
MAPK1,2,NES;S1071;,0.01929054528652081,0.9807094547134793
MAPK1,2,NES;S1123;,0.010217716478280788,0.989782283521719
MAPK1,2,NES;S1131;,0.016729599442719796,0.9832704005572802
MAPK1,2,NES;S620;,0.5253478481947839,0.47465215180521597
MAPK1,2,NES;S784;,0.02896286532419865,0.9710371346758013
MAPK1,2,NEXN;S280;,0.008633780582126563,0.9913662194178736
MAPK1,2,NFIX;S265;,0.025289543640453025,0.9747104563595469
MAPK1,2,NHSL1;T1376;,0.8029272785380758,0.1970727214619244
MAPK1,2,NUMA1;S1935;,0.006655645280863745,0.9933443547191363
MAPK1,2,NUMA1;S1958;,0.0173156650452154,0.9826843349547848
MAPK1,2,NUP35;S73;,0.8896140755948287,0.11038592440517137
MAPK1,2,OPTN;S188;,0.023228412037260317,0.9767715879627397
MAPK1,2,PACS2;S319;,0.8190147338740555,0.1809852661259443
MAPK1,2,PAK1;S144;,0.0033826159120930502,0.9966173840879069
MAPK1,2,PAK1;S203;,0.004816375098483894,0.9951836249015164
MAPK1,2,PAK2;S197;,0.015836948562367968,0.9841630514376318
MAPK1,2,PARD3;S715;,0.02049252728582446,0.9795074727141756
MAPK1,2,PARVA;S14;,0.938873620830382,0.06112637916961792
MAPK1,2,PATL1;S184;,0.9124200844459116,0.08757991555408869
MAPK1,2,PBXIP1;S132;,0.0061969880106909755,0.9938030119893089
MAPK1,2,PBXIP1;S133;,0.09605996829818504,0.9039400317018148
MAPK1,2,PCM1;S1280;,0.028424741563588,0.9715752584364121
MAPK1,2,PCM1;S380;,0.025946988525909716,0.9740530114740905
MAPK1,2,PCM1;S384;,0.028156305188372963,0.9718436948116271
MAPK1,2,PDAP1;S176;,0.007670612112004927,0.9923293878879951
MAPK1,2,PDAP1;S178;,0.006050276234016927,0.993949723765983
MAPK1,2,PDCD4;S420;,0.017706033300718908,0.9822939666992812
MAPK1,2,PDCD4;S76;,0.015034421160688049,0.9849655788393118
MAPK1,2,PDLIM7;S209;,0.036222887140932185,0.9637771128590679
MAPK1,2,PDLIM7;T214;,0.32334334306686885,0.6766566569331312
MAPK1,2,PDLIM7;T215;,0.8593279838178385,0.14067201618216166
MAPK1,2,PDS5B;S1176;,0.007447364471010235,0.9925526355289898
MAPK1,2,PDXDC1;T554;,0.777073615581283,0.22292638441871687
MAPK1,2,PELO;S55;,0.027562852360203585,0.9724371476397963
MAPK1,2,PEX1;S1209;,0.010518548741417465,0.9894814512585824
MAPK1,2,PFKFB2;S469;,0.027473526631434087,0.9725264733685659
MAPK1,2,PHF1;S410;,0.8592668656718786,0.14073313432812143
MAPK1,2,PHF1;S415;,0.8851114949819302,0.11488850501806981
MAPK1,2,PHF2;S782;,0.9110005232266762,0.0889994767733239
MAPK1,2,PHIP;S1251;,0.006621940308920646,0.9933780596910794
MAPK1,2,PHLDB1;S431;,0.009884085130663982,0.9901159148693361
MAPK1,2,PHLDB1;S534;,0.04365270848806111,0.956347291511939
MAPK1,2,PHLDB2;S241;,0.013205253821003874,0.986794746178996
MAPK1,2,PI4K2A;S43;,0.020554812958509746,0.9794451870414904
MAPK1,2,PI4K2A;S46;,0.43901481664451825,0.5609851833554818
MAPK1,2,PI4K2A;S461;,0.014765525808553408,0.9852344741914466
MAPK1,2,PI4K2A;S50;,0.9718400875178137,0.028159912482186383
MAPK1,2,PID1;S230;,0.05370159449872223,0.9462984055012775
MAPK1,2,PID1;S231;,0.00944437534630981,0.9905556246536904
MAPK1,2,PID1;S232;,0.009600920540034906,0.9903990794599651
MAPK1,2,PID1;S242;,0.02226857346599162,0.9777314265340085
MAPK1,2,PIEZO1;S1370;,0.9569006832600593,0.04309931673994068
MAPK1,2,PIK3C2A;S261;,0.35190455767519535,0.6480954423248043
MAPK1,2,PLEC;S4246;,0.05177732790311447,0.9482226720968853
MAPK1,2,PLEC;S4249;,0.014984338275199866,0.9850156617248003
MAPK1,2,PNISR;S290;,0.008389431858127376,0.9916105681418724
MAPK1,2,POM121;S370;,0.041333991553255636,0.9586660084467443
MAPK1,2,PPAN;S233;,0.03408931299162626,0.9659106870083737
MAPK1,2,PPAN;S238;,0.014984339735432622,0.9850156602645675
MAPK1,2,PPAN;S240;,0.016367780189475156,0.9836322198105246
MAPK1,2,PPP1R12C;S508;,0.8864995130801572,0.11350048691984295
MAPK1,2,PPP1R13L;S110;,0.9573169141815359,0.042683085818464035
MAPK1,2,PPP1R13L;S154;,0.4844804318630458,0.5155195681369543
MAPK1,2,PPP1R13L;S360;,0.938062131320698,0.06193786867930198
MAPK1,2,PPP6R2;S629;,0.7048506181143097,0.29514938188569007
MAPK1,2,PPP6R2;S719;,0.875106093233948,0.12489390676605193
MAPK1,2,PRKAA1;S496;,0.012501133277276248,0.9874988667227237
MAPK1,2,PRKAB1;S108;,0.019068545905157327,0.9809314540948428
MAPK1,2,PRRC2A;S765;,0.02883337896873195,0.9711666210312679
MAPK1,2,PRRC2B;S259;,0.0338437919137916,0.9661562080862084
MAPK1,2,PSMA5;T55;,0.05503362683593403,0.944966373164066
MAPK1,2,PSMC3;S12;,0.7794671851044764,0.22053281489552354
MAPK1,2,PSMC3;S9;,0.8491620388465433,0.15083796115345663
MAPK1,2,PTPN12;T544;,0.09009172793334569,0.9099082720666544
MAPK1,2,PTPN21;S599;,0.017552401467713048,0.9824475985322869
MAPK1,2,PTPN21;S762;,0.06325217394724982,0.9367478260527503
MAPK1,2,PTRF;S169;,0.026568948727225507,0.9734310512727745
MAPK1,2,PTRF;S171;,0.04068299401380095,0.959317005986199
MAPK1,2,PUM2;S82;,0.8658303608262761,0.13416963917372382
MAPK1,2,PXN;S106;,0.010129623555647742,0.9898703764443522
MAPK1,2,PXN;S137;,0.02302796255851573,0.9769720374414842
MAPK1,2,PXN;S83;,0.8602281198827192,0.13977188011728076
MAPK1,2,RABGEF1;T142;,0.06325911773665559,0.9367408822633445
MAPK1,2,RAF1;S295;,0.15616810899850908,0.8438318910014909
MAPK1,2,RAF1;S296;,0.15379832408475025,0.8462016759152498
MAPK1,2,RAI14;T249;,0.5569280696184229,0.443071930381577
MAPK1,2,RANBP10;S481;,0.03104179943755389,0.9689582005624463
MAPK1,2,RANBP3;S58;,0.015065521874720019,0.98493447812528
MAPK1,2,RAPGEF1;S306;,0.02649296202872354,0.9735070379712764
MAPK1,2,RAPGEF1;S308;,8.606829348890218e-06,0.9999913931706512
MAPK1,2,RAVER1;S576;,0.5750272290495451,0.42497277095045494
MAPK1,2,RB1CC1;S243;,0.6543764267597102,0.34562357324028975
MAPK1,2,RBM3;S145;,0.0031954766641599163,0.9968045233358401
MAPK1,2,RBM7;S72;,0.007636324925535784,0.9923636750744642
MAPK1,2,RFX7;S1177;,0.010857672999359441,0.9891423270006405
MAPK1,2,RGD1307838;S900;,0.002559512290719381,0.9974404877092806
MAPK1,2,RGD1307838;S903;,0.003067025247249156,0.9969329747527509
MAPK1,2,RGD1308297;S518;,0.024116997330199577,0.9758830026698005
MAPK1,2,RGD1309586;S243;,0.004619934855718759,0.9953800651442811
MAPK1,2,RGD1309586;S59;,0.008471770882610532,0.9915282291173894
MAPK1,2,RGD1310016;S1171;,0.02871456997098206,0.9712854300290179
MAPK1,2,RGD1311783;S45;,0.019169052593085874,0.9808309474069142
MAPK1,2,RGD1311783;S46;,0.016487390363821432,0.9835126096361785
MAPK1,2,RGD1560225;S763;,0.06299293904972883,0.937007060950271
MAPK1,2,RGD1561609;S759;,0.020653383262120528,0.9793466167378793
MAPK1,2,RGD1562639;S1035;,0.004946118146302299,0.995053881853698
MAPK1,2,RGD1566017;S802;,0.01353733398896961,0.9864626660110304
MAPK1,2,RIN2;S494;,0.016702182689518515,0.9832978173104814
MAPK1,2,RIPK2;S412;,0.014991829784175103,0.9850081702158249
MAPK1,2,RNF40;S586;,0.004270267361573893,0.9957297326384261
MAPK1,2,RPS6KA3;S715;,0.3684146750728212,0.6315853249271789
MAPK1,2,RPS6KA4;S681;,0.01607980552535258,0.9839201944746475
MAPK1,2,RPS6KA4;S682;,0.28329797009351915,0.7167020299064811
MAPK1,2,RPS6KB1;S404;,0.022583968729251985,0.9774160312707482
MAPK1,2,RPTOR;S863;,0.8331406086728811,0.1668593913271188
MAPK1,2,RRP1B;S524;,0.4310933056113791,0.5689066943886208
MAPK1,2,RRP1B;T521;,0.557971903491577,0.442028096508423
MAPK1,2,RTF1;S416;,0.011509253731538225,0.9884907462684618
MAPK1,2,RUFY1;S50;,0.21722832067224906,0.7827716793277507
MAPK1,2,RUNX1T1;T568;,0.5916862196694355,0.4083137803305646
MAPK1,2,SAMD4B;S271;,0.9798000105827935,0.020199989417206316
MAPK1,2,SAP30L;T91;,0.017845617279471638,0.9821543827205284
MAPK1,2,SBF1;S1141;,0.03435950275250413,0.9656404972474958
MAPK1,2,SCRIB;S1315;,0.8413022818556167,0.15869771814438324
MAPK1,2,SCRIB;S1529;,0.0492580833696237,0.9507419166303761
MAPK1,2,SENP7;S47;,0.8476725194401886,0.15232748055981155
MAPK1,2,SETD2;S511;,0.47798925156535554,0.5220107484346446
MAPK1,2,SF3B1;T326;,0.09344216397457245,0.9065578360254275
MAPK1,2,SFPQ;T586;,0.6188359924334997,0.38116400756650026
MAPK1,2,SGTA;S306;,0.017414767490722294,0.9825852325092775
MAPK1,2,SGTA;S308;,0.015101958818771142,0.984898041181229
MAPK1,2,SH3BP5;S420;,0.025299042602185875,0.9747009573978143
MAPK1,2,SH3D19;S274;,0.9438906744563031,0.056109325543696735
MAPK1,2,SH3PXD2A;S368;,0.014994403421094881,0.9850055965789051
MAPK1,2,SH3PXD2A;S495;,0.19401026308127176,0.8059897369187282
MAPK1,2,SH3PXD2A;S956;,1.4571993501314466e-05,0.9999854280064987
MAPK1,2,SHC3;S359;,0.6229134577010081,0.37708654229899197
MAPK1,2,SIK2;S673;,0.010651396472596901,0.9893486035274032
MAPK1,2,SIPA1L1;S1408;,0.029257017003628767,0.9707429829963714
MAPK1,2,SIPA1L1;S1411;,0.02720672386888423,0.9727932761311157
MAPK1,2,SIPA1L1;S288;,0.012179913836193755,0.9878200861638062
MAPK1,2,SLC2A13;S38;,0.02070546004651743,0.9792945399534825
MAPK1,2,SLC2A13;S44;,0.01728153904294119,0.9827184609570588
MAPK1,2,SLC2A13;S47;,0.022547892663456554,0.9774521073365434
MAPK1,2,SLC4A7;S1171;,0.027470083075977925,0.9725299169240221
MAPK1,2,SLC4A7;S263;,0.019560602466489767,0.9804393975335101
MAPK1,2,SLK;S778;,0.016027039669167544,0.9839729603308324
MAPK1,2,SMCR7L;S59;,0.9132743391699961,0.08672566083000391
MAPK1,2,SMCR8;S416;,0.006285552285417091,0.993714447714583
MAPK1,2,SMCR8;S486;,0.021264356861285846,0.978735643138714
MAPK1,2,SMCR8;S488;,0.026515725159556035,0.9734842748404442
MAPK1,2,SMCR8;S491;,0.020581268959374746,0.9794187310406253
MAPK1,2,SMCR8;S497;,0.038711795845359484,0.9612882041546407
MAPK1,2,SMG6;S537;,0.7434245160067274,0.2565754839932727
MAPK1,2,SNW1;S224;,0.03445843716140195,0.9655415628385979
MAPK1,2,SNX8;S454;,0.6506396804125882,0.34936031958741176
MAPK1,2,SON;S94;,0.006095798758343396,0.9939042012416568
MAPK1,2,SORBS1;S857;,0.5434045626892211,0.456595437310779
MAPK1,2,SOS1;S1120;,0.023498493773677243,0.9765015062263228
MAPK1,2,SOX6;S399;,0.855105991161312,0.14489400883868822
MAPK1,2,SOX6;S402;,0.7956563079052734,0.20434369209472658
MAPK1,2,SOX6;T401;,0.04118583000774264,0.9588141699922574
MAPK1,2,SPAG7;S219;,0.008319085707744108,0.9916809142922558
MAPK1,2,SPAG9;S203;,0.020368772513477396,0.9796312274865224
MAPK1,2,SPAG9;S716;,0.012162639374935256,0.9878373606250647
MAPK1,2,SPHK2;S379;,0.03463344471796447,0.9653665552820354
MAPK1,2,SRPK2;S487;,0.02105623698397765,0.9789437630160223
MAPK1,2,SRRM2;S2228;,0.21927375907283952,0.7807262409271606
MAPK1,2,SRRM2;S2338;,0.5675976811996891,0.4324023188003109
MAPK1,2,SRSF10;S131;,0.028418882132040267,0.9715811178679598
MAPK1,2,SRSF11;S200;,0.6638718359579531,0.33612816404204704
MAPK1,2,STARD13;S334;,0.3674872238896419,0.632512776110358
MAPK1,2,STAT3;S727;,0.7783784041846741,0.22162159581532603
MAPK1,2,STIM1;S257;,0.02781874408540032,0.9721812559145999
MAPK1,2,STIM1;S523;,0.026791221426040842,0.9732087785739592
MAPK1,2,STIM1;S524;,0.022537036907681773,0.9774629630923181
MAPK1,2,STIM2;S675;,0.019733818020690467,0.9802661819793094
MAPK1,2,STK11IP;S443;,0.6456011177604957,0.3543988822395044
MAPK1,2,STK3;S385;,0.19311981401765002,0.8068801859823501
MAPK1,2,STMN1;S16;,0.0043015127292990495,0.995698487270701
MAPK1,2,STMN1;S25;,0.5669109190043141,0.43308908099568566
MAPK1,2,STMN1;S38;,0.9257420039622316,0.07425799603776834
MAPK1,2,STRN3;S227;,0.21929795434367985,0.7807020456563202
MAPK1,2,SUN2;S12;,0.007537878204825953,0.9924621217951741
MAPK1,2,SVIL;S1177;,0.11277456403374471,0.8872254359662552
MAPK1,2,SVIL;S259;,0.009007474675893424,0.9909925253241068
MAPK1,2,SVIL;S531;,0.1624804137924941,0.8375195862075059
MAPK1,2,SYNPO2L;S401;,0.019022046328097852,0.9809779536719021
MAPK1,2,SYNPO2L;T141;,0.05162650831633968,0.9483734916836603
MAPK1,2,SZT2;S1641;,0.023272210446941933,0.9767277895530582
MAPK1,2,TACC2;S575;,0.9539734656478995,0.046026534352100405
MAPK1,2,TANC2;S1447;,0.011002879002069203,0.9889971209979309
MAPK1,2,TBC1D1;S231;,0.020197966997125096,0.9798020330028749
MAPK1,2,TBC1D1;S662;,0.01829930404759579,0.9817006959524044
MAPK1,2,TBC1D1;T590;,0.01717039630505054,0.9828296036949494
MAPK1,2,TBC1D16;S382;,0.020671886077627193,0.979328113922373
MAPK1,2,TCF12;S583;,0.007873151236583699,0.9921268487634164
MAPK1,2,TDRD3;S256;,0.007789953936309085,0.9922100460636908
MAPK1,2,TENC1;T996;,0.22422085189535818,0.7757791481046417
MAPK1,2,TFE3;S531;,0.03371591890919468,0.9662840810908054
MAPK1,2,TJP1;S1602;,0.7116282165799135,0.2883717834200863
MAPK1,2,TJP1;S1604;,0.006934377020036533,0.9930656229799635
MAPK1,2,TJP2;S147;,0.021189048770829784,0.9788109512291702
MAPK1,2,TMEM245;S327;,0.935795901967076,0.06420409803292434
MAPK1,2,TMEM55A;S14;,0.01858003829944085,0.9814199617005593
MAPK1,2,TNKS1BP1;S1642;,0.021469894230697544,0.9785301057693024
MAPK1,2,TNRC6B;S306;,0.5,0.5
MAPK1,2,TNRC6B;S421;,0.5,0.5
MAPK1,2,TRAK1;S390;,0.6514852933144644,0.3485147066855357
MAPK1,2,TRAK1;S905;,0.02115772621416027,0.9788422737858397
MAPK1,2,TRAPPC12;S314;,0.7222671959301257,0.2777328040698743
MAPK1,2,TRIM28;S474;,0.01842550742274791,0.981574492577252
MAPK1,2,TRIO;S2459;,0.6855944256256022,0.3144055743743977
MAPK1,2,TRIO;S2463;,0.9136167728098755,0.08638322719012442
MAPK1,2,TRIP12;T1454;,0.026821592946656078,0.9731784070533439
MAPK1,2,TSC2;S939;,0.009023753550460596,0.9909762464495395
MAPK1,2,TSSC4;S190;,0.29017277445890394,0.709827225541096
MAPK1,2,TTN;S305;,0.020890718394420513,0.9791092816055794
MAPK1,2,UBA1;S13;,0.022817814581287902,0.9771821854187123
MAPK1,2,UBA5;S380;,0.009249615710980668,0.9907503842890195
MAPK1,2,UBE2O;S835;,0.906311115510101,0.09368888448989918
MAPK1,2,UBE2O;T830;,0.07032583851440784,0.9296741614855921
MAPK1,2,UBE4B;S88;,0.08834789917563826,0.911652100824362
MAPK1,2,ULK1;S450;,0.1658437316252072,0.8341562683747927
MAPK1,2,ULK1;S465;,0.020548741830386213,0.9794512581696139
MAPK1,2,ULK1;S477;,0.8376555902598117,0.16234440974018824
MAPK1,2,ULK1;S479;,0.8467204522147138,0.15327954778528602
MAPK1,2,ULK1;S637;,0.01527779145357404,0.984722208546426
MAPK1,2,ULK1;T468;,0.06788618015040307,0.9321138198495971
MAPK1,2,ULK1;T659;,0.030055229007813752,0.9699447709921862
MAPK1,2,USP10;S224;,0.8749364862469315,0.12506351375306832
MAPK1,2,VAPA;S164;,0.014726042323811823,0.9852739576761883
MAPK1,2,VIM;S420;,0.023207893317179765,0.9767921066828202
MAPK1,2,VIM;S430;,0.031995139202517925,0.9680048607974822
MAPK1,2,VIM;T426;,0.022196753181432792,0.9778032468185671
MAPK1,2,VPS26B;S304;,0.022553545882973855,0.9774464541170262
MAPK1,2,WIPF2;S235;,0.435391800542522,0.5646081994574781
MAPK1,2,WNK1;S165;,0.017601913028828558,0.9823980869711716
MAPK1,2,WWC3;S955;,0.0052678121762906914,0.9947321878237093
MAPK1,2,YAP1;S46;,0.020293642840894043,0.979706357159106
MAPK1,2,ZC3H13;S368;,0.020849408374730663,0.9791505916252693
MAPK1,2,ZC3HAV1;S307;,0.8515858135354281,0.14841418646457186
MAPK1,2,ZC3HAV1;S325;,0.015958451759177237,0.984041548240823
MAPK1,2,ZC3HAV1;S544;,0.3473786688256008,0.6526213311743994
MAPK1,2,ZC3HC1;S343;,0.7920449379798827,0.20795506202011732
MAPK1,2,ZC3HC1;T351;,0.06783125980925091,0.9321687401907489
MAPK1,2,ZFP295;S411;,0.018935100035925665,0.9810648999640742
MAPK1,2,ZFYVE16;S903;,0.03964949456981676,0.9603505054301832
MAPK1,2,ZNRF2;S148;,0.026035773681531718,0.9739642263184684
MAPK1,2,ZNRF2;S154;,0.6489945968155076,0.35100540318449247
MAPK1,2,ZNRF2;S18;,0.02354730551081574,0.9764526944891844
MAPK1,2,ZNRF2;S81;,0.018267406113953867,0.9817325938860462
MAPK1,2,ZYX;S143;,0.013655462051214623,0.9863445379487853
MAPK1,2,ZYX;S144;,0.019516671797964607,0.9804833282020352
MAPK1,2,ZYX;S336;,0.35812635820383365,0.6418736417961661
MAPK1,2,ZZEF1;S1516;,0.9479820724967117,0.05201792750328832
MAPK1,2,ZZEF1;S1535;,0.011289943057276233,0.9887100569427238
MAPK1,3,AAK1;S677;,0.02659726935560418,0.9734027306443959
MAPK1,3,ABCC4;S604;,0.9258169506714794,0.07418304932852074
MAPK1,3,ABI2;S165;,0.004095726115459284,0.9959042738845407
MAPK1,3,ABI2;S168;,0.01597933967080737,0.9840206603291927
MAPK1,3,ABL2;S799;,1.0473617043873261e-05,0.9999895263829561
MAPK1,3,ABLIM3;S566;,0.42856064430182966,0.5714393556981704
MAPK1,3,ABLIM3;S575;,0.01824688219724983,0.9817531178027502
MAPK1,3,ACACA;S79;,0.014661192219437395,0.9853388077805625
MAPK1,3,ACIN1;S711;,0.003012486023190497,0.9969875139768095
MAPK1,3,ADD1;S613;,0.16022142013963908,0.839778579860361
MAPK1,3,ADD1;T614;,0.8670188240452349,0.13298117595476514
MAPK1,3,ADNP;S971;,0.6541207318323661,0.345879268167634
MAPK1,3,AFF4;S823;,0.014566440968768107,0.985433559031232
MAPK1,3,AGAP3;S107;,0.6871029973106236,0.31289700268937615
MAPK1,3,AHCTF1;S1214;,0.020008746553362797,0.9799912534466372
MAPK1,3,AHNAK;S1191;,0.011849298199918687,0.9881507018000812
MAPK1,3,AHNAK;S177;,0.010915159756810186,0.9890848402431898
MAPK1,3,AHNAK;S2060;,0.40678414073912034,0.5932158592608797
MAPK1,3,AHNAK;S211;,0.00391606604018121,0.996083933959819
MAPK1,3,AHNAK;S2117;,0.011755487656956741,0.9882445123430433
MAPK1,3,AHNAK;S222;,0.011268833684176164,0.9887311663158239
MAPK1,3,AHNAK;S3915;,0.3846341081228886,0.6153658918771113
MAPK1,3,AHNAK;S42;,0.5872926557210729,0.41270734427892714
MAPK1,3,AHNAK;S4597;,0.7283631527345361,0.2716368472654639
MAPK1,3,AHNAK;S5243;,0.7411355129484066,0.25886448705159354
MAPK1,3,AHNAK;T4049;,0.2800722019078813,0.7199277980921186
MAPK1,3,AHNAK2;S425;,0.4515567446098156,0.5484432553901845
MAPK1,3,AHNAK2;T438;,0.0963219005410137,0.9036780994589861
MAPK1,3,AIMP1;S110;,0.003278050839798926,0.9967219491602012
MAPK1,3,AJUBA;S129;,0.9210275931559158,0.07897240684408434
MAPK1,3,AKAP1;S103;,0.021782470940915528,0.9782175290590844
MAPK1,3,AKAP10;S278;,0.021044747350082934,0.9789552526499171
MAPK1,3,AKAP11;S1090;,0.02668736104448514,0.9733126389555148
MAPK1,3,AKAP11;S21;,0.007285146299860032,0.99271485370014
MAPK1,3,AKAP11;S23;,0.012052716201781806,0.9879472837982182
MAPK1,3,AKAP11;S448;,0.6381507965736207,0.3618492034263793
MAPK1,3,AKAP13;S2515;,0.006277165912678142,0.9937228340873216
MAPK1,3,AKAP2;S152;,0.8445069023265229,0.15549309767347708
MAPK1,3,AKAP2;S730;,0.004900464997831928,0.995099535002168
MAPK1,3,AKAP6;S562;,0.0132992118525153,0.9867007881474847
MAPK1,3,AKAP9;S3669;,0.3706766946404545,0.6293233053595455
MAPK1,3,AKT1S1;S184;,0.025602266637767608,0.9743977333622326
MAPK1,3,AKT1S1;T247;,0.007643187392284912,0.9923568126077149
MAPK1,3,ALKBH5;S362;,1.701941440722908e-05,0.9999829805855928
MAPK1,3,ALKBH5;S376;,0.01605325121129693,0.983946748788703
MAPK1,3,AMOTL1;S580;,0.011217997412379546,0.9887820025876203
MAPK1,3,ANP32A;S15;,0.0038108389656016355,0.9961891610343984
MAPK1,3,AP3D1;S755;,0.005150729141059737,0.99484927085894
MAPK1,3,ARFGAP2;S145;,0.6718229990220171,0.32817700097798275
MAPK1,3,ARFGEF2;S214;,0.02503309502856873,0.9749669049714313
MAPK1,3,ARFIP1;S39;,0.013205733205846207,0.9867942667941538
MAPK1,3,ARHGAP17;S710;,0.007346369701593075,0.992653630298407
MAPK1,3,ARHGAP22;S200;,0.9043431192729381,0.09565688072706177
MAPK1,3,ARHGAP22;S236;,0.0064192868027881725,0.9935807131972119
MAPK1,3,ARHGAP35;S1174;,0.010281724393818253,0.9897182756061816
MAPK1,3,ARHGAP39;S284;,0.1765259116818081,0.8234740883181919
MAPK1,3,ARHGAP5;S1195;,0.008851000301099157,0.9911489996989008
MAPK1,3,ARHGAP5;S1202;,0.894740131487887,0.10525986851211297
MAPK1,3,ARHGAP5;S967;,0.6328447650459103,0.3671552349540897
MAPK1,3,ARHGEF12;S337;,0.05565676177200988,0.94434323822799
MAPK1,3,ARHGEF12;S341;,0.75843629641638,0.24156370358361998
MAPK1,3,ARHGEF17;S995;,0.011626428869270773,0.9883735711307291
MAPK1,3,ARHGEF5;S721;,0.01913072978038731,0.9808692702196127
MAPK1,3,ARPP21;S256;,0.014931548144984902,0.9850684518550152
MAPK1,3,ATF7;T53;,0.05065299319302827,0.9493470068069716
MAPK1,3,ATG14;S5;,0.019197294650606937,0.980802705349393
MAPK1,3,ATG2A;S1246;,0.16578034999617847,0.8342196500038216
MAPK1,3,ATG2B;S240;,0.7258454728294254,0.27415452717057487
MAPK1,3,ATG2B;S255;,0.33843386213247467,0.6615661378675254
MAPK1,3,ATRX;S761;,7.367517347357827e-06,0.9999926324826526
MAPK1,3,ATXN2;S622;,0.6637018586416037,0.33629814135839625
MAPK1,3,ATXN2L;S109;,0.9055666491715644,0.0944333508284355
MAPK1,3,ATXN2L;S447;,0.8912674215430264,0.10873257845697357
MAPK1,3,AZI1;S114;,0.00617377399600038,0.9938262260039997
MAPK1,3,AZI1;S304;,1.5256241143375627e-05,0.9999847437588567
MAPK1,3,BAD;S171;,0.020813607725772905,0.9791863922742269
MAPK1,3,BAG3;S271;,0.31531564709473064,0.6846843529052692
MAPK1,3,BAG3;S387;,0.07206656106327912,0.9279334389367209
MAPK1,3,BAG3;S388;,0.5070771104103179,0.492922889589682
MAPK1,3,BAIAP2L1;S218;,0.6549984747669609,0.34500152523303906
MAPK1,3,BAIAP2L1;S380;,0.02033184240095371,0.9796681575990464
MAPK1,3,BAZ2A;S1388;,0.9201654812122846,0.07983451878771548
MAPK1,3,BBX;S243;,0.11009712160286934,0.8899028783971309
MAPK1,3,BCL9L;S116;,5.544430073028737e-06,0.9999944555699269
MAPK1,3,BCL9L;S21;,0.02270080155788473,0.9772991984421153
MAPK1,3,BCL9L;S25;,0.9676014447282727,0.032398555271727365
MAPK1,3,BICD2;S611;,0.9053243426588005,0.0946756573411997
MAPK1,3,BICD2;S819;,0.016656561132223763,0.9833434388677761
MAPK1,3,BRAF;S134;,0.69180382827687,0.30819617172313
MAPK1,3,BRD8;S274;,0.9772602024756196,0.02273979752438047
MAPK1,3,BRD8;T270;,0.6270499330446736,0.37295006695532634
MAPK1,3,BSDC1;S216;,0.06561681812102037,0.9343831818789797
MAPK1,3,C2CD4C;S262;,6.8551142651790435e-06,0.9999931448857349
MAPK1,3,CACNB1;S53;,0.03412594508123918,0.9658740549187609
MAPK1,3,CALD1;S527;,0.28703259677368476,0.7129674032263155
MAPK1,3,CAMK2D;T371;,0.018001440154333023,0.9819985598456671
MAPK1,3,CAMSAP1;S1154;,0.7904386396973799,0.20956136030262032
MAPK1,3,CAMSAP1;S517;,0.03409917090846178,0.9659008290915384
MAPK1,3,CAP2;S301;,0.5925414177637707,0.4074585822362292
MAPK1,3,CBX5;S93;,0.0036565510465492346,0.9963434489534505
MAPK1,3,CCDC6;S143;,0.8074410033045121,0.19255899669548793
MAPK1,3,CCDC88A;S1638;,0.014469177303978946,0.9855308226960211
MAPK1,3,CCDC91;S71;,0.21789087129322537,0.7821091287067745
MAPK1,3,CDC42EP2;S137;,0.8366447136539287,0.16335528634607105
MAPK1,3,CDC42EP2;S141;,0.9067732939952202,0.09322670600477992
MAPK1,3,CDC42EP4;S140;,0.8505725927099602,0.14942740729003987
MAPK1,3,CDKN1A;S69;,0.1057355473669616,0.8942644526330386
MAPK1,3,CDKN1B;S12;,0.01697072330069434,0.9830292766993055
MAPK1,3,CDKN1B;S7;,0.01769087610321452,0.9823091238967854
MAPK1,3,CEP170B;S1166;,1.3968064110375607e-05,0.9999860319358896
MAPK1,3,CEP68;S503;,0.013935720788139547,0.9860642792118606
MAPK1,3,CEP68;S510;,0.9754285315909846,0.024571468409015237
MAPK1,3,CHAMP1;S532;,0.9788362286849474,0.021163771315052843
MAPK1,3,CHD8;S549;,0.01821673466198669,0.9817832653380132
MAPK1,3,CHRND;S379;,0.02358532151412864,0.9764146784858712
MAPK1,3,CIC;S1394;,1.0640262753880378e-05,0.9999893597372461
MAPK1,3,CIC;S1399;,0.019693699773241206,0.9803063002267589
MAPK1,3,CLASP2;S331;,0.01657545758073079,0.983424542419269
MAPK1,3,CLIP1;S159;,0.6908697561184941,0.30913024388150584
MAPK1,3,COBL;S31;,0.011901775711481166,0.988098224288519
MAPK1,3,COBL;S34;,0.012980841236227255,0.9870191587637727
MAPK1,3,COG3;S536;,0.016523848584619413,0.9834761514153805
MAPK1,3,CORO7;S298;,0.01353937231384041,0.9864606276861595
MAPK1,3,DAB2IP;S802;,0.8309830853574575,0.16901691464254273
MAPK1,3,DAP;S2;,0.01988826502831732,0.9801117349716829
MAPK1,3,DAP;S3;,0.19334994320282375,0.8066500567971763
MAPK1,3,DBNDD1;S123;,0.002548992410908009,0.9974510075890922
MAPK1,3,DCAF6;S336;,0.20345094962619475,0.7965490503738054
MAPK1,3,DCLK1;S30;,0.030915451410448953,0.9690845485895508
MAPK1,3,DDX19A;S86;,0.9033556232423523,0.09664437675764775
MAPK1,3,DDX3X;S261;,0.18921061087473906,0.8107893891252611
MAPK1,3,DENND4C;S1037;,0.012282900291285597,0.9877170997087145
MAPK1,3,DLG2;S323;,0.950306252615902,0.04969374738409813
MAPK1,3,DLG2;S328;,0.5528272860728279,0.4471727139271721
MAPK1,3,DMXL1;S574;,0.02336803420781324,0.9766319657921867
MAPK1,3,DNAJC2;T48;,0.05197142176657216,0.9480285782334279
MAPK1,3,DNAJC25;T353;,0.054395278422424184,0.9456047215775756
MAPK1,3,DOCK6;S1339;,0.005002169209542776,0.9949978307904572
MAPK1,3,DOCK7;S1361;,0.0030178581499828035,0.9969821418500172
MAPK1,3,DOCK7;S2107;,0.008402751835584022,0.9915972481644159
MAPK1,3,DOPEY1;S1261;,7.249847918036583e-06,0.9999927501520819
MAPK1,3,DTNA;S606;,0.6924230323941282,0.30757696760587155
MAPK1,3,DUSP27;S366;,0.0030233511617076157,0.9969766488382923
MAPK1,3,DUSP27;S368;,0.007292992419265668,0.9927070075807344
MAPK1,3,DUSP27;S370;,0.016214061712264492,0.9837859382877354
MAPK1,3,DUSP27;S427;,0.0055518523572901275,0.9944481476427098
MAPK1,3,DYNC1H1;S4365;,0.0027395143145212157,0.997260485685479
MAPK1,3,DYNC1I2;S81;,0.9677938146073917,0.03220618539260829
MAPK1,3,EEF2;T57;,0.013216130361605788,0.986783869638394
MAPK1,3,EEF2K;S365;,0.012453899120562117,0.9875461008794378
MAPK1,3,EHBP1L1;S1363;,0.013283972760458769,0.9867160272395412
MAPK1,3,EHD4;S459;,0.6063684820545149,0.393631517945485
MAPK1,3,EIF3A;S584;,0.0026757021586709512,0.9973242978413291
MAPK1,3,EIF4B;S422;,0.0069955613448125075,0.9930044386551876
MAPK1,3,EIF4B;S424;,0.009150389849349145,0.9908496101506508
MAPK1,3,EIF4B;S425;,0.057672751134824236,0.9423272488651758
MAPK1,3,EIF4B;T420;,0.0034298264768331385,0.9965701735231669
MAPK1,3,EIF4EBP1;S64;,0.4870226820455191,0.5129773179544808
MAPK1,3,EIF4EBP2;S2;,0.011035491372354267,0.9889645086276458
MAPK1,3,EIF5B;S183;,1.593421769479416e-05,0.9999840657823051
MAPK1,3,ELMSAN1;S456;,0.004275780224877147,0.9957242197751228
MAPK1,3,EPS8;S659;,0.00918612860061286,0.9908138713993871
MAPK1,3,ETL4;S1844;,0.9611421246069068,0.038857875393093114
MAPK1,3,ETV3;S139;,0.34301667590892626,0.6569833240910739
MAPK1,3,FAM120C;S55;,0.8740315384346606,0.12596846156533945
MAPK1,3,FAM134C;S313;,0.020270608159253432,0.9797293918407466
MAPK1,3,FAM134C;S320;,0.02851038448783388,0.971489615512166
MAPK1,3,FAM171A2;S423;,0.003058855716826979,0.9969411442831728
MAPK1,3,FAM65A;S752;,0.02880755576160854,0.9711924442383915
MAPK1,3,FBXO30;S379;,0.7096605094081383,0.2903394905918616
MAPK1,3,FHOD1;S489;,0.040553395846919985,0.9594466041530799
MAPK1,3,FHOD1;S501;,0.974976000185238,0.025023999814761975
MAPK1,3,FHOD1;S504;,0.8763785033096744,0.1236214966903258
MAPK1,3,FHOD1;S513;,0.018413856920967343,0.9815861430790327
MAPK1,3,FHOD1;S523;,0.9399604652459479,0.060039534754052104
MAPK1,3,FLNC;S2147;,0.007406348124429635,0.9925936518755704
MAPK1,3,FLNC;S2234;,0.0033904892304490626,0.996609510769551
MAPK1,3,FMN1;S589;,0.5677662130536238,0.4322337869463763
MAPK1,3,FOSL2;S320;,0.8335236717778803,0.16647632822211963
MAPK1,3,FOSL2;T322;,0.0634635355538844,0.9365364644461155
MAPK1,3,FOXK1;S225;,0.8710879320301527,0.12891206796984728
MAPK1,3,FOXK2;T200;,0.709733517327559,0.2902664826724414
MAPK1,3,FOXO3;S252;,0.0026848193954025945,0.9973151806045973
MAPK1,3,FRMD8;S21;,1.0912320511812974e-05,0.9999890876794882
MAPK1,3,FRYL;T1959;,0.004794947692128399,0.9952050523078715
MAPK1,3,GAB1;S418;,0.004224274918387585,0.9957757250816124
MAPK1,3,GAB2;S142;,0.24689268755986615,0.7531073124401338
MAPK1,3,GAB2;S143;,0.6662072975737698,0.33379270242623
MAPK1,3,GAB2;S211;,0.006791775274816483,0.9932082247251834
MAPK1,3,GAB2;S365;,0.0842880391311363,0.9157119608688636
MAPK1,3,GAB2;T388;,0.003172571623958283,0.9968274283760415
MAPK1,3,GATAD2A;S103;,0.012548907911251645,0.9874510920887483
MAPK1,3,GATAD2A;S96;,0.0201246681483083,0.9798753318516916
MAPK1,3,GATAD2B;S338;,0.8233619680519907,0.17663803194800912
MAPK1,3,GBF1;S1786;,0.9452661247720321,0.05473387522796798
MAPK1,3,GIGYF1;S28;,0.9828681155665343,0.017131884433465666
MAPK1,3,GIT2;S568;,0.024131602938085948,0.9758683970619139
MAPK1,3,GOLGA4;S116;,0.011930576455392089,0.9880694235446079
MAPK1,3,GSK3A;S21;,0.0037575545931748354,0.9962424454068253
MAPK1,3,GSK3A;S41;,0.018356261902165685,0.9816437380978345
MAPK1,3,GSK3B;S9;,0.005973479415837164,0.9940265205841626
MAPK1,3,GYS1;S728;,0.9765636505203704,0.02343634947962957
MAPK1,3,HBP1;S401;,0.7403321607243036,0.2596678392756965
MAPK1,3,HBS1L;S147;,0.00812392731734206,0.9918760726826579
MAPK1,3,HDAC6;S21;,0.3556649675617612,0.6443350324382388
MAPK1,3,HECTD1;S1392;,0.0536331560778208,0.9463668439221791
MAPK1,3,HECTD1;S1393;,0.05113754390761505,0.948862456092385
MAPK1,3,HECTD1;S1573;,0.011844345924924803,0.988155654075075
MAPK1,3,HELB;S944;,0.9584150134759881,0.041584986524011755
MAPK1,3,HERC1;S1163;,0.9184534801964475,0.0815465198035525
MAPK1,3,HERC1;T1154;,0.1817692153739751,0.8182307846260246
MAPK1,3,HIRIP3;S27;,0.4749308187006294,0.5250691812993706
MAPK1,3,HN1L;S97;,0.7225543561863913,0.27744564381360887
MAPK1,3,HOMER3;S158;,0.0036344165622562664,0.9963655834377438
MAPK1,3,HUWE1;S1876;,0.01748832315766967,0.9825116768423305
MAPK1,3,HUWE1;S3639;,0.3320762286121253,0.6679237713878747
MAPK1,3,HUWE1;S3898;,0.9639056627499388,0.036094337250061115
MAPK1,3,HUWE1;T3903;,0.9744059110637963,0.025594088936203716
MAPK1,3,IREB2;S178;,0.018876363399906736,0.9811236366000933
MAPK1,3,IRF2BPL;S69;,0.9159068418347279,0.0840931581652722
MAPK1,3,ITSN1;S1063;,0.07524136445647302,0.9247586355435269
MAPK1,3,ITSN1;S315;,0.0026382182033868806,0.9973617817966133
MAPK1,3,JMY;S56;,0.0055414725071351355,0.994458527492865
MAPK1,3,JSRP1;S47;,0.015970647965679624,0.9840293520343206
MAPK1,3,KANK2;S358;,0.006738194168993852,0.9932618058310061
MAPK1,3,KCTD3;S809;,0.01233862239254504,0.9876613776074551
MAPK1,3,KDM2A;S718;,0.939974356487345,0.06002564351265516
MAPK1,3,KDM2A;T713;,0.9372070160398515,0.0627929839601485
MAPK1,3,KDM5C;S316;,6.031944298092421e-06,0.9999939680557018
MAPK1,3,KPNA1;S2;,0.011833810018414503,0.9881661899815857
MAPK1,3,KPNA1;T3;,0.29264754988576747,0.7073524501142325
MAPK1,3,LAMTOR1;S98;,0.01838193670890226,0.9816180632910977
MAPK1,3,LARP1;S916;,0.007018119268488315,0.9929818807315116
MAPK1,3,LARP1;T932;,0.8121889365028017,0.18781106349719826
MAPK1,3,LARP4B;S498;,0.0026015795213773975,0.9973984204786226
MAPK1,3,LDB3;S112;,0.37683059085380266,0.6231694091461973
MAPK1,3,LIMA1;S360;,0.9062212772260663,0.0937787227739337
MAPK1,3,LIMA1;S603;,0.8187326631858454,0.1812673368141545
MAPK1,3,LIMA1;S608;,0.9503160796461267,0.04968392035387306
MAPK1,3,LIMA1;S703;,0.9433656337875587,0.056634366212441375
MAPK1,3,LMNA;S404;,0.004285423434057945,0.9957145765659422
MAPK1,3,LMNA;S406;,0.003084204583773428,0.9969157954162268
MAPK1,3,LMNA;S407;,0.034330463263288945,0.965669536736711
MAPK1,3,LMNA;S423;,0.03203665622591946,0.9679633437740807
MAPK1,3,LMNA;S424;,0.013217467415368717,0.986782532584631
MAPK1,3,LMO7;S1541;,1.0336991242301421e-05,0.9999896630087577
MAPK1,3,LMO7;S1543;,4.945600254446433e-06,0.9999950543997456
MAPK1,3,LOC100360205;S239;,0.00617084525886022,0.9938291547411399
MAPK1,3,LOC100365259;S393;,0.012103214606803794,0.9878967853931963
MAPK1,3,LOC100910104;S475;,0.003866729859356321,0.9961332701406436
MAPK1,3,LOC100910104;S532;,0.021432972611565716,0.9785670273884342
MAPK1,3,LOC100910104;S719;,0.8724885705070744,0.1275114294929255
MAPK1,3,LOC100910646;S166;,0.026027803949112367,0.9739721960508879
MAPK1,3,LOC100911178;S1643;,0.2902985287112671,0.7097014712887331
MAPK1,3,LOC100911302;S1721;,0.840718326125255,0.15928167387474498
MAPK1,3,LOC100911677;S490;,0.01413433522565797,0.9858656647743421
MAPK1,3,LOC100912115;S649;,0.8598222748290926,0.14017772517090726
MAPK1,3,LOC312502;S1164;,0.8863220656023999,0.1136779343976003
MAPK1,3,LOC312502;S138;,0.012457175942600268,0.9875428240573999
MAPK1,3,LOC312502;S139;,0.01122033344043899,0.988779666559561
MAPK1,3,LOC312502;S483;,0.7302811498746998,0.2697188501253001
MAPK1,3,LOC683007;S1204;,0.9055512788657134,0.09444872113428668
MAPK1,3,LOC683007;S1207;,0.05148138384121787,0.9485186161587821
MAPK1,3,LOC684259;S780;,0.024224063285269007,0.975775936714731
MAPK1,3,LOC685707;S1251;,0.9384789177937956,0.061521082206204426
MAPK1,3,LRRFIP2;S18;,0.018276462807008422,0.9817235371929917
MAPK1,3,LRRFIP2;T136;,0.03188597620053271,0.9681140237994672
MAPK1,3,LYSMD1;S33;,0.01663676134174602,0.9833632386582538
MAPK1,3,MACF1;S1376;,1.3801728879325847e-05,0.9999861982711207
MAPK1,3,MACF1;S5293;,0.9402406896291434,0.0597593103708568
MAPK1,3,MAF1;S60;,0.9151387926889065,0.08486120731109367
MAPK1,3,MAP1A;S1757;,0.072653237424359,0.9273467625756411
MAPK1,3,MAP1A;T2177;,0.7311959122158598,0.2688040877841402
MAPK1,3,MAP1A;T504;,0.8728259024753776,0.12717409752462258
MAPK1,3,MAP1B;S1257;,0.9045887585725167,0.09541124142748329
MAPK1,3,MAP1B;S1389;,0.8867807732819744,0.11321922671802548
MAPK1,3,MAP1B;S1393;,0.536313039028216,0.463686960971784
MAPK1,3,MAP1B;T1781;,0.12255805212004961,0.8774419478799506
MAPK1,3,MAP1S;S683;,0.9514804274730725,0.048519572526927505
MAPK1,3,MAP4;S902;,0.012520229466031976,0.9874797705339681
MAPK1,3,MAP4K4;S591;,0.041971775598561294,0.9580282244014385
MAPK1,3,MAP4K4;S791;,0.017043332416847672,0.9829566675831523
MAPK1,3,MAP4K4;S794;,0.013718103101401986,0.986281896898598
MAPK1,3,MAPK1;Y185;,0.16916739672186398,0.8308326032781358
MAPK1,3,MAPK14;Y182;,0.1622380742147327,0.8377619257852672
MAPK1,3,MAPK8;Y185;,0.04657717281890408,0.9534228271810958
MAPK1,3,MARCKS;S141;,0.06018152435634176,0.9398184756436582
MAPK1,3,MARK3;S593;,0.007576916950811221,0.9924230830491888
MAPK1,3,MARK3;T594;,0.08436963165985499,0.9156303683401449
MAPK1,3,MATR3;S188;,4.363946640341757e-06,0.9999956360533596
MAPK1,3,MBD3;S85;,6.505306931343284e-06,0.9999934946930686
MAPK1,3,MBD3;S86;,0.009921770476021925,0.9900782295239781
MAPK1,3,MDM2;S138;,0.006253532647695575,0.9937464673523043
MAPK1,3,MED1;S1465;,0.3186024201229781,0.6813975798770217
MAPK1,3,MED1;S1467;,0.013377266376017953,0.986622733623982
MAPK1,3,MED1;S1468;,0.03883197700235248,0.9611680229976473
MAPK1,3,MED24;S860;,0.002539864326642502,0.9974601356733572
MAPK1,3,MED24;S861;,0.009898998766235685,0.9901010012337644
MAPK1,3,MEF2C;S226;,0.5321017978502597,0.4678982021497401
MAPK1,3,MID1;S96;,0.9022890788089326,0.09771092119106733
MAPK1,3,MKL1;S571;,0.9324238765919773,0.06757612340802277
MAPK1,3,MLL2;S2291;,0.9028273453473783,0.09717265465262173
MAPK1,3,MLLT4;S216;,0.006163784700197545,0.9938362152998024
MAPK1,3,MLLT4;S246;,0.007363308549332535,0.9926366914506676
MAPK1,3,MON2;S197;,0.00257382664816094,0.9974261733518391
MAPK1,3,MPHOSPH10;S168;,0.011550740551906816,0.9884492594480935
MAPK1,3,MPRIP;S369;,0.9061439869591708,0.09385601304082902
MAPK1,3,MTFR1L;S100;,0.018397353480857963,0.9816026465191422
MAPK1,3,MTFR1L;S234;,0.011920797758179677,0.9880792022418204
MAPK1,3,MTFR1L;S235;,0.013725131920152024,0.986274868079848
MAPK1,3,MTSS1L;S575;,0.736566001083257,0.26343399891674296
MAPK1,3,MURC;S20;,5.6516891362871476e-06,0.9999943483108638
MAPK1,3,MUSK;S689;,0.011132848170560513,0.9888671518294393
MAPK1,3,MUSK;S690;,0.4235593870172993,0.5764406129827008
MAPK1,3,MYBBP1A;S1283;,0.9525616194342379,0.047438380565762044
MAPK1,3,MYCBP2;S2750;,0.004952178034185206,0.995047821965815
MAPK1,3,MYOZ2;T32;,0.9504162463803277,0.04958375361967234
MAPK1,3,NACA;S1125;,0.9335634362959231,0.06643656370407691
MAPK1,3,NACA;S1345;,0.7740540034576131,0.22594599654238692
MAPK1,3,NACA;S1454;,0.9526371205333705,0.04736287946662952
MAPK1,3,NACA;S1720;,0.9203406082546686,0.07965939174533135
MAPK1,3,NACA;S914;,0.9466586141400044,0.0533413858599956
MAPK1,3,NACA;S942;,0.7696953753709596,0.23030462462904072
MAPK1,3,NCAPH;S24;,0.7241530638959967,0.2758469361040033
MAPK1,3,NCOR1;S363;,0.782528573605498,0.21747142639450173
MAPK1,3,NCOR2;S1747;,0.6267364087064332,0.37326359129356684
MAPK1,3,NDRG1;S330;,0.008566727531297362,0.9914332724687026
MAPK1,3,NDRG1;T328;,0.0035586274759395217,0.9964413725240606
MAPK1,3,NDRG2;T334;,0.0029572911881120697,0.9970427088118881
MAPK1,3,NEK9;S16;,0.012032498044693661,0.9879675019553065
MAPK1,3,NEK9;S736;,0.003396660448590617,0.9966033395514093
MAPK1,3,NELFE;S131;,0.008746231539674612,0.9912537684603254
MAPK1,3,NES;S1071;,0.012942863052616752,0.9870571369473834
MAPK1,3,NES;S1123;,0.013882441459237208,0.9861175585407628
MAPK1,3,NES;S1131;,0.015272169549638606,0.9847278304503615
MAPK1,3,NES;S620;,0.7479409691760623,0.2520590308239375
MAPK1,3,NES;S784;,0.011399586981151028,0.9886004130188489
MAPK1,3,NEXN;S280;,0.008349175643210235,0.9916508243567898
MAPK1,3,NFIX;S265;,0.043430893079231654,0.9565691069207684
MAPK1,3,NHSL1;T1376;,0.9251715912627151,0.074828408737285
MAPK1,3,NUMA1;S1935;,8.254126978909096e-06,0.999991745873021
MAPK1,3,NUMA1;S1958;,0.0030511501901396014,0.9969488498098602
MAPK1,3,NUP35;S73;,0.9304301855240941,0.06956981447590588
MAPK1,3,OPTN;S188;,0.013906776289740621,0.9860932237102595
MAPK1,3,PACS2;S319;,0.8949818115632188,0.1050181884367813
MAPK1,3,PAK1;S144;,0.013212799698558634,0.9867872003014413
MAPK1,3,PAK1;S203;,0.010007549234745838,0.9899924507652542
MAPK1,3,PAK2;S197;,0.013848393922012899,0.986151606077987
MAPK1,3,PARD3;S715;,0.0035413071333012572,0.9964586928666986
MAPK1,3,PARVA;S14;,0.9754550176171478,0.024544982382852115
MAPK1,3,PATL1;S184;,0.9340895216858188,0.06591047831418116
MAPK1,3,PBXIP1;S132;,0.011003438809538885,0.9889965611904613
MAPK1,3,PBXIP1;S133;,0.40371378110536216,0.596286218894638
MAPK1,3,PCM1;S1280;,0.008384668051832429,0.9916153319481676
MAPK1,3,PCM1;S380;,0.018489996033907097,0.9815100039660929
MAPK1,3,PCM1;S384;,0.00611295893116662,0.9938870410688334
MAPK1,3,PDAP1;S176;,0.0026295423623821056,0.9973704576376177
MAPK1,3,PDAP1;S178;,0.006800727143033659,0.9931992728569663
MAPK1,3,PDCD4;S420;,0.003109569576980871,0.9968904304230191
MAPK1,3,PDCD4;S76;,0.0037749215405302604,0.9962250784594696
MAPK1,3,PDLIM7;S209;,0.04734913066514747,0.9526508693348529
MAPK1,3,PDLIM7;T214;,0.23428972888815294,0.7657102711118473
MAPK1,3,PDLIM7;T215;,0.8974825592012242,0.10251744079877582
MAPK1,3,PDS5B;S1176;,1.6813709550613533e-05,0.9999831862904495
MAPK1,3,PDXDC1;T554;,0.8836787305261579,0.11632126947384218
MAPK1,3,PELO;S55;,0.04832604656226684,0.9516739534377331
MAPK1,3,PEX1;S1209;,1.914705908812277e-05,0.999980852940912
MAPK1,3,PFKFB2;S469;,0.013560710970907823,0.9864392890290923
MAPK1,3,PHF1;S410;,0.8982738817562054,0.10172611824379457
MAPK1,3,PHF1;S415;,0.949459770297569,0.05054022970243095
MAPK1,3,PHF2;S782;,0.9606999852023552,0.0393000147976447
MAPK1,3,PHIP;S1251;,3.0247151111898488e-06,0.9999969752848887
MAPK1,3,PHLDB1;S431;,0.00450161738858056,0.9954983826114194
MAPK1,3,PHLDB1;S534;,0.0235067926090646,0.9764932073909355
MAPK1,3,PHLDB2;S241;,0.0041547341966729975,0.9958452658033268
MAPK1,3,PI4K2A;S43;,0.043487410042164665,0.9565125899578351
MAPK1,3,PI4K2A;S46;,0.6695089505713453,0.33049104942865465
MAPK1,3,PI4K2A;S461;,0.0036385521926301364,0.9963614478073699
MAPK1,3,PI4K2A;S50;,0.9802895634936645,0.01971043650633567
MAPK1,3,PID1;S230;,0.05995678920575672,0.9400432107942432
MAPK1,3,PID1;S231;,0.0027563215216500556,0.99724367847835
MAPK1,3,PID1;S232;,0.0037472075999827803,0.9962527924000173
MAPK1,3,PID1;S242;,0.026681278866711088,0.9733187211332891
MAPK1,3,PIEZO1;S1370;,0.960441172832959,0.03955882716704101
MAPK1,3,PIK3C2A;S261;,0.6599766283194068,0.34002337168059316
MAPK1,3,PLEC;S4246;,0.01981946526168818,0.9801805347383118
MAPK1,3,PLEC;S4249;,0.03478684137208238,0.9652131586279175
MAPK1,3,PNISR;S290;,0.0077531380040511775,0.9922468619959487
MAPK1,3,POM121;S370;,0.09961350817518604,0.900386491824814
MAPK1,3,PPAN;S233;,0.012408038429492743,0.9875919615705074
MAPK1,3,PPAN;S238;,0.016250354973116055,0.9837496450268837
MAPK1,3,PPAN;S240;,0.014052317595159652,0.9859476824048404
MAPK1,3,PPP1R12C;S508;,0.9037735126507187,0.09622648734928131
MAPK1,3,PPP1R13L;S110;,0.965661599716284,0.03433840028371614
MAPK1,3,PPP1R13L;S154;,0.6378741053650689,0.36212589463493094
MAPK1,3,PPP1R13L;S360;,0.9721932225587625,0.027806777441237385
MAPK1,3,PPP6R2;S629;,0.827512147691124,0.17248785230887573
MAPK1,3,PPP6R2;S719;,0.9423878752612992,0.05761212473870095
MAPK1,3,PRKAA1;S496;,0.0037046724481266265,0.9962953275518733
MAPK1,3,PRKAB1;S108;,0.0132584347526059,0.986741565247394
MAPK1,3,PRRC2A;S765;,0.04093486216540899,0.9590651378345911
MAPK1,3,PRRC2B;S259;,0.013210291964338167,0.9867897080356618
MAPK1,3,PSMA5;T55;,0.03846513996235735,0.9615348600376429
MAPK1,3,PSMC3;S12;,0.8593800194494527,0.1406199805505473
MAPK1,3,PSMC3;S9;,0.9122950702963719,0.08770492970362788
MAPK1,3,PTPN12;T544;,0.020387856311589216,0.9796121436884107
MAPK1,3,PTPN21;S599;,0.006032853911915207,0.9939671460880849
MAPK1,3,PTPN21;S762;,0.054714752743412004,0.945285247256588
MAPK1,3,PTRF;S169;,0.01978108409660659,0.9802189159033935
MAPK1,3,PTRF;S171;,0.04506878603292471,0.9549312139670751
MAPK1,3,PUM2;S82;,0.894485945451835,0.1055140545481651
MAPK1,3,PXN;S106;,0.017486070460515292,0.9825139295394848
MAPK1,3,PXN;S137;,0.041698150108976435,0.9583018498910237
MAPK1,3,PXN;S83;,0.941321574398398,0.058678425601601844
MAPK1,3,RABGEF1;T142;,0.04070889195855126,0.9592911080414487
MAPK1,3,RAF1;S295;,0.17952964750750158,0.8204703524924986
MAPK1,3,RAF1;S296;,0.6278265547542082,0.3721734452457917
MAPK1,3,RAI14;T249;,0.8145305102935303,0.18546948970646962
MAPK1,3,RANBP10;S481;,0.019889962474186285,0.9801100375258136
MAPK1,3,RANBP3;S58;,0.0040863134894021935,0.9959136865105978
MAPK1,3,RAPGEF1;S306;,0.012789786177550446,0.9872102138224498
MAPK1,3,RAPGEF1;S308;,0.00339062262990069,0.9966093773700995
MAPK1,3,RAVER1;S576;,0.2701352691844657,0.7298647308155342
MAPK1,3,RB1CC1;S243;,0.8306577177492788,0.1693422822507212
MAPK1,3,RBM3;S145;,0.007070273328402082,0.9929297266715981
MAPK1,3,RBM7;S72;,1.0781007788863049e-05,0.9999892189922112
MAPK1,3,RFX7;S1177;,1.0642872631001886e-05,0.999989357127369
MAPK1,3,RGD1307838;S900;,1.6098153406576173e-06,0.9999983901846593
MAPK1,3,RGD1307838;S903;,0.003950127524522694,0.9960498724754773
MAPK1,3,RGD1308297;S518;,0.019530422091309386,0.9804695779086908
MAPK1,3,RGD1309586;S243;,0.004969861378899712,0.9950301386211003
MAPK1,3,RGD1309586;S59;,0.002680012894782297,0.9973199871052176
MAPK1,3,RGD1310016;S1171;,0.021956178180389658,0.9780438218196104
MAPK1,3,RGD1311783;S45;,0.014945610398215327,0.9850543896017846
MAPK1,3,RGD1311783;S46;,0.013110662441930286,0.9868893375580696
MAPK1,3,RGD1560225;S763;,0.2775132906977124,0.7224867093022875
MAPK1,3,RGD1561609;S759;,0.004140366483154194,0.9958596335168458
MAPK1,3,RGD1562639;S1035;,5.511666145292554e-06,0.9999944883338547
MAPK1,3,RGD1566017;S802;,0.011079561248984533,0.9889204387510155
MAPK1,3,RIN2;S494;,0.012597241001219438,0.9874027589987803
MAPK1,3,RIPK2;S412;,0.01688680442587158,0.9831131955741284
MAPK1,3,RNF40;S586;,0.007213165199689782,0.9927868348003104
MAPK1,3,RPS6KA3;S715;,0.3072843992040562,0.6927156007959439
MAPK1,3,RPS6KA4;S681;,0.027687668721051738,0.9723123312789483
MAPK1,3,RPS6KA4;S682;,0.23411229145445495,0.7658877085455449
MAPK1,3,RPS6KB1;S404;,0.04019537959745756,0.9598046204025426
MAPK1,3,RPTOR;S863;,0.929673379927719,0.07032662007228108
MAPK1,3,RRP1B;S524;,0.7820331608936909,0.21796683910630887
MAPK1,3,RRP1B;T521;,0.595342998059239,0.404657001940761
MAPK1,3,RTF1;S416;,0.012443307339718896,0.9875566926602808
MAPK1,3,RUFY1;S50;,0.30490560551438095,0.695094394485619
MAPK1,3,RUNX1T1;T568;,0.7155671827642825,0.2844328172357175
MAPK1,3,SAMD4B;S271;,0.9809470718838228,0.019052928116177252
MAPK1,3,SAP30L;T91;,0.01110262097373247,0.9888973790262673
MAPK1,3,SBF1;S1141;,0.01795720208323746,0.9820427979167625
MAPK1,3,SCRIB;S1315;,0.8126550418513484,0.1873449581486515
MAPK1,3,SCRIB;S1529;,0.027163143055514063,0.9728368569444861
MAPK1,3,SENP7;S47;,0.9269269637199196,0.07307303628008043
MAPK1,3,SETD2;S511;,0.808970697188233,0.19102930281176694
MAPK1,3,SF3B1;T326;,0.02628340149345694,0.973716598506543
MAPK1,3,SFPQ;T586;,0.6533999834619396,0.34660001653806055
MAPK1,3,SGTA;S306;,0.0028783043705254362,0.9971216956294745
MAPK1,3,SGTA;S308;,0.007209631400754689,0.9927903685992453
MAPK1,3,SH3BP5;S420;,0.007836420098562303,0.9921635799014377
MAPK1,3,SH3D19;S274;,0.9738127297741253,0.0261872702258747
MAPK1,3,SH3PXD2A;S368;,0.012328155904399904,0.9876718440956002
MAPK1,3,SH3PXD2A;S495;,0.35997947641772865,0.6400205235822712
MAPK1,3,SH3PXD2A;S956;,2.1080910906026896e-06,0.9999978919089093
MAPK1,3,SHC3;S359;,0.8749464551249945,0.1250535448750055
MAPK1,3,SIK2;S673;,0.01770252169988365,0.9822974783001162
MAPK1,3,SIPA1L1;S1408;,0.011578895139734782,0.9884211048602651
MAPK1,3,SIPA1L1;S1411;,0.013374315706286112,0.9866256842937141
MAPK1,3,SIPA1L1;S288;,0.004472135180690468,0.9955278648193095
MAPK1,3,SLC2A13;S38;,0.013484814871348259,0.9865151851286517
MAPK1,3,SLC2A13;S44;,0.013880391500788401,0.9861196084992115
MAPK1,3,SLC2A13;S47;,0.013245912746013139,0.9867540872539867
MAPK1,3,SLC4A7;S1171;,0.011940286804252008,0.988059713195748
MAPK1,3,SLC4A7;S263;,0.012920635162042752,0.9870793648379571
MAPK1,3,SLK;S778;,0.01337251244337975,0.9866274875566202
MAPK1,3,SMCR7L;S59;,0.9521042145970235,0.047895785402976516
MAPK1,3,SMCR8;S416;,0.011498063451555622,0.9885019365484442
MAPK1,3,SMCR8;S486;,0.014641675460471917,0.9853583245395281
MAPK1,3,SMCR8;S488;,0.021428400551224233,0.9785715994487755
MAPK1,3,SMCR8;S491;,0.015065426394711224,0.9849345736052888
MAPK1,3,SMCR8;S497;,0.02807426546938463,0.9719257345306154
MAPK1,3,SMG6;S537;,0.8929420381573839,0.1070579618426161
MAPK1,3,SNW1;S224;,0.025614983609816695,0.9743850163901833
MAPK1,3,SNX8;S454;,0.8063827404098414,0.19361725959015852
MAPK1,3,SON;S94;,1.4670251836664187e-05,0.9999853297481633
MAPK1,3,SORBS1;S857;,0.5592219755938365,0.4407780244061635
MAPK1,3,SOS1;S1120;,0.008557944177221468,0.9914420558227787
MAPK1,3,SOX6;S399;,0.9108363170397634,0.08916368296023668
MAPK1,3,SOX6;S402;,0.9215219807525722,0.07847801924742764
MAPK1,3,SOX6;T401;,0.04486722291924626,0.9551327770807537
MAPK1,3,SPAG7;S219;,0.007833446889791552,0.9921665531102085
MAPK1,3,SPAG9;S203;,0.014009368056225905,0.985990631943774
MAPK1,3,SPAG9;S716;,0.004931383419967738,0.9950686165800321
MAPK1,3,SPHK2;S379;,0.0223427739673137,0.9776572260326862
MAPK1,3,SRPK2;S487;,0.0038126692000254587,0.9961873307999746
MAPK1,3,SRRM2;S2228;,0.4801200219953175,0.5198799780046826
MAPK1,3,SRRM2;S2338;,0.8024762050453789,0.19752379495462127
MAPK1,3,SRSF10;S131;,0.020497172824310107,0.9795028271756898
MAPK1,3,SRSF11;S200;,0.846468269572354,0.15353173042764595
MAPK1,3,STARD13;S334;,0.6029787355358676,0.3970212644641324
MAPK1,3,STAT3;S727;,0.8894851553352784,0.11051484466472153
MAPK1,3,STIM1;S257;,0.012377231667569872,0.9876227683324302
MAPK1,3,STIM1;S523;,0.015628977892158783,0.9843710221078413
MAPK1,3,STIM1;S524;,0.01190283587370894,0.9880971641262912
MAPK1,3,STIM2;S675;,0.011969699037192794,0.9880303009628074
MAPK1,3,STK11IP;S443;,0.6541263207776439,0.34587367922235596
MAPK1,3,STK3;S385;,0.29171677970386123,0.7082832202961387
MAPK1,3,STMN1;S16;,0.0038048737332322343,0.9961951262667678
MAPK1,3,STMN1;S25;,0.8252058609672599,0.17479413903274013
MAPK1,3,STMN1;S38;,0.9689212714796882,0.031078728520311825
MAPK1,3,STRN3;S227;,0.3442794872814535,0.6557205127185464
MAPK1,3,SUN2;S12;,0.00529428059012691,0.9947057194098732
MAPK1,3,SVIL;S1177;,0.2803673108054359,0.7196326891945639
MAPK1,3,SVIL;S259;,0.0030768609684708403,0.9969231390315292
MAPK1,3,SVIL;S531;,0.31396980591233076,0.6860301940876692
MAPK1,3,SYNPO2L;S401;,0.0034076842658009045,0.9965923157341992
MAPK1,3,SYNPO2L;T141;,0.029226735573972526,0.9707732644260274
MAPK1,3,SZT2;S1641;,0.008428375718674478,0.9915716242813256
MAPK1,3,TACC2;S575;,0.950327535151545,0.04967246484845508
MAPK1,3,TANC2;S1447;,0.029779263700453612,0.9702207362995464
MAPK1,3,TBC1D1;S231;,0.014901523077923534,0.9850984769220765
MAPK1,3,TBC1D1;S662;,0.015326367210521384,0.9846736327894787
MAPK1,3,TBC1D1;T590;,0.003965977908485744,0.9960340220915141
MAPK1,3,TBC1D16;S382;,0.01269453523024695,0.9873054647697531
MAPK1,3,TCF12;S583;,1.3314477008425718e-05,0.9999866855229915
MAPK1,3,TDRD3;S256;,5.972542930240872e-06,0.9999940274570698
MAPK1,3,TENC1;T996;,0.14411677126382413,0.855883228736176
MAPK1,3,TFE3;S531;,0.012788629652436974,0.9872113703475631
MAPK1,3,TJP1;S1602;,0.8371956492485831,0.1628043507514168
MAPK1,3,TJP1;S1604;,0.011174657042069942,0.9888253429579302
MAPK1,3,TJP2;S147;,0.03168922120435855,0.9683107787956415
MAPK1,3,TMEM245;S327;,0.9503315177634369,0.049668482236563095
MAPK1,3,TMEM55A;S14;,0.01775842896959182,0.9822415710304082
MAPK1,3,TNKS1BP1;S1642;,0.004872944105829211,0.9951270558941708
MAPK1,3,TNRC6B;S306;,0.702004210514977,0.29799578948502337
MAPK1,3,TNRC6B;S421;,0.7114395147646979,0.2885604852353018
MAPK1,3,TRAK1;S390;,0.808455664751183,0.1915443352488168
MAPK1,3,TRAK1;S905;,0.019260104947656485,0.9807398950523434
MAPK1,3,TRAPPC12;S314;,0.7223932358851868,0.2776067641148133
MAPK1,3,TRIM28;S474;,0.007665247801878882,0.9923347521981213
MAPK1,3,TRIO;S2459;,0.7086166427473627,0.2913833572526371
MAPK1,3,TRIO;S2463;,0.939280180253693,0.060719819746306934
MAPK1,3,TRIP12;T1454;,0.0070210669403869466,0.992978933059613
MAPK1,3,TSC2;S939;,0.004860629794282147,0.9951393702057175
MAPK1,3,TSSC4;S190;,0.5067380900484327,0.4932619099515674
MAPK1,3,TTN;S305;,0.014851501051220016,0.9851484989487802
MAPK1,3,UBA1;S13;,0.006338443464662681,0.9936615565353372
MAPK1,3,UBA5;S380;,1.4436676308023609e-05,0.999985563323692
MAPK1,3,UBE2O;S835;,0.9523463186966564,0.0476536813033436
MAPK1,3,UBE2O;T830;,0.05936184542511329,0.9406381545748868
MAPK1,3,UBE4B;S88;,0.4616966139696659,0.5383033860303341
MAPK1,3,ULK1;S450;,0.35966011742072207,0.6403398825792779
MAPK1,3,ULK1;S465;,0.01319008899106107,0.9868099110089391
MAPK1,3,ULK1;S477;,0.8831737430372523,0.11682625696274786
MAPK1,3,ULK1;S479;,0.8044794490908044,0.1955205509091958
MAPK1,3,ULK1;S637;,0.013552302292951202,0.986447697707049
MAPK1,3,ULK1;T468;,0.01752533614807213,0.9824746638519278
MAPK1,3,ULK1;T659;,0.01346450596594742,0.9865354940340526
MAPK1,3,USP10;S224;,0.9398749298794042,0.06012507012059567
MAPK1,3,VAPA;S164;,0.014430639633341872,0.9855693603666581
MAPK1,3,VIM;S420;,0.012268427292544197,0.987731572707456
MAPK1,3,VIM;S430;,0.014978157756795828,0.9850218422432042
MAPK1,3,VIM;T426;,0.013670997148689811,0.9863290028513102
MAPK1,3,VPS26B;S304;,0.012887935238877594,0.9871120647611223
MAPK1,3,WIPF2;S235;,0.7797896439556531,0.22021035604434674
MAPK1,3,WNK1;S165;,0.011145245532664329,0.9888547544673356
MAPK1,3,WWC3;S955;,0.004777741740031385,0.9952222582599685
MAPK1,3,YAP1;S46;,0.017128094954306925,0.9828719050456929
MAPK1,3,ZC3H13;S368;,0.01590201836860278,0.9840979816313971
MAPK1,3,ZC3HAV1;S307;,0.8648867689075097,0.13511323109249038
MAPK1,3,ZC3HAV1;S325;,0.01793584351230533,0.9820641564876947
MAPK1,3,ZC3HAV1;S544;,0.5522391905720633,0.4477608094279367
MAPK1,3,ZC3HC1;S343;,0.919743168759111,0.08025683124088888
MAPK1,3,ZC3HC1;T351;,0.07692402928475817,0.9230759707152417
MAPK1,3,ZFP295;S411;,1.8646267913567424e-05,0.9999813537320864
MAPK1,3,ZFYVE16;S903;,0.04672890133428738,0.9532710986657125
MAPK1,3,ZNRF2;S148;,0.023494291561093984,0.9765057084389062
MAPK1,3,ZNRF2;S154;,0.6638220723613525,0.3361779276386475
MAPK1,3,ZNRF2;S18;,0.005718309067383779,0.9942816909326161
MAPK1,3,ZNRF2;S81;,0.012829956048416498,0.9871700439515833
MAPK1,3,ZYX;S143;,0.014555958329297245,0.9854440416707027
MAPK1,3,ZYX;S144;,0.015165552658121239,0.9848344473418789
MAPK1,3,ZYX;S336;,0.5984077412190022,0.4015922587809978
MAPK1,3,ZZEF1;S1516;,0.9716506851012965,0.028349314898703473
MAPK1,3,ZZEF1;S1535;,0.0035369498864823083,0.9964630501135177
MAPK1,4,AAK1;S677;,0.030803768811539213,0.9691962311884609
MAPK1,4,ABCC4;S604;,0.8406628261417834,0.15933717385821647
MAPK1,4,ABI2;S165;,0.015021102392738427,0.9849788976072615
MAPK1,4,ABI2;S168;,0.01943937459806243,0.9805606254019374
MAPK1,4,ABL2;S799;,0.0076254503474665215,0.9923745496525336
MAPK1,4,ABLIM3;S566;,0.5,0.5
MAPK1,4,ABLIM3;S575;,0.029090516063940572,0.9709094839360595
MAPK1,4,ACACA;S79;,0.020019038377316674,0.9799809616226833
MAPK1,4,ACIN1;S711;,0.012109209699755373,0.9878907903002447
MAPK1,4,ADD1;S613;,0.07696913536768843,0.9230308646323117
MAPK1,4,ADD1;T614;,0.8768768216664344,0.12312317833356562
MAPK1,4,ADNP;S971;,0.5429140917507339,0.4570859082492661
MAPK1,4,AFF4;S823;,0.04997608559346904,0.9500239144065311
MAPK1,4,AGAP3;S107;,0.6355671421616831,0.3644328578383168
MAPK1,4,AHCTF1;S1214;,0.023860899869151308,0.9761391001308487
MAPK1,4,AHNAK;S1191;,0.037729202341207226,0.9622707976587926
MAPK1,4,AHNAK;S177;,0.01087831604586006,0.9891216839541398
MAPK1,4,AHNAK;S2060;,0.4254899907538923,0.5745100092461076
MAPK1,4,AHNAK;S211;,0.018332529467624717,0.9816674705323751
MAPK1,4,AHNAK;S2117;,0.038246188682971194,0.9617538113170289
MAPK1,4,AHNAK;S222;,0.01662599311588335,0.9833740068841165
MAPK1,4,AHNAK;S3915;,0.36377304051150006,0.6362269594884999
MAPK1,4,AHNAK;S42;,0.5,0.5
MAPK1,4,AHNAK;S4597;,0.5431939961541744,0.4568060038458257
MAPK1,4,AHNAK;S5243;,0.561391721469629,0.4386082785303707
MAPK1,4,AHNAK;T4049;,0.25897989151530976,0.7410201084846904
MAPK1,4,AHNAK2;S425;,0.612764064645417,0.38723593535458284
MAPK1,4,AHNAK2;T438;,0.13755164227790606,0.8624483577220939
MAPK1,4,AIMP1;S110;,0.008400159806882048,0.9915998401931181
MAPK1,4,AJUBA;S129;,0.853261295413247,0.1467387045867529
MAPK1,4,AKAP1;S103;,0.020625652787186578,0.9793743472128136
MAPK1,4,AKAP10;S278;,0.02745982424548252,0.9725401757545176
MAPK1,4,AKAP11;S1090;,0.03583276967209077,0.9641672303279094
MAPK1,4,AKAP11;S21;,0.01703570072881962,0.9829642992711803
MAPK1,4,AKAP11;S23;,0.013100505954599207,0.9868994940454007
MAPK1,4,AKAP11;S448;,0.6656852531858123,0.33431474681418766
MAPK1,4,AKAP13;S2515;,0.030400260561655294,0.9695997394383448
MAPK1,4,AKAP2;S152;,0.9179740964173475,0.08202590358265256
MAPK1,4,AKAP2;S730;,0.010129901388311878,0.9898700986116882
MAPK1,4,AKAP6;S562;,0.0198922484666922,0.9801077515333076
MAPK1,4,AKAP9;S3669;,0.24233271620171493,0.7576672837982851
MAPK1,4,AKT1S1;S184;,0.02614395924871265,0.9738560407512874
MAPK1,4,AKT1S1;T247;,0.03593726316820374,0.9640627368317963
MAPK1,4,ALKBH5;S362;,0.012793543318665482,0.9872064566813346
MAPK1,4,ALKBH5;S376;,0.01849858225276911,0.9815014177472311
MAPK1,4,AMOTL1;S580;,0.025183169808927652,0.9748168301910721
MAPK1,4,ANP32A;S15;,0.011320510850803172,0.988679489149197
MAPK1,4,AP3D1;S755;,0.0201206975980982,0.9798793024019019
MAPK1,4,ARFGAP2;S145;,0.7236378843452673,0.27636211565473273
MAPK1,4,ARFGEF2;S214;,0.033055598073364625,0.9669444019266356
MAPK1,4,ARFIP1;S39;,0.014817830775458063,0.9851821692245419
MAPK1,4,ARHGAP17;S710;,0.019988990684929316,0.9800110093150708
MAPK1,4,ARHGAP22;S200;,0.8102802617431021,0.1897197382568978
MAPK1,4,ARHGAP22;S236;,0.02045363189111151,0.9795463681088887
MAPK1,4,ARHGAP35;S1174;,0.01664917528379523,0.9833508247162049
MAPK1,4,ARHGAP39;S284;,0.29870648303490516,0.7012935169650948
MAPK1,4,ARHGAP5;S1195;,0.011077436439245853,0.9889225635607544
MAPK1,4,ARHGAP5;S1202;,0.7595035937734884,0.2404964062265115
MAPK1,4,ARHGAP5;S967;,0.596347912706481,0.403652087293519
MAPK1,4,ARHGEF12;S337;,0.017080835581818117,0.9829191644181821
MAPK1,4,ARHGEF12;S341;,0.7289238997851591,0.2710761002148408
MAPK1,4,ARHGEF17;S995;,0.027879842714509884,0.9721201572854902
MAPK1,4,ARHGEF5;S721;,0.021221415522264347,0.9787785844777357
MAPK1,4,ARPP21;S256;,0.030478778784024326,0.9695212212159757
MAPK1,4,ATF7;T53;,0.04941576398771413,0.9505842360122859
MAPK1,4,ATG14;S5;,0.0253938928004893,0.9746061071995104
MAPK1,4,ATG2A;S1246;,0.13527634946304004,0.86472365053696
MAPK1,4,ATG2B;S240;,0.7702868084286274,0.22971319157137282
MAPK1,4,ATG2B;S255;,0.44957866875283287,0.5504213312471673
MAPK1,4,ATRX;S761;,0.010326556156693803,0.9896734438433062
MAPK1,4,ATXN2;S622;,0.6674140680402499,0.33258593195975017
MAPK1,4,ATXN2L;S109;,0.7758495517518388,0.22415044824816097
MAPK1,4,ATXN2L;S447;,0.894815589457368,0.1051844105426319
MAPK1,4,AZI1;S114;,0.041283628940303255,0.9587163710596966
MAPK1,4,AZI1;S304;,0.012842073489829351,0.9871579265101706
MAPK1,4,BAD;S171;,0.022065008886825645,0.9779349911131742
MAPK1,4,BAG3;S271;,0.4546526197442747,0.5453473802557252
MAPK1,4,BAG3;S387;,0.04101904902929196,0.9589809509707079
MAPK1,4,BAG3;S388;,0.5730790581098474,0.42692094189015267
MAPK1,4,BAIAP2L1;S218;,0.48375438550870126,0.5162456144912988
MAPK1,4,BAIAP2L1;S380;,0.020766858042641854,0.9792331419573581
MAPK1,4,BAZ2A;S1388;,0.8789485348873357,0.12105146511266433
MAPK1,4,BBX;S243;,0.31144967001421814,0.6885503299857816
MAPK1,4,BCL9L;S116;,0.0054015300870133886,0.9945984699129865
MAPK1,4,BCL9L;S21;,0.02554510554679857,0.9744548944532012
MAPK1,4,BCL9L;S25;,0.938392762597683,0.06160723740231703
MAPK1,4,BICD2;S611;,0.8966125370508256,0.1033874629491743
MAPK1,4,BICD2;S819;,0.036112960753592514,0.9638870392464075
MAPK1,4,BRAF;S134;,0.7109070366814111,0.28909296331858897
MAPK1,4,BRD8;S274;,0.9179438315068613,0.08205616849313882
MAPK1,4,BRD8;T270;,0.6671589147716251,0.3328410852283749
MAPK1,4,BSDC1;S216;,0.017469852671838735,0.982530147328161
MAPK1,4,C2CD4C;S262;,0.00817297227232941,0.9918270277276704
MAPK1,4,CACNB1;S53;,0.013069547493907051,0.9869304525060929
MAPK1,4,CALD1;S527;,0.4345884263271642,0.5654115736728358
MAPK1,4,CAMK2D;T371;,0.06785531593255797,0.9321446840674421
MAPK1,4,CAMSAP1;S1154;,0.8685883728498749,0.131411627150125
MAPK1,4,CAMSAP1;S517;,0.05383145637626874,0.9461685436237314
MAPK1,4,CAP2;S301;,0.49430911889255047,0.5056908811074495
MAPK1,4,CBX5;S93;,0.0207599199663197,0.9792400800336805
MAPK1,4,CCDC6;S143;,0.8013977665306322,0.1986022334693679
MAPK1,4,CCDC88A;S1638;,0.015012841200282432,0.9849871587997174
MAPK1,4,CCDC91;S71;,0.28785297663707493,0.7121470233629249
MAPK1,4,CDC42EP2;S137;,0.7275373682668653,0.2724626317331346
MAPK1,4,CDC42EP2;S141;,0.8148175899621233,0.1851824100378766
MAPK1,4,CDC42EP4;S140;,0.8186420863732673,0.18135791362673273
MAPK1,4,CDKN1A;S69;,0.21005664982072636,0.7899433501792736
MAPK1,4,CDKN1B;S12;,0.01350683930100554,0.9864931606989946
MAPK1,4,CDKN1B;S7;,0.03127745725455587,0.9687225427454442
MAPK1,4,CEP170B;S1166;,0.011972109443907494,0.9880278905560925
MAPK1,4,CEP68;S503;,0.031749621614994325,0.9682503783850058
MAPK1,4,CEP68;S510;,0.9227037029158891,0.07729629708411065
MAPK1,4,CHAMP1;S532;,0.8900888602265183,0.1099111397734817
MAPK1,4,CHD8;S549;,0.02065429220439141,0.9793457077956087
MAPK1,4,CHRND;S379;,0.02673521058689083,0.9732647894131089
MAPK1,4,CIC;S1394;,0.005711360829380396,0.9942886391706196
MAPK1,4,CIC;S1399;,0.019162722212529935,0.98083727778747
MAPK1,4,CLASP2;S331;,0.01706390419812921,0.9829360958018708
MAPK1,4,CLIP1;S159;,0.6778389596924775,0.3221610403075224
MAPK1,4,COBL;S31;,0.017364993835186672,0.9826350061648134
MAPK1,4,COBL;S34;,0.015157968549201914,0.9848420314507982
MAPK1,4,COG3;S536;,0.019196965000939138,0.9808030349990607
MAPK1,4,CORO7;S298;,0.014288707709769786,0.9857112922902302
MAPK1,4,DAB2IP;S802;,0.6994658386665255,0.30053416133347455
MAPK1,4,DAP;S2;,0.015709839122570363,0.9842901608774296
MAPK1,4,DAP;S3;,0.36808135688870125,0.631918643111299
MAPK1,4,DBNDD1;S123;,0.013253107998596211,0.9867468920014036
MAPK1,4,DCAF6;S336;,0.2442320695262608,0.7557679304737394
MAPK1,4,DCLK1;S30;,0.03121240395797994,0.96878759604202
MAPK1,4,DDX19A;S86;,0.8389100075793212,0.1610899924206789
MAPK1,4,DDX3X;S261;,0.11698257904393912,0.8830174209560608
MAPK1,4,DENND4C;S1037;,0.01613172305951064,0.9838682769404894
MAPK1,4,DLG2;S323;,0.9252517646933629,0.07474823530663738
MAPK1,4,DLG2;S328;,0.7175299289720231,0.2824700710279768
MAPK1,4,DMXL1;S574;,0.024130743671444545,0.9758692563285554
MAPK1,4,DNAJC2;T48;,0.07453700867510127,0.9254629913248986
MAPK1,4,DNAJC25;T353;,0.08605418818891879,0.9139458118110813
MAPK1,4,DOCK6;S1339;,0.01915430554479004,0.98084569445521
MAPK1,4,DOCK7;S1361;,0.013531770886787937,0.9864682291132117
MAPK1,4,DOCK7;S2107;,0.013832408997523955,0.9861675910024763
MAPK1,4,DOPEY1;S1261;,0.010604241178699314,0.9893957588213006
MAPK1,4,DTNA;S606;,0.6215737954258759,0.37842620457412407
MAPK1,4,DUSP27;S366;,0.021239303056385946,0.9787606969436141
MAPK1,4,DUSP27;S368;,0.014229965715101196,0.985770034284899
MAPK1,4,DUSP27;S370;,0.012029569346587695,0.9879704306534125
MAPK1,4,DUSP27;S427;,0.011520132530689712,0.9884798674693102
MAPK1,4,DYNC1H1;S4365;,0.01038677832162983,0.9896132216783702
MAPK1,4,DYNC1I2;S81;,0.9605331298675428,0.03946687013245716
MAPK1,4,EEF2;T57;,0.06440735821695111,0.935592641783049
MAPK1,4,EEF2K;S365;,0.03263267527442273,0.9673673247255773
MAPK1,4,EHBP1L1;S1363;,0.014976765416704545,0.9850232345832955
MAPK1,4,EHD4;S459;,0.6596123273449933,0.34038767265500675
MAPK1,4,EIF3A;S584;,0.006988069347746178,0.9930119306522538
MAPK1,4,EIF4B;S422;,0.04037620682680317,0.9596237931731968
MAPK1,4,EIF4B;S424;,0.011426516681524444,0.9885734833184755
MAPK1,4,EIF4B;S425;,0.024126464844303048,0.975873535155697
MAPK1,4,EIF4B;T420;,0.01327428483025902,0.9867257151697411
MAPK1,4,EIF4EBP1;S64;,0.557201137939663,0.4427988620603369
MAPK1,4,EIF4EBP2;S2;,0.03741434241431603,0.962585657585684
MAPK1,4,EIF5B;S183;,0.012739028684762522,0.9872609713152375
MAPK1,4,ELMSAN1;S456;,0.026646378955671318,0.9733536210443289
MAPK1,4,EPS8;S659;,0.019471199485809415,0.9805288005141906
MAPK1,4,ETL4;S1844;,0.9380074168121022,0.06199258318789786
MAPK1,4,ETV3;S139;,0.116123127655908,0.8838768723440921
MAPK1,4,FAM120C;S55;,0.8441339108548253,0.15586608914517477
MAPK1,4,FAM134C;S313;,0.02058629481545856,0.9794137051845413
MAPK1,4,FAM134C;S320;,0.031155197941313596,0.9688448020586865
MAPK1,4,FAM171A2;S423;,0.01336123346863015,0.9866387665313697
MAPK1,4,FAM65A;S752;,0.05390557878753279,0.9460944212124671
MAPK1,4,FBXO30;S379;,0.7280604667030205,0.27193953329697934
MAPK1,4,FHOD1;S489;,0.019174987227306255,0.9808250127726937
MAPK1,4,FHOD1;S501;,0.920854558594186,0.07914544140581421
MAPK1,4,FHOD1;S504;,0.8092360629835539,0.19076393701644617
MAPK1,4,FHOD1;S513;,0.008807191338518228,0.9911928086614816
MAPK1,4,FHOD1;S523;,0.7641687845201022,0.2358312154798979
MAPK1,4,FLNC;S2147;,0.011202076309556724,0.9887979236904433
MAPK1,4,FLNC;S2234;,0.022501792459639805,0.9774982075403603
MAPK1,4,FMN1;S589;,0.5310591857694817,0.46894081423051814
MAPK1,4,FOSL2;S320;,0.6805277788900824,0.31947222110991735
MAPK1,4,FOSL2;T322;,0.12996670579513941,0.8700332942048606
MAPK1,4,FOXK1;S225;,0.7761886194495257,0.22381138055047434
MAPK1,4,FOXK2;T200;,0.7875275163143597,0.21247248368564023
MAPK1,4,FOXO3;S252;,0.015256489753542867,0.9847435102464572
MAPK1,4,FRMD8;S21;,0.009845538352044691,0.9901544616479555
MAPK1,4,FRYL;T1959;,0.023857943732690293,0.9761420562673097
MAPK1,4,GAB1;S418;,0.017254330870549978,0.98274566912945
MAPK1,4,GAB2;S142;,0.14235871630302607,0.857641283696974
MAPK1,4,GAB2;S143;,0.7088010382322018,0.29119896176779825
MAPK1,4,GAB2;S211;,0.02613827711358085,0.9738617228864191
MAPK1,4,GAB2;S365;,0.41288695461362146,0.5871130453863785
MAPK1,4,GAB2;T388;,0.021478147820586803,0.9785218521794132
MAPK1,4,GATAD2A;S103;,0.01821112335220242,0.9817888766477977
MAPK1,4,GATAD2A;S96;,0.020392441377659595,0.9796075586223402
MAPK1,4,GATAD2B;S338;,0.819594352774686,0.18040564722531394
MAPK1,4,GBF1;S1786;,0.9214142358422158,0.07858576415778434
MAPK1,4,GIGYF1;S28;,0.9292491055102715,0.07075089448972874
MAPK1,4,GIT2;S568;,0.023188136524269282,0.9768118634757307
MAPK1,4,GOLGA4;S116;,0.01614595613203097,0.983854043867969
MAPK1,4,GSK3A;S21;,0.012305372140328725,0.9876946278596712
MAPK1,4,GSK3A;S41;,0.018282417865578708,0.9817175821344212
MAPK1,4,GSK3B;S9;,0.024573029868786452,0.9754269701312136
MAPK1,4,GYS1;S728;,0.9372301807228587,0.06276981927714127
MAPK1,4,HBP1;S401;,0.7586909069000926,0.24130909309990717
MAPK1,4,HBS1L;S147;,0.02060358508157127,0.9793964149184287
MAPK1,4,HDAC6;S21;,0.5957129733294959,0.40428702667050426
MAPK1,4,HECTD1;S1392;,0.054882687863632235,0.9451173121363676
MAPK1,4,HECTD1;S1393;,0.054797094253831335,0.9452029057461686
MAPK1,4,HECTD1;S1573;,0.03224851533466985,0.9677514846653302
MAPK1,4,HELB;S944;,0.8422430319234785,0.1577569680765215
MAPK1,4,HERC1;S1163;,0.9137754551199179,0.08622454488008209
MAPK1,4,HERC1;T1154;,0.43013613162872555,0.5698638683712743
MAPK1,4,HIRIP3;S27;,0.4637140893344702,0.5362859106655299
MAPK1,4,HN1L;S97;,0.6223484765318715,0.37765152346812836
MAPK1,4,HOMER3;S158;,0.01383070488752988,0.9861692951124701
MAPK1,4,HUWE1;S1876;,0.02202617809242859,0.9779738219075713
MAPK1,4,HUWE1;S3639;,0.341623389333796,0.658376610666204
MAPK1,4,HUWE1;S3898;,0.9232619983065931,0.07673800169340712
MAPK1,4,HUWE1;T3903;,0.9421977470189203,0.05780225298107964
MAPK1,4,IREB2;S178;,0.028885414828009517,0.9711145851719905
MAPK1,4,IRF2BPL;S69;,0.8307468040280133,0.16925319597198665
MAPK1,4,ITSN1;S1063;,0.13500454709087836,0.8649954529091214
MAPK1,4,ITSN1;S315;,0.022208566920594367,0.9777914330794056
MAPK1,4,JMY;S56;,0.010887605142980662,0.9891123948570193
MAPK1,4,JSRP1;S47;,0.01692854371932975,0.9830714562806702
MAPK1,4,KANK2;S358;,0.0062959195943644766,0.9937040804056355
MAPK1,4,KCTD3;S809;,0.014888508123741699,0.9851114918762583
MAPK1,4,KDM2A;S718;,0.9414417815752943,0.05855821842470579
MAPK1,4,KDM2A;T713;,0.8753941852798983,0.12460581472010149
MAPK1,4,KDM5C;S316;,0.0074213932204149095,0.9925786067795851
MAPK1,4,KPNA1;S2;,0.041423087671710324,0.9585769123282897
MAPK1,4,KPNA1;T3;,0.3006770243220957,0.6993229756779044
MAPK1,4,LAMTOR1;S98;,0.013673292334421662,0.9863267076655785
MAPK1,4,LARP1;S916;,0.040528913551151,0.959471086448849
MAPK1,4,LARP1;T932;,0.8385839660826577,0.16141603391734244
MAPK1,4,LARP4B;S498;,0.005085142690848901,0.9949148573091509
MAPK1,4,LDB3;S112;,0.3275557676704871,0.6724442323295127
MAPK1,4,LIMA1;S360;,0.8426961076550225,0.15730389234497763
MAPK1,4,LIMA1;S603;,0.7810291955730181,0.21897080442698186
MAPK1,4,LIMA1;S608;,0.8958569028630206,0.10414309713697958
MAPK1,4,LIMA1;S703;,0.7832705601074262,0.21672943989257376
MAPK1,4,LMNA;S404;,0.02906622114822124,0.9709337788517789
MAPK1,4,LMNA;S406;,0.005556726951300084,0.9944432730486998
MAPK1,4,LMNA;S407;,0.041292395236998694,0.9587076047630013
MAPK1,4,LMNA;S423;,0.016963208059213364,0.9830367919407866
MAPK1,4,LMNA;S424;,0.023229148811505056,0.9767708511884948
MAPK1,4,LMO7;S1541;,0.007040468417245583,0.9929595315827543
MAPK1,4,LMO7;S1543;,0.007995581358351192,0.9920044186416487
MAPK1,4,LOC100360205;S239;,0.014480734863188663,0.9855192651368113
MAPK1,4,LOC100365259;S393;,0.034598064142487756,0.9654019358575122
MAPK1,4,LOC100910104;S475;,0.006500283632177562,0.9934997163678222
MAPK1,4,LOC100910104;S532;,0.019983241862384128,0.980016758137616
MAPK1,4,LOC100910104;S719;,0.7698230772300257,0.2301769227699741
MAPK1,4,LOC100910646;S166;,0.020350512582498613,0.9796494874175015
MAPK1,4,LOC100911178;S1643;,0.39985209515317277,0.6001479048468272
MAPK1,4,LOC100911302;S1721;,0.6874625888961692,0.31253741110383076
MAPK1,4,LOC100911677;S490;,0.013674386339097956,0.9863256136609021
MAPK1,4,LOC100912115;S649;,0.8451725822673558,0.15482741773264425
MAPK1,4,LOC312502;S1164;,0.791566444045394,0.208433555954606
MAPK1,4,LOC312502;S138;,0.013077175565511955,0.9869228244344881
MAPK1,4,LOC312502;S139;,0.015464028214036286,0.9845359717859635
MAPK1,4,LOC312502;S483;,0.7559251506852291,0.2440748493147709
MAPK1,4,LOC683007;S1204;,0.8228607849089783,0.17713921509102176
MAPK1,4,LOC683007;S1207;,0.03034133864299912,0.9696586613570011
MAPK1,4,LOC684259;S780;,0.023865592177689892,0.9761344078223101
MAPK1,4,LOC685707;S1251;,0.917924174361403,0.08207582563859676
MAPK1,4,LRRFIP2;S18;,0.013991746033641195,0.9860082539663588
MAPK1,4,LRRFIP2;T136;,0.04024052789756762,0.9597594721024325
MAPK1,4,LYSMD1;S33;,0.020838371371394278,0.979161628628606
MAPK1,4,MACF1;S1376;,0.015840909039293156,0.9841590909607071
MAPK1,4,MACF1;S5293;,0.9230217911420484,0.07697820885795167
MAPK1,4,MAF1;S60;,0.8597214339507602,0.14027856604923972
MAPK1,4,MAP1A;S1757;,0.22289638035854595,0.777103619641454
MAPK1,4,MAP1A;T2177;,0.8077769687509442,0.19222303124905576
MAPK1,4,MAP1A;T504;,0.8735408684948838,0.12645913150511628
MAPK1,4,MAP1B;S1257;,0.8889556607241256,0.11104433927587451
MAPK1,4,MAP1B;S1389;,0.8136940157480708,0.18630598425192924
MAPK1,4,MAP1B;S1393;,0.6143243983844245,0.3856756016155755
MAPK1,4,MAP1B;T1781;,0.14833417511460412,0.8516658248853959
MAPK1,4,MAP1S;S683;,0.9526853883801132,0.04731461161988688
MAPK1,4,MAP4;S902;,0.019015329119811554,0.9809846708801885
MAPK1,4,MAP4K4;S591;,0.031785927421322926,0.968214072578677
MAPK1,4,MAP4K4;S791;,0.0141677857677474,0.9858322142322526
MAPK1,4,MAP4K4;S794;,0.01493440082665571,0.9850655991733444
MAPK1,4,MAPK1;Y185;,0.013090177523920686,0.9869098224760795
MAPK1,4,MAPK14;Y182;,0.01693156244931925,0.9830684375506806
MAPK1,4,MAPK8;Y185;,0.08830856221779368,0.9116914377822062
MAPK1,4,MARCKS;S141;,0.04075586576434878,0.9592441342356512
MAPK1,4,MARK3;S593;,0.01840771131972698,0.9815922886802729
MAPK1,4,MARK3;T594;,0.14324547363370962,0.8567545263662901
MAPK1,4,MATR3;S188;,0.0066626552660956125,0.9933373447339044
MAPK1,4,MBD3;S85;,0.007073763674654742,0.9929262363253454
MAPK1,4,MBD3;S86;,0.009872361098600683,0.9901276389013994
MAPK1,4,MDM2;S138;,0.020557586542594996,0.9794424134574049
MAPK1,4,MED1;S1465;,0.5470010079604557,0.4529989920395444
MAPK1,4,MED1;S1467;,0.009248616011513847,0.9907513839884863
MAPK1,4,MED1;S1468;,0.04737769370865335,0.9526223062913466
MAPK1,4,MED24;S860;,0.012231580820819517,0.9877684191791807
MAPK1,4,MED24;S861;,0.023352322656438194,0.9766476773435618
MAPK1,4,MEF2C;S226;,0.3598569782399985,0.6401430217600016
MAPK1,4,MID1;S96;,0.9043469470060701,0.09565305299392961
MAPK1,4,MKL1;S571;,0.8413013982946017,0.15869860170539835
MAPK1,4,MLL2;S2291;,0.8214946709680605,0.17850532903193952
MAPK1,4,MLLT4;S216;,0.016155556540141405,0.9838444434598587
MAPK1,4,MLLT4;S246;,0.013089854216095499,0.9869101457839043
MAPK1,4,MON2;S197;,0.009885419902720812,0.9901145800972792
MAPK1,4,MPHOSPH10;S168;,0.016838173456787748,0.9831618265432122
MAPK1,4,MPRIP;S369;,0.7894921406745989,0.21050785932540095
MAPK1,4,MTFR1L;S100;,0.018758320067889567,0.9812416799321104
MAPK1,4,MTFR1L;S234;,0.014848695494874201,0.9851513045051257
MAPK1,4,MTFR1L;S235;,0.014667631113279492,0.9853323688867205
MAPK1,4,MTSS1L;S575;,0.7110183284795181,0.28898167152048215
MAPK1,4,MURC;S20;,0.013559570186131648,0.9864404298138684
MAPK1,4,MUSK;S689;,0.015364996376743191,0.9846350036232568
MAPK1,4,MUSK;S690;,0.5126815179009108,0.4873184820990892
MAPK1,4,MYBBP1A;S1283;,0.9168681192028222,0.08313188079717768
MAPK1,4,MYCBP2;S2750;,0.022815827908387695,0.9771841720916122
MAPK1,4,MYOZ2;T32;,0.9180283983189615,0.08197160168103836
MAPK1,4,NACA;S1125;,0.7654440082955289,0.2345559917044711
MAPK1,4,NACA;S1345;,0.6847780075335038,0.3152219924664962
MAPK1,4,NACA;S1454;,0.8042537399349534,0.19574626006504667
MAPK1,4,NACA;S1720;,0.7924471168374032,0.20755288316259687
MAPK1,4,NACA;S914;,0.9052181384797332,0.09478186152026674
MAPK1,4,NACA;S942;,0.6095567815291119,0.390443218470888
MAPK1,4,NCAPH;S24;,0.6716651627532483,0.3283348372467517
MAPK1,4,NCOR1;S363;,0.6669035318545128,0.3330964681454872
MAPK1,4,NCOR2;S1747;,0.7431181434873817,0.2568818565126184
MAPK1,4,NDRG1;S330;,0.05664809524069721,0.9433519047593029
MAPK1,4,NDRG1;T328;,0.017329045796202414,0.9826709542037975
MAPK1,4,NDRG2;T334;,0.0171987360221516,0.9828012639778484
MAPK1,4,NEK9;S16;,0.037400316147150954,0.9625996838528489
MAPK1,4,NEK9;S736;,0.006946232141959791,0.9930537678580401
MAPK1,4,NELFE;S131;,0.015411966846769246,0.9845880331532308
MAPK1,4,NES;S1071;,0.01721015716281461,0.9827898428371854
MAPK1,4,NES;S1123;,0.012274152857478196,0.9877258471425217
MAPK1,4,NES;S1131;,0.014027304198123968,0.9859726958018761
MAPK1,4,NES;S620;,0.4864681795459922,0.5135318204540077
MAPK1,4,NES;S784;,0.023719768504370062,0.97628023149563
MAPK1,4,NEXN;S280;,0.01433620863156359,0.9856637913684366
MAPK1,4,NFIX;S265;,0.04875597834028474,0.9512440216597153
MAPK1,4,NHSL1;T1376;,0.9179906927835957,0.08200930721640444
MAPK1,4,NUMA1;S1935;,0.008100370824287781,0.9918996291757123
MAPK1,4,NUMA1;S1958;,0.01994929555835633,0.9800507044416437
MAPK1,4,NUP35;S73;,0.8980230037126533,0.1019769962873469
MAPK1,4,OPTN;S188;,0.015132418694189843,0.9848675813058103
MAPK1,4,PACS2;S319;,0.7480385732326602,0.25196142676733985
MAPK1,4,PAK1;S144;,0.01395403326355791,0.9860459667364421
MAPK1,4,PAK1;S203;,0.03852583421103714,0.9614741657889628
MAPK1,4,PAK2;S197;,0.04232655017507872,0.9576734498249212
MAPK1,4,PARD3;S715;,0.017556141797231622,0.9824438582027684
MAPK1,4,PARVA;S14;,0.9288380185272257,0.07116198147277407
MAPK1,4,PATL1;S184;,0.8638415345104385,0.13615846548956162
MAPK1,4,PBXIP1;S132;,0.016524648076385016,0.983475351923615
MAPK1,4,PBXIP1;S133;,0.46928325346772004,0.5307167465322798
MAPK1,4,PCM1;S1280;,0.025514595753531336,0.9744854042464687
MAPK1,4,PCM1;S380;,0.022730156203180984,0.9772698437968189
MAPK1,4,PCM1;S384;,0.03229594113590503,0.9677040588640949
MAPK1,4,PDAP1;S176;,0.008288014153399373,0.9917119858466006
MAPK1,4,PDAP1;S178;,0.015368298184661587,0.9846317018153382
MAPK1,4,PDCD4;S420;,0.011822166152468273,0.9881778338475317
MAPK1,4,PDCD4;S76;,0.010546375009853982,0.9894536249901461
MAPK1,4,PDLIM7;S209;,0.037232534350525724,0.9627674656494742
MAPK1,4,PDLIM7;T214;,0.2076464815972313,0.7923535184027687
MAPK1,4,PDLIM7;T215;,0.8634917742553664,0.13650822574463387
MAPK1,4,PDS5B;S1176;,0.008144159420211817,0.9918558405797883
MAPK1,4,PDXDC1;T554;,0.9036134841710717,0.09638651582892836
MAPK1,4,PELO;S55;,0.041282212561056214,0.9587177874389439
MAPK1,4,PEX1;S1209;,0.006278697974286617,0.9937213020257133
MAPK1,4,PFKFB2;S469;,0.05763525615244853,0.9423647438475513
MAPK1,4,PHF1;S410;,0.8389455323808195,0.16105446761918052
MAPK1,4,PHF1;S415;,0.9179213362650669,0.0820786637349332
MAPK1,4,PHF2;S782;,0.9210708364046853,0.07892916359531467
MAPK1,4,PHIP;S1251;,0.007123768001612874,0.9928762319983869
MAPK1,4,PHLDB1;S431;,0.007898644853606727,0.9921013551463932
MAPK1,4,PHLDB1;S534;,0.04739765781598922,0.9526023421840106
MAPK1,4,PHLDB2;S241;,0.02451445603988571,0.9754855439601141
MAPK1,4,PI4K2A;S43;,0.04447206559394936,0.9555279344060507
MAPK1,4,PI4K2A;S46;,0.43192552438642545,0.5680744756135746
MAPK1,4,PI4K2A;S461;,0.018712614677426055,0.9812873853225739
MAPK1,4,PI4K2A;S50;,0.9631417416817251,0.0368582583182749
MAPK1,4,PID1;S230;,0.029034100903583323,0.9709658990964167
MAPK1,4,PID1;S231;,0.012006240881697647,0.9879937591183023
MAPK1,4,PID1;S232;,0.016302779536063204,0.9836972204639368
MAPK1,4,PID1;S242;,0.028061974016113017,0.971938025983887
MAPK1,4,PIEZO1;S1370;,0.9289812842836512,0.07101871571634878
MAPK1,4,PIK3C2A;S261;,0.5115665757200082,0.4884334242799919
MAPK1,4,PLEC;S4246;,0.0900229306917041,0.9099770693082959
MAPK1,4,PLEC;S4249;,0.037388772427689364,0.9626112275723105
MAPK1,4,PNISR;S290;,0.012103954020479658,0.9878960459795202
MAPK1,4,POM121;S370;,0.08849302859761464,0.9115069714023856
MAPK1,4,PPAN;S233;,0.01860119238276024,0.98139880761724
MAPK1,4,PPAN;S238;,0.015884287523250717,0.9841157124767492
MAPK1,4,PPAN;S240;,0.013675486707908123,0.9863245132920921
MAPK1,4,PPP1R12C;S508;,0.8361920496286679,0.16380795037133195
MAPK1,4,PPP1R13L;S110;,0.947715003987532,0.05228499601246816
MAPK1,4,PPP1R13L;S154;,0.7087346680004866,0.29126533199951316
MAPK1,4,PPP1R13L;S360;,0.921998612618817,0.07800138738118317
MAPK1,4,PPP6R2;S629;,0.8805651628039302,0.11943483719606977
MAPK1,4,PPP6R2;S719;,0.7824279158660898,0.21757208413391027
MAPK1,4,PRKAA1;S496;,0.016493666074681102,0.9835063339253189
MAPK1,4,PRKAB1;S108;,0.015087843892597694,0.9849121561074022
MAPK1,4,PRRC2A;S765;,0.032821365077289305,0.9671786349227106
MAPK1,4,PRRC2B;S259;,0.05532375410186828,0.9446762458981316
MAPK1,4,PSMA5;T55;,0.042879690069077145,0.9571203099309229
MAPK1,4,PSMC3;S12;,0.7018541828105211,0.2981458171894788
MAPK1,4,PSMC3;S9;,0.7614578741464967,0.2385421258535033
MAPK1,4,PTPN12;T544;,0.06613459323667362,0.9338654067633263
MAPK1,4,PTPN21;S599;,0.014387602196555023,0.9856123978034448
MAPK1,4,PTPN21;S762;,0.037317524803015964,0.962682475196984
MAPK1,4,PTRF;S169;,0.03458640319518682,0.9654135968048132
MAPK1,4,PTRF;S171;,0.03725647678733358,0.9627435232126664
MAPK1,4,PUM2;S82;,0.8014165020240408,0.1985834979759588
MAPK1,4,PXN;S106;,0.02168429269757998,0.97831570730242
MAPK1,4,PXN;S137;,0.05352626319001883,0.9464737368099814
MAPK1,4,PXN;S83;,0.8928697119845461,0.10713028801545384
MAPK1,4,RABGEF1;T142;,0.10643120578613507,0.8935687942138648
MAPK1,4,RAF1;S295;,0.13806813369442536,0.8619318663055747
MAPK1,4,RAF1;S296;,0.6246099365158791,0.37539006348412085
MAPK1,4,RAI14;T249;,0.73771964937718,0.26228035062282
MAPK1,4,RANBP10;S481;,0.027571760107793143,0.9724282398922067
MAPK1,4,RANBP3;S58;,0.018653547669946126,0.9813464523300539
MAPK1,4,RAPGEF1;S306;,0.0334412069965818,0.9665587930034182
MAPK1,4,RAPGEF1;S308;,0.0071281630423831056,0.9928718369576167
MAPK1,4,RAVER1;S576;,0.4090517483614212,0.5909482516385787
MAPK1,4,RB1CC1;S243;,0.6447107712212439,0.355289228778756
MAPK1,4,RBM3;S145;,0.00939502938742042,0.9906049706125796
MAPK1,4,RBM7;S72;,0.010139384793705995,0.9898606152062942
MAPK1,4,RFX7;S1177;,0.014943605871772537,0.9850563941282274
MAPK1,4,RGD1307838;S900;,0.007466580609743104,0.9925334193902571
MAPK1,4,RGD1307838;S903;,0.013135266097868198,0.986864733902132
MAPK1,4,RGD1308297;S518;,0.11404158950824829,0.8859584104917518
MAPK1,4,RGD1309586;S243;,0.010511779955564316,0.9894882200444356
MAPK1,4,RGD1309586;S59;,0.02028841146600097,0.9797115885339991
MAPK1,4,RGD1310016;S1171;,0.02279394339989513,0.977206056600105
MAPK1,4,RGD1311783;S45;,0.013065490200854802,0.9869345097991451
MAPK1,4,RGD1311783;S46;,0.014754722862107598,0.9852452771378923
MAPK1,4,RGD1560225;S763;,0.414979720988497,0.5850202790115029
MAPK1,4,RGD1561609;S759;,0.03387794349344842,0.9661220565065516
MAPK1,4,RGD1562639;S1035;,0.008578306313722896,0.9914216936862772
MAPK1,4,RGD1566017;S802;,0.00959666249008052,0.9904033375099194
MAPK1,4,RIN2;S494;,0.014495031612153732,0.9855049683878463
MAPK1,4,RIPK2;S412;,0.02040499803796244,0.9795950019620376
MAPK1,4,RNF40;S586;,0.00995754642497187,0.9900424535750281
MAPK1,4,RPS6KA3;S715;,0.2678112143624902,0.7321887856375098
MAPK1,4,RPS6KA4;S681;,0.013080723765742184,0.9869192762342578
MAPK1,4,RPS6KA4;S682;,0.37661580253841037,0.6233841974615896
MAPK1,4,RPS6KB1;S404;,0.013085380475879508,0.9869146195241205
MAPK1,4,RPTOR;S863;,0.9082462522439805,0.0917537477560196
MAPK1,4,RRP1B;S524;,0.6347525090590386,0.3652474909409613
MAPK1,4,RRP1B;T521;,0.6350130454281553,0.36498695457184477
MAPK1,4,RTF1;S416;,0.007577848915747012,0.9924221510842531
MAPK1,4,RUFY1;S50;,0.48252832226062575,0.5174716777393744
MAPK1,4,RUNX1T1;T568;,0.7163705000363695,0.28362949996363057
MAPK1,4,SAMD4B;S271;,0.9627520950416736,0.03724790495832643
MAPK1,4,SAP30L;T91;,0.0312563216577709,0.9687436783422292
MAPK1,4,SBF1;S1141;,0.029532078300286157,0.970467921699714
MAPK1,4,SCRIB;S1315;,0.8686275008184091,0.13137249918159077
MAPK1,4,SCRIB;S1529;,0.017546132741180883,0.9824538672588191
MAPK1,4,SENP7;S47;,0.8260436220235708,0.17395637797642932
MAPK1,4,SETD2;S511;,0.806843218219487,0.193156781780513
MAPK1,4,SF3B1;T326;,0.06739986894763503,0.9326001310523652
MAPK1,4,SFPQ;T586;,0.5993676539322029,0.40063234606779696
MAPK1,4,SGTA;S306;,0.014908899352006899,0.9850911006479932
MAPK1,4,SGTA;S308;,0.018732280027103473,0.9812677199728963
MAPK1,4,SH3BP5;S420;,0.04510752585946701,0.9548924741405329
MAPK1,4,SH3D19;S274;,0.8717105980175579,0.128289401982442
MAPK1,4,SH3PXD2A;S368;,0.014680854863718515,0.9853191451362815
MAPK1,4,SH3PXD2A;S495;,0.4930041925464311,0.506995807453569
MAPK1,4,SH3PXD2A;S956;,0.006442414790745978,0.9935575852092541
MAPK1,4,SHC3;S359;,0.5663715295470867,0.4336284704529132
MAPK1,4,SIK2;S673;,0.023537152539187572,0.9764628474608125
MAPK1,4,SIPA1L1;S1408;,0.02261821776804151,0.9773817822319585
MAPK1,4,SIPA1L1;S1411;,0.01544501419086051,0.9845549858091396
MAPK1,4,SIPA1L1;S288;,0.024225120697383144,0.975774879302617
MAPK1,4,SLC2A13;S38;,0.013615018669307033,0.9863849813306931
MAPK1,4,SLC2A13;S44;,0.013900388892920956,0.9860996111070789
MAPK1,4,SLC2A13;S47;,0.015336941259740092,0.98466305874026
MAPK1,4,SLC4A7;S1171;,0.0220968099991847,0.9779031900008153
MAPK1,4,SLC4A7;S263;,0.015569653722354434,0.9844303462776455
MAPK1,4,SLK;S778;,0.016535467917645773,0.9834645320823542
MAPK1,4,SMCR7L;S59;,0.9291491377098782,0.07085086229012219
MAPK1,4,SMCR8;S416;,0.02552347059632173,0.9744765294036782
MAPK1,4,SMCR8;S486;,0.013067450394847557,0.9869325496051525
MAPK1,4,SMCR8;S488;,0.017587090135930197,0.9824129098640698
MAPK1,4,SMCR8;S491;,0.014317393056136917,0.985682606943863
MAPK1,4,SMCR8;S497;,0.028198521669595262,0.9718014783304048
MAPK1,4,SMG6;S537;,0.7364186252744301,0.26358137472557
MAPK1,4,SNW1;S224;,0.026861183492771015,0.9731388165072289
MAPK1,4,SNX8;S454;,0.8300781701938846,0.16992182980611537
MAPK1,4,SON;S94;,0.009403189948255867,0.9905968100517439
MAPK1,4,SORBS1;S857;,0.6364632732529638,0.3635367267470363
MAPK1,4,SOS1;S1120;,0.043240833177621,0.956759166822379
MAPK1,4,SOX6;S399;,0.8755503514482218,0.12444964855177819
MAPK1,4,SOX6;S402;,0.8830981807381334,0.11690181926186663
MAPK1,4,SOX6;T401;,0.06279401257704223,0.9372059874229577
MAPK1,4,SPAG7;S219;,0.01273731220322571,0.9872626877967742
MAPK1,4,SPAG9;S203;,0.011825333601600468,0.9881746663983995
MAPK1,4,SPAG9;S716;,0.020466016745550458,0.9795339832544494
MAPK1,4,SPHK2;S379;,0.023401493318548055,0.9765985066814519
MAPK1,4,SRPK2;S487;,0.019915789031931606,0.9800842109680684
MAPK1,4,SRRM2;S2228;,0.349202378634175,0.650797621365825
MAPK1,4,SRRM2;S2338;,0.5730076539569161,0.42699234604308395
MAPK1,4,SRSF10;S131;,0.023634470244956997,0.9763655297550428
MAPK1,4,SRSF11;S200;,0.6561471359068298,0.3438528640931703
MAPK1,4,STARD13;S334;,0.6650970965911209,0.334902903408879
MAPK1,4,STAT3;S727;,0.6592767793926488,0.34072322060735116
MAPK1,4,STIM1;S257;,0.025699434282534735,0.9743005657174652
MAPK1,4,STIM1;S523;,0.02117957643384439,0.9788204235661555
MAPK1,4,STIM1;S524;,0.018808544861172623,0.9811914551388272
MAPK1,4,STIM2;S675;,0.016600605561358173,0.9833993944386419
MAPK1,4,STK11IP;S443;,0.6795193808078841,0.32048061919211596
MAPK1,4,STK3;S385;,0.49291754616362654,0.5070824538363734
MAPK1,4,STMN1;S16;,0.011345566577262796,0.9886544334227372
MAPK1,4,STMN1;S25;,0.7435196149526488,0.2564803850473514
MAPK1,4,STMN1;S38;,0.9179021864205245,0.08209781357947567
MAPK1,4,STRN3;S227;,0.3530825856968508,0.6469174143031492
MAPK1,4,SUN2;S12;,0.011080676615214398,0.9889193233847857
MAPK1,4,SVIL;S1177;,0.47268813078399874,0.5273118692160013
MAPK1,4,SVIL;S259;,0.0114884734570622,0.9885115265429377
MAPK1,4,SVIL;S531;,0.27226522221847077,0.7277347777815294
MAPK1,4,SYNPO2L;S401;,0.017930219799033403,0.9820697802009667
MAPK1,4,SYNPO2L;T141;,0.04346010078004958,0.9565398992199503
MAPK1,4,SZT2;S1641;,0.02189992476773839,0.9781000752322617
MAPK1,4,TACC2;S575;,0.9049653624640646,0.09503463753593548
MAPK1,4,TANC2;S1447;,0.036091350839294586,0.9639086491607055
MAPK1,4,TBC1D1;S231;,0.014987783169242552,0.9850122168307575
MAPK1,4,TBC1D1;S662;,0.013786912970109422,0.9862130870298905
MAPK1,4,TBC1D1;T590;,0.024648228859430344,0.9753517711405697
MAPK1,4,TBC1D16;S382;,0.014226778355235439,0.9857732216447644
MAPK1,4,TCF12;S583;,0.01200121167504237,0.9879987883249578
MAPK1,4,TDRD3;S256;,0.007533606370500195,0.9924663936295001
MAPK1,4,TENC1;T996;,0.16445820751582718,0.8355417924841732
MAPK1,4,TFE3;S531;,0.054941914923260456,0.9450580850767397
MAPK1,4,TJP1;S1602;,0.8560606912142759,0.14393930878572397
MAPK1,4,TJP1;S1604;,0.014795179838621088,0.985204820161379
MAPK1,4,TJP2;S147;,0.0234754376953392,0.9765245623046609
MAPK1,4,TMEM245;S327;,0.9179740872233473,0.08202591277665275
MAPK1,4,TMEM55A;S14;,0.01785598277262898,0.9821440172273713
MAPK1,4,TNKS1BP1;S1642;,0.019241338741938667,0.9807586612580612
MAPK1,4,TNRC6B;S306;,0.702291266946861,0.2977087330531391
MAPK1,4,TNRC6B;S421;,0.7451469896022269,0.2548530103977734
MAPK1,4,TRAK1;S390;,0.6194276605521204,0.38057233944787955
MAPK1,4,TRAK1;S905;,0.01856330820590428,0.9814366917940959
MAPK1,4,TRAPPC12;S314;,0.7881539623266951,0.21184603767330498
MAPK1,4,TRIM28;S474;,0.018944207954394533,0.9810557920456053
MAPK1,4,TRIO;S2459;,0.7003314391519965,0.2996685608480036
MAPK1,4,TRIO;S2463;,0.9067042522210638,0.09329574777893627
MAPK1,4,TRIP12;T1454;,0.029408546851633122,0.9705914531483671
MAPK1,4,TSC2;S939;,0.013755641107772125,0.9862443588922277
MAPK1,4,TSSC4;S190;,0.64329927932596,0.3567007206740399
MAPK1,4,TTN;S305;,0.017377823304329083,0.9826221766956709
MAPK1,4,UBA1;S13;,0.022034844662312425,0.9779651553376875
MAPK1,4,UBA5;S380;,0.011785183551697172,0.9882148164483029
MAPK1,4,UBE2O;S835;,0.8227569026679246,0.17724309733207563
MAPK1,4,UBE2O;T830;,0.04902238562850891,0.9509776143714912
MAPK1,4,UBE4B;S88;,0.6164512650874878,0.3835487349125122
MAPK1,4,ULK1;S450;,0.3662526628343287,0.6337473371656712
MAPK1,4,ULK1;S465;,0.015272743429065226,0.9847272565709346
MAPK1,4,ULK1;S477;,0.7516531638644465,0.24834683613555342
MAPK1,4,ULK1;S479;,0.7216862154158374,0.2783137845841628
MAPK1,4,ULK1;S637;,0.01337204017633049,0.9866279598236696
MAPK1,4,ULK1;T468;,0.060380462072401844,0.9396195379275981
MAPK1,4,ULK1;T659;,0.032918475172084294,0.9670815248279158
MAPK1,4,USP10;S224;,0.8889116252784354,0.11108837472156481
MAPK1,4,VAPA;S164;,0.016230549790318263,0.9837694502096819
MAPK1,4,VIM;S420;,0.02213432023819476,0.9778656797618052
MAPK1,4,VIM;S430;,0.029017004418145913,0.9709829955818541
MAPK1,4,VIM;T426;,0.02302858482259863,0.9769714151774015
MAPK1,4,VPS26B;S304;,0.017002937868006777,0.9829970621319933
MAPK1,4,WIPF2;S235;,0.7565949875195451,0.243405012480455
MAPK1,4,WNK1;S165;,0.02399338005457879,0.976006619945421
MAPK1,4,WWC3;S955;,0.010930141609142017,0.9890698583908579
MAPK1,4,YAP1;S46;,0.01753053834045222,0.9824694616595477
MAPK1,4,ZC3H13;S368;,0.016146391912091308,0.9838536080879088
MAPK1,4,ZC3HAV1;S307;,0.7872154313511354,0.21278456864886472
MAPK1,4,ZC3HAV1;S325;,0.018426464790800366,0.9815735352091997
MAPK1,4,ZC3HAV1;S544;,0.5908779081482899,0.4091220918517101
MAPK1,4,ZC3HC1;S343;,0.7631107628920027,0.23688923710799736
MAPK1,4,ZC3HC1;T351;,0.11906025477399888,0.8809397452260012
MAPK1,4,ZFP295;S411;,0.013746674458235148,0.986253325541765
MAPK1,4,ZFYVE16;S903;,0.03394266953092387,0.966057330469076
MAPK1,4,ZNRF2;S148;,0.03547232428877177,0.9645276757112282
MAPK1,4,ZNRF2;S154;,0.7668780018130583,0.23312199818694168
MAPK1,4,ZNRF2;S18;,0.024488372226109185,0.9755116277738908
MAPK1,4,ZNRF2;S81;,0.04148427945874835,0.9585157205412517
MAPK1,4,ZYX;S143;,0.011894752729995258,0.9881052472700048
MAPK1,4,ZYX;S144;,0.01537064906185517,0.984629350938145
MAPK1,4,ZYX;S336;,0.6093204929913183,0.39067950700868176
MAPK1,4,ZZEF1;S1516;,0.90060937005285,0.09939062994715021
MAPK1,4,ZZEF1;S1535;,0.017512083651667093,0.982487916348333
MAPK1,5,AAK1;S677;,0.004356967362437666,0.9956430326375625
MAPK1,5,ABCC4;S604;,0.8134327137271218,0.18656728627287822
MAPK1,5,ABI2;S165;,0.008292144886380994,0.9917078551136188
MAPK1,5,ABI2;S168;,0.008131483646533271,0.9918685163534668
MAPK1,5,ABL2;S799;,0.0035783850092566205,0.9964216149907434
MAPK1,5,ABLIM3;S566;,0.4007682074908246,0.5992317925091754
MAPK1,5,ABLIM3;S575;,0.006525096940389301,0.9934749030596108
MAPK1,5,ACACA;S79;,0.015655645309246024,0.9843443546907539
MAPK1,5,ACIN1;S711;,0.0054476527260256475,0.9945523472739742
MAPK1,5,ADD1;S613;,0.019341904636009922,0.9806580953639902
MAPK1,5,ADD1;T614;,0.8063398257479808,0.19366017425201912
MAPK1,5,ADNP;S971;,0.41980315586284017,0.5801968441371597
MAPK1,5,AFF4;S823;,0.012559075193163651,0.9874409248068365
MAPK1,5,AGAP3;S107;,0.3695328391361611,0.6304671608638388
MAPK1,5,AHCTF1;S1214;,0.016458820148608836,0.983541179851391
MAPK1,5,AHNAK;S1191;,0.01784197590925926,0.9821580240907407
MAPK1,5,AHNAK;S177;,1.627850662761281e-05,0.9999837214933724
MAPK1,5,AHNAK;S2060;,0.16176850155913494,0.838231498440865
MAPK1,5,AHNAK;S211;,0.003070218734982984,0.996929781265017
MAPK1,5,AHNAK;S2117;,0.01816744660881425,0.9818325533911856
MAPK1,5,AHNAK;S222;,0.01373506038869772,0.9862649396113023
MAPK1,5,AHNAK;S3915;,0.06805506733334873,0.9319449326666511
MAPK1,5,AHNAK;S42;,0.19095390572213053,0.8090460942778691
MAPK1,5,AHNAK;S4597;,0.2066561127683875,0.7933438872316128
MAPK1,5,AHNAK;S5243;,0.2470690391843688,0.7529309608156314
MAPK1,5,AHNAK;T4049;,0.012678714150624711,0.9873212858493753
MAPK1,5,AHNAK2;S425;,0.41864006535271814,0.581359934647282
MAPK1,5,AHNAK2;T438;,0.010975180949162746,0.9890248190508372
MAPK1,5,AIMP1;S110;,1.4745225650326543e-05,0.9999852547743496
MAPK1,5,AJUBA;S129;,0.7768382403818125,0.22316175961818738
MAPK1,5,AKAP1;S103;,0.015043269678312614,0.9849567303216875
MAPK1,5,AKAP10;S278;,0.010601658542273882,0.989398341457726
MAPK1,5,AKAP11;S1090;,0.008522108127798057,0.991477891872202
MAPK1,5,AKAP11;S21;,0.007092702633137375,0.9929072973668626
MAPK1,5,AKAP11;S23;,0.004537348853090579,0.9954626511469095
MAPK1,5,AKAP11;S448;,0.5902332879226234,0.4097667120773765
MAPK1,5,AKAP13;S2515;,0.01040373284573029,0.9895962671542695
MAPK1,5,AKAP2;S152;,0.6217523272182599,0.37824767278174015
MAPK1,5,AKAP2;S730;,0.0037650392081581634,0.996234960791842
MAPK1,5,AKAP6;S562;,0.013017395508327478,0.9869826044916726
MAPK1,5,AKAP9;S3669;,0.04022522106423533,0.9597747789357645
MAPK1,5,AKT1S1;S184;,0.0048590963443177265,0.9951409036556823
MAPK1,5,AKT1S1;T247;,0.006500852786665841,0.9934991472133342
MAPK1,5,ALKBH5;S362;,0.003478193190736591,0.9965218068092634
MAPK1,5,ALKBH5;S376;,0.004327513569781783,0.9956724864302182
MAPK1,5,AMOTL1;S580;,0.01564655721397993,0.9843534427860199
MAPK1,5,ANP32A;S15;,0.00481198646593199,0.9951880135340682
MAPK1,5,AP3D1;S755;,0.005404544540990379,0.9945954554590097
MAPK1,5,ARFGAP2;S145;,0.48148119768056946,0.5185188023194306
MAPK1,5,ARFGEF2;S214;,0.0027324761844852346,0.9972675238155148
MAPK1,5,ARFIP1;S39;,0.014069174340338135,0.9859308256596618
MAPK1,5,ARHGAP17;S710;,0.006804679120242874,0.993195320879757
MAPK1,5,ARHGAP22;S200;,0.3812507156147308,0.6187492843852693
MAPK1,5,ARHGAP22;S236;,0.008202134967844672,0.9917978650321554
MAPK1,5,ARHGAP35;S1174;,0.00779422537052565,0.9922057746294741
MAPK1,5,ARHGAP39;S284;,0.039570845381345865,0.9604291546186543
MAPK1,5,ARHGAP5;S1195;,0.0035785742259619594,0.9964214257740379
MAPK1,5,ARHGAP5;S1202;,0.42877781027899875,0.5712221897210013
MAPK1,5,ARHGAP5;S967;,0.44074409160744804,0.559255908392552
MAPK1,5,ARHGEF12;S337;,0.0052667901128311,0.9947332098871691
MAPK1,5,ARHGEF12;S341;,0.38877117310716575,0.6112288268928342
MAPK1,5,ARHGEF17;S995;,0.016115546801967688,0.9838844531980323
MAPK1,5,ARHGEF5;S721;,0.007799048929999394,0.9922009510700004
MAPK1,5,ARPP21;S256;,0.011431551996127092,0.9885684480038729
MAPK1,5,ATF7;T53;,0.014611750430783558,0.9853882495692164
MAPK1,5,ATG14;S5;,0.0032626603650954397,0.9967373396349043
MAPK1,5,ATG2A;S1246;,0.05102329880482617,0.9489767011951739
MAPK1,5,ATG2B;S240;,0.6703289300905476,0.32967106990945244
MAPK1,5,ATG2B;S255;,0.11999936638035069,0.8800006336196493
MAPK1,5,ATRX;S761;,0.00383045785160308,0.9961695421483969
MAPK1,5,ATXN2;S622;,0.49277552014269543,0.5072244798573045
MAPK1,5,ATXN2L;S109;,0.6623448740762856,0.33765512592371455
MAPK1,5,ATXN2L;S447;,0.8356997242365543,0.16430027576344572
MAPK1,5,AZI1;S114;,0.01126266410708365,0.9887373358929162
MAPK1,5,AZI1;S304;,0.003142526618066892,0.9968574733819332
MAPK1,5,BAD;S171;,0.015582333154414938,0.9844176668455851
MAPK1,5,BAG3;S271;,0.07636949999283833,0.9236305000071618
MAPK1,5,BAG3;S387;,0.01467117825800863,0.9853288217419912
MAPK1,5,BAG3;S388;,0.34243689504202124,0.6575631049579787
MAPK1,5,BAIAP2L1;S218;,0.15185390243464397,0.848146097565356
MAPK1,5,BAIAP2L1;S380;,0.015337212047129766,0.9846627879528703
MAPK1,5,BAZ2A;S1388;,0.7605199221368009,0.23948007786319903
MAPK1,5,BBX;S243;,0.09025605581098024,0.9097439441890196
MAPK1,5,BCL9L;S116;,0.0029155230187541325,0.997084476981246
MAPK1,5,BCL9L;S21;,0.015311871609233857,0.9846881283907661
MAPK1,5,BCL9L;S25;,0.8724016133791459,0.12759838662085402
MAPK1,5,BICD2;S611;,0.8444243876678006,0.15557561233219916
MAPK1,5,BICD2;S819;,0.0037156807015087468,0.9962843192984913
MAPK1,5,BRAF;S134;,0.587429725307087,0.41257027469291296
MAPK1,5,BRD8;S274;,0.8831783239210022,0.11682167607899772
MAPK1,5,BRD8;T270;,0.30415774191601946,0.6958422580839806
MAPK1,5,BSDC1;S216;,0.006078119894150649,0.9939218801058494
MAPK1,5,C2CD4C;S262;,1.4106369254288794e-05,0.9999858936307457
MAPK1,5,CACNB1;S53;,0.008680425545979847,0.9913195744540201
MAPK1,5,CALD1;S527;,0.10190900815360254,0.8980909918463974
MAPK1,5,CAMK2D;T371;,0.024898675955597308,0.9751013240444025
MAPK1,5,CAMSAP1;S1154;,0.7856782763009142,0.21432172369908553
MAPK1,5,CAMSAP1;S517;,0.024293674636324147,0.9757063253636757
MAPK1,5,CAP2;S301;,0.29283445629641797,0.7071655437035821
MAPK1,5,CBX5;S93;,0.006186471891187925,0.9938135281088122
MAPK1,5,CCDC6;S143;,0.5542466874809296,0.44575331251907047
MAPK1,5,CCDC88A;S1638;,0.004568926850375882,0.9954310731496241
MAPK1,5,CCDC91;S71;,0.11332554037237716,0.8866744596276228
MAPK1,5,CDC42EP2;S137;,0.6570952179578494,0.34290478204215047
MAPK1,5,CDC42EP2;S141;,0.6725316933010013,0.32746830669899873
MAPK1,5,CDC42EP4;S140;,0.7535468259073197,0.24645317409268047
MAPK1,5,CDKN1A;S69;,0.056213463807750455,0.9437865361922495
MAPK1,5,CDKN1B;S12;,1.8374612483151792e-05,0.9999816253875168
MAPK1,5,CDKN1B;S7;,0.012469747720679977,0.9875302522793202
MAPK1,5,CEP170B;S1166;,0.005700772245037797,0.9942992277549623
MAPK1,5,CEP68;S503;,0.0038743902484243468,0.9961256097515756
MAPK1,5,CEP68;S510;,0.8953491125011469,0.10465088749885296
MAPK1,5,CHAMP1;S532;,0.8832282438619761,0.11677175613802396
MAPK1,5,CHD8;S549;,0.012673534503275756,0.9873264654967241
MAPK1,5,CHRND;S379;,0.01571615379981946,0.9842838462001805
MAPK1,5,CIC;S1394;,0.0030288535361348875,0.9969711464638652
MAPK1,5,CIC;S1399;,0.003903629144882192,0.9960963708551178
MAPK1,5,CLASP2;S331;,0.013443432197848179,0.9865565678021518
MAPK1,5,CLIP1;S159;,0.44764214064053653,0.5523578593594634
MAPK1,5,COBL;S31;,0.014106201100630811,0.9858937988993692
MAPK1,5,COBL;S34;,0.013633922936852809,0.9863660770631473
MAPK1,5,COG3;S536;,0.01466136789784737,0.9853386321021526
MAPK1,5,CORO7;S298;,0.013648225610799208,0.9863517743892007
MAPK1,5,DAB2IP;S802;,0.3084525811559904,0.6915474188440097
MAPK1,5,DAP;S2;,0.0037124536165059124,0.9962875463834941
MAPK1,5,DAP;S3;,0.07756855296867927,0.9224314470313206
MAPK1,5,DBNDD1;S123;,0.003440970139166684,0.9965590298608333
MAPK1,5,DCAF6;S336;,0.06748679064683528,0.9325132093531647
MAPK1,5,DCLK1;S30;,0.017511438250092496,0.9824885617499076
MAPK1,5,DDX19A;S86;,0.8127367177022897,0.18726328229771017
MAPK1,5,DDX3X;S261;,0.041811844173433976,0.9581881558265661
MAPK1,5,DENND4C;S1037;,0.013392830665528288,0.9866071693344718
MAPK1,5,DLG2;S323;,0.9094570235111912,0.0905429764888091
MAPK1,5,DLG2;S328;,0.7495123124941577,0.2504876875058422
MAPK1,5,DMXL1;S574;,0.01610569100120006,0.9838943089987999
MAPK1,5,DNAJC2;T48;,0.004634410559817949,0.995365589440182
MAPK1,5,DNAJC25;T353;,0.00399943572428565,0.9960005642757144
MAPK1,5,DOCK6;S1339;,0.0029776766579153006,0.9970223233420846
MAPK1,5,DOCK7;S1361;,1.609874646962311e-05,0.9999839012535303
MAPK1,5,DOCK7;S2107;,0.00379381738402687,0.996206182615973
MAPK1,5,DOPEY1;S1261;,0.004149143773218157,0.9958508562267819
MAPK1,5,DTNA;S606;,0.21637448310247034,0.7836255168975295
MAPK1,5,DUSP27;S366;,0.0064004322941086786,0.9935995677058911
MAPK1,5,DUSP27;S368;,0.004139796090349587,0.9958602039096505
MAPK1,5,DUSP27;S370;,0.005347451579033569,0.9946525484209666
MAPK1,5,DUSP27;S427;,0.0051374295651851745,0.9948625704348146
MAPK1,5,DYNC1H1;S4365;,0.005777753865904488,0.9942222461340956
MAPK1,5,DYNC1I2;S81;,0.9455289224758767,0.054471077524123286
MAPK1,5,EEF2;T57;,0.023710123604486297,0.9762898763955137
MAPK1,5,EEF2K;S365;,0.00860278570563059,0.9913972142943696
MAPK1,5,EHBP1L1;S1363;,0.01357906253628282,0.9864209374637173
MAPK1,5,EHD4;S459;,0.5112241229067415,0.4887758770932587
MAPK1,5,EIF3A;S584;,0.002815156027714907,0.997184843972285
MAPK1,5,EIF4B;S422;,0.012917066097430504,0.9870829339025694
MAPK1,5,EIF4B;S424;,0.006734132113658197,0.993265867886342
MAPK1,5,EIF4B;S425;,0.010912291105981402,0.9890877088940188
MAPK1,5,EIF4B;T420;,0.006283731601596193,0.993716268398404
MAPK1,5,EIF4EBP1;S64;,0.3298660230136851,0.6701339769863147
MAPK1,5,EIF4EBP2;S2;,0.004334091587283271,0.9956659084127168
MAPK1,5,EIF5B;S183;,0.006280022893369647,0.9937199771066303
MAPK1,5,ELMSAN1;S456;,0.005800337699730399,0.9941996623002695
MAPK1,5,EPS8;S659;,0.006840610085440667,0.9931593899145594
MAPK1,5,ETL4;S1844;,0.9094846524513576,0.09051534754864235
MAPK1,5,ETV3;S139;,0.06023857753660878,0.9397614224633912
MAPK1,5,FAM120C;S55;,0.8361716098907536,0.1638283901092462
MAPK1,5,FAM134C;S313;,0.012016619431332906,0.9879833805686672
MAPK1,5,FAM134C;S320;,0.009452362300475753,0.9905476376995244
MAPK1,5,FAM171A2;S423;,0.0032511322954195464,0.9967488677045806
MAPK1,5,FAM65A;S752;,0.008260811436464299,0.9917391885635356
MAPK1,5,FBXO30;S379;,0.4518679909665007,0.5481320090334992
MAPK1,5,FHOD1;S489;,0.014044143943621823,0.985955856056378
MAPK1,5,FHOD1;S501;,0.934191950701396,0.0658080492986041
MAPK1,5,FHOD1;S504;,0.6097358668669447,0.3902641331330553
MAPK1,5,FHOD1;S513;,0.003065953941798669,0.9969340460582012
MAPK1,5,FHOD1;S523;,0.7238584121614818,0.27614158783851794
MAPK1,5,FLNC;S2147;,0.0034245283854680585,0.9965754716145319
MAPK1,5,FLNC;S2234;,0.0069532772925474835,0.9930467227074525
MAPK1,5,FMN1;S589;,0.23034476447561147,0.7696552355243884
MAPK1,5,FOSL2;S320;,0.27496546918994536,0.7250345308100543
MAPK1,5,FOSL2;T322;,0.006470774402508101,0.9935292255974919
MAPK1,5,FOXK1;S225;,0.6484571023989691,0.35154289760103075
MAPK1,5,FOXK2;T200;,0.48058725573618344,0.5194127442638165
MAPK1,5,FOXO3;S252;,0.005721335275712509,0.9942786647242875
MAPK1,5,FRMD8;S21;,0.004474767796355367,0.9955252322036446
MAPK1,5,FRYL;T1959;,0.004183147882218221,0.9958168521177819
MAPK1,5,GAB1;S418;,0.0037269822389832162,0.9962730177610167
MAPK1,5,GAB2;S142;,0.03878699568596283,0.9612130043140372
MAPK1,5,GAB2;S143;,0.3987292208037145,0.6012707791962857
MAPK1,5,GAB2;S211;,0.009267923062792702,0.990732076937207
MAPK1,5,GAB2;S365;,0.32508117158553046,0.6749188284144698
MAPK1,5,GAB2;T388;,0.003111428769521337,0.9968885712304785
MAPK1,5,GATAD2A;S103;,0.012698232919973313,0.9873017670800266
MAPK1,5,GATAD2A;S96;,0.015735818274093854,0.9842641817259061
MAPK1,5,GATAD2B;S338;,0.6663651890620321,0.33363481093796793
MAPK1,5,GBF1;S1786;,0.909616733736656,0.09038326626334382
MAPK1,5,GIGYF1;S28;,0.909467635364437,0.09053236463556308
MAPK1,5,GIT2;S568;,0.005902731630897632,0.9940972683691025
MAPK1,5,GOLGA4;S116;,0.012886054361885127,0.9871139456381148
MAPK1,5,GSK3A;S21;,0.008404288515729432,0.9915957114842706
MAPK1,5,GSK3A;S41;,0.005861780141886647,0.9941382198581135
MAPK1,5,GSK3B;S9;,0.007976612856346505,0.9920233871436537
MAPK1,5,GYS1;S728;,0.8878541931747119,0.11214580682528798
MAPK1,5,HBP1;S401;,0.5964081593579299,0.40359184064207
MAPK1,5,HBS1L;S147;,0.005451067762208705,0.9945489322377912
MAPK1,5,HDAC6;S21;,0.2090573018266506,0.7909426981733493
MAPK1,5,HECTD1;S1392;,0.031117658705869605,0.9688823412941303
MAPK1,5,HECTD1;S1393;,0.01667911227456177,0.9833208877254381
MAPK1,5,HECTD1;S1573;,0.01634587280737344,0.9836541271926267
MAPK1,5,HELB;S944;,0.8465518875677303,0.1534481124322697
MAPK1,5,HERC1;S1163;,0.8255200022434722,0.17447999775652798
MAPK1,5,HERC1;T1154;,0.11956922153491235,0.8804307784650877
MAPK1,5,HIRIP3;S27;,0.3054728557118062,0.694527144288194
MAPK1,5,HN1L;S97;,0.2819453271077575,0.7180546728922422
MAPK1,5,HOMER3;S158;,0.004130270696296696,0.9958697293037033
MAPK1,5,HUWE1;S1876;,0.010328091049824264,0.9896719089501755
MAPK1,5,HUWE1;S3639;,0.06294219767203195,0.9370578023279681
MAPK1,5,HUWE1;S3898;,0.8677794841308705,0.1322205158691295
MAPK1,5,HUWE1;T3903;,0.9152020703413212,0.08479792965867876
MAPK1,5,IREB2;S178;,0.013185695702358722,0.9868143042976412
MAPK1,5,IRF2BPL;S69;,0.8388328297163182,0.16116717028368183
MAPK1,5,ITSN1;S1063;,0.00540349545261593,0.994596504547384
MAPK1,5,ITSN1;S315;,0.006560530729524976,0.993439469270475
MAPK1,5,JMY;S56;,0.0028830732854386097,0.9971169267145613
MAPK1,5,JSRP1;S47;,0.00420165754200788,0.9957983424579921
MAPK1,5,KANK2;S358;,0.0032013753525512727,0.9967986246474487
MAPK1,5,KCTD3;S809;,0.012341157174626133,0.987658842825374
MAPK1,5,KDM2A;S718;,0.9088218052016768,0.09117819479832322
MAPK1,5,KDM2A;T713;,0.7732673437043935,0.22673265629560665
MAPK1,5,KDM5C;S316;,1.3923379872260908e-05,0.9999860766201278
MAPK1,5,KPNA1;S2;,0.004180937628964529,0.9958190623710353
MAPK1,5,KPNA1;T3;,0.032774675109655295,0.9672253248903447
MAPK1,5,LAMTOR1;S98;,0.00429085354607677,0.9957091464539232
MAPK1,5,LARP1;S916;,0.011306267658205242,0.9886937323417949
MAPK1,5,LARP1;T932;,0.6569222936067439,0.343077706393256
MAPK1,5,LARP4B;S498;,0.0032539355172158937,0.9967460644827842
MAPK1,5,LDB3;S112;,0.1090733494911403,0.8909266505088597
MAPK1,5,LIMA1;S360;,0.6242259813556569,0.3757740186443431
MAPK1,5,LIMA1;S603;,0.7500015665820595,0.24999843341794048
MAPK1,5,LIMA1;S608;,0.8156328972549682,0.18436710274503182
MAPK1,5,LIMA1;S703;,0.599383549173265,0.40061645082673514
MAPK1,5,LMNA;S404;,0.009519287234411615,0.9904807127655886
MAPK1,5,LMNA;S406;,0.004132553767694142,0.9958674462323058
MAPK1,5,LMNA;S407;,0.02203272813322096,0.9779672718667791
MAPK1,5,LMNA;S423;,0.009586344669546613,0.9904136553304534
MAPK1,5,LMNA;S424;,0.010717402102176055,0.9892825978978238
MAPK1,5,LMO7;S1541;,1.3791554042106725e-05,0.9999862084459579
MAPK1,5,LMO7;S1543;,0.0035970095449235307,0.9964029904550764
MAPK1,5,LOC100360205;S239;,0.004471666736035533,0.9955283332639644
MAPK1,5,LOC100365259;S393;,0.0025467213412593403,0.9974532786587407
MAPK1,5,LOC100910104;S475;,0.0034399156658858733,0.996560084334114
MAPK1,5,LOC100910104;S532;,0.015734482038959642,0.9842655179610402
MAPK1,5,LOC100910104;S719;,0.35590207179342653,0.6440979282065734
MAPK1,5,LOC100910646;S166;,0.005908356428230683,0.9940916435717692
MAPK1,5,LOC100911178;S1643;,0.10151746315941336,0.8984825368405867
MAPK1,5,LOC100911302;S1721;,0.38147573978291033,0.6185242602170896
MAPK1,5,LOC100911677;S490;,0.0131447823049752,0.9868552176950247
MAPK1,5,LOC100912115;S649;,0.8185047747897589,0.18149522521024117
MAPK1,5,LOC312502;S1164;,0.8009169604771079,0.199083039522892
MAPK1,5,LOC312502;S138;,0.012030168305478095,0.9879698316945219
MAPK1,5,LOC312502;S139;,0.012809800644865803,0.9871901993551343
MAPK1,5,LOC312502;S483;,0.6108230410744622,0.3891769589255378
MAPK1,5,LOC683007;S1204;,0.7529046362797017,0.24709536372029825
MAPK1,5,LOC683007;S1207;,0.014978598987259603,0.9850214010127405
MAPK1,5,LOC684259;S780;,0.01684660600248113,0.983153393997519
MAPK1,5,LOC685707;S1251;,0.8757930204226304,0.12420697957736947
MAPK1,5,LRRFIP2;S18;,0.005221573163708163,0.9947784268362919
MAPK1,5,LRRFIP2;T136;,0.005344102888983308,0.9946558971110165
MAPK1,5,LYSMD1;S33;,0.015861867571348987,0.984138132428651
MAPK1,5,MACF1;S1376;,0.008337930342198163,0.9916620696578018
MAPK1,5,MACF1;S5293;,0.8376590541080263,0.1623409458919738
MAPK1,5,MAF1;S60;,0.6385560986499925,0.3614439013500076
MAPK1,5,MAP1A;S1757;,0.01268668929261529,0.9873133107073846
MAPK1,5,MAP1A;T2177;,0.5197324530815854,0.48026754691841456
MAPK1,5,MAP1A;T504;,0.7528886682727548,0.24711133172724517
MAPK1,5,MAP1B;S1257;,0.8480677985795787,0.15193220142042135
MAPK1,5,MAP1B;S1389;,0.5169664234617115,0.48303357653828854
MAPK1,5,MAP1B;S1393;,0.16654011600513352,0.8334598839948666
MAPK1,5,MAP1B;T1781;,0.011432087730596214,0.988567912269404
MAPK1,5,MAP1S;S683;,0.9440826581779413,0.055917341822058736
MAPK1,5,MAP4;S902;,0.014483398949654296,0.985516601050346
MAPK1,5,MAP4K4;S591;,0.012677840143139957,0.98732215985686
MAPK1,5,MAP4K4;S791;,0.014134059199366297,0.9858659408006338
MAPK1,5,MAP4K4;S794;,0.013160251602662735,0.9868397483973373
MAPK1,5,MAPK1;Y185;,0.01940410276511974,0.9805958972348804
MAPK1,5,MAPK14;Y182;,0.01936579730172393,0.9806342026982762
MAPK1,5,MAPK8;Y185;,0.030426756796360845,0.969573243203639
MAPK1,5,MARCKS;S141;,0.012692334586285688,0.9873076654137144
MAPK1,5,MARK3;S593;,0.005642288521892738,0.9943577114781073
MAPK1,5,MARK3;T594;,0.007735088576318174,0.9922649114236817
MAPK1,5,MATR3;S188;,0.002820482936756615,0.9971795170632433
MAPK1,5,MBD3;S85;,0.004456166097725173,0.9955438339022747
MAPK1,5,MBD3;S86;,0.004749634660534707,0.9952503653394652
MAPK1,5,MDM2;S138;,0.011825550074147846,0.988174449925852
MAPK1,5,MED1;S1465;,0.42706701971161215,0.5729329802883879
MAPK1,5,MED1;S1467;,0.004953825814309513,0.9950461741856905
MAPK1,5,MED1;S1468;,0.022258438395482708,0.9777415616045172
MAPK1,5,MED24;S860;,0.0040365045525245155,0.9959634954474753
MAPK1,5,MED24;S861;,1.7376788126198e-05,0.9999826232118738
MAPK1,5,MEF2C;S226;,0.095512558879078,0.9044874411209218
MAPK1,5,MID1;S96;,0.8391080857830686,0.16089191421693158
MAPK1,5,MKL1;S571;,0.9042352791454147,0.09576472085458512
MAPK1,5,MLL2;S2291;,0.6646435270843034,0.3353564729156966
MAPK1,5,MLLT4;S216;,0.005931748566061966,0.9940682514339381
MAPK1,5,MLLT4;S246;,0.0037695935073446983,0.9962304064926553
MAPK1,5,MON2;S197;,1.412420020832225e-05,0.9999858757997917
MAPK1,5,MPHOSPH10;S168;,0.012449539086918723,0.9875504609130813
MAPK1,5,MPRIP;S369;,0.6023222204171906,0.3976777795828093
MAPK1,5,MTFR1L;S100;,0.014968143013697588,0.9850318569863026
MAPK1,5,MTFR1L;S234;,0.01319030775988855,0.9868096922401114
MAPK1,5,MTFR1L;S235;,0.013292234434344826,0.9867077655656551
MAPK1,5,MTSS1L;S575;,0.4620126802957245,0.5379873197042755
MAPK1,5,MURC;S20;,0.004250944860583115,0.9957490551394169
MAPK1,5,MUSK;S689;,0.0071883192643348096,0.9928116807356651
MAPK1,5,MUSK;S690;,0.5386255431635241,0.46137445683647577
MAPK1,5,MYBBP1A;S1283;,0.8884477319938795,0.11155226800612056
MAPK1,5,MYCBP2;S2750;,0.00588346361544003,0.9941165363845599
MAPK1,5,MYOZ2;T32;,0.9126914422959714,0.08730855770402868
MAPK1,5,NACA;S1125;,0.6001144252196614,0.3998855747803386
MAPK1,5,NACA;S1345;,0.3763821178892094,0.6236178821107906
MAPK1,5,NACA;S1454;,0.6862899937570712,0.31371000624292866
MAPK1,5,NACA;S1720;,0.6971740316886051,0.30282596831139513
MAPK1,5,NACA;S914;,0.8265308103710792,0.17346918962892083
MAPK1,5,NACA;S942;,0.43096715750224224,0.5690328424977577
MAPK1,5,NCAPH;S24;,0.37924458631835034,0.6207554136816498
MAPK1,5,NCOR1;S363;,0.3480346335345416,0.6519653664654584
MAPK1,5,NCOR2;S1747;,0.74104878671182,0.25895121328818
MAPK1,5,NDRG1;S330;,0.01092721537256492,0.9890727846274352
MAPK1,5,NDRG1;T328;,0.0027863537741312336,0.9972136462258686
MAPK1,5,NDRG2;T334;,0.007469073555202921,0.992530926444797
MAPK1,5,NEK9;S16;,0.018078675431231064,0.9819213245687689
MAPK1,5,NEK9;S736;,0.003575399149352925,0.9964246008506471
MAPK1,5,NELFE;S131;,0.004582590259303903,0.9954174097406963
MAPK1,5,NES;S1071;,0.01444710360299598,0.9855528963970039
MAPK1,5,NES;S1123;,0.003384404058352172,0.996615595941648
MAPK1,5,NES;S1131;,0.013486418995882751,0.9865135810041172
MAPK1,5,NES;S620;,0.20769624046367058,0.7923037595363296
MAPK1,5,NES;S784;,0.015147833372400957,0.9848521666275992
MAPK1,5,NEXN;S280;,8.506910430093881e-06,0.9999914930895698
MAPK1,5,NFIX;S265;,0.020690919993430916,0.979309080006569
MAPK1,5,NHSL1;T1376;,0.9096127763858874,0.09038722361411254
MAPK1,5,NUMA1;S1935;,0.005199047027345191,0.9948009529726548
MAPK1,5,NUMA1;S1958;,0.00725153601929147,0.9927484639807086
MAPK1,5,NUP35;S73;,0.8479676188796411,0.15203238112035883
MAPK1,5,OPTN;S188;,0.013648316832263764,0.9863516831677365
MAPK1,5,PACS2;S319;,0.6320744127605142,0.3679255872394857
MAPK1,5,PAK1;S144;,0.005951053621550469,0.9940489463784496
MAPK1,5,PAK1;S203;,0.005232060244269646,0.9947679397557306
MAPK1,5,PAK2;S197;,0.0027588373285091315,0.9972411626714909
MAPK1,5,PARD3;S715;,0.005985415359107188,0.9940145846408927
MAPK1,5,PARVA;S14;,0.9630041537379224,0.03699584626207769
MAPK1,5,PATL1;S184;,0.7106958617874676,0.28930413821253226
MAPK1,5,PBXIP1;S132;,0.0028847511960021985,0.9971152488039979
MAPK1,5,PBXIP1;S133;,0.09733236314768524,0.9026676368523147
MAPK1,5,PCM1;S1280;,0.007982853209270111,0.9920171467907298
MAPK1,5,PCM1;S380;,0.008786086486201456,0.9912139135137985
MAPK1,5,PCM1;S384;,0.011014232314037444,0.9889857676859626
MAPK1,5,PDAP1;S176;,1.085535321976981e-05,0.9999891446467801
MAPK1,5,PDAP1;S178;,0.003266035162162629,0.9967339648378374
MAPK1,5,PDCD4;S420;,0.005816574762467902,0.9941834252375322
MAPK1,5,PDCD4;S76;,0.00518347422624095,0.994816525773759
MAPK1,5,PDLIM7;S209;,0.0077731461989913545,0.9922268538010086
MAPK1,5,PDLIM7;T214;,0.026044309581393654,0.9739556904186063
MAPK1,5,PDLIM7;T215;,0.8021754539690406,0.19782454603095959
MAPK1,5,PDS5B;S1176;,0.0026682274603025795,0.9973317725396975
MAPK1,5,PDXDC1;T554;,0.8427439563640869,0.15725604363591308
MAPK1,5,PELO;S55;,0.008233236129727078,0.9917667638702731
MAPK1,5,PEX1;S1209;,0.0027992166914926407,0.9972007833085076
MAPK1,5,PFKFB2;S469;,0.013353730970016749,0.9866462690299834
MAPK1,5,PHF1;S410;,0.7630400087342146,0.23695999126578512
MAPK1,5,PHF1;S415;,0.935952903612446,0.06404709638755411
MAPK1,5,PHF2;S782;,0.9068112938540822,0.09318870614591789
MAPK1,5,PHIP;S1251;,0.0033177034624440184,0.9966822965375562
MAPK1,5,PHLDB1;S431;,0.004160698930368719,0.9958393010696314
MAPK1,5,PHLDB1;S534;,0.012669023561479944,0.9873309764385202
MAPK1,5,PHLDB2;S241;,0.009401859687705846,0.9905981403122943
MAPK1,5,PI4K2A;S43;,0.014538197204570688,0.9854618027954293
MAPK1,5,PI4K2A;S46;,0.149451694498168,0.8505483055018321
MAPK1,5,PI4K2A;S461;,0.004523076588894026,0.9954769234111057
MAPK1,5,PI4K2A;S50;,0.9699773900006524,0.030022609999347416
MAPK1,5,PID1;S230;,0.01736744861840914,0.9826325513815908
MAPK1,5,PID1;S231;,0.005399850451850324,0.9946001495481496
MAPK1,5,PID1;S232;,0.0047147744540915245,0.9952852255459086
MAPK1,5,PID1;S242;,0.004145711790311025,0.995854288209689
MAPK1,5,PIEZO1;S1370;,0.9094596432671931,0.09054035673280685
MAPK1,5,PIK3C2A;S261;,0.24056749631739247,0.7594325036826076
MAPK1,5,PLEC;S4246;,0.01812477126009699,0.9818752287399032
MAPK1,5,PLEC;S4249;,0.02209447880304032,0.9779055211969597
MAPK1,5,PNISR;S290;,0.008437097372045782,0.9915629026279543
MAPK1,5,POM121;S370;,0.030554733645110986,0.9694452663548889
MAPK1,5,PPAN;S233;,0.015103260505749241,0.9848967394942507
MAPK1,5,PPAN;S238;,0.012607029092708767,0.9873929709072912
MAPK1,5,PPAN;S240;,0.012696464783430199,0.9873035352165697
MAPK1,5,PPP1R12C;S508;,0.8142169412923922,0.18578305870760767
MAPK1,5,PPP1R13L;S110;,0.9459367130547048,0.054063286945295254
MAPK1,5,PPP1R13L;S154;,0.4039860783709362,0.5960139216290637
MAPK1,5,PPP1R13L;S360;,0.9572492592757488,0.04275074072425122
MAPK1,5,PPP6R2;S629;,0.8295714320159654,0.17042856798403455
MAPK1,5,PPP6R2;S719;,0.731526293138393,0.26847370686160704
MAPK1,5,PRKAA1;S496;,0.003671671246182168,0.9963283287538177
MAPK1,5,PRKAB1;S108;,0.013135832494830121,0.9868641675051698
MAPK1,5,PRRC2A;S765;,0.017516048581967533,0.9824839514180327
MAPK1,5,PRRC2B;S259;,0.011471192922261973,0.988528807077738
MAPK1,5,PSMA5;T55;,0.0066566737035408064,0.9933433262964594
MAPK1,5,PSMC3;S12;,0.3754692800241304,0.6245307199758694
MAPK1,5,PSMC3;S9;,0.5097011069759555,0.49029889302404445
MAPK1,5,PTPN12;T544;,0.02451808081699163,0.9754819191830082
MAPK1,5,PTPN21;S599;,0.003901951378327016,0.996098048621673
MAPK1,5,PTPN21;S762;,0.019791645646789854,0.9802083543532102
MAPK1,5,PTRF;S169;,0.011712499787180718,0.9882875002128192
MAPK1,5,PTRF;S171;,0.013480466978891941,0.9865195330211083
MAPK1,5,PUM2;S82;,0.6293717292410689,0.37062827075893107
MAPK1,5,PXN;S106;,0.0029729089539867336,0.9970270910460133
MAPK1,5,PXN;S137;,0.02561206044260628,0.9743879395573938
MAPK1,5,PXN;S83;,0.8957435221695083,0.10425647783049172
MAPK1,5,RABGEF1;T142;,0.0038155990285779354,0.9961844009714219
MAPK1,5,RAF1;S295;,0.05200062121111831,0.9479993787888817
MAPK1,5,RAF1;S296;,0.5694594143050745,0.4305405856949256
MAPK1,5,RAI14;T249;,0.535396911234564,0.46460308876543605
MAPK1,5,RANBP10;S481;,0.008753019794011664,0.9912469802059883
MAPK1,5,RANBP3;S58;,0.00822423601478721,0.9917757639852128
MAPK1,5,RAPGEF1;S306;,0.008101982745072555,0.9918980172549274
MAPK1,5,RAPGEF1;S308;,0.005779064556366967,0.9942209354436329
MAPK1,5,RAVER1;S576;,0.08429618658683755,0.9157038134131625
MAPK1,5,RB1CC1;S243;,0.41135916253912175,0.5886408374608781
MAPK1,5,RBM3;S145;,0.0031477088285237795,0.9968522911714763
MAPK1,5,RBM7;S72;,1.5796238926170267e-05,0.9999842037610738
MAPK1,5,RFX7;S1177;,0.00452181360538816,0.9954781863946118
MAPK1,5,RGD1307838;S900;,0.0034706389053960206,0.996529361094604
MAPK1,5,RGD1307838;S903;,0.0029881041581467935,0.9970118958418529
MAPK1,5,RGD1308297;S518;,0.016072967640168166,0.9839270323598318
MAPK1,5,RGD1309586;S243;,0.005183856837782235,0.9948161431622177
MAPK1,5,RGD1309586;S59;,0.0031626244855973234,0.9968373755144024
MAPK1,5,RGD1310016;S1171;,0.015953839820284834,0.9840461601797154
MAPK1,5,RGD1311783;S45;,0.013576136927918685,0.9864238630720814
MAPK1,5,RGD1311783;S46;,0.012237562084742103,0.987762437915258
MAPK1,5,RGD1560225;S763;,0.055169982580052776,0.9448300174199471
MAPK1,5,RGD1561609;S759;,0.00831991180468143,0.9916800881953188
MAPK1,5,RGD1562639;S1035;,0.002849744433153785,0.9971502555668462
MAPK1,5,RGD1566017;S802;,1.809192153129409e-05,0.9999819080784687
MAPK1,5,RIN2;S494;,0.009289381635504813,0.990710618364495
MAPK1,5,RIPK2;S412;,0.01321136614125095,0.9867886338587492
MAPK1,5,RNF40;S586;,1.2966294554870543e-05,0.9999870337054452
MAPK1,5,RPS6KA3;S715;,0.05934720819883002,0.94065279180117
MAPK1,5,RPS6KA4;S681;,0.005378389684541782,0.9946216103154581
MAPK1,5,RPS6KA4;S682;,0.06425773475943664,0.9357422652405634
MAPK1,5,RPS6KB1;S404;,0.016185840786174657,0.9838141592138255
MAPK1,5,RPTOR;S863;,0.8864638558105237,0.11353614418947645
MAPK1,5,RRP1B;S524;,0.3734370289588657,0.6265629710411343
MAPK1,5,RRP1B;T521;,0.1844449974883605,0.8155550025116395
MAPK1,5,RTF1;S416;,1.6465066184090983e-05,0.9999835349338159
MAPK1,5,RUFY1;S50;,0.1484519818302223,0.8515480181697778
MAPK1,5,RUNX1T1;T568;,0.3006193197123651,0.6993806802876348
MAPK1,5,SAMD4B;S271;,0.9526638246266927,0.047336175373307345
MAPK1,5,SAP30L;T91;,0.004228996752422833,0.9957710032475772
MAPK1,5,SBF1;S1141;,0.009932283259116242,0.9900677167408837
MAPK1,5,SCRIB;S1315;,0.7613798573573711,0.2386201426426289
MAPK1,5,SCRIB;S1529;,0.003251151196534028,0.996748848803466
MAPK1,5,SENP7;S47;,0.8867190164149861,0.11328098358501412
MAPK1,5,SETD2;S511;,0.6193749017892023,0.38062509821079776
MAPK1,5,SF3B1;T326;,0.02517822965519515,0.974821770344805
MAPK1,5,SFPQ;T586;,0.16569450814003076,0.834305491859969
MAPK1,5,SGTA;S306;,0.0059247718805061364,0.994075228119494
MAPK1,5,SGTA;S308;,0.004578406352556145,0.9954215936474439
MAPK1,5,SH3BP5;S420;,0.01269006985585052,0.9873099301441495
MAPK1,5,SH3D19;S274;,0.7093048208110796,0.29069517918892046
MAPK1,5,SH3PXD2A;S368;,0.012904482046904087,0.9870955179530961
MAPK1,5,SH3PXD2A;S495;,0.11003296242557224,0.8899670375744279
MAPK1,5,SH3PXD2A;S956;,0.002962225036994566,0.9970377749630056
MAPK1,5,SHC3;S359;,0.5,0.5
MAPK1,5,SIK2;S673;,0.004211256429910518,0.9957887435700896
MAPK1,5,SIPA1L1;S1408;,0.014236353503147597,0.9857636464968524
MAPK1,5,SIPA1L1;S1411;,0.013701576894748001,0.9862984231052518
MAPK1,5,SIPA1L1;S288;,0.004890959131159667,0.9951090408688403
MAPK1,5,SLC2A13;S38;,0.013786717353414772,0.986213282646585
MAPK1,5,SLC2A13;S44;,0.013239152799037032,0.9867608472009631
MAPK1,5,SLC2A13;S47;,0.014005221489097362,0.9859947785109026
MAPK1,5,SLC4A7;S1171;,0.013991124411695508,0.9860088755883044
MAPK1,5,SLC4A7;S263;,0.013809759408705696,0.9861902405912943
MAPK1,5,SLK;S778;,0.012493930038671308,0.9875060699613287
MAPK1,5,SMCR7L;S59;,0.8798100281756178,0.12018997182438208
MAPK1,5,SMCR8;S416;,0.008102214341919989,0.99189778565808
MAPK1,5,SMCR8;S486;,0.013804212939454328,0.9861957870605457
MAPK1,5,SMCR8;S488;,0.016254804209556096,0.983745195790444
MAPK1,5,SMCR8;S491;,0.013526852455046971,0.9864731475449532
MAPK1,5,SMCR8;S497;,0.017132283404771884,0.9828677165952282
MAPK1,5,SMG6;S537;,0.6127001630118639,0.3872998369881361
MAPK1,5,SNW1;S224;,0.016623577019060285,0.9833764229809396
MAPK1,5,SNX8;S454;,0.6939805564314245,0.3060194435685755
MAPK1,5,SON;S94;,0.003518000938071042,0.9964819990619291
MAPK1,5,SORBS1;S857;,0.5293671616275738,0.47063283837242614
MAPK1,5,SOS1;S1120;,0.008895302226343924,0.991104697773656
MAPK1,5,SOX6;S399;,0.8192097523039898,0.1807902476960101
MAPK1,5,SOX6;S402;,0.8066970064472594,0.19330299355274055
MAPK1,5,SOX6;T401;,0.006853127737948637,0.9931468722620512
MAPK1,5,SPAG7;S219;,1.081735679134387e-05,0.9999891826432087
MAPK1,5,SPAG9;S203;,0.005182197516405787,0.9948178024835943
MAPK1,5,SPAG9;S716;,0.005033763638444453,0.9949662363615556
MAPK1,5,SPHK2;S379;,0.016490003146030288,0.9835099968539697
MAPK1,5,SRPK2;S487;,0.006170472176572465,0.9938295278234275
MAPK1,5,SRRM2;S2228;,0.036175131303687685,0.9638248686963123
MAPK1,5,SRRM2;S2338;,0.3023466025829124,0.6976533974170874
MAPK1,5,SRSF10;S131;,0.014373237207503173,0.9856267627924968
MAPK1,5,SRSF11;S200;,0.39804971820622853,0.6019502817937715
MAPK1,5,STARD13;S334;,0.6144909744466807,0.3855090255533194
MAPK1,5,STAT3;S727;,0.03965332155504986,0.9603466784449504
MAPK1,5,STIM1;S257;,0.015670565857070957,0.9843294341429291
MAPK1,5,STIM1;S523;,0.014716805306206079,0.985283194693794
MAPK1,5,STIM1;S524;,0.01415264151690064,0.9858473584830993
MAPK1,5,STIM2;S675;,0.014323841131897245,0.9856761588681028
MAPK1,5,STK11IP;S443;,0.26214641745570294,0.7378535825442969
MAPK1,5,STK3;S385;,0.24801729909672027,0.7519827009032797
MAPK1,5,STMN1;S16;,0.004018236392329177,0.9959817636076711
MAPK1,5,STMN1;S25;,0.3095917206252295,0.6904082793747706
MAPK1,5,STMN1;S38;,0.864331200072774,0.13566879992722627
MAPK1,5,STRN3;S227;,0.20602082958717796,0.7939791704128221
MAPK1,5,SUN2;S12;,0.004541594448129513,0.9954584055518705
MAPK1,5,SVIL;S1177;,0.10682824488525185,0.8931717551147481
MAPK1,5,SVIL;S259;,0.0035276714040323796,0.9964723285959676
MAPK1,5,SVIL;S531;,0.03417050568761175,0.9658294943123884
MAPK1,5,SYNPO2L;S401;,0.005977387739537569,0.9940226122604624
MAPK1,5,SYNPO2L;T141;,0.019163402859554247,0.9808365971404457
MAPK1,5,SZT2;S1641;,0.007334248536990645,0.9926657514630095
MAPK1,5,TACC2;S575;,0.8299637752266569,0.17003622477334293
MAPK1,5,TANC2;S1447;,0.004294991737747138,0.9957050082622527
MAPK1,5,TBC1D1;S231;,0.014264612643492507,0.9857353873565077
MAPK1,5,TBC1D1;S662;,0.013919399012164135,0.9860806009878357
MAPK1,5,TBC1D1;T590;,0.004313816846688759,0.9956861831533116
MAPK1,5,TBC1D16;S382;,0.003982752926252853,0.9960172470737474
MAPK1,5,TCF12;S583;,0.005257524710190127,0.9947424752898097
MAPK1,5,TDRD3;S256;,0.003775964142745274,0.9962240358572545
MAPK1,5,TENC1;T996;,0.012672931793197933,0.9873270682068019
MAPK1,5,TFE3;S531;,0.011206606528892413,0.9887933934711076
MAPK1,5,TJP1;S1602;,0.8273391509406628,0.17266084905933715
MAPK1,5,TJP1;S1604;,0.004719052915241791,0.9952809470847583
MAPK1,5,TJP2;S147;,0.004405137205295928,0.9955948627947042
MAPK1,5,TMEM245;S327;,0.9096211612298841,0.09037883877011592
MAPK1,5,TMEM55A;S14;,0.014056685738743933,0.9859433142612561
MAPK1,5,TNKS1BP1;S1642;,0.0060142330600281525,0.993985766939972
MAPK1,5,TNRC6B;S306;,0.5214305572395324,0.4785694427604677
MAPK1,5,TNRC6B;S421;,0.7475193878040172,0.25248061219598283
MAPK1,5,TRAK1;S390;,0.2547205445598803,0.7452794554401196
MAPK1,5,TRAK1;S905;,0.014734541752992072,0.9852654582470081
MAPK1,5,TRAPPC12;S314;,0.5750958838274944,0.42490411617250556
MAPK1,5,TRIM28;S474;,0.0033622812734854955,0.9966377187265143
MAPK1,5,TRIO;S2459;,0.6006863400108733,0.39931365998912655
MAPK1,5,TRIO;S2463;,0.8242424181170743,0.17575758188292584
MAPK1,5,TRIP12;T1454;,0.010063323184825411,0.9899366768151747
MAPK1,5,TSC2;S939;,0.006389804586584653,0.9936101954134153
MAPK1,5,TSSC4;S190;,0.47034256843065403,0.5296574315693461
MAPK1,5,TTN;S305;,0.01359051420850474,0.9864094857914953
MAPK1,5,UBA1;S13;,0.005348410023735785,0.9946515899762641
MAPK1,5,UBA5;S380;,0.003603348134292257,0.996396651865708
MAPK1,5,UBE2O;S835;,0.7626862877229865,0.23731371227701356
MAPK1,5,UBE2O;T830;,0.00835454409160797,0.991645455908392
MAPK1,5,UBE4B;S88;,0.35422206241733106,0.6457779375826689
MAPK1,5,ULK1;S450;,0.08816564668387979,0.9118343533161204
MAPK1,5,ULK1;S465;,0.012987908474329688,0.9870120915256704
MAPK1,5,ULK1;S477;,0.7972824725205273,0.20271752747947286
MAPK1,5,ULK1;S479;,0.303815265484129,0.696184734515871
MAPK1,5,ULK1;S637;,0.013255588458083518,0.9867444115419166
MAPK1,5,ULK1;T468;,0.021780537089228225,0.9782194629107719
MAPK1,5,ULK1;T659;,0.016740947224238776,0.9832590527757613
MAPK1,5,USP10;S224;,0.8790952322843136,0.12090476771568628
MAPK1,5,VAPA;S164;,0.013163293343224662,0.9868367066567754
MAPK1,5,VIM;S420;,0.01439105974665976,0.9856089402533401
MAPK1,5,VIM;S430;,0.017259436721651866,0.9827405632783482
MAPK1,5,VIM;T426;,0.014346463879255556,0.9856535361207444
MAPK1,5,VPS26B;S304;,0.013901515837594329,0.9860984841624058
MAPK1,5,WIPF2;S235;,0.42399422249210705,0.5760057775078931
MAPK1,5,WNK1;S165;,0.004821033103215012,0.9951789668967851
MAPK1,5,WWC3;S955;,1.5613286135873755e-05,0.9999843867138641
MAPK1,5,YAP1;S46;,0.014231905310112862,0.985768094689887
MAPK1,5,ZC3H13;S368;,0.013774855204556482,0.9862251447954435
MAPK1,5,ZC3HAV1;S307;,0.669725520632788,0.330274479367212
MAPK1,5,ZC3HAV1;S325;,0.0057792278934540005,0.9942207721065459
MAPK1,5,ZC3HAV1;S544;,0.275460616756404,0.7245393832435958
MAPK1,5,ZC3HC1;S343;,0.6668468574730954,0.33315314252690464
MAPK1,5,ZC3HC1;T351;,0.008833417055063547,0.9911665829449364
MAPK1,5,ZFP295;S411;,0.003998149084774708,0.9960018509152254
MAPK1,5,ZFYVE16;S903;,0.010260321002498277,0.9897396789975019
MAPK1,5,ZNRF2;S148;,0.007481664657847653,0.9925183353421525
MAPK1,5,ZNRF2;S154;,0.5,0.5
MAPK1,5,ZNRF2;S18;,0.007158444741224462,0.9928415552587754
MAPK1,5,ZNRF2;S81;,0.009857682058849798,0.9901423179411502
MAPK1,5,ZYX;S143;,0.0056512336104391925,0.9943487663895606
MAPK1,5,ZYX;S144;,0.00663129268036435,0.9933687073196356
MAPK1,5,ZYX;S336;,0.2828266976954878,0.7171733023045123
MAPK1,5,ZZEF1;S1516;,0.8161818647768886,0.18381813522311147
MAPK1,5,ZZEF1;S1535;,0.005047618675360138,0.9949523813246398
MAPK1,6,AAK1;S677;,7.674583623209681e-06,0.9999923254163767
MAPK1,6,ABCC4;S604;,0.8728311297303399,0.12716887026966014
MAPK1,6,ABI2;S165;,8.223482673858787e-06,0.9999917765173262
MAPK1,6,ABI2;S168;,0.0037183281525271636,0.996281671847473
MAPK1,6,ABL2;S799;,7.682188778011742e-07,0.9999992317811223
MAPK1,6,ABLIM3;S566;,0.2809950111487071,0.7190049888512929
MAPK1,6,ABLIM3;S575;,8.298381447409116e-06,0.9999917016185526
MAPK1,6,ACACA;S79;,0.005279747114595904,0.994720252885404
MAPK1,6,ACIN1;S711;,1.7589457573973087e-06,0.9999982410542426
MAPK1,6,ADD1;S613;,0.06597669414057014,0.9340233058594299
MAPK1,6,ADD1;T614;,0.5702372222156902,0.4297627777843097
MAPK1,6,ADNP;S971;,0.5666808231344068,0.4333191768655931
MAPK1,6,AFF4;S823;,0.003595926617592545,0.9964040733824074
MAPK1,6,AGAP3;S107;,0.6608256035725698,0.3391743964274303
MAPK1,6,AHCTF1;S1214;,0.00464922523877241,0.9953507747612276
MAPK1,6,AHNAK;S1191;,0.005294181209552897,0.9947058187904472
MAPK1,6,AHNAK;S177;,2.902169676062095e-06,0.999997097830324
MAPK1,6,AHNAK;S2060;,0.23940775299501077,0.760592247004989
MAPK1,6,AHNAK;S211;,3.0014957896401005e-06,0.9999969985042103
MAPK1,6,AHNAK;S2117;,0.005375810195674045,0.994624189804326
MAPK1,6,AHNAK;S222;,0.003843538388275328,0.9961564616117247
MAPK1,6,AHNAK;S3915;,0.05523218552214576,0.9447678144778541
MAPK1,6,AHNAK;S42;,0.36979078508706775,0.6302092149129322
MAPK1,6,AHNAK;S4597;,0.5804823897077209,0.419517610292279
MAPK1,6,AHNAK;S5243;,0.5709881063918443,0.4290118936081557
MAPK1,6,AHNAK;T4049;,0.019144839418980392,0.9808551605810195
MAPK1,6,AHNAK2;S425;,0.15319511243403186,0.8468048875659681
MAPK1,6,AHNAK2;T438;,0.01148250814686476,0.9885174918531354
MAPK1,6,AIMP1;S110;,6.232395537198043e-07,0.9999993767604463
MAPK1,6,AJUBA;S129;,0.9199597922173136,0.08004020778268658
MAPK1,6,AKAP1;S103;,0.0048224769752647275,0.9951775230247353
MAPK1,6,AKAP10;S278;,0.009217743537655872,0.9907822564623443
MAPK1,6,AKAP11;S1090;,0.0030743894061672607,0.9969256105938328
MAPK1,6,AKAP11;S21;,1.5794968902135344e-05,0.9999842050310979
MAPK1,6,AKAP11;S23;,0.003120759253011311,0.9968792407469886
MAPK1,6,AKAP11;S448;,0.16695401938201063,0.8330459806179894
MAPK1,6,AKAP13;S2515;,0.003875894113600444,0.9961241058863995
MAPK1,6,AKAP2;S152;,0.609759089975134,0.390240910024866
MAPK1,6,AKAP2;S730;,1.5161771054618684e-05,0.9999848382289455
MAPK1,6,AKAP6;S562;,0.004176143910319533,0.9958238560896804
MAPK1,6,AKAP9;S3669;,0.06102445805413318,0.938975541945867
MAPK1,6,AKT1S1;S184;,0.004170597773620924,0.995829402226379
MAPK1,6,AKT1S1;T247;,1.5054297620636696e-05,0.9999849457023794
MAPK1,6,ALKBH5;S362;,9.914445662563664e-07,0.9999990085554338
MAPK1,6,ALKBH5;S376;,6.196266424161066e-06,0.9999938037335758
MAPK1,6,AMOTL1;S580;,0.004560088211233495,0.9954399117887663
MAPK1,6,ANP32A;S15;,7.947798400865391e-06,0.999992052201599
MAPK1,6,AP3D1;S755;,6.072640657160769e-06,0.9999939273593429
MAPK1,6,ARFGAP2;S145;,0.5798182631010023,0.42018173689899757
MAPK1,6,ARFGEF2;S214;,1.9113235517916708e-05,0.9999808867644822
MAPK1,6,ARFIP1;S39;,0.003851322431954944,0.996148677568045
MAPK1,6,ARHGAP17;S710;,0.0038906455242224015,0.9961093544757775
MAPK1,6,ARHGAP22;S200;,0.882586021522044,0.11741397847795586
MAPK1,6,ARHGAP22;S236;,1.4823634204403854e-05,0.9999851763657955
MAPK1,6,ARHGAP35;S1174;,0.00462852475842023,0.9953714752415798
MAPK1,6,ARHGAP39;S284;,0.017292088805853638,0.9827079111941462
MAPK1,6,ARHGAP5;S1195;,4.938981195711476e-06,0.9999950610188044
MAPK1,6,ARHGAP5;S1202;,0.5050553282906866,0.49494467170931344
MAPK1,6,ARHGAP5;S967;,0.5,0.5
MAPK1,6,ARHGEF12;S337;,0.005799861016141939,0.9942001389838583
MAPK1,6,ARHGEF12;S341;,0.6062350630060958,0.39376493699390425
MAPK1,6,ARHGEF17;S995;,0.005126242581899533,0.9948737574181004
MAPK1,6,ARHGEF5;S721;,0.0036523260839501966,0.9963476739160497
MAPK1,6,ARPP21;S256;,1.840375438988093e-05,0.9999815962456101
MAPK1,6,ATF7;T53;,0.0065502096629184055,0.9934497903370816
MAPK1,6,ATG14;S5;,1.1473291568410678e-05,0.9999885267084315
MAPK1,6,ATG2A;S1246;,0.050179068070493466,0.9498209319295067
MAPK1,6,ATG2B;S240;,0.4142874096570345,0.5857125903429654
MAPK1,6,ATG2B;S255;,0.03481242329112843,0.9651875767088716
MAPK1,6,ATRX;S761;,4.971558001439922e-07,0.9999995028441998
MAPK1,6,ATXN2;S622;,0.3542566528947765,0.6457433471052235
MAPK1,6,ATXN2L;S109;,0.8115740254813637,0.18842597451863644
MAPK1,6,ATXN2L;S447;,0.936011433719173,0.06398856628082701
MAPK1,6,AZI1;S114;,1.1975982659588143e-05,0.9999880240173403
MAPK1,6,AZI1;S304;,7.984524585828879e-07,0.9999992015475414
MAPK1,6,BAD;S171;,0.0035822234640763453,0.9964177765359238
MAPK1,6,BAG3;S271;,0.015282425083458551,0.9847175749165415
MAPK1,6,BAG3;S387;,0.01894060494671841,0.9810593950532815
MAPK1,6,BAG3;S388;,0.24712071955889944,0.7528792804411005
MAPK1,6,BAIAP2L1;S218;,0.35431651568877104,0.6456834843112291
MAPK1,6,BAIAP2L1;S380;,0.0035258645717150356,0.9964741354282851
MAPK1,6,BAZ2A;S1388;,0.8753082480078299,0.12469175199217017
MAPK1,6,BBX;S243;,0.11293792524296514,0.8870620747570348
MAPK1,6,BCL9L;S116;,7.579575539931003e-07,0.9999992420424461
MAPK1,6,BCL9L;S21;,0.004454177824427174,0.9955458221755726
MAPK1,6,BCL9L;S25;,0.9830726858806145,0.016927314119385643
MAPK1,6,BICD2;S611;,0.6427670778553272,0.357232922144673
MAPK1,6,BICD2;S819;,7.060137164177671e-06,0.9999929398628358
MAPK1,6,BRAF;S134;,0.7336018855808807,0.26639811441911937
MAPK1,6,BRD8;S274;,0.9725413172821071,0.027458682717892775
MAPK1,6,BRD8;T270;,0.1920999088187929,0.807900091181207
MAPK1,6,BSDC1;S216;,0.011785407457127138,0.9882145925428728
MAPK1,6,C2CD4C;S262;,2.1966954445998706e-07,0.9999997803304556
MAPK1,6,CACNB1;S53;,0.010847148830718256,0.9891528511692815
MAPK1,6,CALD1;S527;,0.0559237136741101,0.94407628632589
MAPK1,6,CAMK2D;T371;,0.005262349560964335,0.9947376504390355
MAPK1,6,CAMSAP1;S1154;,0.7501734288834019,0.24982657111659806
MAPK1,6,CAMSAP1;S517;,0.014717452346023266,0.9852825476539766
MAPK1,6,CAP2;S301;,0.17535115482100658,0.8246488451789934
MAPK1,6,CBX5;S93;,7.63354451236435e-06,0.9999923664554876
MAPK1,6,CCDC6;S143;,0.579345443221759,0.42065455677824104
MAPK1,6,CCDC88A;S1638;,2.376184974282016e-06,0.9999976238150258
MAPK1,6,CCDC91;S71;,0.0513916741266391,0.9486083258733609
MAPK1,6,CDC42EP2;S137;,0.8751282886262689,0.12487171137373107
MAPK1,6,CDC42EP2;S141;,0.9191109556783703,0.08088904432162951
MAPK1,6,CDC42EP4;S140;,0.7815105302554337,0.21848946974456637
MAPK1,6,CDKN1A;S69;,0.08406717605921349,0.9159328239407863
MAPK1,6,CDKN1B;S12;,6.9618308823699315e-06,0.9999930381691177
MAPK1,6,CDKN1B;S7;,0.00434319567433971,0.9956568043256601
MAPK1,6,CEP170B;S1166;,5.050249618952847e-07,0.999999494975038
MAPK1,6,CEP68;S503;,4.49781871376677e-06,0.9999955021812862
MAPK1,6,CEP68;S510;,0.968525624469412,0.0314743755305878
MAPK1,6,CHAMP1;S532;,0.9623772655061362,0.037622734493863864
MAPK1,6,CHD8;S549;,0.004681710176698856,0.9953182898233012
MAPK1,6,CHRND;S379;,0.004957427258306173,0.9950425727416936
MAPK1,6,CIC;S1394;,2.4559568679406472e-06,0.999997544043132
MAPK1,6,CIC;S1399;,0.00360939477348139,0.9963906052265185
MAPK1,6,CLASP2;S331;,0.0036599844030614508,0.9963400155969385
MAPK1,6,CLIP1;S159;,0.19464745843292441,0.8053525415670755
MAPK1,6,COBL;S31;,0.004117574120149668,0.9958824258798502
MAPK1,6,COBL;S34;,0.003866740960082164,0.9961332590399179
MAPK1,6,COG3;S536;,0.004155077495170207,0.9958449225048296
MAPK1,6,CORO7;S298;,0.003778718586530915,0.9962212814134691
MAPK1,6,DAB2IP;S802;,0.6238234775034245,0.3761765224965755
MAPK1,6,DAP;S2;,0.0025825312937528913,0.997417468706247
MAPK1,6,DAP;S3;,0.06743836250482382,0.9325616374951762
MAPK1,6,DBNDD1;S123;,2.829068660058112e-06,0.99999717093134
MAPK1,6,DCAF6;S336;,0.07214234720927754,0.9278576527907223
MAPK1,6,DCLK1;S30;,0.00509670156854109,0.994903298431459
MAPK1,6,DDX19A;S86;,0.86110890960828,0.13889109039172007
MAPK1,6,DDX3X;S261;,0.03683194898512143,0.9631680510148785
MAPK1,6,DENND4C;S1037;,0.004120684163652249,0.9958793158363477
MAPK1,6,DLG2;S323;,0.972866563465131,0.027133436534868962
MAPK1,6,DLG2;S328;,0.7075000714796457,0.29249992852035434
MAPK1,6,DMXL1;S574;,0.0037950559120494796,0.9962049440879506
MAPK1,6,DNAJC2;T48;,0.0051075623413713665,0.9948924376586286
MAPK1,6,DNAJC25;T353;,0.00448739298032208,0.9955126070196778
MAPK1,6,DOCK6;S1339;,4.724575884806993e-07,0.9999995275424115
MAPK1,6,DOCK7;S1361;,2.1518736848394792e-07,0.9999997848126315
MAPK1,6,DOCK7;S2107;,1.8027776440297963e-05,0.9999819722235598
MAPK1,6,DOPEY1;S1261;,1.9687180840600315e-07,0.9999998031281916
MAPK1,6,DTNA;S606;,0.1859684892914844,0.8140315107085158
MAPK1,6,DUSP27;S366;,6.015401422922398e-06,0.999993984598577
MAPK1,6,DUSP27;S368;,3.183381748213005e-06,0.9999968166182518
MAPK1,6,DUSP27;S370;,0.003666479582592865,0.996333520417407
MAPK1,6,DUSP27;S427;,1.744600418880373e-06,0.9999982553995811
MAPK1,6,DYNC1H1;S4365;,6.759861139349968e-06,0.9999932401388607
MAPK1,6,DYNC1I2;S81;,0.9784104178148234,0.021589582185176558
MAPK1,6,EEF2;T57;,0.006607778724070551,0.9933922212759295
MAPK1,6,EEF2K;S365;,9.654577790732132e-06,0.9999903454222092
MAPK1,6,EHBP1L1;S1363;,0.0035769149445471823,0.9964230850554529
MAPK1,6,EHD4;S459;,0.35476173877955214,0.6452382612204478
MAPK1,6,EIF3A;S584;,3.7379171374145443e-06,0.9999962620828625
MAPK1,6,EIF4B;S422;,0.003077322417835579,0.9969226775821645
MAPK1,6,EIF4B;S424;,0.003328043694660899,0.9966719563053392
MAPK1,6,EIF4B;S425;,0.008008793732581215,0.991991206267419
MAPK1,6,EIF4B;T420;,3.618621396122497e-06,0.9999963813786039
MAPK1,6,EIF4EBP1;S64;,0.5754250538135804,0.4245749461864194
MAPK1,6,EIF4EBP2;S2;,5.521188918400331e-06,0.9999944788110815
MAPK1,6,EIF5B;S183;,6.2276680669714e-06,0.9999937723319331
MAPK1,6,ELMSAN1;S456;,1.721917898413293e-05,0.999982780821016
MAPK1,6,EPS8;S659;,0.0030796248320595055,0.9969203751679404
MAPK1,6,ETL4;S1844;,0.9180224413058483,0.08197755869415176
MAPK1,6,ETV3;S139;,0.07297697376109955,0.9270230262389003
MAPK1,6,FAM120C;S55;,0.8039835375135804,0.19601646248641966
MAPK1,6,FAM134C;S313;,0.0033252190559920625,0.9966747809440079
MAPK1,6,FAM134C;S320;,0.0029730997879597702,0.9970269002120403
MAPK1,6,FAM171A2;S423;,2.308045024670959e-06,0.9999976919549753
MAPK1,6,FAM65A;S752;,6.696983038917432e-06,0.999993303016961
MAPK1,6,FBXO30;S379;,0.446474686527366,0.553525313472634
MAPK1,6,FHOD1;S489;,0.009122451326890492,0.9908775486731095
MAPK1,6,FHOD1;S501;,0.9487260097624087,0.05127399023759127
MAPK1,6,FHOD1;S504;,0.5564537490064615,0.44354625099353856
MAPK1,6,FHOD1;S513;,0.00370864783749878,0.996291352162501
MAPK1,6,FHOD1;S523;,0.9406269072451225,0.059373092754877434
MAPK1,6,FLNC;S2147;,3.828634766431889e-06,0.9999961713652334
MAPK1,6,FLNC;S2234;,5.730513131068147e-06,0.999994269486869
MAPK1,6,FMN1;S589;,0.15702538697109356,0.8429746130289064
MAPK1,6,FOSL2;S320;,0.6072228123559149,0.3927771876440851
MAPK1,6,FOSL2;T322;,0.004365295045962004,0.995634704954038
MAPK1,6,FOXK1;S225;,0.7718773191984868,0.22812268080151338
MAPK1,6,FOXK2;T200;,0.1996110483824895,0.8003889516175106
MAPK1,6,FOXO3;S252;,3.6760348120339174e-06,0.999996323965188
MAPK1,6,FRMD8;S21;,1.8400916624015997e-06,0.9999981599083376
MAPK1,6,FRYL;T1959;,2.874232895360618e-06,0.9999971257671046
MAPK1,6,GAB1;S418;,8.615387786804412e-06,0.9999913846122133
MAPK1,6,GAB2;S142;,0.07148580938852132,0.9285141906114788
MAPK1,6,GAB2;S143;,0.6437935076458567,0.3562064923541432
MAPK1,6,GAB2;S211;,0.003203530302259513,0.9967964696977405
MAPK1,6,GAB2;S365;,0.23255801745187402,0.7674419825481259
MAPK1,6,GAB2;T388;,3.6375090847292677e-06,0.9999963624909153
MAPK1,6,GATAD2A;S103;,0.003911493712142709,0.9960885062878575
MAPK1,6,GATAD2A;S96;,0.00423850540916353,0.9957614945908366
MAPK1,6,GATAD2B;S338;,0.7541430807518295,0.24585691924817019
MAPK1,6,GBF1;S1786;,0.9556267937120628,0.044373206287937304
MAPK1,6,GIGYF1;S28;,0.9720976689698676,0.027902331030132364
MAPK1,6,GIT2;S568;,0.004180713706562444,0.9958192862934375
MAPK1,6,GOLGA4;S116;,0.0039017015461390173,0.9960982984538608
MAPK1,6,GSK3A;S21;,6.111059162536085e-06,0.9999938889408375
MAPK1,6,GSK3A;S41;,0.0028734783865390356,0.9971265216134608
MAPK1,6,GSK3B;S9;,6.44222474163862e-06,0.9999935577752583
MAPK1,6,GYS1;S728;,0.9455593469671365,0.0544406530328635
MAPK1,6,HBP1;S401;,0.7164760834245376,0.28352391657546244
MAPK1,6,HBS1L;S147;,4.63145222124851e-06,0.9999953685477787
MAPK1,6,HDAC6;S21;,0.21468729687680224,0.7853127031231977
MAPK1,6,HECTD1;S1392;,0.01429984028623469,0.9857001597137655
MAPK1,6,HECTD1;S1393;,0.012816108544540931,0.9871838914554589
MAPK1,6,HECTD1;S1573;,0.0050234326598131195,0.9949765673401871
MAPK1,6,HELB;S944;,0.961243818573913,0.038756181426086986
MAPK1,6,HERC1;S1163;,0.8348485362295659,0.165151463770434
MAPK1,6,HERC1;T1154;,0.030912908231841316,0.9690870917681587
MAPK1,6,HIRIP3;S27;,0.14434777343598573,0.8556522265640143
MAPK1,6,HN1L;S97;,0.6832077682804956,0.31679223171950444
MAPK1,6,HOMER3;S158;,5.255723921785794e-07,0.9999994744276078
MAPK1,6,HUWE1;S1876;,0.008337351320271478,0.9916626486797284
MAPK1,6,HUWE1;S3639;,0.08355223012334725,0.9164477698766528
MAPK1,6,HUWE1;S3898;,0.9487133553308149,0.05128664466918503
MAPK1,6,HUWE1;T3903;,0.9487650946092452,0.05123490539075487
MAPK1,6,IREB2;S178;,0.004542690250981902,0.995457309749018
MAPK1,6,IRF2BPL;S69;,0.8660246950309644,0.13397530496903567
MAPK1,6,ITSN1;S1063;,1.6603285571261185e-05,0.9999833967144287
MAPK1,6,ITSN1;S315;,6.513884418648637e-06,0.9999934861155814
MAPK1,6,JMY;S56;,0.0032025442644650387,0.9967974557355349
MAPK1,6,JSRP1;S47;,3.3883566788194254e-06,0.9999966116433212
MAPK1,6,KANK2;S358;,2.4834086327185637e-06,0.9999975165913672
MAPK1,6,KCTD3;S809;,0.0037313085222704335,0.9962686914777298
MAPK1,6,KDM2A;S718;,0.8589638509154144,0.14103614908458562
MAPK1,6,KDM2A;T713;,0.8259029711875708,0.17409702881242897
MAPK1,6,KDM5C;S316;,5.50839866570452e-07,0.9999994491601334
MAPK1,6,KPNA1;S2;,8.230086929874609e-06,0.9999917699130701
MAPK1,6,KPNA1;T3;,0.03724913806846328,0.9627508619315365
MAPK1,6,LAMTOR1;S98;,1.4167938977816593e-06,0.9999985832061022
MAPK1,6,LARP1;S916;,0.0035585005310739912,0.9964414994689258
MAPK1,6,LARP1;T932;,0.4383010419871404,0.5616989580128597
MAPK1,6,LARP4B;S498;,3.933807067376453e-06,0.9999960661929326
MAPK1,6,LDB3;S112;,0.07361939484865238,0.9263806051513476
MAPK1,6,LIMA1;S360;,0.932789325671329,0.06721067432867073
MAPK1,6,LIMA1;S603;,0.6481941335879227,0.3518058664120774
MAPK1,6,LIMA1;S608;,0.9576015031321427,0.042398496867857315
MAPK1,6,LIMA1;S703;,0.937811020106078,0.062188979893922296
MAPK1,6,LMNA;S404;,9.31419206750867e-06,0.9999906858079324
MAPK1,6,LMNA;S406;,3.0989680750226258e-06,0.999996901031925
MAPK1,6,LMNA;S407;,0.011591582519406203,0.9884084174805937
MAPK1,6,LMNA;S423;,1.3019541343986746e-05,0.9999869804586561
MAPK1,6,LMNA;S424;,0.002636570888496471,0.9973634291115037
MAPK1,6,LMO7;S1541;,5.75256435217744e-07,0.9999994247435647
MAPK1,6,LMO7;S1543;,1.4462386573634408e-06,0.9999985537613426
MAPK1,6,LOC100360205;S239;,1.3683001664049213e-05,0.999986316998336
MAPK1,6,LOC100365259;S393;,5.999184754380338e-07,0.9999994000815247
MAPK1,6,LOC100910104;S475;,8.075153574278562e-06,0.9999919248464257
MAPK1,6,LOC100910104;S532;,0.004193161841538027,0.9958068381584619
MAPK1,6,LOC100910104;S719;,0.7464082781522686,0.25359172184773154
MAPK1,6,LOC100910646;S166;,0.004418426304926245,0.9955815736950736
MAPK1,6,LOC100911178;S1643;,0.0595961893467153,0.9404038106532847
MAPK1,6,LOC100911302;S1721;,0.8110187518223706,0.18898124817762924
MAPK1,6,LOC100911677;S490;,0.003251438729179777,0.9967485612708203
MAPK1,6,LOC100912115;S649;,0.5432180487597922,0.45678195124020776
MAPK1,6,LOC312502;S1164;,0.7849745266331066,0.21502547336689348
MAPK1,6,LOC312502;S138;,0.00331337254402323,0.9966866274559767
MAPK1,6,LOC312502;S139;,0.0036461500808106745,0.9963538499191893
MAPK1,6,LOC312502;S483;,0.6870969098929941,0.312903090107006
MAPK1,6,LOC683007;S1204;,0.9041312775744687,0.09586872242553138
MAPK1,6,LOC683007;S1207;,0.00563452941073693,0.9943654705892632
MAPK1,6,LOC684259;S780;,0.0047273636485142025,0.9952726363514856
MAPK1,6,LOC685707;S1251;,0.959504265091582,0.04049573490841801
MAPK1,6,LRRFIP2;S18;,0.0063220499191446655,0.9936779500808551
MAPK1,6,LRRFIP2;T136;,0.003958651780675272,0.9960413482193248
MAPK1,6,LYSMD1;S33;,0.004665262006874791,0.995334737993125
MAPK1,6,MACF1;S1376;,3.1124886222044685e-06,0.9999968875113778
MAPK1,6,MACF1;S5293;,0.9129991080555396,0.0870008919444603
MAPK1,6,MAF1;S60;,0.9048781460529018,0.09512185394709803
MAPK1,6,MAP1A;S1757;,1.536564753698942e-05,0.999984634352463
MAPK1,6,MAP1A;T2177;,0.2854637141541494,0.7145362858458507
MAPK1,6,MAP1A;T504;,0.7620595296633096,0.23794047033669025
MAPK1,6,MAP1B;S1257;,0.9351739045412586,0.06482609545874139
MAPK1,6,MAP1B;S1389;,0.7842104738045683,0.21578952619543149
MAPK1,6,MAP1B;S1393;,0.3469629652424933,0.6530370347575067
MAPK1,6,MAP1B;T1781;,0.0063188337683557005,0.9936811662316443
MAPK1,6,MAP1S;S683;,0.9367655411407142,0.0632344588592859
MAPK1,6,MAP4;S902;,0.0045163420702683645,0.9954836579297315
MAPK1,6,MAP4K4;S591;,0.01193851868428766,0.9880614813157124
MAPK1,6,MAP4K4;S791;,0.0036974406244857983,0.9963025593755142
MAPK1,6,MAP4K4;S794;,0.004029195455167584,0.9959708045448326
MAPK1,6,MAPK1;Y185;,0.004784680827786258,0.9952153191722135
MAPK1,6,MAPK14;Y182;,0.0035954296114784168,0.9964045703885215
MAPK1,6,MAPK8;Y185;,0.0035905764250268473,0.9964094235749732
MAPK1,6,MARCKS;S141;,4.782255982343865e-06,0.9999952177440177
MAPK1,6,MARK3;S593;,4.4261827333866485e-06,0.9999955738172666
MAPK1,6,MARK3;T594;,0.005412830049403909,0.994587169950596
MAPK1,6,MATR3;S188;,2.927001110318903e-07,0.9999997072998891
MAPK1,6,MBD3;S85;,1.927128230887531e-06,0.999998072871769
MAPK1,6,MBD3;S86;,1.3929183121681494e-05,0.9999860708168783
MAPK1,6,MDM2;S138;,0.002737851537695795,0.9972621484623042
MAPK1,6,MED1;S1465;,0.32405455584606346,0.6759454441539369
MAPK1,6,MED1;S1467;,0.002586933880102573,0.9974130661198972
MAPK1,6,MED1;S1468;,0.008541997416686873,0.9914580025833133
MAPK1,6,MED24;S860;,6.031521369512076e-07,0.9999993968478631
MAPK1,6,MED24;S861;,3.7534978765356184e-06,0.9999962465021234
MAPK1,6,MEF2C;S226;,0.032252732094277606,0.9677472679057226
MAPK1,6,MID1;S96;,0.907237903481095,0.09276209651890496
MAPK1,6,MKL1;S571;,0.881293452391924,0.11870654760807597
MAPK1,6,MLL2;S2291;,0.846485786632031,0.15351421336796897
MAPK1,6,MLLT4;S216;,0.0027769362671609386,0.9972230637328391
MAPK1,6,MLLT4;S246;,1.7963932829845832e-05,0.9999820360671702
MAPK1,6,MON2;S197;,1.4759204326407693e-06,0.9999985240795672
MAPK1,6,MPHOSPH10;S168;,0.0036831107441302477,0.9963168892558698
MAPK1,6,MPRIP;S369;,0.8488134589312135,0.1511865410687865
MAPK1,6,MTFR1L;S100;,0.004063879936318219,0.9959361200636817
MAPK1,6,MTFR1L;S234;,0.00359013854477509,0.9964098614552249
MAPK1,6,MTFR1L;S235;,0.00361697988496941,0.9963830201150304
MAPK1,6,MTSS1L;S575;,0.6368431060528474,0.3631568939471525
MAPK1,6,MURC;S20;,6.976089211044857e-07,0.9999993023910788
MAPK1,6,MUSK;S689;,0.0033983869251335026,0.9966016130748666
MAPK1,6,MUSK;S690;,0.5473828422248151,0.45261715777518485
MAPK1,6,MYBBP1A;S1283;,0.9420764532042145,0.05792354679578548
MAPK1,6,MYCBP2;S2750;,9.814696146713127e-06,0.9999901853038532
MAPK1,6,MYOZ2;T32;,0.9083989231340197,0.09160107686598024
MAPK1,6,NACA;S1125;,0.8332695958686767,0.1667304041313232
MAPK1,6,NACA;S1345;,0.7187771235702616,0.2812228764297385
MAPK1,6,NACA;S1454;,0.9094236154281308,0.09057638457186917
MAPK1,6,NACA;S1720;,0.6624792813340992,0.3375207186659007
MAPK1,6,NACA;S914;,0.8967361525013465,0.1032638474986533
MAPK1,6,NACA;S942;,0.2821163864829743,0.7178836135170258
MAPK1,6,NCAPH;S24;,0.49334457062367837,0.5066554293763216
MAPK1,6,NCOR1;S363;,0.523800838573757,0.476199161426243
MAPK1,6,NCOR2;S1747;,0.5669165894325415,0.4330834105674586
MAPK1,6,NDRG1;S330;,0.004338163127918971,0.995661836872081
MAPK1,6,NDRG1;T328;,1.4934946731383017e-06,0.9999985065053268
MAPK1,6,NDRG2;T334;,3.4225175294588765e-06,0.9999965774824705
MAPK1,6,NEK9;S16;,0.005840133464341048,0.9941598665356589
MAPK1,6,NEK9;S736;,6.381563667438858e-07,0.9999993618436332
MAPK1,6,NELFE;S131;,0.002728896804588112,0.9972711031954119
MAPK1,6,NES;S1071;,0.003951904077331238,0.9960480959226687
MAPK1,6,NES;S1123;,0.002647154995331215,0.9973528450046686
MAPK1,6,NES;S1131;,0.003175576553944753,0.9968244234460554
MAPK1,6,NES;S620;,0.4639429589501269,0.5360570410498732
MAPK1,6,NES;S784;,0.0041160626310624135,0.9958839373689377
MAPK1,6,NEXN;S280;,1.4706395155371792e-06,0.9999985293604845
MAPK1,6,NFIX;S265;,0.02003539147422572,0.9799646085257744
MAPK1,6,NHSL1;T1376;,0.7680030997658346,0.23199690023416528
MAPK1,6,NUMA1;S1935;,3.0871316683031062e-06,0.9999969128683317
MAPK1,6,NUMA1;S1958;,5.818839628076428e-06,0.9999941811603719
MAPK1,6,NUP35;S73;,0.8832756215234636,0.11672437847653643
MAPK1,6,OPTN;S188;,0.003761421781520258,0.9962385782184797
MAPK1,6,PACS2;S319;,0.8532727232672268,0.14672727673277294
MAPK1,6,PAK1;S144;,1.157718124537273e-05,0.9999884228187547
MAPK1,6,PAK1;S203;,2.2159258556644555e-06,0.9999977840741443
MAPK1,6,PAK2;S197;,1.719105269281438e-06,0.9999982808947306
MAPK1,6,PARD3;S715;,1.2001950641476304e-05,0.9999879980493585
MAPK1,6,PARVA;S14;,0.9797830936328252,0.020216906367174638
MAPK1,6,PATL1;S184;,0.9085781386930178,0.09142186130698197
MAPK1,6,PBXIP1;S132;,3.3988725041180535e-06,0.999996601127496
MAPK1,6,PBXIP1;S133;,0.13045346433641206,0.8695465356635881
MAPK1,6,PCM1;S1280;,0.005040214024152131,0.9949597859758477
MAPK1,6,PCM1;S380;,0.005641361722565207,0.994358638277435
MAPK1,6,PCM1;S384;,0.004598230625857162,0.9954017693741432
MAPK1,6,PDAP1;S176;,1.982313932620917e-06,0.9999980176860673
MAPK1,6,PDAP1;S178;,2.0623357069787435e-06,0.9999979376642931
MAPK1,6,PDCD4;S420;,1.0019567123493168e-05,0.9999899804328765
MAPK1,6,PDCD4;S76;,1.1713595553406005e-05,0.9999882864044466
MAPK1,6,PDLIM7;S209;,0.016714302667119627,0.9832856973328806
MAPK1,6,PDLIM7;T214;,0.03172509956110196,0.968274900438898
MAPK1,6,PDLIM7;T215;,0.7493403180154558,0.2506596819845442
MAPK1,6,PDS5B;S1176;,2.911886929164308e-06,0.9999970881130709
MAPK1,6,PDXDC1;T554;,0.7081374251733232,0.2918625748266769
MAPK1,6,PELO;S55;,0.007002715347797834,0.992997284652202
MAPK1,6,PEX1;S1209;,6.009734839128118e-06,0.9999939902651609
MAPK1,6,PFKFB2;S469;,0.004199970594225187,0.9958000294057747
MAPK1,6,PHF1;S410;,0.7976164219325617,0.20238357806743826
MAPK1,6,PHF1;S415;,0.9487133563241268,0.05128664367587323
MAPK1,6,PHF2;S782;,0.9605282072186896,0.03947179278131044
MAPK1,6,PHIP;S1251;,1.3473730592775346e-06,0.9999986526269407
MAPK1,6,PHLDB1;S431;,9.579114474531768e-06,0.9999904208855254
MAPK1,6,PHLDB1;S534;,0.010682432385578417,0.9893175676144214
MAPK1,6,PHLDB2;S241;,3.5639004567596258e-06,0.9999964360995433
MAPK1,6,PI4K2A;S43;,0.005828548296003712,0.9941714517039965
MAPK1,6,PI4K2A;S46;,0.257308564767863,0.7426914352321368
MAPK1,6,PI4K2A;S461;,6.2606363812743e-06,0.9999937393636187
MAPK1,6,PI4K2A;S50;,0.9859548078373062,0.014045192162693898
MAPK1,6,PID1;S230;,0.013844780602268627,0.9861552193977313
MAPK1,6,PID1;S231;,9.173407947297028e-06,0.9999908265920527
MAPK1,6,PID1;S232;,3.136324372784908e-06,0.9999968636756272
MAPK1,6,PID1;S242;,0.003191680679271492,0.9968083193207286
MAPK1,6,PIEZO1;S1370;,0.9589093326564943,0.04109066734350571
MAPK1,6,PIK3C2A;S261;,0.5328127255004617,0.4671872744995383
MAPK1,6,PLEC;S4246;,0.005500464135357967,0.9944995358646421
MAPK1,6,PLEC;S4249;,0.006586664004594016,0.9934133359954063
MAPK1,6,PNISR;S290;,0.003964987141632868,0.996035012858367
MAPK1,6,POM121;S370;,0.00905087615456367,0.9909491238454364
MAPK1,6,PPAN;S233;,0.004697932985666725,0.9953020670143334
MAPK1,6,PPAN;S238;,0.003119701418746731,0.9968802985812534
MAPK1,6,PPAN;S240;,0.0032183499139665315,0.9967816500860337
MAPK1,6,PPP1R12C;S508;,0.9481373044365673,0.05186269556343273
MAPK1,6,PPP1R13L;S110;,0.9744821830998622,0.025517816900137692
MAPK1,6,PPP1R13L;S154;,0.4949113983234145,0.5050886016765855
MAPK1,6,PPP1R13L;S360;,0.9796018600767709,0.02039813992322907
MAPK1,6,PPP6R2;S629;,0.5999113539299609,0.4000886460700393
MAPK1,6,PPP6R2;S719;,0.9013167862464176,0.0986832137535824
MAPK1,6,PRKAA1;S496;,2.6839224929606426e-06,0.999997316077507
MAPK1,6,PRKAB1;S108;,0.0037943580579160325,0.9962056419420842
MAPK1,6,PRRC2A;S765;,0.010012320120265827,0.9899876798797341
MAPK1,6,PRRC2B;S259;,0.005051637121698656,0.9949483628783012
MAPK1,6,PSMA5;T55;,0.0033588422993266736,0.9966411577006734
MAPK1,6,PSMC3;S12;,0.7615560366372492,0.23844396336275087
MAPK1,6,PSMC3;S9;,0.8827767618797873,0.11722323812021279
MAPK1,6,PTPN12;T544;,0.0068380406016938355,0.9931619593983061
MAPK1,6,PTPN21;S599;,1.632987035059234e-05,0.9999836701296493
MAPK1,6,PTPN21;S762;,0.02887440947386739,0.9711255905261327
MAPK1,6,PTRF;S169;,0.009047194943147341,0.9909528050568526
MAPK1,6,PTRF;S171;,0.010385725712334424,0.9896142742876655
MAPK1,6,PUM2;S82;,0.8946026689073877,0.10539733109261235
MAPK1,6,PXN;S106;,4.395329398741589e-06,0.9999956046706013
MAPK1,6,PXN;S137;,0.004650030599677323,0.9953499694003227
MAPK1,6,PXN;S83;,0.8840414324671352,0.11595856753286485
MAPK1,6,RABGEF1;T142;,0.003090488911081146,0.996909511088919
MAPK1,6,RAF1;S295;,0.06281110141551777,0.9371888985844822
MAPK1,6,RAF1;S296;,0.09289668386429645,0.9071033161357036
MAPK1,6,RAI14;T249;,0.37832832824219254,0.6216716717578075
MAPK1,6,RANBP10;S481;,1.7449908688434396e-05,0.9999825500913115
MAPK1,6,RANBP3;S58;,3.2350911358463764e-06,0.9999967649088641
MAPK1,6,RAPGEF1;S306;,8.074654596839013e-06,0.9999919253454032
MAPK1,6,RAPGEF1;S308;,8.02886199844129e-07,0.9999991971138001
MAPK1,6,RAVER1;S576;,0.3610884832345262,0.6389115167654739
MAPK1,6,RB1CC1;S243;,0.6362948011296421,0.36370519887035785
MAPK1,6,RBM3;S145;,2.7964782852616473e-06,0.9999972035217147
MAPK1,6,RBM7;S72;,2.3605077366851932e-07,0.9999997639492264
MAPK1,6,RFX7;S1177;,1.8221412710615833e-06,0.9999981778587289
MAPK1,6,RGD1307838;S900;,2.5655102752459977e-07,0.9999997434489725
MAPK1,6,RGD1307838;S903;,2.5607978734426013e-06,0.9999974392021265
MAPK1,6,RGD1308297;S518;,0.006557909672509853,0.9934420903274901
MAPK1,6,RGD1309586;S243;,1.5558711391645003e-05,0.9999844412886083
MAPK1,6,RGD1309586;S59;,9.606842397455104e-07,0.9999990393157603
MAPK1,6,RGD1310016;S1171;,0.0035886339835996795,0.9964113660164005
MAPK1,6,RGD1311783;S45;,0.0035887469950735473,0.9964112530049263
MAPK1,6,RGD1311783;S46;,0.0036372815559482085,0.9963627184440519
MAPK1,6,RGD1560225;S763;,0.01355559791300105,0.9864444020869989
MAPK1,6,RGD1561609;S759;,8.636956773652354e-06,0.9999913630432264
MAPK1,6,RGD1562639;S1035;,9.262109890478149e-07,0.999999073789011
MAPK1,6,RGD1566017;S802;,0.004362435760971905,0.9956375642390282
MAPK1,6,RIN2;S494;,0.005382647722529736,0.9946173522774704
MAPK1,6,RIPK2;S412;,0.004307056926263599,0.9956929430737365
MAPK1,6,RNF40;S586;,1.2142639880504183e-06,0.9999987857360119
MAPK1,6,RPS6KA3;S715;,0.1557126134154638,0.8442873865845363
MAPK1,6,RPS6KA4;S681;,8.345426521466294e-06,0.9999916545734785
MAPK1,6,RPS6KA4;S682;,0.05155275598284253,0.9484472440171576
MAPK1,6,RPS6KB1;S404;,0.0109146664657289,0.9890853335342713
MAPK1,6,RPTOR;S863;,0.9285345505322418,0.07146544946775812
MAPK1,6,RRP1B;S524;,0.5950430385020963,0.4049569614979037
MAPK1,6,RRP1B;T521;,0.1726011109221886,0.8273988890778116
MAPK1,6,RTF1;S416;,0.003416612511948839,0.9965833874880513
MAPK1,6,RUFY1;S50;,0.11679655738490075,0.8832034426150995
MAPK1,6,RUNX1T1;T568;,0.1899523535847014,0.8100476464152984
MAPK1,6,SAMD4B;S271;,0.988608823866008,0.01139117613399203
MAPK1,6,SAP30L;T91;,8.764850813632884e-06,0.9999912351491864
MAPK1,6,SBF1;S1141;,1.6952805592691913e-05,0.9999830471944072
MAPK1,6,SCRIB;S1315;,0.8012087260742493,0.19879127392575058
MAPK1,6,SCRIB;S1529;,0.004373236201768003,0.9956267637982319
MAPK1,6,SENP7;S47;,0.894336423502853,0.10566357649714675
MAPK1,6,SETD2;S511;,0.5777131630375693,0.4222868369624307
MAPK1,6,SF3B1;T326;,0.00694757752208033,0.9930524224779199
MAPK1,6,SFPQ;T586;,0.17300031479719702,0.826999685202803
MAPK1,6,SGTA;S306;,4.981756618467345e-06,0.9999950182433814
MAPK1,6,SGTA;S308;,0.002614660853125332,0.9973853391468745
MAPK1,6,SH3BP5;S420;,8.787768748869242e-06,0.9999912122312511
MAPK1,6,SH3D19;S274;,0.946120743485154,0.053879256514845986
MAPK1,6,SH3PXD2A;S368;,0.003532889681855073,0.9964671103181449
MAPK1,6,SH3PXD2A;S495;,0.10027520362755978,0.89972479637244
MAPK1,6,SH3PXD2A;S956;,3.0246490789364346e-07,0.999999697535092
MAPK1,6,SHC3;S359;,0.7577325870717612,0.2422674129282386
MAPK1,6,SIK2;S673;,1.5351073624185025e-05,0.9999846489263758
MAPK1,6,SIPA1L1;S1408;,0.004707509664598277,0.9952924903354016
MAPK1,6,SIPA1L1;S1411;,0.004117632671842854,0.9958823673281572
MAPK1,6,SIPA1L1;S288;,7.239652927678167e-06,0.9999927603470723
MAPK1,6,SLC2A13;S38;,0.003569277749343396,0.9964307222506565
MAPK1,6,SLC2A13;S44;,0.003722863380219391,0.9962771366197805
MAPK1,6,SLC2A13;S47;,0.0038982955731403294,0.9961017044268597
MAPK1,6,SLC4A7;S1171;,0.004389665940447623,0.9956103340595523
MAPK1,6,SLC4A7;S263;,0.003867620813671721,0.9961323791863284
MAPK1,6,SLK;S778;,0.003484131175224182,0.9965158688247758
MAPK1,6,SMCR7L;S59;,0.9138669967915004,0.08613300320849955
MAPK1,6,SMCR8;S416;,1.1218961692144044e-05,0.9999887810383079
MAPK1,6,SMCR8;S486;,0.0035718081529244757,0.9964281918470758
MAPK1,6,SMCR8;S488;,0.003955527940249762,0.9960444720597501
MAPK1,6,SMCR8;S491;,0.003416851527959991,0.99658314847204
MAPK1,6,SMCR8;S497;,0.004825301766777083,0.9951746982332229
MAPK1,6,SMG6;S537;,0.7562141223883212,0.24378587761167875
MAPK1,6,SNW1;S224;,0.004911192997875801,0.995088807002124
MAPK1,6,SNX8;S454;,0.8077011349125948,0.19229886508740535
MAPK1,6,SON;S94;,1.3062349748400059e-06,0.9999986937650251
MAPK1,6,SORBS1;S857;,0.5878758366410725,0.4121241633589276
MAPK1,6,SOS1;S1120;,1.2013434365894888e-05,0.9999879865656341
MAPK1,6,SOX6;S399;,0.8030518446549212,0.19694815534507867
MAPK1,6,SOX6;S402;,0.8384377315399841,0.16156226846001578
MAPK1,6,SOX6;T401;,0.00315900181043779,0.9968409981895621
MAPK1,6,SPAG7;S219;,1.2261404064013367e-06,0.9999987738595936
MAPK1,6,SPAG9;S203;,1.1875014735302587e-05,0.9999881249852647
MAPK1,6,SPAG9;S716;,6.255183135622918e-07,0.9999993744816865
MAPK1,6,SPHK2;S379;,0.004691977928746562,0.9953080220712535
MAPK1,6,SRPK2;S487;,2.928970353341371e-06,0.9999970710296466
MAPK1,6,SRRM2;S2228;,0.12075872492284155,0.8792412750771582
MAPK1,6,SRRM2;S2338;,0.7032136600183447,0.29678633998165516
MAPK1,6,SRSF10;S131;,0.005422484768254421,0.9945775152317456
MAPK1,6,SRSF11;S200;,0.679529087385375,0.3204709126146253
MAPK1,6,STARD13;S334;,0.16951397411561325,0.8304860258843866
MAPK1,6,STAT3;S727;,0.7680328188387484,0.23196718116125162
MAPK1,6,STIM1;S257;,0.004676230990306807,0.9953237690096933
MAPK1,6,STIM1;S523;,0.003902506688323888,0.9960974933116762
MAPK1,6,STIM1;S524;,0.003983689876068422,0.9960163101239313
MAPK1,6,STIM2;S675;,0.0037734321953712844,0.9962265678046289
MAPK1,6,STK11IP;S443;,0.5057682141168334,0.4942317858831666
MAPK1,6,STK3;S385;,0.15311087389089023,0.8468891261091096
MAPK1,6,STMN1;S16;,5.809361989298711e-06,0.9999941906380108
MAPK1,6,STMN1;S25;,0.7376093643065055,0.2623906356934946
MAPK1,6,STMN1;S38;,0.9520628165150494,0.04793718348495054
MAPK1,6,STRN3;S227;,0.2006097037667874,0.7993902962332127
MAPK1,6,SUN2;S12;,1.694036598662631e-05,0.9999830596340135
MAPK1,6,SVIL;S1177;,0.09626151797522853,0.9037384820247715
MAPK1,6,SVIL;S259;,1.3259519943953418e-06,0.9999986740480056
MAPK1,6,SVIL;S531;,0.03460661553568053,0.9653933844643193
MAPK1,6,SYNPO2L;S401;,5.178192327027796e-06,0.999994821807673
MAPK1,6,SYNPO2L;T141;,0.004594346202958759,0.9954056537970413
MAPK1,6,SZT2;S1641;,6.0220665643859876e-06,0.9999939779334357
MAPK1,6,TACC2;S575;,0.955088485305968,0.044911514694032054
MAPK1,6,TANC2;S1447;,6.332477069641659e-06,0.9999936675229304
MAPK1,6,TBC1D1;S231;,0.004169162524241935,0.995830837475758
MAPK1,6,TBC1D1;S662;,0.0037790997295771224,0.9962209002704228
MAPK1,6,TBC1D1;T590;,1.292334558700355e-06,0.9999987076654413
MAPK1,6,TBC1D16;S382;,0.004034074743554214,0.9959659252564457
MAPK1,6,TCF12;S583;,1.0173339094088563e-06,0.9999989826660907
MAPK1,6,TDRD3;S256;,2.0513534387593623e-06,0.9999979486465613
MAPK1,6,TENC1;T996;,0.01602840932494187,0.983971590675058
MAPK1,6,TFE3;S531;,0.007827157145257465,0.9921728428547424
MAPK1,6,TJP1;S1602;,0.7685429368179331,0.23145706318206696
MAPK1,6,TJP1;S1604;,9.992981368966209e-06,0.9999900070186309
MAPK1,6,TJP2;S147;,0.005441018803056587,0.9945589811969435
MAPK1,6,TMEM245;S327;,0.9487711136706228,0.051228886329377075
MAPK1,6,TMEM55A;S14;,0.00363174930824712,0.9963682506917527
MAPK1,6,TNKS1BP1;S1642;,1.4534115208996584e-05,0.999985465884791
MAPK1,6,TNRC6B;S306;,0.38751049532985615,0.6124895046701438
MAPK1,6,TNRC6B;S421;,0.5700867894805957,0.4299132105194043
MAPK1,6,TRAK1;S390;,0.5,0.5
MAPK1,6,TRAK1;S905;,0.004231552747588451,0.9957684472524116
MAPK1,6,TRAPPC12;S314;,0.48700156250237686,0.5129984374976232
MAPK1,6,TRIM28;S474;,4.730170632769081e-06,0.9999952698293672
MAPK1,6,TRIO;S2459;,0.6900068219860331,0.3099931780139667
MAPK1,6,TRIO;S2463;,0.9112642005642237,0.08873579943577589
MAPK1,6,TRIP12;T1454;,0.003181155873956356,0.9968188441260438
MAPK1,6,TSC2;S939;,3.9166868212706995e-06,0.9999960833131787
MAPK1,6,TSSC4;S190;,0.41942075467143614,0.5805792453285639
MAPK1,6,TTN;S305;,0.003553556239259934,0.9964464437607403
MAPK1,6,UBA1;S13;,0.003367216817605439,0.9966327831823946
MAPK1,6,UBA5;S380;,3.0176428174101917e-06,0.9999969823571826
MAPK1,6,UBE2O;S835;,0.948236031537325,0.05176396846267506
MAPK1,6,UBE2O;T830;,0.004288446309313941,0.9957115536906861
MAPK1,6,UBE4B;S88;,0.10023724502316983,0.89976275497683
MAPK1,6,ULK1;S450;,0.21155637970345542,0.7884436202965445
MAPK1,6,ULK1;S465;,0.0037508056128165075,0.9962491943871836
MAPK1,6,ULK1;S477;,0.8827077916821467,0.11729220831785332
MAPK1,6,ULK1;S479;,0.5427546892494728,0.4572453107505272
MAPK1,6,ULK1;S637;,0.0032994530543542424,0.9967005469456457
MAPK1,6,ULK1;T468;,0.005545152230593717,0.9944548477694065
MAPK1,6,ULK1;T659;,0.005091359255192597,0.9949086407448076
MAPK1,6,USP10;S224;,0.91090899902774,0.08909100097225991
MAPK1,6,VAPA;S164;,0.003492868351595813,0.9965071316484043
MAPK1,6,VIM;S420;,0.004378409984502428,0.9956215900154977
MAPK1,6,VIM;S430;,0.004954202710209991,0.9950457972897899
MAPK1,6,VIM;T426;,0.004007765654205396,0.9959922343457946
MAPK1,6,VPS26B;S304;,0.004142343063996987,0.995857656936003
MAPK1,6,WIPF2;S235;,0.21814574760352953,0.7818542523964704
MAPK1,6,WNK1;S165;,3.2364782156123274e-06,0.9999967635217843
MAPK1,6,WWC3;S955;,2.1076841941403455e-06,0.9999978923158058
MAPK1,6,YAP1;S46;,0.0034905523494043558,0.9965094476505955
MAPK1,6,ZC3H13;S368;,0.003585434348653397,0.9964145656513466
MAPK1,6,ZC3HAV1;S307;,0.858878166765823,0.14112183323417687
MAPK1,6,ZC3HAV1;S325;,0.005928388197018874,0.994071611802981
MAPK1,6,ZC3HAV1;S544;,0.34669112773035965,0.6533088722696405
MAPK1,6,ZC3HC1;S343;,0.8228075957543254,0.1771924042456746
MAPK1,6,ZC3HC1;T351;,0.003400209981426186,0.9965997900185737
MAPK1,6,ZFP295;S411;,4.458937675887296e-06,0.9999955410623242
MAPK1,6,ZFYVE16;S903;,0.018540116531143635,0.9814598834688564
MAPK1,6,ZNRF2;S148;,0.003590879634633738,0.9964091203653663
MAPK1,6,ZNRF2;S154;,0.5623502638656368,0.4376497361343631
MAPK1,6,ZNRF2;S18;,1.752417857890214e-05,0.9999824758214211
MAPK1,6,ZNRF2;S81;,0.0054976611595670246,0.994502338840433
MAPK1,6,ZYX;S143;,1.175393118069083e-05,0.9999882460688193
MAPK1,6,ZYX;S144;,0.004745981230680821,0.9952540187693191
MAPK1,6,ZYX;S336;,0.4556920426315138,0.544307957368486
MAPK1,6,ZZEF1;S1516;,0.9611377410231425,0.03886225897685748
MAPK1,6,ZZEF1;S1535;,1.5423996501535556e-05,0.9999845760034984
MAPK1,7,AAK1;S677;,0.06215434201657758,0.9378456579834225
MAPK1,7,ABCC4;S604;,0.8348567530506414,0.16514324694935867
MAPK1,7,ABI2;S165;,0.009897371052688467,0.9901026289473116
MAPK1,7,ABI2;S168;,0.0251453889969906,0.9748546110030094
MAPK1,7,ABL2;S799;,0.010000205175894557,0.9899997948241054
MAPK1,7,ABLIM3;S566;,0.5804209762608045,0.41957902373919553
MAPK1,7,ABLIM3;S575;,0.06382611781506493,0.9361738821849351
MAPK1,7,ACACA;S79;,0.03681779741324125,0.9631822025867586
MAPK1,7,ACIN1;S711;,0.009506321392481145,0.9904936786075189
MAPK1,7,ADD1;S613;,0.10584064716759094,0.894159352832409
MAPK1,7,ADD1;T614;,0.875374027102239,0.12462597289776098
MAPK1,7,ADNP;S971;,0.5582128874492382,0.4417871125507617
MAPK1,7,AFF4;S823;,0.025285415899890255,0.9747145841001099
MAPK1,7,AGAP3;S107;,0.6188313851731473,0.3811686148268528
MAPK1,7,AHCTF1;S1214;,0.025971911888948762,0.9740280881110511
MAPK1,7,AHNAK;S1191;,0.04419461389499581,0.9558053861050042
MAPK1,7,AHNAK;S177;,0.0192178925714641,0.9807821074285358
MAPK1,7,AHNAK;S2060;,0.49190227988789614,0.5080977201121039
MAPK1,7,AHNAK;S211;,0.013614094040870932,0.9863859059591292
MAPK1,7,AHNAK;S2117;,0.04249666460386858,0.9575033353961315
MAPK1,7,AHNAK;S222;,0.026841606042364442,0.9731583939576355
MAPK1,7,AHNAK;S3915;,0.380480075748659,0.6195199242513411
MAPK1,7,AHNAK;S42;,0.5,0.5
MAPK1,7,AHNAK;S4597;,0.5901472961581858,0.4098527038418143
MAPK1,7,AHNAK;S5243;,0.661673640039051,0.338326359960949
MAPK1,7,AHNAK;T4049;,0.36102618788864044,0.6389738121113596
MAPK1,7,AHNAK2;S425;,0.6054132304654091,0.3945867695345909
MAPK1,7,AHNAK2;T438;,0.1883869995477918,0.8116130004522081
MAPK1,7,AIMP1;S110;,0.011606903853317696,0.9883930961466822
MAPK1,7,AJUBA;S129;,0.8353935543819867,0.1646064456180133
MAPK1,7,AKAP1;S103;,0.05161563420949445,0.9483843657905057
MAPK1,7,AKAP10;S278;,0.02104398457679398,0.9789560154232061
MAPK1,7,AKAP11;S1090;,0.06280764363196917,0.9371923563680309
MAPK1,7,AKAP11;S21;,0.014718406819917072,0.9852815931800828
MAPK1,7,AKAP11;S23;,0.011591342043445536,0.9884086579565544
MAPK1,7,AKAP11;S448;,0.7376377318383236,0.26236226816167657
MAPK1,7,AKAP13;S2515;,0.02293540910596801,0.977064590894032
MAPK1,7,AKAP2;S152;,0.8756027647389087,0.12439723526109123
MAPK1,7,AKAP2;S730;,0.009370120223335178,0.9906298797766648
MAPK1,7,AKAP6;S562;,0.03262686382723094,0.9673731361727689
MAPK1,7,AKAP9;S3669;,0.3307940053728622,0.6692059946271378
MAPK1,7,AKT1S1;S184;,0.03023080615690584,0.9697691938430942
MAPK1,7,AKT1S1;T247;,0.039105419652076444,0.9608945803479235
MAPK1,7,ALKBH5;S362;,0.013460585175997979,0.986539414824002
MAPK1,7,ALKBH5;S376;,0.028820630262935926,0.971179369737064
MAPK1,7,AMOTL1;S580;,0.03208126599827484,0.967918734001725
MAPK1,7,ANP32A;S15;,0.011205443509386,0.9887945564906138
MAPK1,7,AP3D1;S755;,0.016143555601438375,0.9838564443985617
MAPK1,7,ARFGAP2;S145;,0.7545194993900681,0.24548050060993215
MAPK1,7,ARFGEF2;S214;,0.05703860478539557,0.9429613952146046
MAPK1,7,ARFIP1;S39;,0.027940985358921644,0.9720590146410782
MAPK1,7,ARHGAP17;S710;,0.01186244547587799,0.9881375545241221
MAPK1,7,ARHGAP22;S200;,0.7592504411829827,0.24074955881701704
MAPK1,7,ARHGAP22;S236;,0.015328674541229787,0.9846713254587702
MAPK1,7,ARHGAP35;S1174;,0.015119877547181816,0.9848801224528183
MAPK1,7,ARHGAP39;S284;,0.3516336459244673,0.6483663540755326
MAPK1,7,ARHGAP5;S1195;,0.01925790513375891,0.9807420948662412
MAPK1,7,ARHGAP5;S1202;,0.7453165908274224,0.2546834091725775
MAPK1,7,ARHGAP5;S967;,0.6304442126125613,0.3695557873874388
MAPK1,7,ARHGEF12;S337;,0.026822114270597573,0.9731778857294024
MAPK1,7,ARHGEF12;S341;,0.7065863159121774,0.2934136840878226
MAPK1,7,ARHGEF17;S995;,0.034837773959935994,0.965162226040064
MAPK1,7,ARHGEF5;S721;,0.024269085317679025,0.9757309146823209
MAPK1,7,ARPP21;S256;,0.06385437196380532,0.9361456280361947
MAPK1,7,ATF7;T53;,0.0633683424441681,0.9366316575558319
MAPK1,7,ATG14;S5;,0.04006070388194699,0.959939296118053
MAPK1,7,ATG2A;S1246;,0.1606050945342187,0.8393949054657811
MAPK1,7,ATG2B;S240;,0.7450258213274064,0.2549741786725937
MAPK1,7,ATG2B;S255;,0.4733381320140373,0.5266618679859626
MAPK1,7,ATRX;S761;,0.00938372811734888,0.9906162718826511
MAPK1,7,ATXN2;S622;,0.7026640245876756,0.2973359754123243
MAPK1,7,ATXN2L;S109;,0.7863267338342844,0.21367326616571541
MAPK1,7,ATXN2L;S447;,0.893922215279982,0.10607778472001818
MAPK1,7,AZI1;S114;,0.02360657547008331,0.9763934245299164
MAPK1,7,AZI1;S304;,0.01224772564731332,0.9877522743526865
MAPK1,7,BAD;S171;,0.047769738535599314,0.9522302614644006
MAPK1,7,BAG3;S271;,0.47824910344696014,0.52175089655304
MAPK1,7,BAG3;S387;,0.05516120543488939,0.9448387945651107
MAPK1,7,BAG3;S388;,0.5950667558283517,0.4049332441716483
MAPK1,7,BAIAP2L1;S218;,0.5343199312362703,0.4656800687637296
MAPK1,7,BAIAP2L1;S380;,0.05127551409415692,0.9487244859058431
MAPK1,7,BAZ2A;S1388;,0.8493986222694457,0.1506013777305542
MAPK1,7,BBX;S243;,0.24985087480366627,0.7501491251963338
MAPK1,7,BCL9L;S116;,0.005287330190318562,0.9947126698096815
MAPK1,7,BCL9L;S21;,0.03197656511609371,0.9680234348839062
MAPK1,7,BCL9L;S25;,0.925943278110072,0.07405672188992793
MAPK1,7,BICD2;S611;,0.8811471349383048,0.11885286506169516
MAPK1,7,BICD2;S819;,0.05489086614240662,0.9451091338575932
MAPK1,7,BRAF;S134;,0.7423010483348356,0.2576989516651644
MAPK1,7,BRD8;S274;,0.9177887343217804,0.08221126567821968
MAPK1,7,BRD8;T270;,0.7000445194226249,0.2999554805773751
MAPK1,7,BSDC1;S216;,0.02788555102343653,0.9721144489765634
MAPK1,7,C2CD4C;S262;,0.009477781710572172,0.9905222182894279
MAPK1,7,CACNB1;S53;,0.027876297075551348,0.9721237029244486
MAPK1,7,CALD1;S527;,0.42624381723085797,0.5737561827691421
MAPK1,7,CAMK2D;T371;,0.0785773221615422,0.9214226778384578
MAPK1,7,CAMSAP1;S1154;,0.822611070650248,0.1773889293497519
MAPK1,7,CAMSAP1;S517;,0.052922273747831886,0.9470777262521682
MAPK1,7,CAP2;S301;,0.6089642016293167,0.3910357983706832
MAPK1,7,CBX5;S93;,0.014548929133843374,0.9854510708661566
MAPK1,7,CCDC6;S143;,0.8006496100744064,0.19935038992559373
MAPK1,7,CCDC88A;S1638;,0.02320351656976387,0.9767964834302361
MAPK1,7,CCDC91;S71;,0.32321108898494627,0.6767889110150538
MAPK1,7,CDC42EP2;S137;,0.7184623746640181,0.2815376253359817
MAPK1,7,CDC42EP2;S141;,0.8116403916937023,0.18835960830629744
MAPK1,7,CDC42EP4;S140;,0.8407815817788047,0.1592184182211952
MAPK1,7,CDKN1A;S69;,0.19241247583041451,0.8075875241695855
MAPK1,7,CDKN1B;S12;,0.030578058037029295,0.9694219419629706
MAPK1,7,CDKN1B;S7;,0.029169833426472863,0.9708301665735269
MAPK1,7,CEP170B;S1166;,0.010910797419664577,0.9890892025803355
MAPK1,7,CEP68;S503;,0.06929901688309993,0.9307009831169002
MAPK1,7,CEP68;S510;,0.9158350457194323,0.08416495428056756
MAPK1,7,CHAMP1;S532;,0.9014894321547565,0.0985105678452433
MAPK1,7,CHD8;S549;,0.04536863231967764,0.9546313676803222
MAPK1,7,CHRND;S379;,0.06214527098123793,0.9378547290187621
MAPK1,7,CIC;S1394;,0.004661390483979413,0.9953386095160205
MAPK1,7,CIC;S1399;,0.02718903295421727,0.9728109670457828
MAPK1,7,CLASP2;S331;,0.04089797686544943,0.9591020231345507
MAPK1,7,CLIP1;S159;,0.6946191624042649,0.3053808375957352
MAPK1,7,COBL;S31;,0.026958856667393668,0.9730411433326063
MAPK1,7,COBL;S34;,0.026347952366628898,0.9736520476333711
MAPK1,7,COG3;S536;,0.033997794146937675,0.9660022058530623
MAPK1,7,CORO7;S298;,0.026891594040388503,0.9731084059596117
MAPK1,7,DAB2IP;S802;,0.6998304268022455,0.30016957319775445
MAPK1,7,DAP;S2;,0.023128439073440494,0.9768715609265595
MAPK1,7,DAP;S3;,0.3725957481673937,0.6274042518326064
MAPK1,7,DBNDD1;S123;,0.010697122479078995,0.9893028775209212
MAPK1,7,DCAF6;S336;,0.26343287833747453,0.7365671216625255
MAPK1,7,DCLK1;S30;,0.04116644334955765,0.9588335566504425
MAPK1,7,DDX19A;S86;,0.8388580896954569,0.16114191030454308
MAPK1,7,DDX3X;S261;,0.10359556478889446,0.8964044352111056
MAPK1,7,DENND4C;S1037;,0.029910904732611095,0.9700890952673888
MAPK1,7,DLG2;S323;,0.9273365338539248,0.0726634661460752
MAPK1,7,DLG2;S328;,0.6542967665215705,0.3457032334784294
MAPK1,7,DMXL1;S574;,0.05184843551906409,0.948151564480936
MAPK1,7,DNAJC2;T48;,0.1292865971142264,0.8707134028857737
MAPK1,7,DNAJC25;T353;,0.14510092558411955,0.8548990744158804
MAPK1,7,DOCK6;S1339;,0.042638672643792196,0.9573613273562079
MAPK1,7,DOCK7;S1361;,0.028001264661934176,0.9719987353380657
MAPK1,7,DOCK7;S2107;,0.01255296647627062,0.9874470335237295
MAPK1,7,DOPEY1;S1261;,0.01597508304992893,0.9840249169500711
MAPK1,7,DTNA;S606;,0.6593894842072751,0.34061051579272483
MAPK1,7,DUSP27;S366;,0.012929994642943343,0.9870700053570564
MAPK1,7,DUSP27;S368;,0.014451828703410543,0.9855481712965893
MAPK1,7,DUSP27;S370;,0.018660382634005247,0.9813396173659946
MAPK1,7,DUSP27;S427;,0.015961692243382532,0.9840383077566175
MAPK1,7,DYNC1H1;S4365;,0.009849862431168971,0.9901501375688312
MAPK1,7,DYNC1I2;S81;,0.9399942501353575,0.060005749864642445
MAPK1,7,EEF2;T57;,0.08257970348188715,0.9174202965181129
MAPK1,7,EEF2K;S365;,0.06942981759222082,0.9305701824077792
MAPK1,7,EHBP1L1;S1363;,0.02834816458467273,0.9716518354153272
MAPK1,7,EHD4;S459;,0.689827237203293,0.31017276279670686
MAPK1,7,EIF3A;S584;,0.008063571602820807,0.9919364283971793
MAPK1,7,EIF4B;S422;,0.024778053560125708,0.9752219464398743
MAPK1,7,EIF4B;S424;,0.014778148719602563,0.9852218512803974
MAPK1,7,EIF4B;S425;,0.032067031789110786,0.967932968210889
MAPK1,7,EIF4B;T420;,0.014176554124247561,0.9858234458757525
MAPK1,7,EIF4EBP1;S64;,0.5261558581023043,0.4738441418976957
MAPK1,7,EIF4EBP2;S2;,0.03800948991647793,0.961990510083522
MAPK1,7,EIF5B;S183;,0.008721206549306864,0.9912787934506931
MAPK1,7,ELMSAN1;S456;,0.013333611187172752,0.9866663888128273
MAPK1,7,EPS8;S659;,0.01368072379070456,0.9863192762092955
MAPK1,7,ETL4;S1844;,0.9221863820022983,0.07781361799770188
MAPK1,7,ETV3;S139;,0.1496496599356832,0.8503503400643169
MAPK1,7,FAM120C;S55;,0.8522017646207982,0.14779823537920167
MAPK1,7,FAM134C;S313;,0.03627171669135608,0.9637282833086438
MAPK1,7,FAM134C;S320;,0.07211650817609311,0.9278834918239068
MAPK1,7,FAM171A2;S423;,0.01085357037424337,0.9891464296257567
MAPK1,7,FAM65A;S752;,0.07687463424422969,0.9231253657557705
MAPK1,7,FBXO30;S379;,0.7376453665532698,0.26235463344673
MAPK1,7,FHOD1;S489;,0.02061408123360248,0.9793859187663977
MAPK1,7,FHOD1;S501;,0.9132251452914392,0.0867748547085609
MAPK1,7,FHOD1;S504;,0.7919428056148409,0.208057194385159
MAPK1,7,FHOD1;S513;,0.012205421398301547,0.9877945786016984
MAPK1,7,FHOD1;S523;,0.7731698888605303,0.22683011113946958
MAPK1,7,FLNC;S2147;,0.01484990908523115,0.9851500909147688
MAPK1,7,FLNC;S2234;,0.014759494887740511,0.9852405051122595
MAPK1,7,FMN1;S589;,0.5364208354887341,0.4635791645112659
MAPK1,7,FOSL2;S320;,0.70385616597821,0.29614383402179006
MAPK1,7,FOSL2;T322;,0.17202713082337373,0.8279728691766263
MAPK1,7,FOXK1;S225;,0.7588327136910393,0.24116728630896056
MAPK1,7,FOXK2;T200;,0.7854342036659107,0.21456579633408918
MAPK1,7,FOXO3;S252;,0.007697357584830291,0.9923026424151697
MAPK1,7,FRMD8;S21;,0.00852005550242565,0.9914799444975742
MAPK1,7,FRYL;T1959;,0.026215733773385166,0.973784266226615
MAPK1,7,GAB1;S418;,0.012677309006060886,0.9873226909939391
MAPK1,7,GAB2;S142;,0.13918336982674898,0.8608166301732509
MAPK1,7,GAB2;S143;,0.6632717229451273,0.33672827705487257
MAPK1,7,GAB2;S211;,0.015126769805918736,0.9848732301940812
MAPK1,7,GAB2;S365;,0.38296574379995774,0.6170342562000423
MAPK1,7,GAB2;T388;,0.02083814920801419,0.9791618507919857
MAPK1,7,GATAD2A;S103;,0.028821540626564033,0.9711784593734359
MAPK1,7,GATAD2A;S96;,0.03345390077113796,0.966546099228862
MAPK1,7,GATAD2B;S338;,0.8346096086771468,0.16539039132285308
MAPK1,7,GBF1;S1786;,0.91322786228499,0.0867721377150102
MAPK1,7,GIGYF1;S28;,0.9229562959093222,0.07704370409067772
MAPK1,7,GIT2;S568;,0.03633800655019547,0.9636619934498046
MAPK1,7,GOLGA4;S116;,0.0300671365061388,0.9699328634938612
MAPK1,7,GSK3A;S21;,0.012036343170335514,0.9879636568296646
MAPK1,7,GSK3A;S41;,0.023896178929763572,0.9761038210702363
MAPK1,7,GSK3B;S9;,0.01837269565729719,0.9816273043427031
MAPK1,7,GYS1;S728;,0.9186486331820027,0.08135136681799729
MAPK1,7,HBP1;S401;,0.7673563657430154,0.2326436342569849
MAPK1,7,HBS1L;S147;,0.02042491468531411,0.9795750853146856
MAPK1,7,HDAC6;S21;,0.5486551299253379,0.4513448700746621
MAPK1,7,HECTD1;S1392;,0.04074217383308531,0.9592578261669147
MAPK1,7,HECTD1;S1393;,0.051907529545054475,0.9480924704549454
MAPK1,7,HECTD1;S1573;,0.03821708441822987,0.96178291558177
MAPK1,7,HELB;S944;,0.8670221601177939,0.1329778398822061
MAPK1,7,HERC1;S1163;,0.889340235691796,0.11065976430820386
MAPK1,7,HERC1;T1154;,0.43519798139908367,0.5648020186009163
MAPK1,7,HIRIP3;S27;,0.49009217709123304,0.5099078229087669
MAPK1,7,HN1L;S97;,0.6223881780294516,0.3776118219705485
MAPK1,7,HOMER3;S158;,0.022444383303975583,0.9775556166960244
MAPK1,7,HUWE1;S1876;,0.023627162040264913,0.9763728379597351
MAPK1,7,HUWE1;S3639;,0.34699043893927406,0.6530095610607257
MAPK1,7,HUWE1;S3898;,0.9134446478825006,0.08655535211749926
MAPK1,7,HUWE1;T3903;,0.9263845909182425,0.07361540908175751
MAPK1,7,IREB2;S178;,0.030303691388319207,0.9696963086116808
MAPK1,7,IRF2BPL;S69;,0.8299304587894297,0.1700695412105703
MAPK1,7,ITSN1;S1063;,0.18274909564100483,0.8172509043589948
MAPK1,7,ITSN1;S315;,0.012473896377850832,0.9875261036221492
MAPK1,7,JMY;S56;,0.010186994022648688,0.9898130059773512
MAPK1,7,JSRP1;S47;,0.019167060085320414,0.9808329399146795
MAPK1,7,KANK2;S358;,0.00873422670868264,0.9912657732913175
MAPK1,7,KCTD3;S809;,0.029461247504776678,0.9705387524952233
MAPK1,7,KDM2A;S718;,0.913366045151545,0.08663395484845522
MAPK1,7,KDM2A;T713;,0.8705792970132337,0.12942070298676636
MAPK1,7,KDM5C;S316;,0.009966555324110908,0.990033444675889
MAPK1,7,KPNA1;S2;,0.05828977405718792,0.9417102259428122
MAPK1,7,KPNA1;T3;,0.37603699251321876,0.6239630074867812
MAPK1,7,LAMTOR1;S98;,0.02975343010825027,0.9702465698917496
MAPK1,7,LARP1;S916;,0.023113518934318296,0.9768864810656818
MAPK1,7,LARP1;T932;,0.8319946010126439,0.1680053989873564
MAPK1,7,LARP4B;S498;,0.0054158701222983135,0.9945841298777017
MAPK1,7,LDB3;S112;,0.3540723057220259,0.6459276942779741
MAPK1,7,LIMA1;S360;,0.813684898007199,0.1863151019928011
MAPK1,7,LIMA1;S603;,0.8115841632707572,0.18841583672924275
MAPK1,7,LIMA1;S608;,0.8787275326114956,0.12127246738850446
MAPK1,7,LIMA1;S703;,0.7734276171916439,0.22657238280835623
MAPK1,7,LMNA;S404;,0.01735037991339346,0.9826496200866064
MAPK1,7,LMNA;S406;,0.007879172966362112,0.9921208270336377
MAPK1,7,LMNA;S407;,0.043954619771533456,0.9560453802284665
MAPK1,7,LMNA;S423;,0.031800340934262206,0.9681996590657377
MAPK1,7,LMNA;S424;,0.030158486970789395,0.9698415130292107
MAPK1,7,LMO7;S1541;,0.009036434499373986,0.990963565500626
MAPK1,7,LMO7;S1543;,0.006624379534144002,0.993375620465856
MAPK1,7,LOC100360205;S239;,0.010849433064433797,0.989150566935566
MAPK1,7,LOC100365259;S393;,0.06204731222984986,0.9379526877701502
MAPK1,7,LOC100910104;S475;,0.0071424279915894544,0.9928575720084104
MAPK1,7,LOC100910104;S532;,0.04891863229909796,0.951081367700902
MAPK1,7,LOC100910104;S719;,0.7149327578332022,0.28506724216679763
MAPK1,7,LOC100910646;S166;,0.02828568926029386,0.9717143107397064
MAPK1,7,LOC100911178;S1643;,0.4146557255958955,0.5853442744041046
MAPK1,7,LOC100911302;S1721;,0.7297358872278533,0.27026411277214685
MAPK1,7,LOC100911677;S490;,0.027966857306211915,0.9720331426937878
MAPK1,7,LOC100912115;S649;,0.8383447391761543,0.1616552608238456
MAPK1,7,LOC312502;S1164;,0.8020013570459597,0.1979986429540402
MAPK1,7,LOC312502;S138;,0.026035378895955908,0.973964621104044
MAPK1,7,LOC312502;S139;,0.02455569719915174,0.9754443028008484
MAPK1,7,LOC312502;S483;,0.8067819461842244,0.19321805381577575
MAPK1,7,LOC683007;S1204;,0.8262277422114368,0.17377225778856314
MAPK1,7,LOC683007;S1207;,0.05200682040286051,0.9479931795971396
MAPK1,7,LOC684259;S780;,0.03270446842373682,0.9672955315762632
MAPK1,7,LOC685707;S1251;,0.9132907051374839,0.08670929486251623
MAPK1,7,LRRFIP2;S18;,0.014743306637397766,0.9852566933626021
MAPK1,7,LRRFIP2;T136;,0.06683677891035723,0.9331632210896427
MAPK1,7,LYSMD1;S33;,0.031207374874041714,0.9687926251259582
MAPK1,7,MACF1;S1376;,0.009380990139273536,0.9906190098607262
MAPK1,7,MACF1;S5293;,0.9074266351426333,0.09257336485736667
MAPK1,7,MAF1;S60;,0.8337828834825126,0.16621711651748736
MAPK1,7,MAP1A;S1757;,0.2539784814445548,0.7460215185554451
MAPK1,7,MAP1A;T2177;,0.803161162467802,0.1968388375321979
MAPK1,7,MAP1A;T504;,0.8671194310454751,0.132880568954525
MAPK1,7,MAP1B;S1257;,0.8926871737444674,0.10731282625553276
MAPK1,7,MAP1B;S1389;,0.7598203845093299,0.24017961549067016
MAPK1,7,MAP1B;S1393;,0.6247206331783515,0.37527936682164853
MAPK1,7,MAP1B;T1781;,0.1850233247032588,0.8149766752967414
MAPK1,7,MAP1S;S683;,0.9402463415243113,0.05975365847568871
MAPK1,7,MAP4;S902;,0.029803181362393395,0.9701968186376067
MAPK1,7,MAP4K4;S591;,0.0327892513679576,0.9672107486320426
MAPK1,7,MAP4K4;S791;,0.032819159371786394,0.9671808406282136
MAPK1,7,MAP4K4;S794;,0.032803642915410505,0.9671963570845896
MAPK1,7,MAPK1;Y185;,0.14558512404663246,0.8544148759533674
MAPK1,7,MAPK14;Y182;,0.1526982077149673,0.8473017922850327
MAPK1,7,MAPK8;Y185;,0.12312686267480523,0.8768731373251949
MAPK1,7,MARCKS;S141;,0.09855401438153874,0.9014459856184615
MAPK1,7,MARK3;S593;,0.02431593963527287,0.9756840603647272
MAPK1,7,MARK3;T594;,0.19339350385939777,0.8066064961406021
MAPK1,7,MATR3;S188;,0.008979770364746514,0.9910202296352536
MAPK1,7,MBD3;S85;,0.005500208487581029,0.994499791512419
MAPK1,7,MBD3;S86;,0.015497934742043936,0.984502065257956
MAPK1,7,MDM2;S138;,0.014247794838555055,0.985752205161445
MAPK1,7,MED1;S1465;,0.5170618348080348,0.4829381651919651
MAPK1,7,MED1;S1467;,0.01738660477616966,0.9826133952238304
MAPK1,7,MED1;S1468;,0.06416657870132884,0.9358334212986712
MAPK1,7,MED24;S860;,0.012721095196937109,0.987278904803063
MAPK1,7,MED24;S861;,0.030189760774997503,0.9698102392250023
MAPK1,7,MEF2C;S226;,0.46459044222145496,0.5354095577785449
MAPK1,7,MID1;S96;,0.8933652593280331,0.10663474067196681
MAPK1,7,MKL1;S571;,0.8693977629948023,0.13060223700519794
MAPK1,7,MLL2;S2291;,0.8095134677241811,0.19048653227581905
MAPK1,7,MLLT4;S216;,0.016211502822642585,0.9837884971773573
MAPK1,7,MLLT4;S246;,0.014020825086039919,0.9859791749139601
MAPK1,7,MON2;S197;,0.012626244295667619,0.9873737557043326
MAPK1,7,MPHOSPH10;S168;,0.025095068350689663,0.9749049316493104
MAPK1,7,MPRIP;S369;,0.803981892648554,0.1960181073514459
MAPK1,7,MTFR1L;S100;,0.042167657098773854,0.9578323429012261
MAPK1,7,MTFR1L;S234;,0.028048986530376498,0.9719510134696235
MAPK1,7,MTFR1L;S235;,0.02935684745560603,0.970643152544394
MAPK1,7,MTSS1L;S575;,0.7219281901621399,0.27807180983786034
MAPK1,7,MURC;S20;,0.0135410395797837,0.9864589604202164
MAPK1,7,MUSK;S689;,0.015325440342315875,0.984674559657684
MAPK1,7,MUSK;S690;,0.5175631582072782,0.48243684179272184
MAPK1,7,MYBBP1A;S1283;,0.895966526083861,0.10403347391613914
MAPK1,7,MYCBP2;S2750;,0.011937905048432028,0.988062094951568
MAPK1,7,MYOZ2;T32;,0.9053828525673755,0.0946171474326244
MAPK1,7,NACA;S1125;,0.814255407707363,0.185744592292637
MAPK1,7,NACA;S1345;,0.7023999233098769,0.29760007669012306
MAPK1,7,NACA;S1454;,0.8442794324505475,0.15572056754945268
MAPK1,7,NACA;S1720;,0.794597432196447,0.20540256780355304
MAPK1,7,NACA;S914;,0.8736741573620356,0.12632584263796431
MAPK1,7,NACA;S942;,0.6812312566938219,0.31876874330617805
MAPK1,7,NCAPH;S24;,0.6649600563533855,0.3350399436466144
MAPK1,7,NCOR1;S363;,0.6724888554785738,0.327511144521426
MAPK1,7,NCOR2;S1747;,0.707191215388938,0.2928087846110621
MAPK1,7,NDRG1;S330;,0.027853322212315828,0.972146677787684
MAPK1,7,NDRG1;T328;,0.019425592346233766,0.9805744076537662
MAPK1,7,NDRG2;T334;,0.01732263368080594,0.9826773663191941
MAPK1,7,NEK9;S16;,0.04383337559576601,0.956166624404234
MAPK1,7,NEK9;S736;,0.00860838570084258,0.9913916142991575
MAPK1,7,NELFE;S131;,0.012465974405252631,0.9875340255947472
MAPK1,7,NES;S1071;,0.027030063226653078,0.9729699367733469
MAPK1,7,NES;S1123;,0.019874398722218883,0.9801256012777811
MAPK1,7,NES;S1131;,0.027844819366711536,0.9721551806332883
MAPK1,7,NES;S620;,0.5604827153299214,0.4395172846700785
MAPK1,7,NES;S784;,0.02939455597863303,0.970605444021367
MAPK1,7,NEXN;S280;,0.02217947666688948,0.9778205233331106
MAPK1,7,NFIX;S265;,0.027908799935671684,0.9720912000643284
MAPK1,7,NHSL1;T1376;,0.9133661306216359,0.08663386937836401
MAPK1,7,NUMA1;S1935;,0.0066669826813540245,0.993333017318646
MAPK1,7,NUMA1;S1958;,0.01376591995638608,0.986234080043614
MAPK1,7,NUP35;S73;,0.8800594481248947,0.11994055187510531
MAPK1,7,OPTN;S188;,0.031034551260199755,0.9689654487398002
MAPK1,7,PACS2;S319;,0.7720507351965205,0.22794926480347966
MAPK1,7,PAK1;S144;,0.017708592361297088,0.9822914076387028
MAPK1,7,PAK1;S203;,0.05004568962724364,0.9499543103727563
MAPK1,7,PAK2;S197;,0.07054786032667205,0.9294521396733278
MAPK1,7,PARD3;S715;,0.008561614707009517,0.9914383852929906
MAPK1,7,PARVA;S14;,0.9323871404723162,0.06761285952768381
MAPK1,7,PATL1;S184;,0.8681625892906686,0.1318374107093315
MAPK1,7,PBXIP1;S132;,0.02851529360738395,0.9714847063926161
MAPK1,7,PBXIP1;S133;,0.4800324353884524,0.5199675646115477
MAPK1,7,PCM1;S1280;,0.015347571523756483,0.9846524284762433
MAPK1,7,PCM1;S380;,0.019097543734516654,0.9809024562654833
MAPK1,7,PCM1;S384;,0.023512625521463718,0.9764873744785363
MAPK1,7,PDAP1;S176;,0.009484878042457652,0.9905151219575422
MAPK1,7,PDAP1;S178;,0.023211753458948586,0.9767882465410516
MAPK1,7,PDCD4;S420;,0.008580380106416693,0.9914196198935834
MAPK1,7,PDCD4;S76;,0.009140751873787495,0.9908592481262126
MAPK1,7,PDLIM7;S209;,0.04012800016714283,0.9598719998328571
MAPK1,7,PDLIM7;T214;,0.29796289821446004,0.7020371017855402
MAPK1,7,PDLIM7;T215;,0.8602874467958023,0.1397125532041979
MAPK1,7,PDS5B;S1176;,0.007572159066612927,0.9924278409333872
MAPK1,7,PDXDC1;T554;,0.8962165459265341,0.1037834540734658
MAPK1,7,PELO;S55;,0.05752635398988702,0.9424736460101131
MAPK1,7,PEX1;S1209;,0.006440025263603531,0.9935599747363965
MAPK1,7,PFKFB2;S469;,0.025740074276683306,0.9742599257233168
MAPK1,7,PHF1;S410;,0.8437756515042345,0.15622434849576558
MAPK1,7,PHF1;S415;,0.9106367441353812,0.08936325586461874
MAPK1,7,PHF2;S782;,0.9027978640277065,0.09720213597229357
MAPK1,7,PHIP;S1251;,0.007257252937362862,0.9927427470626372
MAPK1,7,PHLDB1;S431;,0.006821677456866723,0.9931783225431333
MAPK1,7,PHLDB1;S534;,0.027774956979398087,0.9722250430206021
MAPK1,7,PHLDB2;S241;,0.01660756920860815,0.9833924307913918
MAPK1,7,PI4K2A;S43;,0.05136619843763794,0.9486338015623621
MAPK1,7,PI4K2A;S46;,0.49154215707632537,0.5084578429236746
MAPK1,7,PI4K2A;S461;,0.013990970721256952,0.9860090292787431
MAPK1,7,PI4K2A;S50;,0.9594365226943348,0.04056347730566507
MAPK1,7,PID1;S230;,0.032840299290233244,0.9671597007097668
MAPK1,7,PID1;S231;,0.00834065713341116,0.991659342866589
MAPK1,7,PID1;S232;,0.011308694203795152,0.9886913057962047
MAPK1,7,PID1;S242;,0.03805386654846703,0.961946133451533
MAPK1,7,PIEZO1;S1370;,0.9132573415648361,0.08674265843516388
MAPK1,7,PIK3C2A;S261;,0.5413812678653575,0.45861873213464244
MAPK1,7,PLEC;S4246;,0.04750052381540864,0.9524994761845913
MAPK1,7,PLEC;S4249;,0.04580161406908416,0.9541983859309158
MAPK1,7,PNISR;S290;,0.01308398511543384,0.9869160148845662
MAPK1,7,POM121;S370;,0.12015727967772656,0.8798427203222735
MAPK1,7,PPAN;S233;,0.03186834536670131,0.9681316546332985
MAPK1,7,PPAN;S238;,0.028846590403807014,0.971153409596193
MAPK1,7,PPAN;S240;,0.024577489660912312,0.9754225103390877
MAPK1,7,PPP1R12C;S508;,0.8449303457440684,0.15506965425593155
MAPK1,7,PPP1R13L;S110;,0.930414649735439,0.06958535026456118
MAPK1,7,PPP1R13L;S154;,0.6912618052652764,0.3087381947347235
MAPK1,7,PPP1R13L;S360;,0.9289626767452595,0.07103732325474063
MAPK1,7,PPP6R2;S629;,0.860847719310397,0.13915228068960278
MAPK1,7,PPP6R2;S719;,0.7915550541088608,0.20844494589113935
MAPK1,7,PRKAA1;S496;,0.011062247393321659,0.9889377526066784
MAPK1,7,PRKAB1;S108;,0.02837897619410994,0.9716210238058901
MAPK1,7,PRRC2A;S765;,0.052359177254507935,0.9476408227454921
MAPK1,7,PRRC2B;S259;,0.026578207896156177,0.9734217921038438
MAPK1,7,PSMA5;T55;,0.08288864809178688,0.9171113519082132
MAPK1,7,PSMC3;S12;,0.7247675964914289,0.2752324035085713
MAPK1,7,PSMC3;S9;,0.7690404099007433,0.23095959009925665
MAPK1,7,PTPN12;T544;,0.07721658358974828,0.9227834164102517
MAPK1,7,PTPN21;S599;,0.009102542653986787,0.9908974573460131
MAPK1,7,PTPN21;S762;,0.02786187816414048,0.9721381218358597
MAPK1,7,PTRF;S169;,0.032523111318429714,0.9674768886815702
MAPK1,7,PTRF;S171;,0.040458490102627184,0.9595415098973727
MAPK1,7,PUM2;S82;,0.7631466179503703,0.2368533820496298
MAPK1,7,PXN;S106;,0.030063744821912576,0.9699362551780872
MAPK1,7,PXN;S137;,0.06739051889675629,0.9326094811032438
MAPK1,7,PXN;S83;,0.905040699453356,0.09495930054664398
MAPK1,7,RABGEF1;T142;,0.14208797641303506,0.857912023586965
MAPK1,7,RAF1;S295;,0.1577338042664055,0.8422661957335946
MAPK1,7,RAF1;S296;,0.6538329510812155,0.3461670489187844
MAPK1,7,RAI14;T249;,0.7702580958167992,0.22974190418320078
MAPK1,7,RANBP10;S481;,0.05490530834035568,0.9450946916596444
MAPK1,7,RANBP3;S58;,0.014566375835760426,0.9854336241642397
MAPK1,7,RAPGEF1;S306;,0.02778900832547447,0.9722109916745254
MAPK1,7,RAPGEF1;S308;,0.014669201928274903,0.9853307980717252
MAPK1,7,RAVER1;S576;,0.3465163937643746,0.6534836062356253
MAPK1,7,RB1CC1;S243;,0.6435237680745902,0.3564762319254097
MAPK1,7,RBM3;S145;,0.018103616280006028,0.9818963837199941
MAPK1,7,RBM7;S72;,0.014150752661824901,0.9858492473381752
MAPK1,7,RFX7;S1177;,0.010312192306199211,0.9896878076938007
MAPK1,7,RGD1307838;S900;,0.006522067709958461,0.9934779322900416
MAPK1,7,RGD1307838;S903;,0.01569159816875809,0.9843084018312418
MAPK1,7,RGD1308297;S518;,0.11142537697350995,0.8885746230264902
MAPK1,7,RGD1309586;S243;,0.01212311521930873,0.9878768847806912
MAPK1,7,RGD1309586;S59;,0.03690312932141775,0.9630968706785822
MAPK1,7,RGD1310016;S1171;,0.049136351185322495,0.9508636488146776
MAPK1,7,RGD1311783;S45;,0.030416650756355773,0.9695833492436441
MAPK1,7,RGD1311783;S46;,0.029741897021105246,0.9702581029788947
MAPK1,7,RGD1560225;S763;,0.43945847563867896,0.5605415243613211
MAPK1,7,RGD1561609;S759;,0.021428357196102418,0.9785716428038976
MAPK1,7,RGD1562639;S1035;,0.008525794194343229,0.9914742058056568
MAPK1,7,RGD1566017;S802;,0.011994747965256585,0.9880052520347433
MAPK1,7,RIN2;S494;,0.014298580887135133,0.9857014191128647
MAPK1,7,RIPK2;S412;,0.04104965253955684,0.9589503474604432
MAPK1,7,RNF40;S586;,0.01682067715628038,0.9831793228437196
MAPK1,7,RPS6KA3;S715;,0.24988205970893168,0.7501179402910684
MAPK1,7,RPS6KA4;S681;,0.03352569225619306,0.9664743077438068
MAPK1,7,RPS6KA4;S682;,0.3783914979410286,0.6216085020589714
MAPK1,7,RPS6KB1;S404;,0.03192600573661139,0.9680739942633888
MAPK1,7,RPTOR;S863;,0.9052882482002472,0.09471175179975284
MAPK1,7,RRP1B;S524;,0.6432321486543556,0.3567678513456444
MAPK1,7,RRP1B;T521;,0.6486935782652563,0.3513064217347438
MAPK1,7,RTF1;S416;,0.012301349921349354,0.9876986500786505
MAPK1,7,RUFY1;S50;,0.5284518976733235,0.4715481023266764
MAPK1,7,RUNX1T1;T568;,0.7602673735088559,0.23973262649114413
MAPK1,7,SAMD4B;S271;,0.942197482740927,0.05780251725907314
MAPK1,7,SAP30L;T91;,0.04855420191537826,0.9514457980846218
MAPK1,7,SBF1;S1141;,0.0644575530526497,0.9355424469473501
MAPK1,7,SCRIB;S1315;,0.8625457694980834,0.1374542305019166
MAPK1,7,SCRIB;S1529;,0.02964071191907288,0.9703592880809271
MAPK1,7,SENP7;S47;,0.8504048748496367,0.1495951251503633
MAPK1,7,SETD2;S511;,0.7911853343196472,0.20881466568035287
MAPK1,7,SF3B1;T326;,0.08889387131277908,0.9111061286872206
MAPK1,7,SFPQ;T586;,0.663771205434249,0.336228794565751
MAPK1,7,SGTA;S306;,0.010233381829531945,0.9897666181704681
MAPK1,7,SGTA;S308;,0.021877716104301084,0.9781222838956989
MAPK1,7,SH3BP5;S420;,0.025393498125050783,0.9746065018749491
MAPK1,7,SH3D19;S274;,0.8505975008736554,0.14940249912634468
MAPK1,7,SH3PXD2A;S368;,0.024140707670629126,0.9758592923293707
MAPK1,7,SH3PXD2A;S495;,0.4905137649965192,0.5094862350034807
MAPK1,7,SH3PXD2A;S956;,0.01068117261014083,0.9893188273898591
MAPK1,7,SHC3;S359;,0.6026392180624993,0.3973607819375007
MAPK1,7,SIK2;S673;,0.0434768913268861,0.9565231086731137
MAPK1,7,SIPA1L1;S1408;,0.0350642104206169,0.9649357895793832
MAPK1,7,SIPA1L1;S1411;,0.031192757367627482,0.9688072426323724
MAPK1,7,SIPA1L1;S288;,0.011805493065109151,0.9881945069348911
MAPK1,7,SLC2A13;S38;,0.028299009063146894,0.9717009909368529
MAPK1,7,SLC2A13;S44;,0.026902159067126476,0.9730978409328735
MAPK1,7,SLC2A13;S47;,0.02814854687614315,0.9718514531238568
MAPK1,7,SLC4A7;S1171;,0.030320297188072196,0.9696797028119278
MAPK1,7,SLC4A7;S263;,0.025014851757812723,0.9749851482421872
MAPK1,7,SLK;S778;,0.027757519351040805,0.9722424806489592
MAPK1,7,SMCR7L;S59;,0.9226701822364899,0.07732981776351014
MAPK1,7,SMCR8;S416;,0.03079443735641106,0.969205562643589
MAPK1,7,SMCR8;S486;,0.02990276850266545,0.9700972314973344
MAPK1,7,SMCR8;S488;,0.03838731570751145,0.9616126842924886
MAPK1,7,SMCR8;S491;,0.02866306854174915,0.9713369314582507
MAPK1,7,SMCR8;S497;,0.03828087223108256,0.9617191277689177
MAPK1,7,SMG6;S537;,0.739908455941085,0.260091544058915
MAPK1,7,SNW1;S224;,0.027844860589919352,0.9721551394100805
MAPK1,7,SNX8;S454;,0.8019138522774859,0.1980861477225141
MAPK1,7,SON;S94;,0.009864382370707896,0.9901356176292919
MAPK1,7,SORBS1;S857;,0.6435577319588415,0.3564422680411586
MAPK1,7,SOS1;S1120;,0.0233492726102413,0.9766507273897586
MAPK1,7,SOX6;S399;,0.8562379501514217,0.1437620498485783
MAPK1,7,SOX6;S402;,0.8685604212752466,0.1314395787247533
MAPK1,7,SOX6;T401;,0.10079644437650016,0.8992035556235001
MAPK1,7,SPAG7;S219;,0.013930109283553227,0.9860698907164468
MAPK1,7,SPAG9;S203;,0.01800265330799872,0.9819973466920013
MAPK1,7,SPAG9;S716;,0.02063552268304991,0.9793644773169502
MAPK1,7,SPHK2;S379;,0.029191898701600178,0.9708081012983997
MAPK1,7,SRPK2;S487;,0.014012283970204244,0.9859877160297958
MAPK1,7,SRRM2;S2228;,0.36001757763969217,0.6399824223603079
MAPK1,7,SRRM2;S2338;,0.6380433017944427,0.3619566982055574
MAPK1,7,SRSF10;S131;,0.055190051832302536,0.9448099481676973
MAPK1,7,SRSF11;S200;,0.6655525511780185,0.33444744882198146
MAPK1,7,STARD13;S334;,0.7148801716939233,0.2851198283060768
MAPK1,7,STAT3;S727;,0.6803414412818589,0.3196585587181411
MAPK1,7,STIM1;S257;,0.027850248729867272,0.9721497512701329
MAPK1,7,STIM1;S523;,0.031187992219751572,0.9688120077802483
MAPK1,7,STIM1;S524;,0.024198422827872813,0.9758015771721271
MAPK1,7,STIM2;S675;,0.026903458440625846,0.9730965415593742
MAPK1,7,STK11IP;S443;,0.6606539552309655,0.33934604476903457
MAPK1,7,STK3;S385;,0.5,0.5
MAPK1,7,STMN1;S16;,0.011058527299865516,0.9889414727001343
MAPK1,7,STMN1;S25;,0.6950027248298264,0.3049972751701736
MAPK1,7,STMN1;S38;,0.9232585081047664,0.0767414918952336
MAPK1,7,STRN3;S227;,0.44405511232149014,0.5559448876785098
MAPK1,7,SUN2;S12;,0.009697831703807386,0.9903021682961928
MAPK1,7,SVIL;S1177;,0.42402950789760563,0.5759704921023944
MAPK1,7,SVIL;S259;,0.008867675066804822,0.9911323249331951
MAPK1,7,SVIL;S531;,0.32151722639944535,0.6784827736005546
MAPK1,7,SYNPO2L;S401;,0.010688645228287176,0.9893113547717128
MAPK1,7,SYNPO2L;T141;,0.06551637017675763,0.9344836298232422
MAPK1,7,SZT2;S1641;,0.016627232670108176,0.9833727673298919
MAPK1,7,TACC2;S575;,0.8968867141445782,0.10311328585542187
MAPK1,7,TANC2;S1447;,0.05601916039343904,0.943980839606561
MAPK1,7,TBC1D1;S231;,0.033151630711064,0.9668483692889359
MAPK1,7,TBC1D1;S662;,0.03122148078795236,0.9687785192120475
MAPK1,7,TBC1D1;T590;,0.02787715832983439,0.9721228416701657
MAPK1,7,TBC1D16;S382;,0.015374846029030869,0.9846251539709692
MAPK1,7,TCF12;S583;,0.010980298831718069,0.989019701168282
MAPK1,7,TDRD3;S256;,0.00723412090975933,0.9927658790902407
MAPK1,7,TENC1;T996;,0.23570243034264815,0.7642975696573517
MAPK1,7,TFE3;S531;,0.02762126755658545,0.9723787324434144
MAPK1,7,TJP1;S1602;,0.8325948513524857,0.1674051486475141
MAPK1,7,TJP1;S1604;,0.019980066159604584,0.9800199338403954
MAPK1,7,TJP2;S147;,0.03715832583546067,0.9628416741645394
MAPK1,7,TMEM245;S327;,0.913290689284277,0.08670931071572294
MAPK1,7,TMEM55A;S14;,0.03220824097114793,0.9677917590288518
MAPK1,7,TNKS1BP1;S1642;,0.011880802548660911,0.9881191974513391
MAPK1,7,TNRC6B;S306;,0.700824311052661,0.29917568894733904
MAPK1,7,TNRC6B;S421;,0.7742961813407788,0.22570381865922115
MAPK1,7,TRAK1;S390;,0.6160312490266366,0.38396875097336325
MAPK1,7,TRAK1;S905;,0.043659289639754545,0.9563407103602454
MAPK1,7,TRAPPC12;S314;,0.7642401624332867,0.23575983756671323
MAPK1,7,TRIM28;S474;,0.018140886192333082,0.9818591138076669
MAPK1,7,TRIO;S2459;,0.6641058909148386,0.33589410908516143
MAPK1,7,TRIO;S2463;,0.892156449218175,0.10784355078182488
MAPK1,7,TRIP12;T1454;,0.02789609673751084,0.9721039032624892
MAPK1,7,TSC2;S939;,0.010815736278033063,0.9891842637219669
MAPK1,7,TSSC4;S190;,0.6089169141570665,0.3910830858429332
MAPK1,7,TTN;S305;,0.025791169698702893,0.9742088303012971
MAPK1,7,UBA1;S13;,0.0127845019313336,0.9872154980686664
MAPK1,7,UBA5;S380;,0.007048007566747116,0.9929519924332528
MAPK1,7,UBE2O;S835;,0.8188996452226104,0.18110035477738973
MAPK1,7,UBE2O;T830;,0.09199864383832033,0.9080013561616795
MAPK1,7,UBE4B;S88;,0.6123976275643269,0.3876023724356731
MAPK1,7,ULK1;S450;,0.40092914484533704,0.599070855154663
MAPK1,7,ULK1;S465;,0.029834709282421962,0.9701652907175781
MAPK1,7,ULK1;S477;,0.72699368500104,0.27300631499896
MAPK1,7,ULK1;S479;,0.7178481843796775,0.2821518156203224
MAPK1,7,ULK1;S637;,0.02568127587228826,0.9743187241277117
MAPK1,7,ULK1;T468;,0.06841800089101331,0.9315819991089865
MAPK1,7,ULK1;T659;,0.03819396245879373,0.9618060375412061
MAPK1,7,USP10;S224;,0.8765864006937398,0.12341359930626024
MAPK1,7,VAPA;S164;,0.02774792462580576,0.9722520753741944
MAPK1,7,VIM;S420;,0.030211304698491866,0.9697886953015082
MAPK1,7,VIM;S430;,0.03290141506895902,0.9670985849310408
MAPK1,7,VIM;T426;,0.03073836478705738,0.9692616352129426
MAPK1,7,VPS26B;S304;,0.03357715678207602,0.9664228432179243
MAPK1,7,WIPF2;S235;,0.7430342880569832,0.25696571194301676
MAPK1,7,WNK1;S165;,0.03270921049174138,0.9672907895082583
MAPK1,7,WWC3;S955;,0.012546946158337277,0.9874530538416627
MAPK1,7,YAP1;S46;,0.04213031731711308,0.957869682682887
MAPK1,7,ZC3H13;S368;,0.029993146717118675,0.9700068532828814
MAPK1,7,ZC3HAV1;S307;,0.7411496100144147,0.25885038998558557
MAPK1,7,ZC3HAV1;S325;,0.01768676914658361,0.9823132308534165
MAPK1,7,ZC3HAV1;S544;,0.6284081086029437,0.37159189139705623
MAPK1,7,ZC3HC1;S343;,0.7746716325887083,0.2253283674112916
MAPK1,7,ZC3HC1;T351;,0.18159165497512839,0.8184083450248715
MAPK1,7,ZFP295;S411;,0.009090964059279236,0.9909090359407207
MAPK1,7,ZFYVE16;S903;,0.023814667634028116,0.976185332365972
MAPK1,7,ZNRF2;S148;,0.04022945475370474,0.9597705452462951
MAPK1,7,ZNRF2;S154;,0.7216793715938596,0.27832062840614047
MAPK1,7,ZNRF2;S18;,0.014732570194071046,0.985267429805929
MAPK1,7,ZNRF2;S81;,0.020735967523699488,0.9792640324763006
MAPK1,7,ZYX;S143;,0.017087203077291904,0.9829127969227083
MAPK1,7,ZYX;S144;,0.016506752350022448,0.9834932476499776
MAPK1,7,ZYX;S336;,0.5960503630306583,0.4039496369693416
MAPK1,7,ZZEF1;S1516;,0.8877071500776457,0.1122928499223543
MAPK1,7,ZZEF1;S1535;,0.010026078161111757,0.9899739218388883
MAPK1,8,AAK1;S677;,0.004362703644419203,0.995637296355581
MAPK1,8,ABCC4;S604;,0.16936868141229053,0.8306313185877094
MAPK1,8,ABI2;S165;,4.8948704893091276e-06,0.9999951051295107
MAPK1,8,ABI2;S168;,7.48502326473909e-06,0.9999925149767354
MAPK1,8,ABL2;S799;,1.0506037704749034e-05,0.9999894939622952
MAPK1,8,ABLIM3;S566;,0.05305386702894368,0.9469461329710563
MAPK1,8,ABLIM3;S575;,0.012686618762617244,0.9873133812373827
MAPK1,8,ACACA;S79;,0.014502944274219874,0.9854970557257801
MAPK1,8,ACIN1;S711;,2.803294474492083e-06,0.9999971967055256
MAPK1,8,ADD1;S613;,0.005906078867793126,0.9940939211322067
MAPK1,8,ADD1;T614;,0.020770605674135446,0.9792293943258645
MAPK1,8,ADNP;S971;,0.13788502960675356,0.8621149703932465
MAPK1,8,AFF4;S823;,1.7744758351946318e-05,0.9999822552416481
MAPK1,8,AGAP3;S107;,0.3154773790989168,0.6845226209010833
MAPK1,8,AHCTF1;S1214;,0.01626983529757018,0.9837301647024298
MAPK1,8,AHNAK;S1191;,0.018558789112968852,0.9814412108870311
MAPK1,8,AHNAK;S177;,2.9857215010397348e-06,0.999997014278499
MAPK1,8,AHNAK;S2060;,0.01873311495304953,0.9812668850469505
MAPK1,8,AHNAK;S211;,1.4201338544525877e-06,0.9999985798661455
MAPK1,8,AHNAK;S2117;,0.018169571504449276,0.9818304284955508
MAPK1,8,AHNAK;S222;,0.012624698463987888,0.9873753015360124
MAPK1,8,AHNAK;S3915;,0.0062430394540902495,0.9937569605459097
MAPK1,8,AHNAK;S42;,0.04805476529457239,0.9519452347054274
MAPK1,8,AHNAK;S4597;,0.035412034319885405,0.9645879656801147
MAPK1,8,AHNAK;S5243;,0.46751995403169544,0.5324800459683046
MAPK1,8,AHNAK;T4049;,0.014746569187217876,0.9852534308127822
MAPK1,8,AHNAK2;S425;,0.037893270891045994,0.9621067291089542
MAPK1,8,AHNAK2;T438;,0.007512732413962375,0.9924872675860376
MAPK1,8,AIMP1;S110;,1.9181032908899887e-05,0.999980818967091
MAPK1,8,AJUBA;S129;,0.8481508354245458,0.1518491645754543
MAPK1,8,AKAP1;S103;,0.011635144915539053,0.9883648550844608
MAPK1,8,AKAP10;S278;,7.958230456736514e-06,0.9999920417695434
MAPK1,8,AKAP11;S1090;,0.015433349759783074,0.9845666502402171
MAPK1,8,AKAP11;S21;,1.8749955300821327e-06,0.9999981250044699
MAPK1,8,AKAP11;S23;,6.67664736858277e-06,0.9999933233526315
MAPK1,8,AKAP11;S448;,0.08917562802414697,0.9108243719758531
MAPK1,8,AKAP13;S2515;,3.820367265429198e-06,0.9999961796327345
MAPK1,8,AKAP2;S152;,0.7732468060867927,0.22675319391320736
MAPK1,8,AKAP2;S730;,7.330877093226219e-06,0.9999926691229067
MAPK1,8,AKAP6;S562;,0.012978936596080853,0.9870210634039193
MAPK1,8,AKAP9;S3669;,0.011923349311829012,0.988076650688171
MAPK1,8,AKT1S1;S184;,5.863786230875761e-07,0.9999994136213768
MAPK1,8,AKT1S1;T247;,0.007159508176518224,0.9928404918234816
MAPK1,8,ALKBH5;S362;,0.0031161185497310573,0.9968838814502688
MAPK1,8,ALKBH5;S376;,5.666969171796583e-06,0.9999943330308282
MAPK1,8,AMOTL1;S580;,0.013949944876788165,0.9860500551232118
MAPK1,8,ANP32A;S15;,3.2405410338571438e-06,0.9999967594589662
MAPK1,8,AP3D1;S755;,3.2017231138132063e-06,0.9999967982768863
MAPK1,8,ARFGAP2;S145;,0.17822887137067642,0.8217711286293237
MAPK1,8,ARFGEF2;S214;,1.7419375152207297e-05,0.9999825806248479
MAPK1,8,ARFIP1;S39;,0.012179169844645682,0.9878208301553543
MAPK1,8,ARHGAP17;S710;,6.535482235145699e-06,0.9999934645177648
MAPK1,8,ARHGAP22;S200;,0.6974393416832871,0.30256065831671297
MAPK1,8,ARHGAP22;S236;,2.9203015090937065e-06,0.9999970796984909
MAPK1,8,ARHGAP35;S1174;,4.253053650583328e-06,0.9999957469463495
MAPK1,8,ARHGAP39;S284;,0.009311358063207185,0.9906886419367931
MAPK1,8,ARHGAP5;S1195;,0.0035057567190121377,0.9964942432809877
MAPK1,8,ARHGAP5;S1202;,0.07915280202579722,0.9208471979742028
MAPK1,8,ARHGAP5;S967;,0.09523497758154668,0.9047650224184532
MAPK1,8,ARHGEF12;S337;,1.4081907954763562e-06,0.9999985918092046
MAPK1,8,ARHGEF12;S341;,0.20090211853712442,0.7990978814628757
MAPK1,8,ARHGEF17;S995;,0.015217825612309766,0.9847821743876903
MAPK1,8,ARHGEF5;S721;,2.9388505068167606e-06,0.9999970611494933
MAPK1,8,ARPP21;S256;,0.01495545125279718,0.9850445487472026
MAPK1,8,ATF7;T53;,0.022814189153880685,0.9771858108461193
MAPK1,8,ATG14;S5;,7.244178976580623e-06,0.9999927558210234
MAPK1,8,ATG2A;S1246;,0.013218746501122893,0.9867812534988771
MAPK1,8,ATG2B;S240;,0.21376644720426868,0.7862335527957313
MAPK1,8,ATG2B;S255;,0.015063490235900583,0.9849365097640996
MAPK1,8,ATRX;S761;,1.3066199236017556e-05,0.999986933800764
MAPK1,8,ATXN2;S622;,0.3393065013363048,0.6606934986636951
MAPK1,8,ATXN2L;S109;,0.1735642260620212,0.826435773937979
MAPK1,8,ATXN2L;S447;,0.8909463811929468,0.10905361880705315
MAPK1,8,AZI1;S114;,1.213938952737864e-05,0.9999878606104726
MAPK1,8,AZI1;S304;,1.5431927493120242e-06,0.9999984568072506
MAPK1,8,BAD;S171;,0.013480583429081677,0.9865194165709184
MAPK1,8,BAG3;S271;,0.016436206013263198,0.983563793986737
MAPK1,8,BAG3;S387;,6.365670076363698e-06,0.9999936343299236
MAPK1,8,BAG3;S388;,0.05759044316456237,0.9424095568354378
MAPK1,8,BAIAP2L1;S218;,0.041869882183394935,0.9581301178166051
MAPK1,8,BAIAP2L1;S380;,0.012665541650948409,0.9873344583490514
MAPK1,8,BAZ2A;S1388;,0.6550669321898878,0.3449330678101122
MAPK1,8,BBX;S243;,0.011648348723485736,0.9883516512765145
MAPK1,8,BCL9L;S116;,3.88254536440996e-06,0.9999961174546357
MAPK1,8,BCL9L;S21;,0.016934063062372343,0.9830659369376274
MAPK1,8,BCL9L;S25;,0.9516794035053985,0.048320596494601666
MAPK1,8,BICD2;S611;,0.6233449403329216,0.37665505966707824
MAPK1,8,BICD2;S819;,0.003762037703711958,0.9962379622962881
MAPK1,8,BRAF;S134;,0.34946552295042355,0.6505344770495763
MAPK1,8,BRD8;S274;,0.9454527209994447,0.05454727900055537
MAPK1,8,BRD8;T270;,0.007485532890658735,0.9925144671093413
MAPK1,8,BSDC1;S216;,0.0028263431751901938,0.9971736568248099
MAPK1,8,C2CD4C;S262;,2.753386835688593e-06,0.9999972466131642
MAPK1,8,CACNB1;S53;,0.0037741634172510988,0.9962258365827488
MAPK1,8,CALD1;S527;,0.004232507438145068,0.9957674925618549
MAPK1,8,CAMK2D;T371;,0.0250996484985243,0.9749003515014757
MAPK1,8,CAMSAP1;S1154;,0.6159289193827645,0.3840710806172355
MAPK1,8,CAMSAP1;S517;,0.00525207321915418,0.994747926780846
MAPK1,8,CAP2;S301;,0.01315759097652114,0.9868424090234788
MAPK1,8,CBX5;S93;,3.995081846774709e-06,0.9999960049181533
MAPK1,8,CCDC6;S143;,0.35344238836978664,0.6465576116302134
MAPK1,8,CCDC88A;S1638;,8.906992579330113e-06,0.9999910930074206
MAPK1,8,CCDC91;S71;,0.006516965442888382,0.9934830345571115
MAPK1,8,CDC42EP2;S137;,0.6002140130467761,0.399785986953224
MAPK1,8,CDC42EP2;S141;,0.8066452225469075,0.1933547774530923
MAPK1,8,CDC42EP4;S140;,0.7288042228152929,0.2711957771847069
MAPK1,8,CDKN1A;S69;,0.03695122622805003,0.9630487737719499
MAPK1,8,CDKN1B;S12;,1.1908924439552892e-05,0.9999880910755605
MAPK1,8,CDKN1B;S7;,8.571355085299913e-06,0.9999914286449147
MAPK1,8,CEP170B;S1166;,0.0029290660075584384,0.9970709339924416
MAPK1,8,CEP68;S503;,0.013417828455352901,0.9865821715446472
MAPK1,8,CEP68;S510;,0.9516924771899852,0.048307522810015
MAPK1,8,CHAMP1;S532;,0.9393080067193816,0.06069199328061835
MAPK1,8,CHD8;S549;,0.013222583872782549,0.9867774161272175
MAPK1,8,CHRND;S379;,0.01621626332475671,0.9837837366752433
MAPK1,8,CIC;S1394;,2.571497801660967e-06,0.9999974285021983
MAPK1,8,CIC;S1399;,5.684933211657378e-07,0.9999994315066789
MAPK1,8,CLASP2;S331;,0.012723837765335663,0.9872761622346644
MAPK1,8,CLIP1;S159;,0.10428443641705407,0.895715563582946
MAPK1,8,COBL;S31;,0.01246183802034808,0.9875381619796519
MAPK1,8,COBL;S34;,0.01137707877235367,0.9886229212276461
MAPK1,8,COG3;S536;,0.013996823640081644,0.9860031763599184
MAPK1,8,CORO7;S298;,0.011434939381124722,0.9885650606188753
MAPK1,8,DAB2IP;S802;,0.11013663265697314,0.8898633673430267
MAPK1,8,DAP;S2;,4.732236863646744e-06,0.9999952677631364
MAPK1,8,DAP;S3;,0.004941812215384199,0.9950581877846157
MAPK1,8,DBNDD1;S123;,1.0062000719844938e-06,0.9999989937999281
MAPK1,8,DCAF6;S336;,0.006544311534874257,0.9934556884651258
MAPK1,8,DCLK1;S30;,0.018892286025959947,0.9811077139740398
MAPK1,8,DDX19A;S86;,0.8202398614412161,0.1797601385587841
MAPK1,8,DDX3X;S261;,0.01164579430460298,0.9883542056953971
MAPK1,8,DENND4C;S1037;,0.013195537128777622,0.9868044628712223
MAPK1,8,DLG2;S323;,0.9517108655783243,0.048289134421675754
MAPK1,8,DLG2;S328;,0.3322896563442007,0.6677103436557993
MAPK1,8,DMXL1;S574;,0.013412118536251107,0.9865878814637489
MAPK1,8,DNAJC2;T48;,0.01387267375326577,0.9861273262467344
MAPK1,8,DNAJC25;T353;,0.015635125809688764,0.9843648741903115
MAPK1,8,DOCK6;S1339;,0.008365914896140627,0.9916340851038593
MAPK1,8,DOCK7;S1361;,0.004926704543771901,0.9950732954562281
MAPK1,8,DOCK7;S2107;,7.12770613856929e-06,0.9999928722938615
MAPK1,8,DOPEY1;S1261;,0.004082698035759274,0.9959173019642408
MAPK1,8,DTNA;S606;,0.02295404903420932,0.9770459509657907
MAPK1,8,DUSP27;S366;,2.2825336810471093e-06,0.9999977174663189
MAPK1,8,DUSP27;S368;,1.3113964287366758e-05,0.9999868860357126
MAPK1,8,DUSP27;S370;,6.533412178319695e-06,0.9999934665878217
MAPK1,8,DUSP27;S427;,0.0032313825134444836,0.9967686174865554
MAPK1,8,DYNC1H1;S4365;,4.3834142418136375e-06,0.9999956165857581
MAPK1,8,DYNC1I2;S81;,0.987862866797403,0.01213713320259697
MAPK1,8,EEF2;T57;,0.02464026922583545,0.9753597307741646
MAPK1,8,EEF2K;S365;,0.014956939584281964,0.9850430604157179
MAPK1,8,EHBP1L1;S1363;,0.01322160685656972,0.9867783931434302
MAPK1,8,EHD4;S459;,0.14153578771051073,0.8584642122894891
MAPK1,8,EIF3A;S584;,6.207418904725193e-07,0.9999993792581097
MAPK1,8,EIF4B;S422;,0.0033453784537387874,0.996654621546261
MAPK1,8,EIF4B;S424;,0.0032046550473208545,0.9967953449526791
MAPK1,8,EIF4B;S425;,8.046621130451062e-06,0.9999919533788696
MAPK1,8,EIF4B;T420;,0.0041961931944505095,0.9958038068055493
MAPK1,8,EIF4EBP1;S64;,0.17865208723534315,0.8213479127646566
MAPK1,8,EIF4EBP2;S2;,0.002858635543979527,0.9971413644560202
MAPK1,8,EIF5B;S183;,4.938944086180002e-06,0.9999950610559138
MAPK1,8,ELMSAN1;S456;,6.550644637257736e-06,0.9999934493553627
MAPK1,8,EPS8;S659;,1.3819402303044837e-05,0.999986180597697
MAPK1,8,ETL4;S1844;,0.9517661367241562,0.048233863275843815
MAPK1,8,ETV3;S139;,0.028196673912292216,0.9718033260877078
MAPK1,8,FAM120C;S55;,0.20565050353689107,0.7943494964631089
MAPK1,8,FAM134C;S313;,0.015331575935404927,0.984668424064595
MAPK1,8,FAM134C;S320;,0.017113816360161918,0.9828861836398379
MAPK1,8,FAM171A2;S423;,4.363832619077345e-06,0.999995636167381
MAPK1,8,FAM65A;S752;,0.004568827814897428,0.9954311721851026
MAPK1,8,FBXO30;S379;,0.16939864839210467,0.8306013516078955
MAPK1,8,FHOD1;S489;,0.002998108095941256,0.9970018919040585
MAPK1,8,FHOD1;S501;,0.9516977788605684,0.04830222113943157
MAPK1,8,FHOD1;S504;,0.16527537828483893,0.8347246217151612
MAPK1,8,FHOD1;S513;,1.0696989099276596e-05,0.9999893030109007
MAPK1,8,FHOD1;S523;,0.7607105338141436,0.23928946618585664
MAPK1,8,FLNC;S2147;,1.5680860930875365e-06,0.9999984319139069
MAPK1,8,FLNC;S2234;,5.066268858744525e-06,0.9999949337311412
MAPK1,8,FMN1;S589;,0.1366818400913457,0.8633181599086542
MAPK1,8,FOSL2;S320;,0.060433780782836864,0.9395662192171631
MAPK1,8,FOSL2;T322;,0.006456104547996073,0.9935438954520038
MAPK1,8,FOXK1;S225;,0.29206260028969483,0.7079373997103053
MAPK1,8,FOXK2;T200;,0.011642238200212476,0.9883577617997873
MAPK1,8,FOXO3;S252;,3.541408100019305e-06,0.9999964585919
MAPK1,8,FRMD8;S21;,2.2545400037548035e-06,0.9999977454599962
MAPK1,8,FRYL;T1959;,0.007623583884668048,0.9923764161153318
MAPK1,8,GAB1;S418;,1.7437139273773516e-06,0.9999982562860726
MAPK1,8,GAB2;S142;,0.04962543192100576,0.9503745680789943
MAPK1,8,GAB2;S143;,0.413618590635453,0.586381409364547
MAPK1,8,GAB2;S211;,1.3510155596485314e-05,0.9999864898444035
MAPK1,8,GAB2;S365;,0.04700549904412638,0.9529945009558738
MAPK1,8,GAB2;T388;,0.0033790796878166653,0.9966209203121833
MAPK1,8,GATAD2A;S103;,0.014065947547731168,0.9859340524522687
MAPK1,8,GATAD2A;S96;,0.015530218525507448,0.9844697814744926
MAPK1,8,GATAD2B;S338;,0.5350272913111364,0.46497270868886376
MAPK1,8,GBF1;S1786;,0.9517148470956247,0.04828515290437524
MAPK1,8,GIGYF1;S28;,0.9517941446638036,0.048205855336196375
MAPK1,8,GIT2;S568;,0.003957865432388502,0.9960421345676115
MAPK1,8,GOLGA4;S116;,0.011953332095373298,0.9880466679046267
MAPK1,8,GSK3A;S21;,6.464541681997147e-06,0.999993535458318
MAPK1,8,GSK3A;S41;,3.688326341384205e-06,0.9999963116736585
MAPK1,8,GSK3B;S9;,1.0058864081786341e-05,0.9999899411359181
MAPK1,8,GYS1;S728;,0.9662875494169929,0.03371245058300717
MAPK1,8,HBP1;S401;,0.4779179367179283,0.5220820632820717
MAPK1,8,HBS1L;S147;,1.719978149085023e-06,0.9999982800218509
MAPK1,8,HDAC6;S21;,0.1305006946435954,0.8694993053564045
MAPK1,8,HECTD1;S1392;,0.007176581941704697,0.992823418058295
MAPK1,8,HECTD1;S1393;,0.005229864900250511,0.9947701350997492
MAPK1,8,HECTD1;S1573;,0.016117426210132995,0.9838825737898671
MAPK1,8,HELB;S944;,0.9201653395782367,0.07983466042176345
MAPK1,8,HERC1;S1163;,0.8024708469201745,0.19752915307982527
MAPK1,8,HERC1;T1154;,0.013581148677463677,0.9864188513225363
MAPK1,8,HIRIP3;S27;,0.04145612153471757,0.9585438784652826
MAPK1,8,HN1L;S97;,0.1091131641170071,0.890886835882993
MAPK1,8,HOMER3;S158;,0.004573050416206141,0.9954269495837941
MAPK1,8,HUWE1;S1876;,2.811642696431732e-06,0.9999971883573036
MAPK1,8,HUWE1;S3639;,0.01462976594269751,0.9853702340573025
MAPK1,8,HUWE1;S3898;,0.9516975090136726,0.048302490986327384
MAPK1,8,HUWE1;T3903;,0.20061147658369838,0.7993885234163016
MAPK1,8,IREB2;S178;,0.003392186394461262,0.996607813605539
MAPK1,8,IRF2BPL;S69;,0.18790178020636314,0.8120982197936368
MAPK1,8,ITSN1;S1063;,0.007640993254584966,0.9923590067454153
MAPK1,8,ITSN1;S315;,9.876793891946906e-06,0.999990123206108
MAPK1,8,JMY;S56;,8.677513352978972e-06,0.999991322486647
MAPK1,8,JSRP1;S47;,7.069618416976996e-06,0.999992930381583
MAPK1,8,KANK2;S358;,5.679295182370257e-06,0.9999943207048176
MAPK1,8,KCTD3;S809;,0.011977482825591112,0.9880225171744091
MAPK1,8,KDM2A;S718;,0.6216407331293721,0.378359266870628
MAPK1,8,KDM2A;T713;,0.03514104344198147,0.9648589565580185
MAPK1,8,KDM5C;S316;,1.3520346185455874e-05,0.9999864796538145
MAPK1,8,KPNA1;S2;,0.0063893831321314406,0.9936106168678683
MAPK1,8,KPNA1;T3;,0.019093646136885075,0.9809063538631149
MAPK1,8,LAMTOR1;S98;,7.089532797311786e-06,0.9999929104672027
MAPK1,8,LARP1;S916;,1.1160922910094442e-05,0.9999888390770899
MAPK1,8,LARP1;T932;,0.014796864331562349,0.9852031356684375
MAPK1,8,LARP4B;S498;,1.2065123154582578e-05,0.9999879348768455
MAPK1,8,LDB3;S112;,0.005167209827239034,0.9948327901727608
MAPK1,8,LIMA1;S360;,0.8502052347921321,0.14979476520786772
MAPK1,8,LIMA1;S603;,0.564977055153355,0.435022944846645
MAPK1,8,LIMA1;S608;,0.9401300164580042,0.05986998354199594
MAPK1,8,LIMA1;S703;,0.4735655764606301,0.5264344235393701
MAPK1,8,LMNA;S404;,7.273894669044119e-06,0.999992726105331
MAPK1,8,LMNA;S406;,5.613962894140603e-06,0.9999943860371059
MAPK1,8,LMNA;S407;,7.175381493295211e-06,0.9999928246185067
MAPK1,8,LMNA;S423;,0.0028700875034787,0.9971299124965213
MAPK1,8,LMNA;S424;,8.16025825528688e-06,0.9999918397417448
MAPK1,8,LMO7;S1541;,1.5024506508141072e-05,0.9999849754934917
MAPK1,8,LMO7;S1543;,4.873704970432653e-06,0.9999951262950295
MAPK1,8,LOC100360205;S239;,1.3091678868167046e-06,0.9999986908321131
MAPK1,8,LOC100365259;S393;,0.007084719420880426,0.9929152805791196
MAPK1,8,LOC100910104;S475;,3.0723579960372416e-06,0.999996927642004
MAPK1,8,LOC100910104;S532;,0.01269262301030961,0.9873073769896905
MAPK1,8,LOC100910104;S719;,0.16416186675357572,0.8358381332464243
MAPK1,8,LOC100910646;S166;,0.003207103678955469,0.9967928963210447
MAPK1,8,LOC100911178;S1643;,0.010225845225083817,0.989774154774916
MAPK1,8,LOC100911302;S1721;,0.2010500532595155,0.7989499467404846
MAPK1,8,LOC100911677;S490;,0.011538906191263174,0.9884610938087367
MAPK1,8,LOC100912115;S649;,0.06177422671380524,0.938225773286195
MAPK1,8,LOC312502;S1164;,0.2247843702603428,0.7752156297396572
MAPK1,8,LOC312502;S138;,0.011230341586749485,0.9887696584132505
MAPK1,8,LOC312502;S139;,0.012049401208472237,0.9879505987915281
MAPK1,8,LOC312502;S483;,0.21926123379712278,0.7807387662028772
MAPK1,8,LOC683007;S1204;,0.7716882884525608,0.22831171154743932
MAPK1,8,LOC683007;S1207;,0.0025801136528871486,0.9974198863471131
MAPK1,8,LOC684259;S780;,0.017158839223703013,0.9828411607762971
MAPK1,8,LOC685707;S1251;,0.9516905994669609,0.04830940053303905
MAPK1,8,LRRFIP2;S18;,8.625158161182506e-06,0.9999913748418388
MAPK1,8,LRRFIP2;T136;,0.006854320382488043,0.993145679617512
MAPK1,8,LYSMD1;S33;,0.016135358354988864,0.9838646416450111
MAPK1,8,MACF1;S1376;,6.743122573190752e-06,0.9999932568774269
MAPK1,8,MACF1;S5293;,0.8337429917311777,0.1662570082688222
MAPK1,8,MAF1;S60;,0.7331366128882196,0.2668633871117802
MAPK1,8,MAP1A;S1757;,0.006634478401049856,0.9933655215989503
MAPK1,8,MAP1A;T2177;,0.012126716062836504,0.9878732839371634
MAPK1,8,MAP1A;T504;,0.05333379097899649,0.9466662090210036
MAPK1,8,MAP1B;S1257;,0.9049328464997929,0.09506715350020704
MAPK1,8,MAP1B;S1389;,0.793188372007565,0.20681162799243502
MAPK1,8,MAP1B;S1393;,0.04748405603562754,0.9525159439643723
MAPK1,8,MAP1B;T1781;,0.018419843657706037,0.9815801563422939
MAPK1,8,MAP1S;S683;,0.9620266831126679,0.037973316887332076
MAPK1,8,MAP4;S902;,0.013842223411206878,0.9861577765887931
MAPK1,8,MAP4K4;S591;,0.002829604551271048,0.9971703954487288
MAPK1,8,MAP4K4;S791;,0.012877664383374107,0.9871223356166258
MAPK1,8,MAP4K4;S794;,0.013303545931523657,0.9866964540684762
MAPK1,8,MAPK1;Y185;,0.027587025286236078,0.9724129747137639
MAPK1,8,MAPK14;Y182;,0.027393148922055795,0.9726068510779442
MAPK1,8,MAPK8;Y185;,0.0278737064541399,0.9721262935458602
MAPK1,8,MARCKS;S141;,0.0070084518568619535,0.992991548143138
MAPK1,8,MARK3;S593;,3.298123437303357e-06,0.9999967018765628
MAPK1,8,MARK3;T594;,0.009070906881424107,0.9909290931185757
MAPK1,8,MATR3;S188;,0.002675769894570721,0.9973242301054291
MAPK1,8,MBD3;S85;,3.872881707200244e-06,0.9999961271182929
MAPK1,8,MBD3;S86;,1.9755140969897333e-06,0.9999980244859029
MAPK1,8,MDM2;S138;,1.0883809500048566e-05,0.9999891161905
MAPK1,8,MED1;S1465;,0.13235644678557595,0.8676435532144241
MAPK1,8,MED1;S1467;,8.639211881139917e-06,0.9999913607881189
MAPK1,8,MED1;S1468;,0.007409722528024014,0.9925902774719759
MAPK1,8,MED24;S860;,3.5268475484113026e-06,0.9999964731524515
MAPK1,8,MED24;S861;,1.6855189436905965e-06,0.9999983144810564
MAPK1,8,MEF2C;S226;,0.005455593264092689,0.9945444067359073
MAPK1,8,MID1;S96;,0.8637513896754382,0.1362486103245618
MAPK1,8,MKL1;S571;,0.5501400976586861,0.44985990234131407
MAPK1,8,MLL2;S2291;,0.20306435535995887,0.7969356446400413
MAPK1,8,MLLT4;S216;,5.4076572469730495e-06,0.999994592342753
MAPK1,8,MLLT4;S246;,0.0026993779770596873,0.9973006220229401
MAPK1,8,MON2;S197;,5.018357649006039e-06,0.9999949816423509
MAPK1,8,MPHOSPH10;S168;,0.012435714665169843,0.9875642853348301
MAPK1,8,MPRIP;S369;,0.7046974075507163,0.29530259244928364
MAPK1,8,MTFR1L;S100;,0.011703625264444953,0.988296374735555
MAPK1,8,MTFR1L;S234;,0.012416366348533745,0.9875836336514663
MAPK1,8,MTFR1L;S235;,0.011556166021030998,0.988443833978969
MAPK1,8,MTSS1L;S575;,0.5,0.5
MAPK1,8,MURC;S20;,3.658023953664854e-06,0.9999963419760463
MAPK1,8,MUSK;S689;,7.185387427301327e-06,0.9999928146125727
MAPK1,8,MUSK;S690;,0.262745939674249,0.7372540603257509
MAPK1,8,MYBBP1A;S1283;,0.7617860568688991,0.23821394313110086
MAPK1,8,MYCBP2;S2750;,4.813419530216157e-06,0.9999951865804697
MAPK1,8,MYOZ2;T32;,0.05057081671546217,0.9494291832845376
MAPK1,8,NACA;S1125;,0.5,0.5
MAPK1,8,NACA;S1345;,0.21266300509747085,0.7873369949025291
MAPK1,8,NACA;S1454;,0.6690893201259493,0.33091067987405076
MAPK1,8,NACA;S1720;,0.45184794603257783,0.5481520539674222
MAPK1,8,NACA;S914;,0.3687941485498535,0.6312058514501464
MAPK1,8,NACA;S942;,0.09485296426706673,0.9051470357329333
MAPK1,8,NCAPH;S24;,0.06875444263735186,0.9312455573626479
MAPK1,8,NCOR1;S363;,0.10754113792094153,0.8924588620790587
MAPK1,8,NCOR2;S1747;,0.5469435383388643,0.4530564616611356
MAPK1,8,NDRG1;S330;,1.2789702804380792e-05,0.9999872102971956
MAPK1,8,NDRG1;T328;,0.003906207981519792,0.9960937920184804
MAPK1,8,NDRG2;T334;,0.0037624351159294667,0.9962375648840706
MAPK1,8,NEK9;S16;,0.017743450628548083,0.9822565493714518
MAPK1,8,NEK9;S736;,9.565633594916114e-06,0.999990434366405
MAPK1,8,NELFE;S131;,1.5608111569459109e-06,0.9999984391888431
MAPK1,8,NES;S1071;,0.011674530841061443,0.9883254691589385
MAPK1,8,NES;S1123;,2.564915689235607e-06,0.9999974350843107
MAPK1,8,NES;S1131;,0.012024462797603396,0.9879755372023964
MAPK1,8,NES;S620;,0.03703581582084021,0.9629641841791597
MAPK1,8,NES;S784;,0.014132257964571935,0.9858677420354283
MAPK1,8,NEXN;S280;,1.555129141741093e-05,0.9999844487085826
MAPK1,8,NFIX;S265;,0.006567888434090326,0.9934321115659098
MAPK1,8,NHSL1;T1376;,0.039166943346884,0.9608330566531159
MAPK1,8,NUMA1;S1935;,1.318098797896904e-05,0.9999868190120211
MAPK1,8,NUMA1;S1958;,2.5426543103061197e-06,0.9999974573456898
MAPK1,8,NUP35;S73;,0.7554122807884711,0.24458771921152883
MAPK1,8,OPTN;S188;,0.012689959113806156,0.9873100408861938
MAPK1,8,PACS2;S319;,0.5558258089079432,0.4441741910920567
MAPK1,8,PAK1;S144;,7.474153506260986e-06,0.9999925258464937
MAPK1,8,PAK1;S203;,1.6546864371397395e-05,0.9999834531356285
MAPK1,8,PAK2;S197;,0.006487772848291012,0.993512227151709
MAPK1,8,PARD3;S715;,8.770018727737544e-06,0.9999912299812722
MAPK1,8,PARVA;S14;,0.9793422809336558,0.020657719066344324
MAPK1,8,PATL1;S184;,0.6842575836696264,0.31574241633037337
MAPK1,8,PBXIP1;S132;,1.630404919419189e-06,0.9999983695950806
MAPK1,8,PBXIP1;S133;,0.07747833822947292,0.9225216617705271
MAPK1,8,PCM1;S1280;,4.65575101334499e-06,0.9999953442489867
MAPK1,8,PCM1;S380;,1.001651150763713e-05,0.9999899834884923
MAPK1,8,PCM1;S384;,2.9529247302910272e-06,0.9999970470752697
MAPK1,8,PDAP1;S176;,1.9955035547016073e-06,0.9999980044964454
MAPK1,8,PDAP1;S178;,5.371615828569551e-06,0.9999946283841714
MAPK1,8,PDCD4;S420;,8.001461158827027e-06,0.9999919985388411
MAPK1,8,PDCD4;S76;,5.449644742793058e-06,0.9999945503552572
MAPK1,8,PDLIM7;S209;,8.70877625592368e-06,0.999991291223744
MAPK1,8,PDLIM7;T214;,0.010121222893014613,0.9898787771069852
MAPK1,8,PDLIM7;T215;,0.02521159982549413,0.974788400174506
MAPK1,8,PDS5B;S1176;,7.555623232804998e-07,0.9999992444376767
MAPK1,8,PDXDC1;T554;,0.02698014203962296,0.9730198579603769
MAPK1,8,PELO;S55;,1.6198248589807132e-05,0.9999838017514101
MAPK1,8,PEX1;S1209;,4.049998213494123e-06,0.9999959500017865
MAPK1,8,PFKFB2;S469;,0.003954877123261725,0.9960451228767383
MAPK1,8,PHF1;S410;,0.6605918657535164,0.3394081342464836
MAPK1,8,PHF1;S415;,0.6941633779239283,0.3058366220760716
MAPK1,8,PHF2;S782;,0.8488933201578318,0.1511066798421685
MAPK1,8,PHIP;S1251;,5.574957293314042e-06,0.9999944250427066
MAPK1,8,PHLDB1;S431;,3.655298283928359e-06,0.9999963447017161
MAPK1,8,PHLDB1;S534;,0.0027935306263369725,0.9972064693736631
MAPK1,8,PHLDB2;S241;,1.2691341189243051e-05,0.9999873086588107
MAPK1,8,PI4K2A;S43;,0.0026838992300558698,0.9973161007699443
MAPK1,8,PI4K2A;S46;,0.01163212658459966,0.9883678734154003
MAPK1,8,PI4K2A;S461;,1.7647398672708488e-06,0.9999982352601327
MAPK1,8,PI4K2A;S50;,0.9654793889178903,0.03452061108210979
MAPK1,8,PID1;S230;,0.015805256256992802,0.9841947437430071
MAPK1,8,PID1;S231;,2.2115308793567824e-06,0.9999977884691206
MAPK1,8,PID1;S232;,1.1954901942021432e-06,0.9999988045098057
MAPK1,8,PID1;S242;,5.086256663618698e-06,0.9999949137433363
MAPK1,8,PIEZO1;S1370;,0.9298855582202313,0.07011444177976858
MAPK1,8,PIK3C2A;S261;,0.09084464012842765,0.9091553598715724
MAPK1,8,PLEC;S4246;,0.0032467907046744436,0.9967532092953253
MAPK1,8,PLEC;S4249;,0.004506907898010277,0.9954930921019896
MAPK1,8,PNISR;S290;,3.573649905852576e-06,0.9999964263500941
MAPK1,8,POM121;S370;,0.004337046390999316,0.9956629536090007
MAPK1,8,PPAN;S233;,0.014471984209287584,0.9855280157907125
MAPK1,8,PPAN;S238;,0.01307397221846887,0.9869260277815312
MAPK1,8,PPAN;S240;,0.012117350672339976,0.98788264932766
MAPK1,8,PPP1R12C;S508;,0.9107850070467183,0.08921499295328168
MAPK1,8,PPP1R13L;S110;,0.963767748045059,0.03623225195494083
MAPK1,8,PPP1R13L;S154;,0.2325172424127545,0.7674827575872454
MAPK1,8,PPP1R13L;S360;,0.9530344820569937,0.04696551794300615
MAPK1,8,PPP6R2;S629;,0.6683236327073813,0.3316763672926186
MAPK1,8,PPP6R2;S719;,0.4944157625669226,0.5055842374330773
MAPK1,8,PRKAA1;S496;,3.6416491123069608e-06,0.9999963583508877
MAPK1,8,PRKAB1;S108;,0.012600259603092518,0.9873997403969075
MAPK1,8,PRRC2A;S765;,1.8497282452519618e-05,0.9999815027175476
MAPK1,8,PRRC2B;S259;,1.0742217388966096e-05,0.999989257782611
MAPK1,8,PSMA5;T55;,0.0203854999440185,0.9796145000559816
MAPK1,8,PSMC3;S12;,0.4498366307836981,0.5501633692163019
MAPK1,8,PSMC3;S9;,0.6267194358328776,0.3732805641671224
MAPK1,8,PTPN12;T544;,0.02501754094987874,0.9749824590501214
MAPK1,8,PTPN21;S599;,5.254450961464374e-06,0.9999947455490386
MAPK1,8,PTPN21;S762;,0.006649273100508214,0.9933507268994918
MAPK1,8,PTRF;S169;,0.002629075949673458,0.9973709240503263
MAPK1,8,PTRF;S171;,0.003885449246878439,0.9961145507531215
MAPK1,8,PUM2;S82;,0.7772561454032088,0.22274385459679133
MAPK1,8,PXN;S106;,5.473762940505596e-06,0.9999945262370594
MAPK1,8,PXN;S137;,0.003957016439747856,0.9960429835602521
MAPK1,8,PXN;S83;,0.7233064257101574,0.27669357428984254
MAPK1,8,RABGEF1;T142;,0.012144678935981604,0.9878553210640184
MAPK1,8,RAF1;S295;,0.004885491052493311,0.9951145089475067
MAPK1,8,RAF1;S296;,0.09153358993575877,0.9084664100642412
MAPK1,8,RAI14;T249;,0.008970578733464202,0.9910294212665357
MAPK1,8,RANBP10;S481;,0.01425711121960968,0.9857428887803903
MAPK1,8,RANBP3;S58;,8.641309493427062e-06,0.9999913586905065
MAPK1,8,RAPGEF1;S306;,0.0030136688990298217,0.9969863311009701
MAPK1,8,RAPGEF1;S308;,1.6823053471144225e-05,0.9999831769465288
MAPK1,8,RAVER1;S576;,0.04211673288089529,0.9578832671191048
MAPK1,8,RB1CC1;S243;,0.11252233679791057,0.8874776632020894
MAPK1,8,RBM3;S145;,6.009387911887235e-06,0.999993990612088
MAPK1,8,RBM7;S72;,0.002814864509278871,0.9971851354907211
MAPK1,8,RFX7;S1177;,5.703881740552137e-06,0.9999942961182594
MAPK1,8,RGD1307838;S900;,4.6593560935538745e-06,0.9999953406439064
MAPK1,8,RGD1307838;S903;,1.316198981572539e-06,0.9999986838010185
MAPK1,8,RGD1308297;S518;,0.003497922557900494,0.9965020774420995
MAPK1,8,RGD1309586;S243;,2.277436552599791e-06,0.9999977225634474
MAPK1,8,RGD1309586;S59;,0.008789741375168515,0.9912102586248315
MAPK1,8,RGD1310016;S1171;,0.013113760860394211,0.9868862391396059
MAPK1,8,RGD1311783;S45;,0.011899067514718682,0.9881009324852815
MAPK1,8,RGD1311783;S46;,0.011901532697208336,0.9880984673027917
MAPK1,8,RGD1560225;S763;,0.010225497092729886,0.9897745029072702
MAPK1,8,RGD1561609;S759;,6.643161147801889e-06,0.9999933568388522
MAPK1,8,RGD1562639;S1035;,1.592891349219607e-06,0.9999984071086507
MAPK1,8,RGD1566017;S802;,1.6031116928862948e-06,0.999998396888307
MAPK1,8,RIN2;S494;,7.72593318300041e-06,0.999992274066817
MAPK1,8,RIPK2;S412;,0.013400953099932878,0.9865990469000672
MAPK1,8,RNF40;S586;,5.264680265760637e-06,0.9999947353197343
MAPK1,8,RPS6KA3;S715;,0.024836959295870018,0.97516304070413
MAPK1,8,RPS6KA4;S681;,0.0028568692034545012,0.9971431307965455
MAPK1,8,RPS6KA4;S682;,0.022578649949207524,0.9774213500507923
MAPK1,8,RPS6KB1;S404;,0.0081319662026121,0.9918680337973879
MAPK1,8,RPTOR;S863;,0.649175900994088,0.35082409900591216
MAPK1,8,RRP1B;S524;,0.042622629268628746,0.9573773707313712
MAPK1,8,RRP1B;T521;,0.01075242712551317,0.9892475728744868
MAPK1,8,RTF1;S416;,4.678315960051868e-06,0.9999953216840399
MAPK1,8,RUFY1;S50;,0.024400152699313567,0.9755998473006862
MAPK1,8,RUNX1T1;T568;,0.014978891443283798,0.9850211085567164
MAPK1,8,SAMD4B;S271;,0.986552826767356,0.01344717323264408
MAPK1,8,SAP30L;T91;,0.006745288003917948,0.9932547119960823
MAPK1,8,SBF1;S1141;,0.011653059399378224,0.9883469406006217
MAPK1,8,SCRIB;S1315;,0.7564040893863133,0.24359591061368657
MAPK1,8,SCRIB;S1529;,0.0031307998591279277,0.9968692001408721
MAPK1,8,SENP7;S47;,0.7007188954249521,0.29928110457504775
MAPK1,8,SETD2;S511;,0.03309041253224709,0.966909587467753
MAPK1,8,SF3B1;T326;,0.025661184947250126,0.97433881505275
MAPK1,8,SFPQ;T586;,0.015549471544614918,0.9844505284553852
MAPK1,8,SGTA;S306;,9.249618422981956e-06,0.999990750381577
MAPK1,8,SGTA;S308;,1.1270043055359747e-05,0.9999887299569447
MAPK1,8,SH3BP5;S420;,0.002791984943445657,0.9972080150565544
MAPK1,8,SH3D19;S274;,0.7650143317374994,0.23498566826250047
MAPK1,8,SH3PXD2A;S368;,0.011723347799802775,0.9882766522001973
MAPK1,8,SH3PXD2A;S495;,0.026836406316121088,0.9731635936838788
MAPK1,8,SH3PXD2A;S956;,0.003757688230854911,0.9962423117691451
MAPK1,8,SHC3;S359;,0.16496267194949177,0.8350373280505081
MAPK1,8,SIK2;S673;,0.0033032259109384014,0.9966967740890615
MAPK1,8,SIPA1L1;S1408;,0.014316290868091186,0.9856837091319088
MAPK1,8,SIPA1L1;S1411;,0.013262453956359003,0.9867375460436411
MAPK1,8,SIPA1L1;S288;,2.364175913343865e-06,0.9999976358240865
MAPK1,8,SLC2A13;S38;,0.012242898376727334,0.9877571016232727
MAPK1,8,SLC2A13;S44;,0.011836732213814073,0.9881632677861857
MAPK1,8,SLC2A13;S47;,0.012749515814839348,0.9872504841851604
MAPK1,8,SLC4A7;S1171;,0.013646291758389757,0.9863537082416102
MAPK1,8,SLC4A7;S263;,0.01241344154541399,0.9875865584545861
MAPK1,8,SLK;S778;,0.013213603688635802,0.9867863963113642
MAPK1,8,SMCR7L;S59;,0.9388362791106307,0.06116372088936924
MAPK1,8,SMCR8;S416;,1.661787504624083e-05,0.9999833821249536
MAPK1,8,SMCR8;S486;,0.01266666445306356,0.9873333355469365
MAPK1,8,SMCR8;S488;,0.013696801462383616,0.9863031985376164
MAPK1,8,SMCR8;S491;,0.013032888882777068,0.9869671111172229
MAPK1,8,SMCR8;S497;,0.017951376564428297,0.9820486234355719
MAPK1,8,SMG6;S537;,0.12046786823711834,0.8795321317628817
MAPK1,8,SNW1;S224;,0.01781498971336579,0.982185010286634
MAPK1,8,SNX8;S454;,0.6475539044785428,0.3524460955214572
MAPK1,8,SON;S94;,1.8479083797560988e-06,0.9999981520916202
MAPK1,8,SORBS1;S857;,0.20322434107314624,0.7967756589268538
MAPK1,8,SOS1;S1120;,8.258796775805419e-06,0.9999917412032242
MAPK1,8,SOX6;S399;,0.5124583656110299,0.48754163438897014
MAPK1,8,SOX6;S402;,0.48671997544091944,0.5132800245590807
MAPK1,8,SOX6;T401;,0.0036006126139574136,0.9963993873860426
MAPK1,8,SPAG7;S219;,9.001507221252043e-07,0.9999990998492779
MAPK1,8,SPAG9;S203;,0.004944407732414759,0.9950555922675853
MAPK1,8,SPAG9;S716;,0.0025812610440634994,0.9974187389559365
MAPK1,8,SPHK2;S379;,0.017105856073751157,0.9828941439262489
MAPK1,8,SRPK2;S487;,9.476573868836046e-06,0.9999905234261313
MAPK1,8,SRRM2;S2228;,0.011633955390899677,0.9883660446091003
MAPK1,8,SRRM2;S2338;,0.24322911198297906,0.7567708880170209
MAPK1,8,SRSF10;S131;,0.014541915605826813,0.9854580843941733
MAPK1,8,SRSF11;S200;,0.11421792550695377,0.8857820744930461
MAPK1,8,STARD13;S334;,0.18064446404564846,0.8193555359543515
MAPK1,8,STAT3;S727;,0.4823769143427253,0.5176230856572747
MAPK1,8,STIM1;S257;,0.013618021536672579,0.9863819784633275
MAPK1,8,STIM1;S523;,0.015391890094051166,0.9846081099059488
MAPK1,8,STIM1;S524;,0.011653018020932894,0.9883469819790672
MAPK1,8,STIM2;S675;,0.012581916743802187,0.9874180832561978
MAPK1,8,STK11IP;S443;,0.1719514346468095,0.8280485653531904
MAPK1,8,STK3;S385;,0.022599165302607947,0.977400834697392
MAPK1,8,STMN1;S16;,1.3862785088034856e-05,0.999986137214912
MAPK1,8,STMN1;S25;,0.40254102269192615,0.5974589773080736
MAPK1,8,STMN1;S38;,0.8937448747034509,0.10625512529654882
MAPK1,8,STRN3;S227;,0.05905778181234638,0.9409422181876536
MAPK1,8,SUN2;S12;,4.8766479723854804e-06,0.9999951233520276
MAPK1,8,SVIL;S1177;,0.018926590358430046,0.9810734096415699
MAPK1,8,SVIL;S259;,2.255460768553146e-06,0.9999977445392315
MAPK1,8,SVIL;S531;,0.0039918983874820246,0.996008101612518
MAPK1,8,SYNPO2L;S401;,3.148234925677621e-06,0.9999968517650742
MAPK1,8,SYNPO2L;T141;,0.023179017626748614,0.9768209823732513
MAPK1,8,SZT2;S1641;,9.64931651758011e-06,0.9999903506834825
MAPK1,8,TACC2;S575;,0.9517058732644713,0.0482941267355286
MAPK1,8,TANC2;S1447;,1.1647645857706331e-05,0.9999883523541423
MAPK1,8,TBC1D1;S231;,0.012145761163057607,0.9878542388369423
MAPK1,8,TBC1D1;S662;,0.011520343272080926,0.988479656727919
MAPK1,8,TBC1D1;T590;,0.008608805625405298,0.9913911943745947
MAPK1,8,TBC1D16;S382;,7.205132323138211e-07,0.9999992794867677
MAPK1,8,TCF12;S583;,5.0967785348811645e-06,0.9999949032214651
MAPK1,8,TDRD3;S256;,2.2034847501439284e-06,0.9999977965152499
MAPK1,8,TENC1;T996;,0.008717417565187173,0.9912825824348126
MAPK1,8,TFE3;S531;,0.002609011289234758,0.9973909887107655
MAPK1,8,TJP1;S1602;,0.46124577970389236,0.5387542202961078
MAPK1,8,TJP1;S1604;,1.1933385576595645e-06,0.9999988066614424
MAPK1,8,TJP2;S147;,9.592278896434253e-06,0.9999904077211036
MAPK1,8,TMEM245;S327;,0.9517319927731345,0.048268007226865486
MAPK1,8,TMEM55A;S14;,0.013791475153837458,0.9862085248461626
MAPK1,8,TNKS1BP1;S1642;,3.2562903412089623e-06,0.9999967437096587
MAPK1,8,TNRC6B;S306;,0.1891053554467141,0.8108946445532859
MAPK1,8,TNRC6B;S421;,0.08432146410417568,0.9156785358958244
MAPK1,8,TRAK1;S390;,0.10159443821452895,0.8984055617854713
MAPK1,8,TRAK1;S905;,0.011706174635343231,0.9882938253646568
MAPK1,8,TRAPPC12;S314;,0.176414456840138,0.8235855431598619
MAPK1,8,TRIM28;S474;,0.003506697533305606,0.9964933024666945
MAPK1,8,TRIO;S2459;,0.3179232467307822,0.6820767532692178
MAPK1,8,TRIO;S2463;,0.5846525552980324,0.4153474447019676
MAPK1,8,TRIP12;T1454;,0.005339304362927383,0.9946606956370727
MAPK1,8,TSC2;S939;,4.69644285208837e-06,0.9999953035571479
MAPK1,8,TSSC4;S190;,0.11498841897277223,0.8850115810272278
MAPK1,8,TTN;S305;,0.013751265792074481,0.9862487342079255
MAPK1,8,UBA1;S13;,5.043439008449051e-06,0.9999949565609916
MAPK1,8,UBA5;S380;,1.1898873176576422e-06,0.9999988101126822
MAPK1,8,UBE2O;S835;,0.7126860308835455,0.28731396911645457
MAPK1,8,UBE2O;T830;,0.021701066147548742,0.9782989338524515
MAPK1,8,UBE4B;S88;,0.024722438858141103,0.9752775611418589
MAPK1,8,ULK1;S450;,0.00571799816806461,0.9942820018319354
MAPK1,8,ULK1;S465;,0.0125365591642368,0.9874634408357635
MAPK1,8,ULK1;S477;,0.8756170467510185,0.12438295324898149
MAPK1,8,ULK1;S479;,0.355307106391429,0.644692893608571
MAPK1,8,ULK1;S637;,0.011692575776901717,0.9883074242230984
MAPK1,8,ULK1;T468;,0.0233225322217537,0.9766774677782462
MAPK1,8,ULK1;T659;,0.01662822752684321,0.9833717724731567
MAPK1,8,USP10;S224;,0.7002611631632256,0.29973883683677405
MAPK1,8,VAPA;S164;,0.013260754436969157,0.9867392455630308
MAPK1,8,VIM;S420;,0.01321267153621725,0.9867873284637828
MAPK1,8,VIM;S430;,0.015228162256564613,0.9847718377434355
MAPK1,8,VIM;T426;,0.015058172946467854,0.9849418270535323
MAPK1,8,VPS26B;S304;,0.012843785984178733,0.9871562140158213
MAPK1,8,WIPF2;S235;,0.053813899149284604,0.9461861008507152
MAPK1,8,WNK1;S165;,0.0055438207172183625,0.9944561792827814
MAPK1,8,WWC3;S955;,2.129590593569757e-06,0.9999978704094065
MAPK1,8,YAP1;S46;,0.012085428937725748,0.9879145710622742
MAPK1,8,ZC3H13;S368;,0.014332278590119334,0.9856677214098806
MAPK1,8,ZC3HAV1;S307;,0.6525741779285474,0.34742582207145245
MAPK1,8,ZC3HAV1;S325;,1.4646034275461488e-06,0.9999985353965725
MAPK1,8,ZC3HAV1;S544;,0.05068364608501826,0.9493163539149818
MAPK1,8,ZC3HC1;S343;,0.30642005869295547,0.6935799413070445
MAPK1,8,ZC3HC1;T351;,0.007867430747231436,0.9921325692527687
MAPK1,8,ZFP295;S411;,4.662790503227549e-06,0.9999953372094968
MAPK1,8,ZFYVE16;S903;,1.7326379290547104e-05,0.9999826736207096
MAPK1,8,ZNRF2;S148;,5.049734671670698e-06,0.9999949502653284
MAPK1,8,ZNRF2;S154;,0.18573816677210936,0.8142618332278905
MAPK1,8,ZNRF2;S18;,5.297431330019538e-06,0.99999470256867
MAPK1,8,ZNRF2;S81;,0.002601091458085104,0.9973989085419152
MAPK1,8,ZYX;S143;,8.64643611987383e-06,0.99999135356388
MAPK1,8,ZYX;S144;,5.547653818752555e-06,0.9999944523461813
MAPK1,8,ZYX;S336;,0.06970045330830654,0.9302995466916935
MAPK1,8,ZZEF1;S1516;,0.9377800233619581,0.06221997663804203
MAPK1,8,ZZEF1;S1535;,3.5837294096042106e-06,0.9999964162705904
MAPK1,9,AAK1;S677;,0.05164350563219352,0.9483564943678066
MAPK1,9,ABCC4;S604;,0.7986095388821556,0.2013904611178445
MAPK1,9,ABI2;S165;,0.011852670087910012,0.9881473299120902
MAPK1,9,ABI2;S168;,0.016765976952282446,0.9832340230477176
MAPK1,9,ABL2;S799;,0.012084857374315618,0.9879151426256844
MAPK1,9,ABLIM3;S566;,0.420628998506701,0.5793710014932989
MAPK1,9,ABLIM3;S575;,0.022801658580278203,0.977198341419722
MAPK1,9,ACACA;S79;,0.022938296757509236,0.9770617032424906
MAPK1,9,ACIN1;S711;,0.007458706041084191,0.9925412939589158
MAPK1,9,ADD1;S613;,0.08507232403467191,0.9149276759653282
MAPK1,9,ADD1;T614;,0.8203755896437509,0.17962441035624918
MAPK1,9,ADNP;S971;,0.6785668649582323,0.32143313504176757
MAPK1,9,AFF4;S823;,0.02387184080194893,0.9761281591980512
MAPK1,9,AGAP3;S107;,0.4388334225718877,0.5611665774281122
MAPK1,9,AHCTF1;S1214;,0.026083126606192313,0.9739168733938077
MAPK1,9,AHNAK;S1191;,0.027105309020626005,0.972894690979374
MAPK1,9,AHNAK;S177;,0.020000850525823503,0.9799991494741764
MAPK1,9,AHNAK;S2060;,0.3133745596229169,0.6866254403770832
MAPK1,9,AHNAK;S211;,0.00867013321068885,0.9913298667893115
MAPK1,9,AHNAK;S2117;,0.027478741005870923,0.972521258994129
MAPK1,9,AHNAK;S222;,0.01649478921837174,0.9835052107816284
MAPK1,9,AHNAK;S3915;,0.330409849811045,0.669590150188955
MAPK1,9,AHNAK;S42;,0.44196658473842665,0.5580334152615735
MAPK1,9,AHNAK;S4597;,0.48294189874339266,0.5170581012566074
MAPK1,9,AHNAK;S5243;,0.46205945959259714,0.5379405404074027
MAPK1,9,AHNAK;T4049;,0.2214070612370653,0.7785929387629347
MAPK1,9,AHNAK2;S425;,0.4597073899787266,0.5402926100212733
MAPK1,9,AHNAK2;T438;,0.17085011298604197,0.829149887013958
MAPK1,9,AIMP1;S110;,0.01280579237805739,0.9871942076219425
MAPK1,9,AJUBA;S129;,0.8153368387404636,0.18466316125953633
MAPK1,9,AKAP1;S103;,0.028406173753837013,0.9715938262461631
MAPK1,9,AKAP10;S278;,0.025310068202023753,0.9746899317979761
MAPK1,9,AKAP11;S1090;,0.02477095431909803,0.9752290456809021
MAPK1,9,AKAP11;S21;,0.011762812918143625,0.9882371870818566
MAPK1,9,AKAP11;S23;,0.011567872716743,0.9884321272832571
MAPK1,9,AKAP11;S448;,0.6081144363923381,0.391885563607662
MAPK1,9,AKAP13;S2515;,0.014857388168179305,0.9851426118318208
MAPK1,9,AKAP2;S152;,0.9092070247958303,0.0907929752041696
MAPK1,9,AKAP2;S730;,0.013904224678478244,0.9860957753215218
MAPK1,9,AKAP6;S562;,0.017771843465868027,0.9822281565341321
MAPK1,9,AKAP9;S3669;,0.3454167092682921,0.6545832907317077
MAPK1,9,AKT1S1;S184;,0.0227479531741407,0.9772520468258593
MAPK1,9,AKT1S1;T247;,0.060617068847403,0.9393829311525971
MAPK1,9,ALKBH5;S362;,0.010316488703754532,0.9896835112962455
MAPK1,9,ALKBH5;S376;,0.025841283180220036,0.9741587168197798
MAPK1,9,AMOTL1;S580;,0.02072823264776725,0.9792717673522328
MAPK1,9,ANP32A;S15;,0.007600217870938515,0.9923997821290614
MAPK1,9,AP3D1;S755;,0.007607442643735731,0.9923925573562641
MAPK1,9,ARFGAP2;S145;,0.5252267156911069,0.4747732843088932
MAPK1,9,ARFGEF2;S214;,0.0379105309583642,0.9620894690416358
MAPK1,9,ARFIP1;S39;,0.018621103907988008,0.9813788960920118
MAPK1,9,ARHGAP17;S710;,0.01611718711974955,0.9838828128802504
MAPK1,9,ARHGAP22;S200;,0.7735269627881359,0.22647303721186407
MAPK1,9,ARHGAP22;S236;,0.008034383869875678,0.9919656161301244
MAPK1,9,ARHGAP35;S1174;,0.01133073565871865,0.9886692643412812
MAPK1,9,ARHGAP39;S284;,0.3318803671728035,0.6681196328271964
MAPK1,9,ARHGAP5;S1195;,0.021652050653435253,0.9783479493465649
MAPK1,9,ARHGAP5;S1202;,0.7174213794085157,0.2825786205914844
MAPK1,9,ARHGAP5;S967;,0.44565515253493015,0.55434484746507
MAPK1,9,ARHGEF12;S337;,0.021192606941425475,0.9788073930585746
MAPK1,9,ARHGEF12;S341;,0.729898926740468,0.2701010732595321
MAPK1,9,ARHGEF17;S995;,0.021902504789962345,0.9780974952100376
MAPK1,9,ARHGEF5;S721;,0.01771922791632109,0.9822807720836788
MAPK1,9,ARPP21;S256;,0.027327205478867144,0.9726727945211329
MAPK1,9,ATF7;T53;,0.0348737514611847,0.9651262485388155
MAPK1,9,ATG14;S5;,0.029633118735329658,0.9703668812646702
MAPK1,9,ATG2A;S1246;,0.10324837421895425,0.8967516257810458
MAPK1,9,ATG2B;S240;,0.6909348307826698,0.30906516921733007
MAPK1,9,ATG2B;S255;,0.3794861738224459,0.620513826177554
MAPK1,9,ATRX;S761;,0.008156888431958971,0.9918431115680413
MAPK1,9,ATXN2;S622;,0.5523845674276904,0.4476154325723097
MAPK1,9,ATXN2L;S109;,0.7463057902391427,0.253694209760857
MAPK1,9,ATXN2L;S447;,0.7671964671176615,0.2328035328823384
MAPK1,9,AZI1;S114;,0.014551509424378908,0.9854484905756211
MAPK1,9,AZI1;S304;,0.008503250297442344,0.9914967497025576
MAPK1,9,BAD;S171;,0.027285182060101176,0.9727148179398989
MAPK1,9,BAG3;S271;,0.28147996320212976,0.71852003679787
MAPK1,9,BAG3;S387;,0.04034320105122014,0.9596567989487799
MAPK1,9,BAG3;S388;,0.2989818175655445,0.7010181824344556
MAPK1,9,BAIAP2L1;S218;,0.44023270107421536,0.5597672989257845
MAPK1,9,BAIAP2L1;S380;,0.026253868824319165,0.9737461311756811
MAPK1,9,BAZ2A;S1388;,0.8457887341833347,0.15421126581666555
MAPK1,9,BBX;S243;,0.222421437146889,0.7775785628531111
MAPK1,9,BCL9L;S116;,0.004319681952176465,0.9956803180478235
MAPK1,9,BCL9L;S21;,0.024841192766988294,0.9751588072330118
MAPK1,9,BCL9L;S25;,0.8914655761774767,0.10853442382252312
MAPK1,9,BICD2;S611;,0.8490004324457546,0.15099956755424523
MAPK1,9,BICD2;S819;,0.031050836470428556,0.9689491635295714
MAPK1,9,BRAF;S134;,0.6900059118954518,0.30999408810454815
MAPK1,9,BRD8;S274;,0.9375321633226202,0.06246783667737986
MAPK1,9,BRD8;T270;,0.6057711686162197,0.3942288313837804
MAPK1,9,BSDC1;S216;,0.06279572381646456,0.9372042761835354
MAPK1,9,C2CD4C;S262;,0.005474371623040512,0.9945256283769596
MAPK1,9,CACNB1;S53;,0.01890394632044164,0.9810960536795583
MAPK1,9,CALD1;S527;,0.26753757154301167,0.7324624284569884
MAPK1,9,CAMK2D;T371;,0.058061500183821814,0.9419384998161783
MAPK1,9,CAMSAP1;S1154;,0.8079288448942961,0.19207115510570394
MAPK1,9,CAMSAP1;S517;,0.030885918547855124,0.9691140814521447
MAPK1,9,CAP2;S301;,0.3846605071446378,0.6153394928553623
MAPK1,9,CBX5;S93;,0.006836049549672643,0.9931639504503271
MAPK1,9,CCDC6;S143;,0.6594497568843017,0.3405502431156983
MAPK1,9,CCDC88A;S1638;,0.017551792491701402,0.9824482075082985
MAPK1,9,CCDC91;S71;,0.16615719422438704,0.8338428057756129
MAPK1,9,CDC42EP2;S137;,0.7389977541210002,0.26100224587899995
MAPK1,9,CDC42EP2;S141;,0.8245813427367504,0.17541865726324957
MAPK1,9,CDC42EP4;S140;,0.7160005116841988,0.2839994883158012
MAPK1,9,CDKN1A;S69;,0.21980309026959807,0.780196909730402
MAPK1,9,CDKN1B;S12;,0.022494821269614412,0.9775051787303857
MAPK1,9,CDKN1B;S7;,0.026859947270315942,0.9731400527296842
MAPK1,9,CEP170B;S1166;,0.006342081244407432,0.9936579187555928
MAPK1,9,CEP68;S503;,0.022597350483250664,0.9774026495167492
MAPK1,9,CEP68;S510;,0.9185624755850967,0.0814375244149033
MAPK1,9,CHAMP1;S532;,0.9096807759351474,0.09031922406485265
MAPK1,9,CHD8;S549;,0.022245749531346896,0.9777542504686532
MAPK1,9,CHRND;S379;,0.029507540879304857,0.9704924591206953
MAPK1,9,CIC;S1394;,0.0043310717194794505,0.9956689282805206
MAPK1,9,CIC;S1399;,0.02289110975217284,0.9771088902478273
MAPK1,9,CLASP2;S331;,0.020032889250019923,0.9799671107499803
MAPK1,9,CLIP1;S159;,0.5428298306878522,0.45717016931214793
MAPK1,9,COBL;S31;,0.01830175745134098,0.9816982425486591
MAPK1,9,COBL;S34;,0.017620901310198927,0.9823790986898011
MAPK1,9,COG3;S536;,0.02197490072757665,0.9780250992724232
MAPK1,9,CORO7;S298;,0.018208534429180304,0.9817914655708195
MAPK1,9,DAB2IP;S802;,0.5967997541838417,0.40320024581615826
MAPK1,9,DAP;S2;,0.021753700510727725,0.9782462994892726
MAPK1,9,DAP;S3;,0.22797248771405282,0.772027512285947
MAPK1,9,DBNDD1;S123;,0.006915032462577102,0.993084967537423
MAPK1,9,DCAF6;S336;,0.2870180512273421,0.7129819487726581
MAPK1,9,DCLK1;S30;,0.03850240597064413,0.9614975940293556
MAPK1,9,DDX19A;S86;,0.8374360702714027,0.16256392972859737
MAPK1,9,DDX3X;S261;,0.061901513720423275,0.9380984862795767
MAPK1,9,DENND4C;S1037;,0.017299235392715013,0.9827007646072848
MAPK1,9,DLG2;S323;,0.9076153561303459,0.0923846438696539
MAPK1,9,DLG2;S328;,0.5720383597864787,0.42796164021352134
MAPK1,9,DMXL1;S574;,0.029376365504280053,0.9706236344957199
MAPK1,9,DNAJC2;T48;,0.09497548882030749,0.9050245111796926
MAPK1,9,DNAJC25;T353;,0.06135726421254878,0.9386427357874512
MAPK1,9,DOCK6;S1339;,0.02077063308317334,0.9792293669168266
MAPK1,9,DOCK7;S1361;,0.015080370437078048,0.984919629562922
MAPK1,9,DOCK7;S2107;,0.010462641578357905,0.9895373584216423
MAPK1,9,DOPEY1;S1261;,0.01177769479002471,0.9882223052099753
MAPK1,9,DTNA;S606;,0.599319634786067,0.4006803652139332
MAPK1,9,DUSP27;S366;,0.009360734646950647,0.9906392653530496
MAPK1,9,DUSP27;S368;,0.014491683912271106,0.9855083160877288
MAPK1,9,DUSP27;S370;,0.016480708281876685,0.9835192917181232
MAPK1,9,DUSP27;S427;,0.018366850822477368,0.9816331491775225
MAPK1,9,DYNC1H1;S4365;,0.009100521942326283,0.9908994780576738
MAPK1,9,DYNC1I2;S81;,0.9453078096866754,0.054692190313324555
MAPK1,9,EEF2;T57;,0.05001414066581078,0.9499858593341891
MAPK1,9,EEF2K;S365;,0.032592149113275716,0.9674078508867243
MAPK1,9,EHBP1L1;S1363;,0.01558556790222461,0.9844144320977753
MAPK1,9,EHD4;S459;,0.6630564519406368,0.3369435480593633
MAPK1,9,EIF3A;S584;,0.004966838688100929,0.9950331613118989
MAPK1,9,EIF4B;S422;,0.025092247431970693,0.9749077525680292
MAPK1,9,EIF4B;S424;,0.017439136129491842,0.982560863870508
MAPK1,9,EIF4B;S425;,0.015208050869715743,0.9847919491302842
MAPK1,9,EIF4B;T420;,0.027282646290148253,0.9727173537098517
MAPK1,9,EIF4EBP1;S64;,0.453346862179246,0.5466531378207541
MAPK1,9,EIF4EBP2;S2;,0.02795541187335629,0.9720445881266436
MAPK1,9,EIF5B;S183;,0.010991753686640526,0.9890082463133597
MAPK1,9,ELMSAN1;S456;,0.011490464340078811,0.9885095356599212
MAPK1,9,EPS8;S659;,0.017624799728442088,0.9823752002715578
MAPK1,9,ETL4;S1844;,0.9297857644934092,0.07021423550659059
MAPK1,9,ETV3;S139;,0.12595270670171455,0.8740472932982855
MAPK1,9,FAM120C;S55;,0.8057322232836308,0.19426777671636905
MAPK1,9,FAM134C;S313;,0.016018969771395917,0.9839810302286041
MAPK1,9,FAM134C;S320;,0.02439536246920627,0.9756046375307935
MAPK1,9,FAM171A2;S423;,0.01167328820838854,0.9883267117916115
MAPK1,9,FAM65A;S752;,0.05662872660734612,0.943371273392654
MAPK1,9,FBXO30;S379;,0.6667524469814508,0.33324755301854925
MAPK1,9,FHOD1;S489;,0.02544341507306318,0.9745565849269368
MAPK1,9,FHOD1;S501;,0.9091568125276839,0.09084318747231615
MAPK1,9,FHOD1;S504;,0.691395262320504,0.30860473767949625
MAPK1,9,FHOD1;S513;,0.013281585708916915,0.9867184142910832
MAPK1,9,FHOD1;S523;,0.7827691427161332,0.21723085728386687
MAPK1,9,FLNC;S2147;,0.010409627036722541,0.9895903729632777
MAPK1,9,FLNC;S2234;,0.013156545466145109,0.9868434545338546
MAPK1,9,FMN1;S589;,0.4543476311688365,0.5456523688311633
MAPK1,9,FOSL2;S320;,0.5434134343872491,0.45658656561275085
MAPK1,9,FOSL2;T322;,0.11067207873958497,0.8893279212604148
MAPK1,9,FOXK1;S225;,0.7822088197435512,0.2177911802564488
MAPK1,9,FOXK2;T200;,0.6784522681529093,0.32154773184709096
MAPK1,9,FOXO3;S252;,0.006986041094488793,0.9930139589055113
MAPK1,9,FRMD8;S21;,0.007388028732331644,0.9926119712676682
MAPK1,9,FRYL;T1959;,0.035905371550680694,0.9640946284493191
MAPK1,9,GAB1;S418;,0.006881594327813314,0.9931184056721868
MAPK1,9,GAB2;S142;,0.10784377341528545,0.8921562265847144
MAPK1,9,GAB2;S143;,0.5537187568633618,0.4462812431366382
MAPK1,9,GAB2;S211;,0.018662622224501817,0.9813373777754982
MAPK1,9,GAB2;S365;,0.285008561099796,0.7149914389002042
MAPK1,9,GAB2;T388;,0.02405852909281305,0.9759414709071871
MAPK1,9,GATAD2A;S103;,0.018135753681553034,0.9818642463184472
MAPK1,9,GATAD2A;S96;,0.02618385573202997,0.97381614426797
MAPK1,9,GATAD2B;S338;,0.7173366408028325,0.2826633591971677
MAPK1,9,GBF1;S1786;,0.9113698535862542,0.0886301464137457
MAPK1,9,GIGYF1;S28;,0.9298314948048285,0.07016850519517169
MAPK1,9,GIT2;S568;,0.039948909669889836,0.9600510903301103
MAPK1,9,GOLGA4;S116;,0.016089659329672122,0.9839103406703281
MAPK1,9,GSK3A;S21;,0.00820045999543529,0.9917995400045647
MAPK1,9,GSK3A;S41;,0.01912588970769815,0.9808741102923019
MAPK1,9,GSK3B;S9;,0.014255209049008332,0.9857447909509917
MAPK1,9,GYS1;S728;,0.9466995945608987,0.053300405439101424
MAPK1,9,HBP1;S401;,0.6481653035786693,0.3518346964213307
MAPK1,9,HBS1L;S147;,0.018937355341598582,0.9810626446584014
MAPK1,9,HDAC6;S21;,0.4240507826902503,0.5759492173097497
MAPK1,9,HECTD1;S1392;,0.03281420694834165,0.9671857930516584
MAPK1,9,HECTD1;S1393;,0.0177506066558453,0.9822493933441547
MAPK1,9,HECTD1;S1573;,0.024571471271563703,0.9754285287284364
MAPK1,9,HELB;S944;,0.827384387580431,0.17261561241956883
MAPK1,9,HERC1;S1163;,0.9081845532869487,0.09181544671305142
MAPK1,9,HERC1;T1154;,0.49481316001447057,0.5051868399855295
MAPK1,9,HIRIP3;S27;,0.3776186096349097,0.6223813903650902
MAPK1,9,HN1L;S97;,0.5050612501444951,0.494938749855505
MAPK1,9,HOMER3;S158;,0.017066339546494547,0.9829336604535055
MAPK1,9,HUWE1;S1876;,0.015033730948564961,0.9849662690514351
MAPK1,9,HUWE1;S3639;,0.2536383394244243,0.7463616605755755
MAPK1,9,HUWE1;S3898;,0.9318269353415509,0.06817306465844905
MAPK1,9,HUWE1;T3903;,0.9367813390079106,0.06321866099208952
MAPK1,9,IREB2;S178;,0.033316913359051764,0.9666830866409483
MAPK1,9,IRF2BPL;S69;,0.8290926798175668,0.17090732018243324
MAPK1,9,ITSN1;S1063;,0.0822465498065316,0.9177534501934684
MAPK1,9,ITSN1;S315;,0.008008517551682939,0.9919914824483171
MAPK1,9,JMY;S56;,0.012164467271789697,0.9878355327282103
MAPK1,9,JSRP1;S47;,0.01758461251981826,0.9824153874801818
MAPK1,9,KANK2;S358;,0.011723941219110783,0.9882760587808891
MAPK1,9,KCTD3;S809;,0.015397300878147002,0.984602699121853
MAPK1,9,KDM2A;S718;,0.9091490568165415,0.09085094318345842
MAPK1,9,KDM2A;T713;,0.8795705151178349,0.1204294848821652
MAPK1,9,KDM5C;S316;,0.010248998996525462,0.9897510010034745
MAPK1,9,KPNA1;S2;,0.03494170694971322,0.9650582930502867
MAPK1,9,KPNA1;T3;,0.28443448065678384,0.7155655193432162
MAPK1,9,LAMTOR1;S98;,0.014197610111171148,0.9858023898888285
MAPK1,9,LARP1;S916;,0.0164619844108762,0.9835380155891239
MAPK1,9,LARP1;T932;,0.7582736067354827,0.24172639326451728
MAPK1,9,LARP4B;S498;,0.005361673321991902,0.9946383266780081
MAPK1,9,LDB3;S112;,0.191104189634804,0.8088958103651961
MAPK1,9,LIMA1;S360;,0.7918285109664981,0.20817148903350186
MAPK1,9,LIMA1;S603;,0.663980407222859,0.33601959277714094
MAPK1,9,LIMA1;S608;,0.9062926602187862,0.09370733978121394
MAPK1,9,LIMA1;S703;,0.8416781174118175,0.15832188258818244
MAPK1,9,LMNA;S404;,0.012340901452363353,0.9876590985476369
MAPK1,9,LMNA;S406;,0.008941529600546297,0.9910584703994538
MAPK1,9,LMNA;S407;,0.03223468506708307,0.9677653149329168
MAPK1,9,LMNA;S423;,0.02535395392905661,0.9746460460709433
MAPK1,9,LMNA;S424;,0.02187409998556596,0.9781259000144341
MAPK1,9,LMO7;S1541;,0.009495663769473979,0.990504336230526
MAPK1,9,LMO7;S1543;,0.007556512939530464,0.9924434870604694
MAPK1,9,LOC100360205;S239;,0.007401400157741894,0.992598599842258
MAPK1,9,LOC100365259;S393;,0.02675872375776052,0.9732412762422393
MAPK1,9,LOC100910104;S475;,0.009149864020304646,0.9908501359796955
MAPK1,9,LOC100910104;S532;,0.02732644443713076,0.9726735555628695
MAPK1,9,LOC100910104;S719;,0.6923515241237022,0.3076484758762978
MAPK1,9,LOC100910646;S166;,0.03827536578148001,0.9617246342185203
MAPK1,9,LOC100911178;S1643;,0.2809465923907635,0.7190534076092364
MAPK1,9,LOC100911302;S1721;,0.5447966967697044,0.4552033032302955
MAPK1,9,LOC100911677;S490;,0.016147567564722486,0.9838524324352774
MAPK1,9,LOC100912115;S649;,0.6539811876567069,0.34601881234329307
MAPK1,9,LOC312502;S1164;,0.8018216367097187,0.19817836329028116
MAPK1,9,LOC312502;S138;,0.01474557357672965,0.9852544264232703
MAPK1,9,LOC312502;S139;,0.01539331221975173,0.9846066877802482
MAPK1,9,LOC312502;S483;,0.6849496968199636,0.3150503031800363
MAPK1,9,LOC683007;S1204;,0.8153673912971584,0.1846326087028418
MAPK1,9,LOC683007;S1207;,0.028898432363996553,0.9711015676360035
MAPK1,9,LOC684259;S780;,0.030576573236737365,0.9694234267632627
MAPK1,9,LOC685707;S1251;,0.8889012043363183,0.11109879566368211
MAPK1,9,LRRFIP2;S18;,0.01669340642125909,0.9833065935787412
MAPK1,9,LRRFIP2;T136;,0.09179684459511611,0.908203155404884
MAPK1,9,LYSMD1;S33;,0.022894761157041536,0.9771052388429583
MAPK1,9,MACF1;S1376;,0.010691863427829315,0.9893081365721706
MAPK1,9,MACF1;S5293;,0.8712386146771672,0.12876138532283243
MAPK1,9,MAF1;S60;,0.8275780839203989,0.17242191607960128
MAPK1,9,MAP1A;S1757;,0.12236057483594226,0.8776394251640577
MAPK1,9,MAP1A;T2177;,0.7100503348518205,0.2899496651481797
MAPK1,9,MAP1A;T504;,0.8674199003298632,0.13258009967013668
MAPK1,9,MAP1B;S1257;,0.8264172712064626,0.1735827287935373
MAPK1,9,MAP1B;S1389;,0.7979287927332158,0.20207120726678424
MAPK1,9,MAP1B;S1393;,0.45581734536493584,0.5441826546350641
MAPK1,9,MAP1B;T1781;,0.07953708350078115,0.9204629164992186
MAPK1,9,MAP1S;S683;,0.9430610390911524,0.05693896090884776
MAPK1,9,MAP4;S902;,0.018837847930708963,0.981162152069291
MAPK1,9,MAP4K4;S591;,0.03822126171501378,0.9617787382849862
MAPK1,9,MAP4K4;S791;,0.01998227149695692,0.9800177285030431
MAPK1,9,MAP4K4;S794;,0.018168386690858813,0.9818316133091415
MAPK1,9,MAPK1;Y185;,0.14564477333278955,0.8543552266672104
MAPK1,9,MAPK14;Y182;,0.1346718229145698,0.8653281770854303
MAPK1,9,MAPK8;Y185;,0.09899069517841351,0.9010093048215865
MAPK1,9,MARCKS;S141;,0.06090014004131072,0.9390998599586893
MAPK1,9,MARK3;S593;,0.018355465851316446,0.9816445341486835
MAPK1,9,MARK3;T594;,0.11562306029040202,0.884376939709598
MAPK1,9,MATR3;S188;,0.005729495540771195,0.9942705044592287
MAPK1,9,MBD3;S85;,0.0057727978787306955,0.9942272021212695
MAPK1,9,MBD3;S86;,0.01599439152619313,0.9840056084738069
MAPK1,9,MDM2;S138;,0.017304725070543977,0.9826952749294561
MAPK1,9,MED1;S1465;,0.48324009467553636,0.5167599053244637
MAPK1,9,MED1;S1467;,0.025641370987466192,0.9743586290125337
MAPK1,9,MED1;S1468;,0.02597020721105972,0.9740297927889405
MAPK1,9,MED24;S860;,0.009039179020318913,0.990960820979681
MAPK1,9,MED24;S861;,0.0160446926677771,0.9839553073322228
MAPK1,9,MEF2C;S226;,0.2740244697668212,0.7259755302331787
MAPK1,9,MID1;S96;,0.8858101232806761,0.11418987671932392
MAPK1,9,MKL1;S571;,0.766259774564033,0.2337402254359669
MAPK1,9,MLL2;S2291;,0.7970580798524973,0.20294192014750267
MAPK1,9,MLLT4;S216;,0.024166586979920315,0.9758334130200798
MAPK1,9,MLLT4;S246;,0.009396842336439948,0.9906031576635601
MAPK1,9,MON2;S197;,0.009576473406383823,0.9904235265936161
MAPK1,9,MPHOSPH10;S168;,0.016437902863701746,0.9835620971362985
MAPK1,9,MPRIP;S369;,0.7822294911624923,0.21777050883750734
MAPK1,9,MTFR1L;S100;,0.02421664926751713,0.9757833507324829
MAPK1,9,MTFR1L;S234;,0.01598827337230461,0.9840117266276953
MAPK1,9,MTFR1L;S235;,0.01720933967483669,0.9827906603251632
MAPK1,9,MTSS1L;S575;,0.5753751845183948,0.42462481548160536
MAPK1,9,MURC;S20;,0.008526790706908085,0.9914732092930921
MAPK1,9,MUSK;S689;,0.012915948508345633,0.9870840514916545
MAPK1,9,MUSK;S690;,0.43303537027750083,0.5669646297224993
MAPK1,9,MYBBP1A;S1283;,0.8719931857035141,0.12800681429648594
MAPK1,9,MYCBP2;S2750;,0.013141722051682493,0.9868582779483175
MAPK1,9,MYOZ2;T32;,0.9091726884796968,0.09082731152030314
MAPK1,9,NACA;S1125;,0.74328169422669,0.25671830577331
MAPK1,9,NACA;S1345;,0.5749387946312101,0.42506120536878994
MAPK1,9,NACA;S1454;,0.7922520490377972,0.20774795096220292
MAPK1,9,NACA;S1720;,0.7665317400232221,0.23346825997677792
MAPK1,9,NACA;S914;,0.8109308309668175,0.18906916903318235
MAPK1,9,NACA;S942;,0.5247202324119437,0.47527976758805646
MAPK1,9,NCAPH;S24;,0.5790422729473345,0.42095772705266554
MAPK1,9,NCOR1;S363;,0.5250916986429399,0.47490830135706014
MAPK1,9,NCOR2;S1747;,0.6999877856293422,0.30001221437065795
MAPK1,9,NDRG1;S330;,0.02507679717034489,0.9749232028296552
MAPK1,9,NDRG1;T328;,0.02183794094242924,0.9781620590575708
MAPK1,9,NDRG2;T334;,0.02474410067933481,0.9752558993206654
MAPK1,9,NEK9;S16;,0.02707064776221838,0.9729293522377814
MAPK1,9,NEK9;S736;,0.00995245575633547,0.9900475442436644
MAPK1,9,NELFE;S131;,0.00834218249471711,0.991657817505283
MAPK1,9,NES;S1071;,0.018134791371255187,0.981865208628745
MAPK1,9,NES;S1123;,0.02045039647946218,0.9795496035205377
MAPK1,9,NES;S1131;,0.01628177651866391,0.9837182234813362
MAPK1,9,NES;S620;,0.5,0.5
MAPK1,9,NES;S784;,0.020858560486752324,0.9791414395132478
MAPK1,9,NEXN;S280;,0.014901956228319031,0.985098043771681
MAPK1,9,NFIX;S265;,0.0270447832988678,0.9729552167011322
MAPK1,9,NHSL1;T1376;,0.8616292444370542,0.1383707555629458
MAPK1,9,NUMA1;S1935;,0.007076251895158715,0.9929237481048412
MAPK1,9,NUMA1;S1958;,0.012862872873163381,0.9871371271268365
MAPK1,9,NUP35;S73;,0.8679414652188616,0.13205853478113846
MAPK1,9,OPTN;S188;,0.017337876092082854,0.9826621239079172
MAPK1,9,PACS2;S319;,0.7938490546956167,0.20615094530438305
MAPK1,9,PAK1;S144;,0.010258206608232482,0.9897417933917674
MAPK1,9,PAK1;S203;,0.03323070767999469,0.9667692923200054
MAPK1,9,PAK2;S197;,0.033247146101338124,0.9667528538986618
MAPK1,9,PARD3;S715;,0.012120045420901693,0.9878799545790984
MAPK1,9,PARVA;S14;,0.9250183221026208,0.07498167789737935
MAPK1,9,PATL1;S184;,0.8396027926891977,0.1603972073108024
MAPK1,9,PBXIP1;S132;,0.021498612286564658,0.9785013877134354
MAPK1,9,PBXIP1;S133;,0.2726215373195765,0.7273784626804236
MAPK1,9,PCM1;S1280;,0.017248270039323825,0.9827517299606763
MAPK1,9,PCM1;S380;,0.026735352107722644,0.9732646478922774
MAPK1,9,PCM1;S384;,0.021573126062499014,0.9784268739375009
MAPK1,9,PDAP1;S176;,0.009347948003577541,0.9906520519964223
MAPK1,9,PDAP1;S178;,0.017333909403451916,0.9826660905965482
MAPK1,9,PDCD4;S420;,0.01132677746776415,0.988673222532236
MAPK1,9,PDCD4;S76;,0.010176851570102428,0.9898231484298976
MAPK1,9,PDLIM7;S209;,0.05068111077122433,0.9493188892287756
MAPK1,9,PDLIM7;T214;,0.3299490027446424,0.6700509972553575
MAPK1,9,PDLIM7;T215;,0.8609778829577004,0.13902211704229941
MAPK1,9,PDS5B;S1176;,0.0048002495014544825,0.9951997504985456
MAPK1,9,PDXDC1;T554;,0.873247669720319,0.12675233027968097
MAPK1,9,PELO;S55;,0.049065230459978015,0.9509347695400222
MAPK1,9,PEX1;S1209;,0.008270923995714616,0.9917290760042854
MAPK1,9,PFKFB2;S469;,0.014554655853907182,0.9854453441460929
MAPK1,9,PHF1;S410;,0.8056284061743695,0.1943715938256306
MAPK1,9,PHF1;S415;,0.9091511772684023,0.0908488227315978
MAPK1,9,PHF2;S782;,0.8885663399537631,0.11143366004623712
MAPK1,9,PHIP;S1251;,0.007179762386920476,0.9928202376130795
MAPK1,9,PHLDB1;S431;,0.008553881620825632,0.9914461183791744
MAPK1,9,PHLDB1;S534;,0.020607773899124434,0.9793922261008755
MAPK1,9,PHLDB2;S241;,0.012294258827947758,0.9877057411720523
MAPK1,9,PI4K2A;S43;,0.03562687497342895,0.964373125026571
MAPK1,9,PI4K2A;S46;,0.34856642068482196,0.6514335793151782
MAPK1,9,PI4K2A;S461;,0.009159063337065324,0.9908409366629348
MAPK1,9,PI4K2A;S50;,0.9463804459332421,0.053619554066757884
MAPK1,9,PID1;S230;,0.04866619426604131,0.9513338057339586
MAPK1,9,PID1;S231;,0.007978646136045339,0.9920213538639545
MAPK1,9,PID1;S232;,0.0055376129805214695,0.9944623870194786
MAPK1,9,PID1;S242;,0.03792662835823697,0.9620733716417629
MAPK1,9,PIEZO1;S1370;,0.9212988907775751,0.07870110922242461
MAPK1,9,PIK3C2A;S261;,0.44051912404589233,0.5594808759541074
MAPK1,9,PLEC;S4246;,0.02897848588121972,0.9710215141187805
MAPK1,9,PLEC;S4249;,0.027636547155228647,0.9723634528447713
MAPK1,9,PNISR;S290;,0.01138212467126902,0.9886178753287309
MAPK1,9,POM121;S370;,0.0727777712128031,0.9272222287871968
MAPK1,9,PPAN;S233;,0.020097119388885705,0.9799028806111143
MAPK1,9,PPAN;S238;,0.014413925048919347,0.9855860749510809
MAPK1,9,PPAN;S240;,0.015305438997158468,0.9846945610028415
MAPK1,9,PPP1R12C;S508;,0.8295873267767558,0.17041267322324427
MAPK1,9,PPP1R13L;S110;,0.9391914726714835,0.060808527328516486
MAPK1,9,PPP1R13L;S154;,0.5727087722782773,0.42729122772172257
MAPK1,9,PPP1R13L;S360;,0.9227348147113043,0.07726518528869565
MAPK1,9,PPP6R2;S629;,0.8511969489653447,0.14880305103465516
MAPK1,9,PPP6R2;S719;,0.8254582578109866,0.17454174218901328
MAPK1,9,PRKAA1;S496;,0.0074230452628671695,0.9925769547371331
MAPK1,9,PRKAB1;S108;,0.017091402846807206,0.9829085971531929
MAPK1,9,PRRC2A;S765;,0.049071375687327765,0.9509286243126721
MAPK1,9,PRRC2B;S259;,0.019396728722041172,0.9806032712779589
MAPK1,9,PSMA5;T55;,0.01771835778219596,0.9822816422178042
MAPK1,9,PSMC3;S12;,0.7612171911541051,0.23878280884589487
MAPK1,9,PSMC3;S9;,0.8087060734846828,0.1912939265153171
MAPK1,9,PTPN12;T544;,0.0572351614979091,0.9427648385020907
MAPK1,9,PTPN21;S599;,0.007679733806572881,0.992320266193427
MAPK1,9,PTPN21;S762;,0.03857143312311228,0.9614285668768878
MAPK1,9,PTRF;S169;,0.04140607101106997,0.9585939289889301
MAPK1,9,PTRF;S171;,0.0450625130283051,0.9549374869716949
MAPK1,9,PUM2;S82;,0.7220802018948618,0.27791979810513834
MAPK1,9,PXN;S106;,0.021153431740063827,0.9788465682599361
MAPK1,9,PXN;S137;,0.03454396165175703,0.965456038348243
MAPK1,9,PXN;S83;,0.8609036350561162,0.13909636494388367
MAPK1,9,RABGEF1;T142;,0.0671723981548815,0.9328276018451185
MAPK1,9,RAF1;S295;,0.08106241974556311,0.9189375802544371
MAPK1,9,RAF1;S296;,0.3632694295150086,0.6367305704849914
MAPK1,9,RAI14;T249;,0.6813559348196079,0.31864406518039196
MAPK1,9,RANBP10;S481;,0.017929090226620578,0.9820709097733793
MAPK1,9,RANBP3;S58;,0.013071044947081252,0.9869289550529189
MAPK1,9,RAPGEF1;S306;,0.026293953075717132,0.9737060469242829
MAPK1,9,RAPGEF1;S308;,0.011366079615924592,0.9886339203840755
MAPK1,9,RAVER1;S576;,0.359160533841151,0.640839466158849
MAPK1,9,RB1CC1;S243;,0.6521325880862268,0.34786741191377324
MAPK1,9,RBM3;S145;,0.01185762921239325,0.9881423707876066
MAPK1,9,RBM7;S72;,0.013110146942872047,0.9868898530571278
MAPK1,9,RFX7;S1177;,0.011645067786189414,0.9883549322138105
MAPK1,9,RGD1307838;S900;,0.005061250291268834,0.9949387497087313
MAPK1,9,RGD1307838;S903;,0.00989456253402554,0.9901054374659746
MAPK1,9,RGD1308297;S518;,0.07953672689026173,0.9204632731097383
MAPK1,9,RGD1309586;S243;,0.007244114784880666,0.9927558852151191
MAPK1,9,RGD1309586;S59;,0.017181214376356165,0.982818785623644
MAPK1,9,RGD1310016;S1171;,0.028760253732751415,0.9712397462672485
MAPK1,9,RGD1311783;S45;,0.017720975267507124,0.982279024732493
MAPK1,9,RGD1311783;S46;,0.015861594600907022,0.984138405399093
MAPK1,9,RGD1560225;S763;,0.2714316518059917,0.7285683481940082
MAPK1,9,RGD1561609;S759;,0.012768833638291194,0.9872311663617089
MAPK1,9,RGD1562639;S1035;,0.0068163181265895,0.9931836818734106
MAPK1,9,RGD1566017;S802;,0.0087013231271576,0.9912986768728426
MAPK1,9,RIN2;S494;,0.011606619173845562,0.9883933808261544
MAPK1,9,RIPK2;S412;,0.020336105183352833,0.9796638948166474
MAPK1,9,RNF40;S586;,0.013098407169262541,0.9869015928307375
MAPK1,9,RPS6KA3;S715;,0.2557980530642422,0.7442019469357578
MAPK1,9,RPS6KA4;S681;,0.025730933621878494,0.9742690663781214
MAPK1,9,RPS6KA4;S682;,0.32714456108880274,0.6728554389111969
MAPK1,9,RPS6KB1;S404;,0.03597233360128941,0.9640276663987105
MAPK1,9,RPTOR;S863;,0.848832233183091,0.15116776681690908
MAPK1,9,RRP1B;S524;,0.537071164743613,0.4629288352563868
MAPK1,9,RRP1B;T521;,0.6082820312886651,0.3917179687113348
MAPK1,9,RTF1;S416;,0.01353214546557789,0.9864678545344221
MAPK1,9,RUFY1;S50;,0.2803952308440225,0.7196047691559776
MAPK1,9,RUNX1T1;T568;,0.6889493534726943,0.31105064652730563
MAPK1,9,SAMD4B;S271;,0.9552368397175223,0.04476316028247775
MAPK1,9,SAP30L;T91;,0.03617110111576493,0.9638288988842353
MAPK1,9,SBF1;S1141;,0.029046068070816247,0.9709539319291837
MAPK1,9,SCRIB;S1315;,0.8430721650037973,0.1569278349962026
MAPK1,9,SCRIB;S1529;,0.0580938448368876,0.9419061551631124
MAPK1,9,SENP7;S47;,0.8476109107858989,0.1523890892141011
MAPK1,9,SETD2;S511;,0.686444312182596,0.31355568781740417
MAPK1,9,SF3B1;T326;,0.06488083397252016,0.9351191660274799
MAPK1,9,SFPQ;T586;,0.626814940772969,0.3731850592270311
MAPK1,9,SGTA;S306;,0.011514611794016413,0.9884853882059834
MAPK1,9,SGTA;S308;,0.02176806192649093,0.978231938073509
MAPK1,9,SH3BP5;S420;,0.023606017770623405,0.9763939822293767
MAPK1,9,SH3D19;S274;,0.8791778758382699,0.1208221241617302
MAPK1,9,SH3PXD2A;S368;,0.015551316156694988,0.984448683843305
MAPK1,9,SH3PXD2A;S495;,0.3312209976360474,0.6687790023639526
MAPK1,9,SH3PXD2A;S956;,0.005706553919741524,0.9942934460802584
MAPK1,9,SHC3;S359;,0.5935845370965587,0.40641546290344116
MAPK1,9,SIK2;S673;,0.032353667200560376,0.9676463327994397
MAPK1,9,SIPA1L1;S1408;,0.017719789137197146,0.9822802108628029
MAPK1,9,SIPA1L1;S1411;,0.017833326194482708,0.9821666738055171
MAPK1,9,SIPA1L1;S288;,0.007270097808400021,0.9927299021915998
MAPK1,9,SLC2A13;S38;,0.017049818291315157,0.9829501817086849
MAPK1,9,SLC2A13;S44;,0.017010984241966367,0.9829890157580338
MAPK1,9,SLC2A13;S47;,0.01726996329456555,0.9827300367054341
MAPK1,9,SLC4A7;S1171;,0.018788245291812923,0.9812117547081871
MAPK1,9,SLC4A7;S263;,0.017932925183394167,0.9820670748166059
MAPK1,9,SLK;S778;,0.016110292994037035,0.9838897070059632
MAPK1,9,SMCR7L;S59;,0.8853278850033216,0.11467211499667812
MAPK1,9,SMCR8;S416;,0.01990223510506613,0.9800977648949338
MAPK1,9,SMCR8;S486;,0.018133327544395197,0.9818666724556048
MAPK1,9,SMCR8;S488;,0.025905796880327934,0.9740942031196723
MAPK1,9,SMCR8;S491;,0.017720833207287328,0.9822791667927128
MAPK1,9,SMCR8;S497;,0.033055374920491064,0.9669446250795091
MAPK1,9,SMG6;S537;,0.8054199721253436,0.19458002787465634
MAPK1,9,SNW1;S224;,0.02965861735902033,0.9703413826409797
MAPK1,9,SNX8;S454;,0.7425713215304411,0.25742867846955864
MAPK1,9,SON;S94;,0.0069482598447010895,0.9930517401552987
MAPK1,9,SORBS1;S857;,0.6081741518996697,0.3918258481003302
MAPK1,9,SOS1;S1120;,0.019278809731833685,0.9807211902681662
MAPK1,9,SOX6;S399;,0.8626041849608509,0.13739581503914905
MAPK1,9,SOX6;S402;,0.8639608569801879,0.13603914301981207
MAPK1,9,SOX6;T401;,0.08312642929549866,0.9168735707045015
MAPK1,9,SPAG7;S219;,0.008046500296897241,0.9919534997031026
MAPK1,9,SPAG9;S203;,0.022725826999675135,0.9772741730003249
MAPK1,9,SPAG9;S716;,0.013989093813747024,0.986010906186253
MAPK1,9,SPHK2;S379;,0.027506681443686905,0.9724933185563129
MAPK1,9,SRPK2;S487;,0.012842565067813339,0.9871574349321866
MAPK1,9,SRRM2;S2228;,0.2412478380131428,0.7587521619868574
MAPK1,9,SRRM2;S2338;,0.5,0.5
MAPK1,9,SRSF10;S131;,0.0277265016754078,0.9722734983245921
MAPK1,9,SRSF11;S200;,0.5904666249228344,0.40953337507716564
MAPK1,9,STARD13;S334;,0.6372371677279002,0.3627628322721
MAPK1,9,STAT3;S727;,0.5270779743670105,0.47292202563298946
MAPK1,9,STIM1;S257;,0.021007544979163104,0.9789924550208369
MAPK1,9,STIM1;S523;,0.022205449223821894,0.9777945507761782
MAPK1,9,STIM1;S524;,0.01818713736062539,0.9818128626393745
MAPK1,9,STIM2;S675;,0.01659944864157546,0.9834005513584245
MAPK1,9,STK11IP;S443;,0.6319305824109862,0.36806941758901396
MAPK1,9,STK3;S385;,0.3818744338980314,0.6181255661019686
MAPK1,9,STMN1;S16;,0.011609903341505268,0.9883900966584946
MAPK1,9,STMN1;S25;,0.5891390936473107,0.41086090635268924
MAPK1,9,STMN1;S38;,0.8739266475488197,0.12607335245118037
MAPK1,9,STRN3;S227;,0.4098096202177241,0.5901903797822762
MAPK1,9,SUN2;S12;,0.010984485574041414,0.9890155144259586
MAPK1,9,SVIL;S1177;,0.26575827490493303,0.7342417250950671
MAPK1,9,SVIL;S259;,0.00647634158790326,0.9935236584120968
MAPK1,9,SVIL;S531;,0.2525593026384173,0.7474406973615827
MAPK1,9,SYNPO2L;S401;,0.013224472351610155,0.9867755276483899
MAPK1,9,SYNPO2L;T141;,0.03145401802491208,0.968545981975088
MAPK1,9,SZT2;S1641;,0.020564228130003956,0.979435771869996
MAPK1,9,TACC2;S575;,0.9091975726846303,0.09080242731536978
MAPK1,9,TANC2;S1447;,0.02752042748052865,0.9724795725194711
MAPK1,9,TBC1D1;S231;,0.019959424757883187,0.980040575242117
MAPK1,9,TBC1D1;S662;,0.019275562770276804,0.9807244372297231
MAPK1,9,TBC1D1;T590;,0.03077186571289871,0.9692281342871013
MAPK1,9,TBC1D16;S382;,0.01397458686662296,0.9860254131333768
MAPK1,9,TCF12;S583;,0.005729298208080486,0.9942707017919196
MAPK1,9,TDRD3;S256;,0.0064243236537488545,0.9935756763462513
MAPK1,9,TENC1;T996;,0.2577954559109741,0.742204544089026
MAPK1,9,TFE3;S531;,0.01773442007883659,0.9822655799211634
MAPK1,9,TJP1;S1602;,0.7852518311267745,0.21474816887322531
MAPK1,9,TJP1;S1604;,0.016972757753017133,0.9830272422469829
MAPK1,9,TJP2;S147;,0.036060794234704985,0.963939205765295
MAPK1,9,TMEM245;S327;,0.9240377633366339,0.07596223666336609
MAPK1,9,TMEM55A;S14;,0.020959144033022414,0.9790408559669778
MAPK1,9,TNKS1BP1;S1642;,0.009049549406786232,0.9909504505932136
MAPK1,9,TNRC6B;S306;,0.5829637318058624,0.41703626819413775
MAPK1,9,TNRC6B;S421;,0.6898969976288936,0.31010300237110644
MAPK1,9,TRAK1;S390;,0.7145353779572085,0.2854646220427916
MAPK1,9,TRAK1;S905;,0.02448975272703922,0.9755102472729609
MAPK1,9,TRAPPC12;S314;,0.7991233114574202,0.20087668854257998
MAPK1,9,TRIM28;S474;,0.012753925037731586,0.9872460749622685
MAPK1,9,TRIO;S2459;,0.6588450001973561,0.34115499980264385
MAPK1,9,TRIO;S2463;,0.8806952300420695,0.11930476995793038
MAPK1,9,TRIP12;T1454;,0.046473664967176684,0.9535263350328232
MAPK1,9,TSC2;S939;,0.005883787118274683,0.9941162128817255
MAPK1,9,TSSC4;S190;,0.5091183565302908,0.4908816434697092
MAPK1,9,TTN;S305;,0.01877464580456983,0.9812253541954301
MAPK1,9,UBA1;S13;,0.012138618720216574,0.9878613812797834
MAPK1,9,UBA5;S380;,0.006864377296830249,0.9931356227031698
MAPK1,9,UBE2O;S835;,0.8240828796177379,0.1759171203822622
MAPK1,9,UBE2O;T830;,0.027365884878952695,0.9726341151210475
MAPK1,9,UBE4B;S88;,0.3887092555214181,0.6112907444785819
MAPK1,9,ULK1;S450;,0.30444751725792435,0.6955524827420756
MAPK1,9,ULK1;S465;,0.017082843498765682,0.9829171565012343
MAPK1,9,ULK1;S477;,0.7486864712213106,0.25131352877868934
MAPK1,9,ULK1;S479;,0.6676798222285975,0.33232017777140255
MAPK1,9,ULK1;S637;,0.015777943071051344,0.9842220569289485
MAPK1,9,ULK1;T468;,0.048444147008807406,0.9515558529911926
MAPK1,9,ULK1;T659;,0.026171171514506614,0.9738288284854935
MAPK1,9,USP10;S224;,0.8802405455015248,0.11975945449847525
MAPK1,9,VAPA;S164;,0.01561401379888672,0.9843859862011133
MAPK1,9,VIM;S420;,0.018584123585361396,0.9814158764146386
MAPK1,9,VIM;S430;,0.025771840043570287,0.9742281599564298
MAPK1,9,VIM;T426;,0.018770259551400457,0.9812297404485995
MAPK1,9,VPS26B;S304;,0.017787954194243394,0.9822120458057566
MAPK1,9,WIPF2;S235;,0.6214772247740096,0.3785227752259906
MAPK1,9,WNK1;S165;,0.029707400940731637,0.9702925990592685
MAPK1,9,WWC3;S955;,0.00982335473335975,0.9901766452666402
MAPK1,9,YAP1;S46;,0.021400998776780283,0.9785990012232196
MAPK1,9,ZC3H13;S368;,0.01876849200776474,0.9812315079922352
MAPK1,9,ZC3HAV1;S307;,0.7705879500611413,0.22941204993885858
MAPK1,9,ZC3HAV1;S325;,0.019169126338930614,0.9808308736610695
MAPK1,9,ZC3HAV1;S544;,0.4088260589245253,0.5911739410754747
MAPK1,9,ZC3HC1;S343;,0.7210205272193922,0.2789794727806079
MAPK1,9,ZC3HC1;T351;,0.10491257991447923,0.8950874200855206
MAPK1,9,ZFP295;S411;,0.009880735312231105,0.9901192646877689
MAPK1,9,ZFYVE16;S903;,0.017268660289022304,0.9827313397109778
MAPK1,9,ZNRF2;S148;,0.02713566119676928,0.9728643388032309
MAPK1,9,ZNRF2;S154;,0.7297644396042245,0.27023556039577523
MAPK1,9,ZNRF2;S18;,0.01384348151806502,0.986156518481935
MAPK1,9,ZNRF2;S81;,0.012805214409848253,0.9871947855901516
MAPK1,9,ZYX;S143;,0.02466051698864122,0.9753394830113586
MAPK1,9,ZYX;S144;,0.021118209744696574,0.9788817902553035
MAPK1,9,ZYX;S336;,0.41501062920882165,0.5849893707911784
MAPK1,9,ZZEF1;S1516;,0.9222431465367907,0.07775685346320939
MAPK1,9,ZZEF1;S1535;,0.007046012020045035,0.9929539879799549
MAPK1,10,AAK1;S677;,0.005040017006561932,0.9949599829934381
MAPK1,10,ABCC4;S604;,0.43433610742970735,0.5656638925702927
MAPK1,10,ABI2;S165;,0.015151180716771323,0.9848488192832289
MAPK1,10,ABI2;S168;,0.009067660408355225,0.9909323395916448
MAPK1,10,ABL2;S799;,0.0038677168049631267,0.996132283195037
MAPK1,10,ABLIM3;S566;,0.09774774925262471,0.9022522507473753
MAPK1,10,ABLIM3;S575;,0.014608249823974708,0.9853917501760254
MAPK1,10,ACACA;S79;,0.02311182767644495,0.9768881723235551
MAPK1,10,ACIN1;S711;,0.009032135526229657,0.9909678644737704
MAPK1,10,ADD1;S613;,0.018563323551117384,0.9814366764488827
MAPK1,10,ADD1;T614;,0.15657533061923523,0.8434246693807648
MAPK1,10,ADNP;S971;,0.2746822299370138,0.7253177700629859
MAPK1,10,AFF4;S823;,0.032642372592925455,0.9673576274070744
MAPK1,10,AGAP3;S107;,0.4406462489959161,0.5593537510040839
MAPK1,10,AHCTF1;S1214;,0.019574130933653976,0.9804258690663458
MAPK1,10,AHNAK;S1191;,0.030642077952619765,0.9693579220473802
MAPK1,10,AHNAK;S177;,9.478685913042935e-06,0.9999905213140869
MAPK1,10,AHNAK;S2060;,0.04242195482500282,0.9575780451749971
MAPK1,10,AHNAK;S211;,0.0054744516218028175,0.9945255483781972
MAPK1,10,AHNAK;S2117;,0.030539467690336358,0.9694605323096637
MAPK1,10,AHNAK;S222;,0.019575549981522673,0.9804244500184774
MAPK1,10,AHNAK;S3915;,0.017481890525900615,0.9825181094740992
MAPK1,10,AHNAK;S42;,0.09448710670762037,0.9055128932923798
MAPK1,10,AHNAK;S4597;,0.1089232424864701,0.8910767575135298
MAPK1,10,AHNAK;S5243;,0.5060910300537286,0.4939089699462713
MAPK1,10,AHNAK;T4049;,0.013021214150396485,0.9869787858496036
MAPK1,10,AHNAK2;S425;,0.0926085222565896,0.9073914777434104
MAPK1,10,AHNAK2;T438;,0.004696939048340845,0.9953030609516592
MAPK1,10,AIMP1;S110;,0.005028606084981182,0.9949713939150185
MAPK1,10,AJUBA;S129;,0.8191353128328167,0.18086468716718349
MAPK1,10,AKAP1;S103;,0.02840665291753531,0.9715933470824645
MAPK1,10,AKAP10;S278;,0.011283872965866125,0.9887161270341339
MAPK1,10,AKAP11;S1090;,0.01641252677903142,0.9835874732209687
MAPK1,10,AKAP11;S21;,0.004226695182578867,0.9957733048174212
MAPK1,10,AKAP11;S23;,0.007803927935758904,0.9921960720642412
MAPK1,10,AKAP11;S448;,0.19788626930458914,0.8021137306954107
MAPK1,10,AKAP13;S2515;,0.01636418342519527,0.9836358165748047
MAPK1,10,AKAP2;S152;,0.8047920881725775,0.19520791182742228
MAPK1,10,AKAP2;S730;,0.009189575005599483,0.9908104249944005
MAPK1,10,AKAP6;S562;,0.024247515785755763,0.9757524842142443
MAPK1,10,AKAP9;S3669;,0.019430553007668595,0.9805694469923313
MAPK1,10,AKT1S1;S184;,1.821378058741585e-05,0.9999817862194126
MAPK1,10,AKT1S1;T247;,0.004209685206349637,0.9957903147936505
MAPK1,10,ALKBH5;S362;,0.007804495558204863,0.9921955044417949
MAPK1,10,ALKBH5;S376;,0.0026215921860336744,0.9973784078139661
MAPK1,10,AMOTL1;S580;,0.022686587626385778,0.977313412373614
MAPK1,10,ANP32A;S15;,0.007399482719653508,0.9926005172803465
MAPK1,10,AP3D1;S755;,0.010417276984840431,0.9895827230151597
MAPK1,10,ARFGAP2;S145;,0.2220809636176097,0.7779190363823901
MAPK1,10,ARFGEF2;S214;,7.709314263360862e-06,0.9999922906857367
MAPK1,10,ARFIP1;S39;,0.018369117078807354,0.9816308829211927
MAPK1,10,ARHGAP17;S710;,0.01793361034317411,0.9820663896568259
MAPK1,10,ARHGAP22;S200;,0.6648259180284506,0.33517408197154924
MAPK1,10,ARHGAP22;S236;,0.012657808472481784,0.9873421915275182
MAPK1,10,ARHGAP35;S1174;,0.008559636596525259,0.9914403634034745
MAPK1,10,ARHGAP39;S284;,0.01478174139882755,0.9852182586011724
MAPK1,10,ARHGAP5;S1195;,0.0064793644421494425,0.9935206355578508
MAPK1,10,ARHGAP5;S1202;,0.2704325933320702,0.7295674066679299
MAPK1,10,ARHGAP5;S967;,0.1776937484492926,0.8223062515507075
MAPK1,10,ARHGEF12;S337;,0.005874998683983644,0.9941250013160163
MAPK1,10,ARHGEF12;S341;,0.26625396087368425,0.7337460391263156
MAPK1,10,ARHGEF17;S995;,0.02484929113822843,0.9751507088617714
MAPK1,10,ARHGEF5;S721;,0.004785707959548745,0.9952142920404514
MAPK1,10,ARPP21;S256;,0.024689987365341358,0.9753100126346584
MAPK1,10,ATF7;T53;,0.026528345738441282,0.9734716542615588
MAPK1,10,ATG14;S5;,1.8999151968793004e-05,0.9999810008480312
MAPK1,10,ATG2A;S1246;,0.0545790589617338,0.9454209410382662
MAPK1,10,ATG2B;S240;,0.3697758765176123,0.6302241234823878
MAPK1,10,ATG2B;S255;,0.04293747528227102,0.9570625247177291
MAPK1,10,ATRX;S761;,0.006628933287512554,0.9933710667124874
MAPK1,10,ATXN2;S622;,0.35096196672878044,0.6490380332712197
MAPK1,10,ATXN2L;S109;,0.3103652345985864,0.6896347654014136
MAPK1,10,ATXN2L;S447;,0.8233530490194628,0.1766469509805374
MAPK1,10,AZI1;S114;,0.01855053563748933,0.9814494643625106
MAPK1,10,AZI1;S304;,0.003473421867389215,0.9965265781326109
MAPK1,10,BAD;S171;,0.025573722491575305,0.9744262775084247
MAPK1,10,BAG3;S271;,0.03985099040917496,0.960149009590825
MAPK1,10,BAG3;S387;,0.006262277877601921,0.993737722122398
MAPK1,10,BAG3;S388;,0.09889399540918532,0.9011060045908148
MAPK1,10,BAIAP2L1;S218;,0.08214303341804409,0.917856966581956
MAPK1,10,BAIAP2L1;S380;,0.025663450137233104,0.9743365498627672
MAPK1,10,BAZ2A;S1388;,0.6994725490850032,0.3005274509149969
MAPK1,10,BBX;S243;,0.1609866528015437,0.8390133471984562
MAPK1,10,BCL9L;S116;,0.003970467961002459,0.9960295320389975
MAPK1,10,BCL9L;S21;,0.019878437687078622,0.9801215623129212
MAPK1,10,BCL9L;S25;,0.9219936691449031,0.0780063308550969
MAPK1,10,BICD2;S611;,0.6679573397394832,0.3320426602605168
MAPK1,10,BICD2;S819;,1.0238999827286277e-05,0.9999897610001728
MAPK1,10,BRAF;S134;,0.4032860880511907,0.5967139119488092
MAPK1,10,BRD8;S274;,0.9219261768892362,0.07807382311076391
MAPK1,10,BRD8;T270;,0.01853647982917854,0.9814635201708215
MAPK1,10,BSDC1;S216;,0.005058264617425029,0.994941735382575
MAPK1,10,C2CD4C;S262;,0.0034577937801924916,0.9965422062198074
MAPK1,10,CACNB1;S53;,0.013139775965112526,0.9868602240348877
MAPK1,10,CALD1;S527;,0.014329557136824073,0.985670442863176
MAPK1,10,CAMK2D;T371;,0.047159961680337835,0.9528400383196624
MAPK1,10,CAMSAP1;S1154;,0.5837940269697591,0.41620597303024104
MAPK1,10,CAMSAP1;S517;,0.02438010692712463,0.9756198930728752
MAPK1,10,CAP2;S301;,0.048647406124090325,0.9513525938759096
MAPK1,10,CBX5;S93;,0.010120542662507916,0.989879457337492
MAPK1,10,CCDC6;S143;,0.3825614876625366,0.6174385123374634
MAPK1,10,CCDC88A;S1638;,0.004374225955358192,0.9956257740446417
MAPK1,10,CCDC91;S71;,0.01936763151954237,0.9806323684804574
MAPK1,10,CDC42EP2;S137;,0.6567504305579022,0.34324956944209795
MAPK1,10,CDC42EP2;S141;,0.7385449761782664,0.2614550238217338
MAPK1,10,CDC42EP4;S140;,0.6638158440331807,0.33618415596681933
MAPK1,10,CDKN1A;S69;,0.07901343760351356,0.9209865623964862
MAPK1,10,CDKN1B;S12;,0.0033000291755966387,0.9966999708244034
MAPK1,10,CDKN1B;S7;,0.005375746514288106,0.994624253485712
MAPK1,10,CEP170B;S1166;,0.009868415419610177,0.9901315845803899
MAPK1,10,CEP68;S503;,0.0067476801373440535,0.993252319862656
MAPK1,10,CEP68;S510;,0.9219762494195511,0.07802375058044887
MAPK1,10,CHAMP1;S532;,0.906653178109191,0.09334682189080912
MAPK1,10,CHD8;S549;,0.028147230203841134,0.9718527697961591
MAPK1,10,CHRND;S379;,0.03283396254407877,0.9671660374559211
MAPK1,10,CIC;S1394;,0.005438179137354693,0.9945618208626452
MAPK1,10,CIC;S1399;,9.36761925467167e-06,0.9999906323807454
MAPK1,10,CLASP2;S331;,0.02266318480368071,0.9773368151963193
MAPK1,10,CLIP1;S159;,0.20691373902374208,0.7930862609762579
MAPK1,10,COBL;S31;,0.01887849922212641,0.9811215007778739
MAPK1,10,COBL;S34;,0.01862739804784582,0.9813726019521541
MAPK1,10,COG3;S536;,0.021927070323544306,0.9780729296764556
MAPK1,10,CORO7;S298;,0.01793315990943119,0.9820668400905688
MAPK1,10,DAB2IP;S802;,0.21995952371163374,0.7800404762883661
MAPK1,10,DAP;S2;,1.351226597183297e-05,0.9999864877340281
MAPK1,10,DAP;S3;,0.009884620486438385,0.9901153795135615
MAPK1,10,DBNDD1;S123;,0.005777809325110083,0.99422219067489
MAPK1,10,DCAF6;S336;,0.020002309851059656,0.9799976901489403
MAPK1,10,DCLK1;S30;,0.022863844910450477,0.9771361550895494
MAPK1,10,DDX19A;S86;,0.7576758934538146,0.2423241065461856
MAPK1,10,DDX3X;S261;,0.15746545967165945,0.8425345403283406
MAPK1,10,DENND4C;S1037;,0.01974847105795038,0.9802515289420498
MAPK1,10,DLG2;S323;,0.8930367538950904,0.10696324610490938
MAPK1,10,DLG2;S328;,0.45159957784008586,0.5484004221599141
MAPK1,10,DMXL1;S574;,0.02798117447036428,0.9720188255296356
MAPK1,10,DNAJC2;T48;,0.005675505048143983,0.9943244949518559
MAPK1,10,DNAJC25;T353;,0.009129982307722015,0.9908700176922778
MAPK1,10,DOCK6;S1339;,0.00702020179777832,0.9929797982022218
MAPK1,10,DOCK7;S1361;,0.004577725151239246,0.9954222748487609
MAPK1,10,DOCK7;S2107;,0.006468844110474422,0.9935311558895255
MAPK1,10,DOPEY1;S1261;,0.006120708670523504,0.9938792913294766
MAPK1,10,DTNA;S606;,0.07091442549719303,0.929085574502807
MAPK1,10,DUSP27;S366;,0.010500280341595128,0.9894997196584048
MAPK1,10,DUSP27;S368;,0.006981258496442327,0.9930187415035578
MAPK1,10,DUSP27;S370;,0.006106325164141114,0.9938936748358588
MAPK1,10,DUSP27;S427;,0.00861554261600963,0.9913844573839904
MAPK1,10,DYNC1H1;S4365;,0.007419181198468337,0.9925808188015316
MAPK1,10,DYNC1I2;S81;,0.9613700872191289,0.038629912780871134
MAPK1,10,EEF2;T57;,0.04783895385279975,0.9521610461472001
MAPK1,10,EEF2K;S365;,0.0208956835344445,0.9791043164655556
MAPK1,10,EHBP1L1;S1363;,0.019062699079897813,0.9809373009201021
MAPK1,10,EHD4;S459;,0.17794814180756102,0.8220518581924392
MAPK1,10,EIF3A;S584;,0.0035531706134046283,0.9964468293865953
MAPK1,10,EIF4B;S422;,0.02528589868629481,0.9747141013137054
MAPK1,10,EIF4B;S424;,0.0125507837911861,0.9874492162088139
MAPK1,10,EIF4B;S425;,0.01594544893212491,0.984054551067875
MAPK1,10,EIF4B;T420;,0.0051002582973785045,0.9948997417026215
MAPK1,10,EIF4EBP1;S64;,0.3136982439876663,0.6863017560123335
MAPK1,10,EIF4EBP2;S2;,1.6260566570174457e-05,0.9999837394334299
MAPK1,10,EIF5B;S183;,0.00927197297663759,0.9907280270233625
MAPK1,10,ELMSAN1;S456;,0.014248893294179289,0.9857511067058209
MAPK1,10,EPS8;S659;,0.02125910124941064,0.9787408987505894
MAPK1,10,ETL4;S1844;,0.9219580872062137,0.07804191279378608
MAPK1,10,ETV3;S139;,0.09887427867770651,0.9011257213222933
MAPK1,10,FAM120C;S55;,0.3854154391919543,0.6145845608080457
MAPK1,10,FAM134C;S313;,0.01841780875634811,0.9815821912436518
MAPK1,10,FAM134C;S320;,0.01950976068322121,0.9804902393167787
MAPK1,10,FAM171A2;S423;,0.0070189496743282564,0.9929810503256717
MAPK1,10,FAM65A;S752;,0.013020531769375213,0.9869794682306247
MAPK1,10,FBXO30;S379;,0.2557593027452961,0.7442406972547039
MAPK1,10,FHOD1;S489;,0.022964408615191594,0.9770355913848083
MAPK1,10,FHOD1;S501;,0.9227302732758156,0.0772697267241843
MAPK1,10,FHOD1;S504;,0.31288966419529857,0.6871103358047015
MAPK1,10,FHOD1;S513;,0.0065832832163353686,0.9934167167836646
MAPK1,10,FHOD1;S523;,0.7778624452100106,0.2221375547899894
MAPK1,10,FLNC;S2147;,0.0028324850802642926,0.9971675149197358
MAPK1,10,FLNC;S2234;,0.011593145034179913,0.9884068549658199
MAPK1,10,FMN1;S589;,0.21386374545595757,0.7861362545440427
MAPK1,10,FOSL2;S320;,0.15994897428624835,0.8400510257137515
MAPK1,10,FOSL2;T322;,0.00357000716012231,0.9964299928398777
MAPK1,10,FOXK1;S225;,0.47050359401949854,0.5294964059805015
MAPK1,10,FOXK2;T200;,0.05926042122959631,0.9407395787704037
MAPK1,10,FOXO3;S252;,0.007849673227885143,0.9921503267721151
MAPK1,10,FRMD8;S21;,0.0031900454971399415,0.9968099545028598
MAPK1,10,FRYL;T1959;,0.004465153367261077,0.995534846632739
MAPK1,10,GAB1;S418;,0.009168816085690493,0.9908311839143096
MAPK1,10,GAB2;S142;,0.12450981893234123,0.8754901810676589
MAPK1,10,GAB2;S143;,0.5689961769506708,0.4310038230493291
MAPK1,10,GAB2;S211;,0.016362021961687602,0.9836379780383123
MAPK1,10,GAB2;S365;,0.10976850778160163,0.8902314922183985
MAPK1,10,GAB2;T388;,1.9050802897883045e-05,0.999980949197102
MAPK1,10,GATAD2A;S103;,0.020340000615041466,0.9796599993849583
MAPK1,10,GATAD2A;S96;,0.020517260062018865,0.9794827399379812
MAPK1,10,GATAD2B;S338;,0.492694857294436,0.5073051427055639
MAPK1,10,GBF1;S1786;,0.9219900133340028,0.078009986665997
MAPK1,10,GIGYF1;S28;,0.9138893195748687,0.08611068042513143
MAPK1,10,GIT2;S568;,0.008535290431717461,0.9914647095682827
MAPK1,10,GOLGA4;S116;,0.02004278459763155,0.9799572154023686
MAPK1,10,GSK3A;S21;,0.011915414780097859,0.9880845852199023
MAPK1,10,GSK3A;S41;,0.004122600245069319,0.9958773997549307
MAPK1,10,GSK3B;S9;,0.015526829091013716,0.9844731709089863
MAPK1,10,GYS1;S728;,0.9571514668338194,0.042848533166180466
MAPK1,10,HBP1;S401;,0.4730670092433188,0.5269329907566812
MAPK1,10,HBS1L;S147;,0.004101993408070621,0.9958980065919292
MAPK1,10,HDAC6;S21;,0.19200853945533555,0.8079914605446646
MAPK1,10,HECTD1;S1392;,0.07775274699619313,0.9222472530038069
MAPK1,10,HECTD1;S1393;,0.040338659599024156,0.959661340400976
MAPK1,10,HECTD1;S1573;,0.027485505089925165,0.9725144949100749
MAPK1,10,HELB;S944;,0.8692427319518231,0.13075726804817692
MAPK1,10,HERC1;S1163;,0.7667018137453068,0.23329818625469323
MAPK1,10,HERC1;T1154;,0.023093940031933127,0.9769060599680669
MAPK1,10,HIRIP3;S27;,0.10133292068712936,0.8986670793128705
MAPK1,10,HN1L;S97;,0.2116065151614014,0.7883934848385986
MAPK1,10,HOMER3;S158;,0.006706403225825214,0.9932935967741748
MAPK1,10,HUWE1;S1876;,0.008118466263489473,0.9918815337365107
MAPK1,10,HUWE1;S3639;,0.03955292689234247,0.9604470731076575
MAPK1,10,HUWE1;S3898;,0.9136521524805343,0.08634784751946581
MAPK1,10,HUWE1;T3903;,0.7131594334324641,0.28684056656753604
MAPK1,10,IREB2;S178;,0.010016075814148132,0.9899839241858519
MAPK1,10,IRF2BPL;S69;,0.4657875638298908,0.534212436170109
MAPK1,10,ITSN1;S1063;,0.007405370048057967,0.992594629951942
MAPK1,10,ITSN1;S315;,0.013720205777631365,0.9862797942223686
MAPK1,10,JMY;S56;,0.009061040359387644,0.9909389596406124
MAPK1,10,JSRP1;S47;,0.00785617643841495,0.9921438235615848
MAPK1,10,KANK2;S358;,0.005073740455513878,0.9949262595444863
MAPK1,10,KCTD3;S809;,0.020461515574821017,0.9795384844251789
MAPK1,10,KDM2A;S718;,0.7526095071748279,0.24739049282517211
MAPK1,10,KDM2A;T713;,0.2802228404272777,0.7197771595727221
MAPK1,10,KDM5C;S316;,0.0033880646874088565,0.9966119353125911
MAPK1,10,KPNA1;S2;,0.0030504463473269685,0.9969495536526732
MAPK1,10,KPNA1;T3;,0.018240454502296707,0.9817595454977033
MAPK1,10,LAMTOR1;S98;,0.0051474222765849455,0.9948525777234153
MAPK1,10,LARP1;S916;,0.022830553826659043,0.9771694461733409
MAPK1,10,LARP1;T932;,0.08593547825237853,0.9140645217476214
MAPK1,10,LARP4B;S498;,0.008173247704300373,0.9918267522956995
MAPK1,10,LDB3;S112;,0.016513493376157377,0.9834865066238426
MAPK1,10,LIMA1;S360;,0.748089692482013,0.2519103075179869
MAPK1,10,LIMA1;S603;,0.5889058260617047,0.4110941739382954
MAPK1,10,LIMA1;S608;,0.8736705661904325,0.1263294338095675
MAPK1,10,LIMA1;S703;,0.6004586214666515,0.39954137853334853
MAPK1,10,LMNA;S404;,0.01594059687092649,0.9840594031290736
MAPK1,10,LMNA;S406;,0.003985540298307003,0.9960144597016928
MAPK1,10,LMNA;S407;,0.010721139638036803,0.9892788603619633
MAPK1,10,LMNA;S423;,0.013205812389553257,0.9867941876104469
MAPK1,10,LMNA;S424;,0.01148961447283885,0.9885103855271611
MAPK1,10,LMO7;S1541;,0.00467752570423829,0.9953224742957616
MAPK1,10,LMO7;S1543;,0.003885616565297115,0.9961143834347032
MAPK1,10,LOC100360205;S239;,0.009751352602574311,0.9902486473974256
MAPK1,10,LOC100365259;S393;,0.004610364263347644,0.9953896357366525
MAPK1,10,LOC100910104;S475;,0.006949673730165282,0.9930503262698346
MAPK1,10,LOC100910104;S532;,0.026550596395301957,0.973449403604698
MAPK1,10,LOC100910104;S719;,0.2843791244773287,0.7156208755226712
MAPK1,10,LOC100910646;S166;,0.012499040129892055,0.9875009598701082
MAPK1,10,LOC100911178;S1643;,0.0297482237792166,0.9702517762207835
MAPK1,10,LOC100911302;S1721;,0.2915727763576717,0.7084272236423284
MAPK1,10,LOC100911677;S490;,0.017571649898989232,0.9824283501010108
MAPK1,10,LOC100912115;S649;,0.28398085216129504,0.7160191478387049
MAPK1,10,LOC312502;S1164;,0.481979481805308,0.518020518194692
MAPK1,10,LOC312502;S138;,0.0186278321508043,0.9813721678491956
MAPK1,10,LOC312502;S139;,0.018408131845333166,0.9815918681546668
MAPK1,10,LOC312502;S483;,0.3927070756177828,0.6072929243822172
MAPK1,10,LOC683007;S1204;,0.7101685220366497,0.28983147796335057
MAPK1,10,LOC683007;S1207;,0.009541513103644858,0.990458486896355
MAPK1,10,LOC684259;S780;,0.020658138164591396,0.9793418618354085
MAPK1,10,LOC685707;S1251;,0.8765340056487858,0.12346599435121412
MAPK1,10,LRRFIP2;S18;,0.006092767049234628,0.9939072329507652
MAPK1,10,LRRFIP2;T136;,0.003482161771266012,0.996517838228734
MAPK1,10,LYSMD1;S33;,0.01911349659103509,0.9808865034089651
MAPK1,10,MACF1;S1376;,0.009834402345546521,0.9901655976544534
MAPK1,10,MACF1;S5293;,0.7555081364343665,0.24449186356563352
MAPK1,10,MAF1;S60;,0.6885987697400608,0.3114012302599392
MAPK1,10,MAP1A;S1757;,0.009243076695784851,0.9907569233042152
MAPK1,10,MAP1A;T2177;,0.04729476127121729,0.9527052387287828
MAPK1,10,MAP1A;T504;,0.18821349032996362,0.8117865096700364
MAPK1,10,MAP1B;S1257;,0.8413489546611893,0.15865104533881094
MAPK1,10,MAP1B;S1389;,0.7651575399030319,0.2348424600969678
MAPK1,10,MAP1B;S1393;,0.11544144641840479,0.8845585535815952
MAPK1,10,MAP1B;T1781;,0.020267514364829278,0.9797324856351708
MAPK1,10,MAP1S;S683;,0.9220271108801109,0.07797288911988898
MAPK1,10,MAP4;S902;,0.021265193345184574,0.9787348066548154
MAPK1,10,MAP4K4;S591;,0.02089188917910009,0.9791081108209
MAPK1,10,MAP4K4;S791;,0.020255334384314972,0.9797446656156851
MAPK1,10,MAP4K4;S794;,0.01947286760323277,0.9805271323967674
MAPK1,10,MAPK1;Y185;,0.0185184045571099,0.9814815954428903
MAPK1,10,MAPK14;Y182;,0.021920681067458342,0.9780793189325414
MAPK1,10,MAPK8;Y185;,0.06291445106974879,0.9370855489302514
MAPK1,10,MARCKS;S141;,0.013929777967867877,0.986070222032132
MAPK1,10,MARK3;S593;,1.707714328929956e-05,0.9999829228567108
MAPK1,10,MARK3;T594;,0.00445466673441831,0.9955453332655817
MAPK1,10,MATR3;S188;,0.0049256504126038774,0.9950743495873959
MAPK1,10,MBD3;S85;,0.006996118601963942,0.993003881398036
MAPK1,10,MBD3;S86;,0.0029366925806503775,0.9970633074193497
MAPK1,10,MDM2;S138;,0.018575476318223042,0.9814245236817769
MAPK1,10,MED1;S1465;,0.21846930182267207,0.7815306981773279
MAPK1,10,MED1;S1467;,0.00363940838126776,0.9963605916187322
MAPK1,10,MED1;S1468;,0.01945485604870692,0.9805451439512932
MAPK1,10,MED24;S860;,0.007091808319079481,0.9929081916809204
MAPK1,10,MED24;S861;,1.6975418622464326e-05,0.9999830245813777
MAPK1,10,MEF2C;S226;,0.02842437320512697,0.9715756267948731
MAPK1,10,MID1;S96;,0.7947835087973809,0.2052164912026191
MAPK1,10,MKL1;S571;,0.6455686889930834,0.35443131100691655
MAPK1,10,MLL2;S2291;,0.3303816243103086,0.6696183756896914
MAPK1,10,MLLT4;S216;,0.0072262833786493385,0.9927737166213508
MAPK1,10,MLLT4;S246;,0.01382280682556976,0.9861771931744301
MAPK1,10,MON2;S197;,1.4552898409757921e-05,0.9999854471015903
MAPK1,10,MPHOSPH10;S168;,0.01886524567306169,0.981134754326938
MAPK1,10,MPRIP;S369;,0.6377783282997878,0.3622216717002122
MAPK1,10,MTFR1L;S100;,0.02473982392014933,0.9752601760798509
MAPK1,10,MTFR1L;S234;,0.018567030358629357,0.9814329696413705
MAPK1,10,MTFR1L;S235;,0.019003257585114793,0.9809967424148851
MAPK1,10,MTSS1L;S575;,0.5,0.5
MAPK1,10,MURC;S20;,0.003233924952530294,0.9967660750474696
MAPK1,10,MUSK;S689;,0.006434127607130832,0.9935658723928691
MAPK1,10,MUSK;S690;,0.5522108060281533,0.44778919397184686
MAPK1,10,MYBBP1A;S1283;,0.7775512109545233,0.22244878904547677
MAPK1,10,MYCBP2;S2750;,0.011892579421931832,0.9881074205780681
MAPK1,10,MYOZ2;T32;,0.4526746783356552,0.5473253216643448
MAPK1,10,NACA;S1125;,0.5617357060586081,0.43826429394139177
MAPK1,10,NACA;S1345;,0.25079941946377055,0.7492005805362297
MAPK1,10,NACA;S1454;,0.6873643550153216,0.3126356449846785
MAPK1,10,NACA;S1720;,0.6183931754550118,0.38160682454498823
MAPK1,10,NACA;S914;,0.524047300795828,0.475952699204172
MAPK1,10,NACA;S942;,0.23499547170414464,0.7650045282958555
MAPK1,10,NCAPH;S24;,0.1504913565450393,0.8495086434549607
MAPK1,10,NCOR1;S363;,0.19275552717825417,0.8072444728217458
MAPK1,10,NCOR2;S1747;,0.5988177502236507,0.40118224977634925
MAPK1,10,NDRG1;S330;,0.026615608784517325,0.9733843912154828
MAPK1,10,NDRG1;T328;,0.004007099754823939,0.9959929002451762
MAPK1,10,NDRG2;T334;,0.008496170459324524,0.9915038295406753
MAPK1,10,NEK9;S16;,0.030541342034663164,0.9694586579653369
MAPK1,10,NEK9;S736;,0.007541847132860352,0.9924581528671396
MAPK1,10,NELFE;S131;,0.009689894154590723,0.9903101058454092
MAPK1,10,NES;S1071;,0.019543979284600232,0.9804560207153996
MAPK1,10,NES;S1123;,9.229275985868921e-06,0.9999907707240142
MAPK1,10,NES;S1131;,0.018041206785552953,0.981958793214447
MAPK1,10,NES;S620;,0.09317994542320009,0.9068200545767999
MAPK1,10,NES;S784;,0.022684720056918004,0.9773152799430821
MAPK1,10,NEXN;S280;,1.4841478932893035e-05,0.9999851585210671
MAPK1,10,NFIX;S265;,0.03581946892950066,0.9641805310704995
MAPK1,10,NHSL1;T1376;,0.3728841529607002,0.6271158470392998
MAPK1,10,NUMA1;S1935;,0.008000030589940369,0.9919999694100595
MAPK1,10,NUMA1;S1958;,0.008308455926361435,0.9916915440736388
MAPK1,10,NUP35;S73;,0.7829616123973775,0.21703838760262245
MAPK1,10,OPTN;S188;,0.018899067616900054,0.9811009323830998
MAPK1,10,PACS2;S319;,0.5780286243469401,0.4219713756530598
MAPK1,10,PAK1;S144;,0.006601122822362273,0.9933988771776378
MAPK1,10,PAK1;S203;,1.6785025998684782e-05,0.9999832149740013
MAPK1,10,PAK2;S197;,0.0039851569453026965,0.9960148430546973
MAPK1,10,PARD3;S715;,0.016220991302579455,0.9837790086974205
MAPK1,10,PARVA;S14;,0.9616247771889537,0.03837522281104638
MAPK1,10,PATL1;S184;,0.6573003278194163,0.3426996721805837
MAPK1,10,PBXIP1;S132;,5.2495459698225415e-06,0.9999947504540301
MAPK1,10,PBXIP1;S133;,0.11158458709134142,0.8884154129086587
MAPK1,10,PCM1;S1280;,0.01883191896589913,0.9811680810341009
MAPK1,10,PCM1;S380;,0.010002674791981057,0.989997325208019
MAPK1,10,PCM1;S384;,0.013733315043385985,0.9862666849566141
MAPK1,10,PDAP1;S176;,0.003975034243057879,0.9960249657569421
MAPK1,10,PDAP1;S178;,8.330446241396003e-06,0.9999916695537585
MAPK1,10,PDCD4;S420;,0.010981739309331148,0.9890182606906689
MAPK1,10,PDCD4;S76;,0.008877406069024646,0.9911225939309755
MAPK1,10,PDLIM7;S209;,0.006047374733589332,0.9939526252664105
MAPK1,10,PDLIM7;T214;,0.007689465534704972,0.992310534465295
MAPK1,10,PDLIM7;T215;,0.23422039826203664,0.7657796017379634
MAPK1,10,PDS5B;S1176;,0.0031640155482305222,0.9968359844517695
MAPK1,10,PDXDC1;T554;,0.17504220550720853,0.8249577944927914
MAPK1,10,PELO;S55;,0.006297128446381494,0.9937028715536184
MAPK1,10,PEX1;S1209;,0.004892496335852773,0.9951075036641471
MAPK1,10,PFKFB2;S469;,0.037645309821896816,0.9623546901781032
MAPK1,10,PHF1;S410;,0.6707634781938803,0.32923652180611973
MAPK1,10,PHF1;S415;,0.74725716113471,0.2527428388652899
MAPK1,10,PHF2;S782;,0.8752188541115699,0.12478114588843014
MAPK1,10,PHIP;S1251;,0.0029700619933826574,0.9970299380066173
MAPK1,10,PHLDB1;S431;,0.008032225444058558,0.9919677745559414
MAPK1,10,PHLDB1;S534;,0.05381267395316245,0.9461873260468376
MAPK1,10,PHLDB2;S241;,0.017850375372939258,0.9821496246270605
MAPK1,10,PI4K2A;S43;,0.009120953030846837,0.9908790469691533
MAPK1,10,PI4K2A;S46;,0.0640476958088069,0.9359523041911934
MAPK1,10,PI4K2A;S461;,0.008001120220050065,0.9919988797799497
MAPK1,10,PI4K2A;S50;,0.9404358140587542,0.05956418594124584
MAPK1,10,PID1;S230;,0.050941108515570856,0.949058891484429
MAPK1,10,PID1;S231;,0.007012134282091419,0.9929878657179088
MAPK1,10,PID1;S232;,0.00931196459311497,0.990688035406885
MAPK1,10,PID1;S242;,6.330423749657331e-06,0.9999936695762504
MAPK1,10,PIEZO1;S1370;,0.9296731030579817,0.07032689694201834
MAPK1,10,PIK3C2A;S261;,0.1613374429300126,0.8386625570699875
MAPK1,10,PLEC;S4246;,0.038410134982985795,0.961589865017014
MAPK1,10,PLEC;S4249;,0.018518578766168692,0.9814814212338313
MAPK1,10,PNISR;S290;,0.005549003503497715,0.9944509964965021
MAPK1,10,POM121;S370;,0.02207434958356034,0.9779256504164399
MAPK1,10,PPAN;S233;,0.020534928714096245,0.9794650712859038
MAPK1,10,PPAN;S238;,0.018517442570543483,0.9814825574294567
MAPK1,10,PPAN;S240;,0.017911015747197404,0.9820889842528023
MAPK1,10,PPP1R12C;S508;,0.838565773595867,0.16143422640413296
MAPK1,10,PPP1R13L;S110;,0.9373124467719869,0.06268755322801318
MAPK1,10,PPP1R13L;S154;,0.27682877383644494,0.7231712261635551
MAPK1,10,PPP1R13L;S360;,0.9220322576008942,0.07796774239910571
MAPK1,10,PPP6R2;S629;,0.7418445235113865,0.25815547648861353
MAPK1,10,PPP6R2;S719;,0.6528465002643152,0.3471534997356847
MAPK1,10,PRKAA1;S496;,0.0075449554358775735,0.9924550445641226
MAPK1,10,PRKAB1;S108;,0.01944442399473301,0.9805555760052671
MAPK1,10,PRRC2A;S765;,0.011392962234852231,0.9886070377651477
MAPK1,10,PRRC2B;S259;,0.029332478248712025,0.970667521751288
MAPK1,10,PSMA5;T55;,0.020329548207001485,0.9796704517929986
MAPK1,10,PSMC3;S12;,0.4269653524545302,0.5730346475454696
MAPK1,10,PSMC3;S9;,0.5816412460884535,0.4183587539115466
MAPK1,10,PTPN12;T544;,0.04445783068754028,0.9555421693124597
MAPK1,10,PTPN21;S599;,0.012355487652997304,0.9876445123470023
MAPK1,10,PTPN21;S762;,0.08448283727507118,0.915517162724929
MAPK1,10,PTRF;S169;,0.013881558164402029,0.986118441835598
MAPK1,10,PTRF;S171;,0.01682989412500723,0.9831701058749927
MAPK1,10,PUM2;S82;,0.7788934051137562,0.22110659488624387
MAPK1,10,PXN;S106;,0.004041173730795631,0.9959588262692044
MAPK1,10,PXN;S137;,0.023158877724280477,0.9768411222757197
MAPK1,10,PXN;S83;,0.7170556596957324,0.28294434030426746
MAPK1,10,RABGEF1;T142;,0.006528462136581867,0.9934715378634182
MAPK1,10,RAF1;S295;,0.0409517366115314,0.9590482633884685
MAPK1,10,RAF1;S296;,0.21980252191213676,0.7801974780878632
MAPK1,10,RAI14;T249;,0.03959963767422858,0.9604003623257715
MAPK1,10,RANBP10;S481;,0.018522971696640318,0.9814770283033595
MAPK1,10,RANBP3;S58;,0.013260704902388372,0.9867392950976116
MAPK1,10,RAPGEF1;S306;,0.015284802982488733,0.9847151970175114
MAPK1,10,RAPGEF1;S308;,0.003006176292939364,0.9969938237070607
MAPK1,10,RAVER1;S576;,0.2356352390907633,0.7643647609092366
MAPK1,10,RB1CC1;S243;,0.23900388776843798,0.7609961122315623
MAPK1,10,RBM3;S145;,7.159558096489615e-06,0.9999928404419036
MAPK1,10,RBM7;S72;,0.0032415183373102454,0.9967584816626898
MAPK1,10,RFX7;S1177;,0.006412325294703304,0.9935876747052966
MAPK1,10,RGD1307838;S900;,0.002938029127227864,0.9970619708727723
MAPK1,10,RGD1307838;S903;,7.0866597031404435e-06,0.9999929133402968
MAPK1,10,RGD1308297;S518;,0.012385760932207885,0.9876142390677922
MAPK1,10,RGD1309586;S243;,1.8991479801304923e-05,0.9999810085201988
MAPK1,10,RGD1309586;S59;,0.00459130772347699,0.995408692276523
MAPK1,10,RGD1310016;S1171;,0.02638603601859682,0.9736139639814032
MAPK1,10,RGD1311783;S45;,0.018529791286816796,0.9814702087131831
MAPK1,10,RGD1311783;S46;,0.01993519333636921,0.9800648066636306
MAPK1,10,RGD1560225;S763;,0.02735120140922487,0.9726487985907752
MAPK1,10,RGD1561609;S759;,0.015003706898711167,0.9849962931012888
MAPK1,10,RGD1562639;S1035;,0.0027281183595860713,0.9972718816404138
MAPK1,10,RGD1566017;S802;,0.0057043156692378385,0.9942956843307622
MAPK1,10,RIN2;S494;,0.021464188700365257,0.9785358112996349
MAPK1,10,RIPK2;S412;,0.02647915101369509,0.9735208489863048
MAPK1,10,RNF40;S586;,1.062646906213323e-05,0.9999893735309379
MAPK1,10,RPS6KA3;S715;,0.11446654932862375,0.8855334506713765
MAPK1,10,RPS6KA4;S681;,0.007067651844988456,0.9929323481550114
MAPK1,10,RPS6KA4;S682;,0.05174407504338358,0.9482559249566164
MAPK1,10,RPS6KB1;S404;,0.020767534559474807,0.9792324654405252
MAPK1,10,RPTOR;S863;,0.7012859925310518,0.29871400746894805
MAPK1,10,RRP1B;S524;,0.1196613700533686,0.8803386299466314
MAPK1,10,RRP1B;T521;,0.028182725490164973,0.9718172745098352
MAPK1,10,RTF1;S416;,0.003331166372592304,0.9966688336274075
MAPK1,10,RUFY1;S50;,0.06471072094471157,0.9352892790552886
MAPK1,10,RUNX1T1;T568;,0.06123078609493298,0.9387692139050672
MAPK1,10,SAMD4B;S271;,0.963240294838187,0.036759705161813
MAPK1,10,SAP30L;T91;,0.002785114638768578,0.9972148853612313
MAPK1,10,SBF1;S1141;,0.01942164504827332,0.9805783549517267
MAPK1,10,SCRIB;S1315;,0.6986755205318835,0.3013244794681164
MAPK1,10,SCRIB;S1529;,0.002537654889280431,0.9974623451107195
MAPK1,10,SENP7;S47;,0.7844676737345213,0.2155323262654787
MAPK1,10,SETD2;S511;,0.11344578279733576,0.8865542172026643
MAPK1,10,SF3B1;T326;,0.04715350991405577,0.9528464900859444
MAPK1,10,SFPQ;T586;,0.04107683750423049,0.9589231624957696
MAPK1,10,SGTA;S306;,0.008711586082690128,0.9912884139173099
MAPK1,10,SGTA;S308;,0.005495462729537984,0.9945045372704621
MAPK1,10,SH3BP5;S420;,0.025362736632088777,0.9746372633679113
MAPK1,10,SH3D19;S274;,0.7980591674596031,0.2019408325403969
MAPK1,10,SH3PXD2A;S368;,0.018794252613050292,0.9812057473869495
MAPK1,10,SH3PXD2A;S495;,0.06327581684134345,0.9367241831586565
MAPK1,10,SH3PXD2A;S956;,0.003629105466169965,0.9963708945338301
MAPK1,10,SHC3;S359;,0.35352450155930526,0.6464754984406947
MAPK1,10,SIK2;S673;,0.0033419403332822025,0.996658059666718
MAPK1,10,SIPA1L1;S1408;,0.02426545615897498,0.9757345438410251
MAPK1,10,SIPA1L1;S1411;,0.01966404226990211,0.980335957730098
MAPK1,10,SIPA1L1;S288;,0.01163985778578524,0.9883601422142148
MAPK1,10,SLC2A13;S38;,0.017999055802057302,0.9820009441979426
MAPK1,10,SLC2A13;S44;,0.019078319255113545,0.9809216807448866
MAPK1,10,SLC2A13;S47;,0.01930578034609127,0.9806942196539087
MAPK1,10,SLC4A7;S1171;,0.02237598250509942,0.9776240174949005
MAPK1,10,SLC4A7;S263;,0.018176825010115725,0.9818231749898841
MAPK1,10,SLK;S778;,0.020412062151474907,0.9795879378485252
MAPK1,10,SMCR7L;S59;,0.8883817742253305,0.11161822577466958
MAPK1,10,SMCR8;S416;,0.010197470044096681,0.9898025299559037
MAPK1,10,SMCR8;S486;,0.017943596018767834,0.9820564039812321
MAPK1,10,SMCR8;S488;,0.021929034998797302,0.9780709650012026
MAPK1,10,SMCR8;S491;,0.017106852106086087,0.9828931478939139
MAPK1,10,SMCR8;S497;,0.02173384084470072,0.9782661591552992
MAPK1,10,SMG6;S537;,0.3027563018541791,0.6972436981458208
MAPK1,10,SNW1;S224;,0.02024528551368994,0.9797547144863102
MAPK1,10,SNX8;S454;,0.6074037174757027,0.3925962825242974
MAPK1,10,SON;S94;,0.004097671106023594,0.9959023288939763
MAPK1,10,SORBS1;S857;,0.30883663014694046,0.6911633698530596
MAPK1,10,SOS1;S1120;,0.018224503315455894,0.9817754966845441
MAPK1,10,SOX6;S399;,0.6073655286903015,0.3926344713096984
MAPK1,10,SOX6;S402;,0.6261163199812521,0.37388368001874794
MAPK1,10,SOX6;T401;,1.737001798181776e-05,0.9999826299820181
MAPK1,10,SPAG7;S219;,0.0032448932633140338,0.996755106736686
MAPK1,10,SPAG9;S203;,0.014869429825242452,0.9851305701747575
MAPK1,10,SPAG9;S716;,0.010293036421593958,0.9897069635784062
MAPK1,10,SPHK2;S379;,0.01855007831526016,0.98144992168474
MAPK1,10,SRPK2;S487;,0.010476551556345663,0.9895234484436543
MAPK1,10,SRRM2;S2228;,0.050321446738382854,0.9496785532616173
MAPK1,10,SRRM2;S2338;,0.35053016624645233,0.6494698337535476
MAPK1,10,SRSF10;S131;,0.031057602456943022,0.9689423975430571
MAPK1,10,SRSF11;S200;,0.26444532426803785,0.7355546757319622
MAPK1,10,STARD13;S334;,0.32067047591927816,0.6793295240807217
MAPK1,10,STAT3;S727;,0.5295020507591734,0.47049794924082644
MAPK1,10,STIM1;S257;,0.02351092787294024,0.9764890721270597
MAPK1,10,STIM1;S523;,0.022549931655062926,0.9774500683449372
MAPK1,10,STIM1;S524;,0.01852979135637115,0.9814702086436289
MAPK1,10,STIM2;S675;,0.018920656207101125,0.981079343792899
MAPK1,10,STK11IP;S443;,0.25716177175234434,0.7428382282476559
MAPK1,10,STK3;S385;,0.04700888536576424,0.9529911146342358
MAPK1,10,STMN1;S16;,0.00469955530852426,0.9953004446914757
MAPK1,10,STMN1;S25;,0.5221447703285559,0.4778552296714441
MAPK1,10,STMN1;S38;,0.880601136765345,0.11939886323465483
MAPK1,10,STRN3;S227;,0.08905807954654683,0.910941920453453
MAPK1,10,SUN2;S12;,0.005967960361237026,0.9940320396387629
MAPK1,10,SVIL;S1177;,0.04829756053042016,0.9517024394695798
MAPK1,10,SVIL;S259;,0.006233468898643666,0.9937665311013565
MAPK1,10,SVIL;S531;,0.01138264071435142,0.9886173592856486
MAPK1,10,SYNPO2L;S401;,0.007996112573069791,0.9920038874269302
MAPK1,10,SYNPO2L;T141;,0.03642372340798624,0.9635762765920137
MAPK1,10,SZT2;S1641;,0.0162932723445327,0.9837067276554674
MAPK1,10,TACC2;S575;,0.8898240458142996,0.1101759541857004
MAPK1,10,TANC2;S1447;,0.004064545799352467,0.9959354542006477
MAPK1,10,TBC1D1;S231;,0.020496768837280244,0.9795032311627198
MAPK1,10,TBC1D1;S662;,0.01935673498259472,0.9806432650174053
MAPK1,10,TBC1D1;T590;,0.004503314197675945,0.9954966858023242
MAPK1,10,TBC1D16;S382;,0.0038850086993803697,0.9961149913006196
MAPK1,10,TCF12;S583;,0.008770806510634192,0.9912291934893656
MAPK1,10,TDRD3;S256;,0.004882585853784637,0.9951174141462152
MAPK1,10,TENC1;T996;,0.006044895968365378,0.9939551040316343
MAPK1,10,TFE3;S531;,0.032354915619640885,0.9676450843803592
MAPK1,10,TJP1;S1602;,0.5849601718149536,0.4150398281850462
MAPK1,10,TJP1;S1604;,7.496869980806846e-06,0.9999925031300191
MAPK1,10,TJP2;S147;,0.005320862809729045,0.9946791371902709
MAPK1,10,TMEM245;S327;,0.952570164932328,0.047429835067671997
MAPK1,10,TMEM55A;S14;,0.02067238137995905,0.9793276186200409
MAPK1,10,TNKS1BP1;S1642;,0.012273933266950475,0.9877260667330494
MAPK1,10,TNRC6B;S306;,0.27794245549897,0.72205754450103
MAPK1,10,TNRC6B;S421;,0.18088963281625148,0.8191103671837484
MAPK1,10,TRAK1;S390;,0.19925634481201268,0.8007436551879872
MAPK1,10,TRAK1;S905;,0.025080886674191817,0.974919113325808
MAPK1,10,TRAPPC12;S314;,0.2838411275099513,0.7161588724900486
MAPK1,10,TRIM28;S474;,0.014451834910914022,0.985548165089086
MAPK1,10,TRIO;S2459;,0.43236476147352887,0.5676352385264711
MAPK1,10,TRIO;S2463;,0.6436850537463037,0.3563149462536962
MAPK1,10,TRIP12;T1454;,0.005209877051954363,0.9947901229480457
MAPK1,10,TSC2;S939;,0.012871115876391219,0.987128884123609
MAPK1,10,TSSC4;S190;,0.20790205586303684,0.7920979441369632
MAPK1,10,TTN;S305;,0.01986267020063192,0.9801373297993681
MAPK1,10,UBA1;S13;,0.017719084501528457,0.9822809154984715
MAPK1,10,UBA5;S380;,0.006232219963013726,0.9937677800369863
MAPK1,10,UBE2O;S835;,0.7383603022516442,0.26163969774835605
MAPK1,10,UBE2O;T830;,0.021511186416956915,0.9784888135830431
MAPK1,10,UBE4B;S88;,0.0684312255300844,0.9315687744699155
MAPK1,10,ULK1;S450;,0.015542513832307493,0.9844574861676925
MAPK1,10,ULK1;S465;,0.01921997974018368,0.9807800202598164
MAPK1,10,ULK1;S477;,0.8623462322882257,0.13765376771177415
MAPK1,10,ULK1;S479;,0.41920647297079494,0.5807935270292051
MAPK1,10,ULK1;S637;,0.017359661114513897,0.9826403388854861
MAPK1,10,ULK1;T468;,0.044875870605137154,0.9551241293948628
MAPK1,10,ULK1;T659;,0.030033589909764975,0.969966410090235
MAPK1,10,USP10;S224;,0.7739542987833892,0.22604570121661077
MAPK1,10,VAPA;S164;,0.020006405757661837,0.979993594242338
MAPK1,10,VIM;S420;,0.021667723881621852,0.9783322761183781
MAPK1,10,VIM;S430;,0.0252016140271027,0.9747983859728974
MAPK1,10,VIM;T426;,0.022759186255986608,0.9772408137440135
MAPK1,10,VPS26B;S304;,0.022020103422809773,0.9779798965771902
MAPK1,10,WIPF2;S235;,0.16946379990493735,0.8305362000950627
MAPK1,10,WNK1;S165;,0.013187906732029492,0.9868120932679706
MAPK1,10,WWC3;S955;,1.2570279112845336e-05,0.9999874297208872
MAPK1,10,YAP1;S46;,0.02329177652014777,0.9767082234798522
MAPK1,10,ZC3H13;S368;,0.019816563371007453,0.9801834366289923
MAPK1,10,ZC3HAV1;S307;,0.6392676981509412,0.3607323018490588
MAPK1,10,ZC3HAV1;S325;,0.006016525780525496,0.9939834742194743
MAPK1,10,ZC3HAV1;S544;,0.09392158292030525,0.9060784170796947
MAPK1,10,ZC3HC1;S343;,0.5,0.5
MAPK1,10,ZC3HC1;T351;,0.008630381254081129,0.991369618745919
MAPK1,10,ZFP295;S411;,0.00839935762572193,0.9916006423742781
MAPK1,10,ZFYVE16;S903;,0.0346236784411877,0.9653763215588123
MAPK1,10,ZNRF2;S148;,0.008522893847354555,0.9914771061526455
MAPK1,10,ZNRF2;S154;,0.35494384774369414,0.6450561522563057
MAPK1,10,ZNRF2;S18;,0.016544129894575543,0.9834558701054242
MAPK1,10,ZNRF2;S81;,0.0343168466637417,0.9656831533362583
MAPK1,10,ZYX;S143;,0.004703116163107996,0.995296883836892
MAPK1,10,ZYX;S144;,0.006568169909122204,0.9934318300908779
MAPK1,10,ZYX;S336;,0.13475090046092303,0.865249099539077
MAPK1,10,ZZEF1;S1516;,0.9017029769436301,0.0982970230563698
MAPK1,10,ZZEF1;S1535;,0.012922009537252954,0.9870779904627472
PRKAA1,1,AAK1;S677;,0.027245523974025063,0.972754476025975
PRKAA1,1,ABCC4;S604;,0.023152094339728348,0.9768479056602716
PRKAA1,1,ABI2;S165;,0.029885932419688527,0.9701140675803115
PRKAA1,1,ABI2;S168;,0.01951547495474576,0.9804845250452545
PRKAA1,1,ABL2;S799;,0.022409327084838997,0.9775906729151611
PRKAA1,1,ABLIM3;S566;,0.017732540715906134,0.9822674592840939
PRKAA1,1,ABLIM3;S575;,0.5723433064814405,0.42765669351855934
PRKAA1,1,ACACA;S79;,0.9625745939792039,0.03742540602079628
PRKAA1,1,ACIN1;S711;,0.02619807024094433,0.9738019297590557
PRKAA1,1,ADD1;S613;,0.017102306570402948,0.9828976934295969
PRKAA1,1,ADD1;T614;,0.02565894087042536,0.9743410591295746
PRKAA1,1,ADNP;S971;,0.01984893059330575,0.9801510694066942
PRKAA1,1,AFF4;S823;,0.04577175254308999,0.95422824745691
PRKAA1,1,AGAP3;S107;,0.027745225227837258,0.9722547747721626
PRKAA1,1,AHCTF1;S1214;,0.9482311517765122,0.051768848223487915
PRKAA1,1,AHNAK;S1191;,0.8518831083713421,0.14811689162865804
PRKAA1,1,AHNAK;S177;,0.01686869705703436,0.9831313029429656
PRKAA1,1,AHNAK;S2060;,0.017290305355634514,0.9827096946443655
PRKAA1,1,AHNAK;S211;,0.028130320676091822,0.9718696793239084
PRKAA1,1,AHNAK;S2117;,0.8556786796893237,0.14432132031067627
PRKAA1,1,AHNAK;S222;,0.9600364256248436,0.039963574375156394
PRKAA1,1,AHNAK;S3915;,0.014968007322888133,0.9850319926771118
PRKAA1,1,AHNAK;S42;,0.016079581306342475,0.9839204186936574
PRKAA1,1,AHNAK;S4597;,0.022032382672410127,0.9779676173275896
PRKAA1,1,AHNAK;S5243;,0.02792716280996826,0.9720728371900318
PRKAA1,1,AHNAK;T4049;,0.03554429520852232,0.9644557047914777
PRKAA1,1,AHNAK2;S425;,0.018501846376262704,0.9814981536237372
PRKAA1,1,AHNAK2;T438;,0.0145249957591492,0.985475004240851
PRKAA1,1,AIMP1;S110;,0.025292519713009748,0.9747074802869904
PRKAA1,1,AJUBA;S129;,0.030641156263817852,0.9693588437361822
PRKAA1,1,AKAP1;S103;,0.9624478226510593,0.03755217734894066
PRKAA1,1,AKAP10;S278;,0.01724094663090932,0.9827590533690908
PRKAA1,1,AKAP11;S1090;,0.6475068002191124,0.35249319978088767
PRKAA1,1,AKAP11;S21;,0.01889784870824875,0.9811021512917513
PRKAA1,1,AKAP11;S23;,0.01924433075060313,0.9807556692493969
PRKAA1,1,AKAP11;S448;,0.02198306561894726,0.9780169343810529
PRKAA1,1,AKAP13;S2515;,0.031846428238945824,0.9681535717610542
PRKAA1,1,AKAP2;S152;,0.036978632785040766,0.9630213672149592
PRKAA1,1,AKAP2;S730;,0.023758412677028405,0.9762415873229718
PRKAA1,1,AKAP6;S562;,0.9512103942827677,0.0487896057172325
PRKAA1,1,AKAP9;S3669;,0.019873698083149087,0.9801263019168509
PRKAA1,1,AKT1S1;S184;,0.017479234969901516,0.9825207650300987
PRKAA1,1,AKT1S1;T247;,0.014612068481008746,0.9853879315189914
PRKAA1,1,ALKBH5;S362;,0.03876919763626761,0.9612308023637326
PRKAA1,1,ALKBH5;S376;,0.01712960205031312,0.9828703979496868
PRKAA1,1,AMOTL1;S580;,0.9381375935287584,0.0618624064712417
PRKAA1,1,ANP32A;S15;,0.024336327325385536,0.9756636726746144
PRKAA1,1,AP3D1;S755;,0.03590361136110856,0.9640963886388912
PRKAA1,1,ARFGAP2;S145;,0.021999355149757743,0.9780006448502422
PRKAA1,1,ARFGEF2;S214;,0.023610221788792757,0.9763897782112072
PRKAA1,1,ARFIP1;S39;,0.9783804583110132,0.021619541688986728
PRKAA1,1,ARHGAP17;S710;,0.026725404899962005,0.9732745951000379
PRKAA1,1,ARHGAP22;S200;,0.026722876994611396,0.9732771230053884
PRKAA1,1,ARHGAP22;S236;,0.027036964412477875,0.9729630355875222
PRKAA1,1,ARHGAP35;S1174;,0.020628667956323406,0.9793713320436765
PRKAA1,1,ARHGAP39;S284;,0.016799514778099284,0.9832004852219006
PRKAA1,1,ARHGAP5;S1195;,0.018055502572844676,0.9819444974271552
PRKAA1,1,ARHGAP5;S1202;,0.02573782961600419,0.9742621703839958
PRKAA1,1,ARHGAP5;S967;,0.02059389948240578,0.9794061005175942
PRKAA1,1,ARHGEF12;S337;,0.023850291149091145,0.9761497088509088
PRKAA1,1,ARHGEF12;S341;,0.020173248028572677,0.9798267519714273
PRKAA1,1,ARHGEF17;S995;,0.9312323638152122,0.06876763618478775
PRKAA1,1,ARHGEF5;S721;,0.016298886521240112,0.9837011134787597
PRKAA1,1,ARPP21;S256;,0.7357897433797522,0.26421025662024794
PRKAA1,1,ATF7;T53;,0.6804808075376163,0.3195191924623837
PRKAA1,1,ATG14;S5;,0.017184155321039073,0.9828158446789609
PRKAA1,1,ATG2A;S1246;,0.02204125430150512,0.977958745698495
PRKAA1,1,ATG2B;S240;,0.023211098471863575,0.9767889015281362
PRKAA1,1,ATG2B;S255;,0.0208040775287577,0.9791959224712424
PRKAA1,1,ATRX;S761;,0.030691695515467493,0.9693083044845325
PRKAA1,1,ATXN2;S622;,0.02182775725670638,0.9781722427432935
PRKAA1,1,ATXN2L;S109;,0.023788182926778246,0.9762118170732218
PRKAA1,1,ATXN2L;S447;,0.02877381719644077,0.9712261828035593
PRKAA1,1,AZI1;S114;,0.044094627607250546,0.9559053723927495
PRKAA1,1,AZI1;S304;,0.025916070595907142,0.9740839294040926
PRKAA1,1,BAD;S171;,0.9500055493759137,0.04999445062408631
PRKAA1,1,BAG3;S271;,0.030226865246831335,0.9697731347531687
PRKAA1,1,BAG3;S387;,0.019220516778230272,0.9807794832217698
PRKAA1,1,BAG3;S388;,0.02620147031855691,0.973798529681443
PRKAA1,1,BAIAP2L1;S218;,0.022834671861376683,0.9771653281386233
PRKAA1,1,BAIAP2L1;S380;,0.9414120012131413,0.058587998786858775
PRKAA1,1,BAZ2A;S1388;,0.024741098512854137,0.9752589014871459
PRKAA1,1,BBX;S243;,0.028234759750884634,0.9717652402491156
PRKAA1,1,BCL9L;S116;,0.02342077703952475,0.9765792229604753
PRKAA1,1,BCL9L;S21;,0.9372521097183543,0.06274789028164576
PRKAA1,1,BCL9L;S25;,0.03363256871763158,0.9663674312823683
PRKAA1,1,BICD2;S611;,0.03323276343226308,0.9667672365677368
PRKAA1,1,BICD2;S819;,0.023342741831096022,0.9766572581689038
PRKAA1,1,BRAF;S134;,0.021500123242383633,0.9784998767576163
PRKAA1,1,BRD8;S274;,0.029927158569171268,0.970072841430829
PRKAA1,1,BRD8;T270;,0.01790689878289799,0.982093101217102
PRKAA1,1,BSDC1;S216;,0.019730645998706206,0.9802693540012938
PRKAA1,1,C2CD4C;S262;,0.03140292086887888,0.9685970791311211
PRKAA1,1,CACNB1;S53;,0.023122233002266332,0.9768777669977337
PRKAA1,1,CALD1;S527;,0.019004968548008788,0.9809950314519912
PRKAA1,1,CAMK2D;T371;,0.38990376085478207,0.6100962391452179
PRKAA1,1,CAMSAP1;S1154;,0.021833425972737606,0.9781665740272624
PRKAA1,1,CAMSAP1;S517;,0.02107381205793116,0.9789261879420689
PRKAA1,1,CAP2;S301;,0.020758759915786823,0.9792412400842131
PRKAA1,1,CBX5;S93;,0.03657392620912249,0.9634260737908776
PRKAA1,1,CCDC6;S143;,0.02135854906611418,0.9786414509338857
PRKAA1,1,CCDC88A;S1638;,0.02699042066349428,0.9730095793365056
PRKAA1,1,CCDC91;S71;,0.019150294340959773,0.9808497056590403
PRKAA1,1,CDC42EP2;S137;,0.029160869592915473,0.9708391304070846
PRKAA1,1,CDC42EP2;S141;,0.02704565270595456,0.9729543472940456
PRKAA1,1,CDC42EP4;S140;,0.02722239391773613,0.972777606082264
PRKAA1,1,CDKN1A;S69;,0.01850404276292728,0.9814959572370728
PRKAA1,1,CDKN1B;S12;,0.02108400783797997,0.9789159921620201
PRKAA1,1,CDKN1B;S7;,0.014893903223036006,0.9851060967769638
PRKAA1,1,CEP170B;S1166;,0.03478240635962771,0.9652175936403722
PRKAA1,1,CEP68;S503;,0.14136634377495552,0.8586336562250444
PRKAA1,1,CEP68;S510;,0.03157882762920476,0.9684211723707952
PRKAA1,1,CHAMP1;S532;,0.031663406514149416,0.9683365934858507
PRKAA1,1,CHD8;S549;,0.9485090236917519,0.05149097630824802
PRKAA1,1,CHRND;S379;,0.9271871244414016,0.07281287555859843
PRKAA1,1,CIC;S1394;,0.02666118646931461,0.9733388135306853
PRKAA1,1,CIC;S1399;,0.01673574111649233,0.9832642588835078
PRKAA1,1,CLASP2;S331;,0.9610028030675741,0.03899719693242591
PRKAA1,1,CLIP1;S159;,0.023866241844483917,0.9761337581555162
PRKAA1,1,COBL;S31;,0.9723151367753857,0.027684863224614314
PRKAA1,1,COBL;S34;,0.9747140178717125,0.025285982128287466
PRKAA1,1,COG3;S536;,0.9382971403932665,0.06170285960673343
PRKAA1,1,CORO7;S298;,0.9809585559489766,0.019041444051023437
PRKAA1,1,DAB2IP;S802;,0.02230436116999254,0.9776956388300074
PRKAA1,1,DAP;S2;,0.016668749781720022,0.9833312502182799
PRKAA1,1,DAP;S3;,0.01772929745930825,0.9822707025406918
PRKAA1,1,DBNDD1;S123;,0.024959860417474253,0.9750401395825258
PRKAA1,1,DCAF6;S336;,0.015145078351206298,0.9848549216487936
PRKAA1,1,DCLK1;S30;,0.941487917308655,0.05851208269134503
PRKAA1,1,DDX19A;S86;,0.02643280341165573,0.9735671965883443
PRKAA1,1,DDX3X;S261;,0.04719927203725671,0.9528007279627434
PRKAA1,1,DENND4C;S1037;,0.9652544166784478,0.034745583321552205
PRKAA1,1,DLG2;S323;,0.02680373059611129,0.9731962694038888
PRKAA1,1,DLG2;S328;,0.02105867362859098,0.9789413263714087
PRKAA1,1,DMXL1;S574;,0.9414585062936591,0.05854149370634073
PRKAA1,1,DNAJC2;T48;,0.02601830112846302,0.9739816988715372
PRKAA1,1,DNAJC25;T353;,0.046345365085851555,0.9536546349141485
PRKAA1,1,DOCK6;S1339;,0.10097586250607568,0.8990241374939245
PRKAA1,1,DOCK7;S1361;,0.050455587829066714,0.9495444121709332
PRKAA1,1,DOCK7;S2107;,0.020639885198248623,0.9793601148017512
PRKAA1,1,DOPEY1;S1261;,0.04057902090137296,0.959420979098627
PRKAA1,1,DTNA;S606;,0.019821481530925847,0.9801785184690741
PRKAA1,1,DUSP27;S366;,0.029091879792847504,0.9709081202071523
PRKAA1,1,DUSP27;S368;,0.020973550509949486,0.9790264494900507
PRKAA1,1,DUSP27;S370;,0.019673141125088774,0.9803268588749113
PRKAA1,1,DUSP27;S427;,0.02124914602485742,0.9787508539751425
PRKAA1,1,DYNC1H1;S4365;,0.02338120291764073,0.9766187970823592
PRKAA1,1,DYNC1I2;S81;,0.03494484192959997,0.9650551580704002
PRKAA1,1,EEF2;T57;,0.5228414003645004,0.47715859963549945
PRKAA1,1,EEF2K;S365;,0.5201404990839992,0.4798595009160008
PRKAA1,1,EHBP1L1;S1363;,0.9659586671084047,0.0340413328915952
PRKAA1,1,EHD4;S459;,0.01697842708516158,0.9830215729148384
PRKAA1,1,EIF3A;S584;,0.025925156176696277,0.9740748438233038
PRKAA1,1,EIF4B;S422;,0.03846816097132771,0.9615318390286723
PRKAA1,1,EIF4B;S424;,0.021236857989029155,0.9787631420109709
PRKAA1,1,EIF4B;S425;,0.024792307002358908,0.9752076929976411
PRKAA1,1,EIF4B;T420;,0.01672018106640366,0.9832798189335963
PRKAA1,1,EIF4EBP1;S64;,0.019702294194115413,0.9802977058058845
PRKAA1,1,EIF4EBP2;S2;,0.01700332136717727,0.9829966786328228
PRKAA1,1,EIF5B;S183;,0.029677132122063427,0.9703228678779365
PRKAA1,1,ELMSAN1;S456;,0.039798550294666765,0.9602014497053334
PRKAA1,1,EPS8;S659;,0.028292511425932115,0.9717074885740681
PRKAA1,1,ETL4;S1844;,0.03586905709736708,0.9641309429026329
PRKAA1,1,ETV3;S139;,0.02399780312569575,0.9760021968743042
PRKAA1,1,FAM120C;S55;,0.019048068958256007,0.980951931041744
PRKAA1,1,FAM134C;S313;,0.8982687653363467,0.10173123466365327
PRKAA1,1,FAM134C;S320;,0.5214306628048457,0.47856933719515415
PRKAA1,1,FAM171A2;S423;,0.024658970606866542,0.9753410293931334
PRKAA1,1,FAM65A;S752;,0.027860403821051826,0.9721395961789481
PRKAA1,1,FBXO30;S379;,0.022133143106966374,0.9778668568930337
PRKAA1,1,FHOD1;S489;,0.022876608951014944,0.9771233910489852
PRKAA1,1,FHOD1;S501;,0.032241733643407426,0.9677582663565928
PRKAA1,1,FHOD1;S504;,0.023221874630100704,0.9767781253698995
PRKAA1,1,FHOD1;S513;,0.024965237463994285,0.9750347625360057
PRKAA1,1,FHOD1;S523;,0.028398819509533435,0.9716011804904664
PRKAA1,1,FLNC;S2147;,0.020976105714408513,0.9790238942855914
PRKAA1,1,FLNC;S2234;,0.028614401168282257,0.9713855988317177
PRKAA1,1,FMN1;S589;,0.021745741054399886,0.9782542589456001
PRKAA1,1,FOSL2;S320;,0.02822606476095324,0.9717739352390465
PRKAA1,1,FOSL2;T322;,0.018884903953425854,0.981115096046574
PRKAA1,1,FOXK1;S225;,0.027564086140476864,0.972435913859523
PRKAA1,1,FOXK2;T200;,0.022046022023997143,0.9779539779760029
PRKAA1,1,FOXO3;S252;,0.03357896888760942,0.9664210311123906
PRKAA1,1,FRMD8;S21;,0.02030161243391084,0.9796983875660893
PRKAA1,1,FRYL;T1959;,0.01888296490104778,0.9811170350989522
PRKAA1,1,GAB1;S418;,0.028034116701681697,0.9719658832983182
PRKAA1,1,GAB2;S142;,0.02366113180206417,0.9763388681979358
PRKAA1,1,GAB2;S143;,0.03583680762059046,0.9641631923794093
PRKAA1,1,GAB2;S211;,0.028592081016560335,0.9714079189834397
PRKAA1,1,GAB2;S365;,0.0204265133293496,0.9795734866706505
PRKAA1,1,GAB2;T388;,0.016763766175150425,0.9832362338248497
PRKAA1,1,GATAD2A;S103;,0.9547576616566391,0.045242338343360854
PRKAA1,1,GATAD2A;S96;,0.9649287906663461,0.03507120933365397
PRKAA1,1,GATAD2B;S338;,0.028360968502902026,0.9716390314970982
PRKAA1,1,GBF1;S1786;,0.05127072907841101,0.948729270921589
PRKAA1,1,GIGYF1;S28;,0.030028096198910288,0.9699719038010897
PRKAA1,1,GIT2;S568;,0.018194018064024205,0.9818059819359758
PRKAA1,1,GOLGA4;S116;,0.9656817208916973,0.03431827910830265
PRKAA1,1,GSK3A;S21;,0.03650031541888445,0.9634996845811155
PRKAA1,1,GSK3A;S41;,0.01676154511043909,0.9832384548895609
PRKAA1,1,GSK3B;S9;,0.04159385742636018,0.9584061425736398
PRKAA1,1,GYS1;S728;,0.03389863252826606,0.9661013674717339
PRKAA1,1,HBP1;S401;,0.027219894846730017,0.9727801051532701
PRKAA1,1,HBS1L;S147;,0.01816344035477854,0.9818365596452215
PRKAA1,1,HDAC6;S21;,0.024047030380455855,0.9759529696195443
PRKAA1,1,HECTD1;S1392;,0.035279910376663975,0.964720089623336
PRKAA1,1,HECTD1;S1393;,0.02782993428157799,0.9721700657184219
PRKAA1,1,HECTD1;S1573;,0.9038277667127373,0.09617223328726271
PRKAA1,1,HELB;S944;,0.03231545802036469,0.9676845419796352
PRKAA1,1,HERC1;S1163;,0.025194559404458947,0.974805440595541
PRKAA1,1,HERC1;T1154;,0.016001611428824544,0.9839983885711752
PRKAA1,1,HIRIP3;S27;,0.018053341817017846,0.9819466581829822
PRKAA1,1,HN1L;S97;,0.022427386651837827,0.9775726133481621
PRKAA1,1,HOMER3;S158;,0.03890357155178268,0.9610964284482175
PRKAA1,1,HUWE1;S1876;,0.019771264346964905,0.9802287356530354
PRKAA1,1,HUWE1;S3639;,0.016743932691749838,0.9832560673082501
PRKAA1,1,HUWE1;S3898;,0.028681802763064285,0.9713181972369357
PRKAA1,1,HUWE1;T3903;,0.027014128456460066,0.97298587154354
PRKAA1,1,IREB2;S178;,0.015488303544909819,0.9845116964550904
PRKAA1,1,IRF2BPL;S69;,0.022658014697484043,0.9773419853025159
PRKAA1,1,ITSN1;S1063;,0.08216898762415648,0.9178310123758435
PRKAA1,1,ITSN1;S315;,0.029923406393570214,0.9700765936064297
PRKAA1,1,JMY;S56;,0.02963876189831231,0.9703612381016876
PRKAA1,1,JSRP1;S47;,0.022289902554053442,0.9777100974459466
PRKAA1,1,KANK2;S358;,0.023358211260533588,0.9766417887394666
PRKAA1,1,KCTD3;S809;,0.9634568649986609,0.03654313500133897
PRKAA1,1,KDM2A;S718;,0.02740410405633249,0.9725958959436675
PRKAA1,1,KDM2A;T713;,0.027251100828723594,0.9727488991712764
PRKAA1,1,KDM5C;S316;,0.025824467531743504,0.9741755324682565
PRKAA1,1,KPNA1;S2;,0.024823074312067026,0.9751769256879329
PRKAA1,1,KPNA1;T3;,0.032899442275269024,0.9671005577247307
PRKAA1,1,LAMTOR1;S98;,0.024482221076736293,0.9755177789232637
PRKAA1,1,LARP1;S916;,0.039886692173211044,0.9601133078267888
PRKAA1,1,LARP1;T932;,0.022970631247839966,0.9770293687521602
PRKAA1,1,LARP4B;S498;,0.02893211134329427,0.9710678886567056
PRKAA1,1,LDB3;S112;,0.01751646075397296,0.982483539246027
PRKAA1,1,LIMA1;S360;,0.02562199015911557,0.9743780098408845
PRKAA1,1,LIMA1;S603;,0.027461289809366823,0.9725387101906331
PRKAA1,1,LIMA1;S608;,0.025129847162567026,0.9748701528374331
PRKAA1,1,LIMA1;S703;,0.025402285250522808,0.9745977147494773
PRKAA1,1,LMNA;S404;,0.034603717898780036,0.96539628210122
PRKAA1,1,LMNA;S406;,0.020591780384191107,0.9794082196158087
PRKAA1,1,LMNA;S407;,0.019149734124545462,0.9808502658754547
PRKAA1,1,LMNA;S423;,0.023245830224008997,0.9767541697759912
PRKAA1,1,LMNA;S424;,0.022293317915354507,0.9777066820846455
PRKAA1,1,LMO7;S1541;,0.0262081606178984,0.9737918393821018
PRKAA1,1,LMO7;S1543;,0.02515691277642491,0.9748430872235752
PRKAA1,1,LOC100360205;S239;,0.026136212735689293,0.9738637872643108
PRKAA1,1,LOC100365259;S393;,0.07675633051574778,0.9232436694842521
PRKAA1,1,LOC100910104;S475;,0.025653254950430405,0.9743467450495694
PRKAA1,1,LOC100910104;S532;,0.9633259466630174,0.03667405333698264
PRKAA1,1,LOC100910104;S719;,0.022809969758474196,0.9771900302415258
PRKAA1,1,LOC100910646;S166;,0.020610893486375074,0.9793891065136249
PRKAA1,1,LOC100911178;S1643;,0.02057785873171857,0.9794221412682816
PRKAA1,1,LOC100911302;S1721;,0.0271995451902424,0.9728004548097575
PRKAA1,1,LOC100911677;S490;,0.9710751484259784,0.02892485157402167
PRKAA1,1,LOC100912115;S649;,0.02394961310188382,0.9760503868981162
PRKAA1,1,LOC312502;S1164;,0.020750316070690212,0.9792496839293099
PRKAA1,1,LOC312502;S138;,0.9722219397833782,0.027778060216621842
PRKAA1,1,LOC312502;S139;,0.9720738030078978,0.02792619699210223
PRKAA1,1,LOC312502;S483;,0.02978693477461346,0.9702130652253865
PRKAA1,1,LOC683007;S1204;,0.023055415525503487,0.9769445844744965
PRKAA1,1,LOC683007;S1207;,0.019267957311636774,0.9807320426883633
PRKAA1,1,LOC684259;S780;,0.9531433079157773,0.04685669208422268
PRKAA1,1,LOC685707;S1251;,0.02893646690889634,0.9710635330911036
PRKAA1,1,LRRFIP2;S18;,0.0183893880569489,0.9816106119430512
PRKAA1,1,LRRFIP2;T136;,0.017369707199790765,0.9826302928002094
PRKAA1,1,LYSMD1;S33;,0.9570579206117654,0.04294207938823459
PRKAA1,1,MACF1;S1376;,0.03111388084008265,0.9688861191599174
PRKAA1,1,MACF1;S5293;,0.02662258306010273,0.9733774169398972
PRKAA1,1,MAF1;S60;,0.023599012185484578,0.9764009878145152
PRKAA1,1,MAP1A;S1757;,0.03436643232242235,0.9656335676775776
PRKAA1,1,MAP1A;T2177;,0.020734297336081356,0.9792657026639188
PRKAA1,1,MAP1A;T504;,0.021062575782609012,0.9789374242173912
PRKAA1,1,MAP1B;S1257;,0.03150293276766621,0.9684970672323338
PRKAA1,1,MAP1B;S1389;,0.02910226541094592,0.9708977345890539
PRKAA1,1,MAP1B;S1393;,0.02951725920729179,0.9704827407927084
PRKAA1,1,MAP1B;T1781;,0.2503740101544543,0.7496259898455455
PRKAA1,1,MAP1S;S683;,0.032021152686712434,0.9679788473132876
PRKAA1,1,MAP4;S902;,0.9624254119755353,0.037574588024464554
PRKAA1,1,MAP4K4;S591;,0.02000677687500116,0.9799932231249989
PRKAA1,1,MAP4K4;S791;,0.9768704414028931,0.023129558597106768
PRKAA1,1,MAP4K4;S794;,0.9697683130434348,0.030231686956565244
PRKAA1,1,MAPK1;Y185;,0.0893005388226361,0.9106994611773638
PRKAA1,1,MAPK14;Y182;,0.10036128637316172,0.8996387136268381
PRKAA1,1,MAPK8;Y185;,0.0339883456762483,0.9660116543237518
PRKAA1,1,MARCKS;S141;,0.033440228173667375,0.9665597718263326
PRKAA1,1,MARK3;S593;,0.016214450883824214,0.9837855491161757
PRKAA1,1,MARK3;T594;,0.02193237374078021,0.9780676262592197
PRKAA1,1,MATR3;S188;,0.0357653449253097,0.9642346550746902
PRKAA1,1,MBD3;S85;,0.02711992482411473,0.9728800751758855
PRKAA1,1,MBD3;S86;,0.015899397408199498,0.9841006025918005
PRKAA1,1,MDM2;S138;,0.03245651944654402,0.967543480553456
PRKAA1,1,MED1;S1465;,0.019670918190109687,0.9803290818098904
PRKAA1,1,MED1;S1467;,0.017292534329684486,0.9827074656703155
PRKAA1,1,MED1;S1468;,0.01922759085015014,0.9807724091498499
PRKAA1,1,MED24;S860;,0.028769295653300685,0.9712307043466993
PRKAA1,1,MED24;S861;,0.01972419048487205,0.9802758095151278
PRKAA1,1,MEF2C;S226;,0.02514132602446039,0.9748586739755396
PRKAA1,1,MID1;S96;,0.02684736434678622,0.9731526356532136
PRKAA1,1,MKL1;S571;,0.029620390218813297,0.9703796097811866
PRKAA1,1,MLL2;S2291;,0.02077478901564152,0.9792252109843586
PRKAA1,1,MLLT4;S216;,0.017158485905714616,0.9828415140942854
PRKAA1,1,MLLT4;S246;,0.025590047736491102,0.9744099522635091
PRKAA1,1,MON2;S197;,0.01871796546658397,0.9812820345334162
PRKAA1,1,MPHOSPH10;S168;,0.9637208656916996,0.03627913430830044
PRKAA1,1,MPRIP;S369;,0.02478052298692678,0.9752194770130731
PRKAA1,1,MTFR1L;S100;,0.9667724745812335,0.03322752541876658
PRKAA1,1,MTFR1L;S234;,0.9699104740136785,0.03008952598632155
PRKAA1,1,MTFR1L;S235;,0.9772677411869781,0.022732258813021926
PRKAA1,1,MTSS1L;S575;,0.02520122485806728,0.9747987751419328
PRKAA1,1,MURC;S20;,0.026383994672187664,0.9736160053278126
PRKAA1,1,MUSK;S689;,0.01963640694847445,0.9803635930515254
PRKAA1,1,MUSK;S690;,0.0337998655315314,0.9662001344684688
PRKAA1,1,MYBBP1A;S1283;,0.025272554061612825,0.9747274459383872
PRKAA1,1,MYCBP2;S2750;,0.027068218292202597,0.9729317817077973
PRKAA1,1,MYOZ2;T32;,0.03128206024105187,0.9687179397589482
PRKAA1,1,NACA;S1125;,0.028869876040683556,0.9711301239593165
PRKAA1,1,NACA;S1345;,0.02423596886857489,0.9757640311314252
PRKAA1,1,NACA;S1454;,0.031010312560297383,0.9689896874397026
PRKAA1,1,NACA;S1720;,0.028870107736311795,0.9711298922636883
PRKAA1,1,NACA;S914;,0.030590606640026174,0.969409393359974
PRKAA1,1,NACA;S942;,0.02671504471741866,0.9732849552825811
PRKAA1,1,NCAPH;S24;,0.019708583595996435,0.9802914164040036
PRKAA1,1,NCOR1;S363;,0.02054782060631158,0.9794521793936883
PRKAA1,1,NCOR2;S1747;,0.02592810947889219,0.9740718905211078
PRKAA1,1,NDRG1;S330;,0.03696906825351568,0.963030931746484
PRKAA1,1,NDRG1;T328;,0.018484880636372734,0.9815151193636276
PRKAA1,1,NDRG2;T334;,0.02204158929277709,0.9779584107072229
PRKAA1,1,NEK9;S16;,0.8927772912185418,0.10722270878145812
PRKAA1,1,NEK9;S736;,0.028325357681785585,0.9716746423182143
PRKAA1,1,NELFE;S131;,0.024851325336281045,0.975148674663719
PRKAA1,1,NES;S1071;,0.9676725734624757,0.032327426537524295
PRKAA1,1,NES;S1123;,0.01597365412246443,0.9840263458775355
PRKAA1,1,NES;S1131;,0.966319053360469,0.03368094663953093
PRKAA1,1,NES;S620;,0.017899674531806062,0.982100325468194
PRKAA1,1,NES;S784;,0.9280176039237,0.07198239607629997
PRKAA1,1,NEXN;S280;,0.02458227919555684,0.9754177208044432
PRKAA1,1,NFIX;S265;,0.02235899764220443,0.9776410023577956
PRKAA1,1,NHSL1;T1376;,0.027667174878049566,0.9723328251219503
PRKAA1,1,NUMA1;S1935;,0.025960138832504066,0.974039861167496
PRKAA1,1,NUMA1;S1958;,0.027129221297303215,0.9728707787026967
PRKAA1,1,NUP35;S73;,0.02536699351606287,0.9746330064839371
PRKAA1,1,OPTN;S188;,0.9684823863095414,0.031517613690458676
PRKAA1,1,PACS2;S319;,0.023455951585331092,0.9765440484146689
PRKAA1,1,PAK1;S144;,0.021232826441903947,0.978767173558096
PRKAA1,1,PAK1;S203;,0.017280205110789437,0.9827197948892104
PRKAA1,1,PAK2;S197;,0.04209925217661566,0.9579007478233842
PRKAA1,1,PARD3;S715;,0.030289762941458957,0.9697102370585409
PRKAA1,1,PARVA;S14;,0.048211256641522204,0.9517887433584779
PRKAA1,1,PATL1;S184;,0.025328463208621088,0.974671536791379
PRKAA1,1,PBXIP1;S132;,0.01849168129625241,0.9815083187037476
PRKAA1,1,PBXIP1;S133;,0.022182999133668634,0.9778170008663315
PRKAA1,1,PCM1;S1280;,0.027390134072036568,0.9726098659279633
PRKAA1,1,PCM1;S380;,0.01838060945940251,0.9816193905405974
PRKAA1,1,PCM1;S384;,0.025812258557420774,0.9741877414425792
PRKAA1,1,PDAP1;S176;,0.02409052686183088,0.9759094731381691
PRKAA1,1,PDAP1;S178;,0.017866501841645153,0.9821334981583548
PRKAA1,1,PDCD4;S420;,0.02631176588736656,0.9736882341126336
PRKAA1,1,PDCD4;S76;,0.02519506713269078,0.9748049328673093
PRKAA1,1,PDLIM7;S209;,0.015626025473468287,0.9843739745265314
PRKAA1,1,PDLIM7;T214;,0.016940103235154425,0.9830598967648455
PRKAA1,1,PDLIM7;T215;,0.029520666086367216,0.970479333913633
PRKAA1,1,PDS5B;S1176;,0.02515563814790082,0.9748443618520991
PRKAA1,1,PDXDC1;T554;,0.023211405880045933,0.9767885941199541
PRKAA1,1,PELO;S55;,0.015991121001033583,0.9840088789989665
PRKAA1,1,PEX1;S1209;,0.021053914658308536,0.9789460853416916
PRKAA1,1,PFKFB2;S469;,0.046375817190813316,0.9536241828091867
PRKAA1,1,PHF1;S410;,0.024681202267827298,0.9753187977321729
PRKAA1,1,PHF1;S415;,0.025675677528733794,0.9743243224712662
PRKAA1,1,PHF2;S782;,0.02627047446457676,0.9737295255354231
PRKAA1,1,PHIP;S1251;,0.02315560311423438,0.9768443968857657
PRKAA1,1,PHLDB1;S431;,0.023175718726363582,0.9768242812736365
PRKAA1,1,PHLDB1;S534;,0.0349580054281844,0.9650419945718155
PRKAA1,1,PHLDB2;S241;,0.030254543743483353,0.9697454562565168
PRKAA1,1,PI4K2A;S43;,0.017237671701290258,0.9827623282987096
PRKAA1,1,PI4K2A;S46;,0.024169695556483236,0.9758303044435167
PRKAA1,1,PI4K2A;S461;,0.028925001763268263,0.9710749982367315
PRKAA1,1,PI4K2A;S50;,0.030186027173448392,0.9698139728265518
PRKAA1,1,PID1;S230;,0.023078264461894024,0.976921735538106
PRKAA1,1,PID1;S231;,0.021925081646774307,0.9780749183532256
PRKAA1,1,PID1;S232;,0.03399920317814782,0.9660007968218524
PRKAA1,1,PID1;S242;,0.014593393101625426,0.9854066068983748
PRKAA1,1,PIEZO1;S1370;,0.02901671549835451,0.9709832845016453
PRKAA1,1,PIK3C2A;S261;,0.019551741474594254,0.980448258525406
PRKAA1,1,PLEC;S4246;,0.04903891664149423,0.9509610833585058
PRKAA1,1,PLEC;S4249;,0.02425803820730661,0.9757419617926933
PRKAA1,1,PNISR;S290;,0.019051698609952473,0.9809483013900474
PRKAA1,1,POM121;S370;,0.02266064930525195,0.9773393506947481
PRKAA1,1,PPAN;S233;,0.9625869757310599,0.03741302426893997
PRKAA1,1,PPAN;S238;,0.9498054557606217,0.05019454423937832
PRKAA1,1,PPAN;S240;,0.9633482850338995,0.03665171496610056
PRKAA1,1,PPP1R12C;S508;,0.027117161162247706,0.9728828388377523
PRKAA1,1,PPP1R13L;S110;,0.027275143891460685,0.9727248561085394
PRKAA1,1,PPP1R13L;S154;,0.020700829993536403,0.9792991700064637
PRKAA1,1,PPP1R13L;S360;,0.029930778173763162,0.9700692218262369
PRKAA1,1,PPP6R2;S629;,0.027064042255063387,0.9729359577449367
PRKAA1,1,PPP6R2;S719;,0.02567970442330648,0.9743202955766935
PRKAA1,1,PRKAA1;S496;,0.02792842963055203,0.972071570369448
PRKAA1,1,PRKAB1;S108;,0.9725572617031457,0.02744273829685424
PRKAA1,1,PRRC2A;S765;,0.01695353764477463,0.9830464623552254
PRKAA1,1,PRRC2B;S259;,0.040511433469689793,0.9594885665303102
PRKAA1,1,PSMA5;T55;,0.39168942873603557,0.6083105712639644
PRKAA1,1,PSMC3;S12;,0.020469303130074164,0.9795306968699259
PRKAA1,1,PSMC3;S9;,0.022072272091191742,0.9779277279088081
PRKAA1,1,PTPN12;T544;,0.5239327895087514,0.47606721049124856
PRKAA1,1,PTPN21;S599;,0.02894292537216467,0.9710570746278353
PRKAA1,1,PTPN21;S762;,0.03830122671938321,0.9616987732806168
PRKAA1,1,PTRF;S169;,0.01658069901302064,0.9834193009869794
PRKAA1,1,PTRF;S171;,0.018282279618438476,0.9817177203815619
PRKAA1,1,PUM2;S82;,0.026710149326819223,0.9732898506731806
PRKAA1,1,PXN;S106;,0.02117934502149492,0.978820654978505
PRKAA1,1,PXN;S137;,0.021480292315632327,0.9785197076843677
PRKAA1,1,PXN;S83;,0.026125148397920853,0.9738748516020791
PRKAA1,1,RABGEF1;T142;,0.029937358179301002,0.9700626418206991
PRKAA1,1,RAF1;S295;,0.023686269657190902,0.9763137303428092
PRKAA1,1,RAF1;S296;,0.027821312073229933,0.9721786879267703
PRKAA1,1,RAI14;T249;,0.023098459846694022,0.9769015401533062
PRKAA1,1,RANBP10;S481;,0.7254772208788356,0.2745227791211643
PRKAA1,1,RANBP3;S58;,0.029953072368078593,0.9700469276319214
PRKAA1,1,RAPGEF1;S306;,0.026552360769788893,0.9734476392302112
PRKAA1,1,RAPGEF1;S308;,0.022585407214271564,0.9774145927857287
PRKAA1,1,RAVER1;S576;,0.03115440979919189,0.968845590200808
PRKAA1,1,RB1CC1;S243;,0.02009701398046361,0.9799029860195364
PRKAA1,1,RBM3;S145;,0.019918941122063726,0.9800810588779364
PRKAA1,1,RBM7;S72;,0.028232592431316022,0.9717674075686841
PRKAA1,1,RFX7;S1177;,0.02434312435940625,0.9756568756405938
PRKAA1,1,RGD1307838;S900;,0.028704678960590802,0.9712953210394094
PRKAA1,1,RGD1307838;S903;,0.01764334971407697,0.9823566502859229
PRKAA1,1,RGD1308297;S518;,0.021710489106663917,0.978289510893336
PRKAA1,1,RGD1309586;S243;,0.019684894633979762,0.9803151053660204
PRKAA1,1,RGD1309586;S59;,0.06710492488950852,0.9328950751104916
PRKAA1,1,RGD1310016;S1171;,0.946520486287216,0.05347951371278402
PRKAA1,1,RGD1311783;S45;,0.977309338259233,0.02269066174076696
PRKAA1,1,RGD1311783;S46;,0.9682261046471194,0.031773895352880624
PRKAA1,1,RGD1560225;S763;,0.029904459927295103,0.9700955400727047
PRKAA1,1,RGD1561609;S759;,0.036927726400672864,0.9630722735993273
PRKAA1,1,RGD1562639;S1035;,0.0221145001576265,0.9778854998423734
PRKAA1,1,RGD1566017;S802;,0.02128228461981763,0.9787177153801822
PRKAA1,1,RIN2;S494;,0.02828500041045113,0.971714999589549
PRKAA1,1,RIPK2;S412;,0.9564726643337917,0.04352733566620833
PRKAA1,1,RNF40;S586;,0.017776588133132862,0.9822234118668672
PRKAA1,1,RPS6KA3;S715;,0.024406155339520813,0.9755938446604793
PRKAA1,1,RPS6KA4;S681;,0.027772993066069063,0.9722270069339309
PRKAA1,1,RPS6KA4;S682;,0.02141289194715325,0.9785871080528468
PRKAA1,1,RPS6KB1;S404;,0.02108257826147384,0.9789174217385261
PRKAA1,1,RPTOR;S863;,0.023674609236160136,0.9763253907638402
PRKAA1,1,RRP1B;S524;,0.0205343447221458,0.9794656552778541
PRKAA1,1,RRP1B;T521;,0.018643374287410582,0.9813566257125896
PRKAA1,1,RTF1;S416;,0.01810342774110528,0.9818965722588947
PRKAA1,1,RUFY1;S50;,0.029820718301686772,0.9701792816983134
PRKAA1,1,RUNX1T1;T568;,0.028455032524874635,0.9715449674751252
PRKAA1,1,SAMD4B;S271;,0.03188332535644199,0.968116674643558
PRKAA1,1,SAP30L;T91;,0.019833972668000983,0.9801660273319993
PRKAA1,1,SBF1;S1141;,0.7107863009816943,0.28921369901830596
PRKAA1,1,SCRIB;S1315;,0.023509477940483123,0.976490522059517
PRKAA1,1,SCRIB;S1529;,0.017005488986873114,0.9829945110131268
PRKAA1,1,SENP7;S47;,0.027409718821310297,0.9725902811786896
PRKAA1,1,SETD2;S511;,0.019590095658697237,0.9804099043413027
PRKAA1,1,SF3B1;T326;,0.39280928255516895,0.6071907174448311
PRKAA1,1,SFPQ;T586;,0.022748756928286408,0.9772512430717136
PRKAA1,1,SGTA;S306;,0.02637276600655012,0.9736272339934499
PRKAA1,1,SGTA;S308;,0.017214920484207204,0.9827850795157929
PRKAA1,1,SH3BP5;S420;,0.038722166664691186,0.9612778333353086
PRKAA1,1,SH3D19;S274;,0.02835972013578622,0.9716402798642136
PRKAA1,1,SH3PXD2A;S368;,0.9688028034165643,0.031197196583435737
PRKAA1,1,SH3PXD2A;S495;,0.019377334793109588,0.9806226652068905
PRKAA1,1,SH3PXD2A;S956;,0.035723510917643836,0.9642764890823562
PRKAA1,1,SHC3;S359;,0.024932096233504692,0.9750679037664952
PRKAA1,1,SIK2;S673;,0.025063872477689122,0.9749361275223107
PRKAA1,1,SIPA1L1;S1408;,0.9440796182996924,0.055920381700307734
PRKAA1,1,SIPA1L1;S1411;,0.9618603591655652,0.03813964083443471
PRKAA1,1,SIPA1L1;S288;,0.032342498484793085,0.9676575015152069
PRKAA1,1,SLC2A13;S38;,0.9722209780692175,0.027779021930782456
PRKAA1,1,SLC2A13;S44;,0.9747899231229719,0.025210076877028184
PRKAA1,1,SLC2A13;S47;,0.9673727155431546,0.03262728445684534
PRKAA1,1,SLC4A7;S1171;,0.9496585429319225,0.0503414570680773
PRKAA1,1,SLC4A7;S263;,0.976865589862053,0.023134410137947065
PRKAA1,1,SLK;S778;,0.9537405909907061,0.046259409009293935
PRKAA1,1,SMCR7L;S59;,0.029908083241043694,0.9700919167589561
PRKAA1,1,SMCR8;S416;,0.02210981205604849,0.9778901879439515
PRKAA1,1,SMCR8;S486;,0.9747991624106234,0.025200837589376707
PRKAA1,1,SMCR8;S488;,0.9658394877806245,0.03416051221937551
PRKAA1,1,SMCR8;S491;,0.9720436691576735,0.02795633084232658
PRKAA1,1,SMCR8;S497;,0.9391534251887665,0.06084657481123342
PRKAA1,1,SMG6;S537;,0.020943280450982534,0.9790567195490173
PRKAA1,1,SNW1;S224;,0.939130178979593,0.060869821020406965
PRKAA1,1,SNX8;S454;,0.024543880901942774,0.9754561190980573
PRKAA1,1,SON;S94;,0.022931986176275898,0.977068013823724
PRKAA1,1,SORBS1;S857;,0.0231058739680195,0.9768941260319806
PRKAA1,1,SOS1;S1120;,0.033391957728819,0.966608042271181
PRKAA1,1,SOX6;S399;,0.023615329284436413,0.9763846707155636
PRKAA1,1,SOX6;S402;,0.024701007470475995,0.9752989925295239
PRKAA1,1,SOX6;T401;,0.01671833260238132,0.9832816673976187
PRKAA1,1,SPAG7;S219;,0.024341029664731527,0.9756589703352684
PRKAA1,1,SPAG9;S203;,0.02556413130867038,0.9744358686913295
PRKAA1,1,SPAG9;S716;,0.04019155456562707,0.9598084454343727
PRKAA1,1,SPHK2;S379;,0.9532614080912805,0.04673859190871954
PRKAA1,1,SRPK2;S487;,0.0327580675278563,0.9672419324721439
PRKAA1,1,SRRM2;S2228;,0.024912805106904974,0.975087194893095
PRKAA1,1,SRRM2;S2338;,0.02525895975068206,0.9747410402493181
PRKAA1,1,SRSF10;S131;,0.9414217735437362,0.05857822645626371
PRKAA1,1,SRSF11;S200;,0.021487177352775555,0.9785128226472244
PRKAA1,1,STARD13;S334;,0.022066417551280023,0.9779335824487198
PRKAA1,1,STAT3;S727;,0.041566484320473225,0.9584335156795266
PRKAA1,1,STIM1;S257;,0.9395111589493845,0.060488841050615354
PRKAA1,1,STIM1;S523;,0.9236836804094819,0.0763163195905182
PRKAA1,1,STIM1;S524;,0.9639169451833667,0.0360830548166335
PRKAA1,1,STIM2;S675;,0.9638768714570266,0.036123128542973414
PRKAA1,1,STK11IP;S443;,0.0212259720616214,0.9787740279383785
PRKAA1,1,STK3;S385;,0.015592465850797032,0.9844075341492029
PRKAA1,1,STMN1;S16;,0.019548163726498053,0.9804518362735019
PRKAA1,1,STMN1;S25;,0.028208746459882906,0.971791253540117
PRKAA1,1,STMN1;S38;,0.03633309616598619,0.9636669038340138
PRKAA1,1,STRN3;S227;,0.01655799038826112,0.9834420096117389
PRKAA1,1,SUN2;S12;,0.01775755686517894,0.9822424431348211
PRKAA1,1,SVIL;S1177;,0.02009540846881655,0.9799045915311833
PRKAA1,1,SVIL;S259;,0.027263619568823123,0.9727363804311767
PRKAA1,1,SVIL;S531;,0.020586206172718127,0.9794137938272819
PRKAA1,1,SYNPO2L;S401;,0.03094052639997511,0.9690594736000249
PRKAA1,1,SYNPO2L;T141;,0.5334865184596457,0.46651348154035416
PRKAA1,1,SZT2;S1641;,0.026900243860476198,0.9730997561395238
PRKAA1,1,TACC2;S575;,0.047078374068368796,0.9529216259316313
PRKAA1,1,TANC2;S1447;,0.02584146280350229,0.9741585371964979
PRKAA1,1,TBC1D1;S231;,0.9772370562442049,0.022762943755795233
PRKAA1,1,TBC1D1;S662;,0.9798686108427302,0.020131389157269714
PRKAA1,1,TBC1D1;T590;,0.024069973535768518,0.9759300264642317
PRKAA1,1,TBC1D16;S382;,0.01896750799265489,0.9810324920073451
PRKAA1,1,TCF12;S583;,0.03500005199880146,0.9649999480011985
PRKAA1,1,TDRD3;S256;,0.026637558391222293,0.9733624416087778
PRKAA1,1,TENC1;T996;,0.01588806330825649,0.9841119366917436
PRKAA1,1,TFE3;S531;,0.047256858566958326,0.9527431414330414
PRKAA1,1,TJP1;S1602;,0.020637265941869046,0.979362734058131
PRKAA1,1,TJP1;S1604;,0.0159634344471985,0.9840365655528014
PRKAA1,1,TJP2;S147;,0.015406373987739716,0.9845936260122602
PRKAA1,1,TMEM245;S327;,0.05433766019745217,0.9456623398025478
PRKAA1,1,TMEM55A;S14;,0.959873880554592,0.04012611944540792
PRKAA1,1,TNKS1BP1;S1642;,0.031341227491495496,0.9686587725085044
PRKAA1,1,TNRC6B;S306;,0.023728105124366992,0.976271894875633
PRKAA1,1,TNRC6B;S421;,0.018123467240422138,0.9818765327595778
PRKAA1,1,TRAK1;S390;,0.01959188829498312,0.9804081117050165
PRKAA1,1,TRAK1;S905;,0.9694877741475323,0.030512225852467764
PRKAA1,1,TRAPPC12;S314;,0.020756245760229237,0.9792437542397707
PRKAA1,1,TRIM28;S474;,0.03384388224330198,0.9661561177566982
PRKAA1,1,TRIO;S2459;,0.022369411074842725,0.9776305889251573
PRKAA1,1,TRIO;S2463;,0.025327593503158975,0.974672406496841
PRKAA1,1,TRIP12;T1454;,0.014892429735303874,0.9851075702646959
PRKAA1,1,TSC2;S939;,0.03519621646698874,0.9648037835330113
PRKAA1,1,TSSC4;S190;,0.02338467998171259,0.9766153200182872
PRKAA1,1,TTN;S305;,0.9441251079407257,0.0558748920592743
PRKAA1,1,UBA1;S13;,0.02991637627967754,0.9700836237203224
PRKAA1,1,UBA5;S380;,0.02491920055352703,0.9750807994464731
PRKAA1,1,UBE2O;S835;,0.027588194607034443,0.9724118053929657
PRKAA1,1,UBE2O;T830;,0.3813944461835862,0.6186055538164139
PRKAA1,1,UBE4B;S88;,0.02755829294777848,0.9724417070522214
PRKAA1,1,ULK1;S450;,0.017208825402330288,0.9827911745976697
PRKAA1,1,ULK1;S465;,0.9723289091122683,0.027671090887731713
PRKAA1,1,ULK1;S477;,0.030364519108342296,0.9696354808916577
PRKAA1,1,ULK1;S479;,0.024884287320224078,0.975115712679776
PRKAA1,1,ULK1;S637;,0.9765409426218775,0.02345905737812255
PRKAA1,1,ULK1;T468;,0.5594004305945643,0.4405995694054356
PRKAA1,1,ULK1;T659;,0.8979000588899486,0.10209994111005122
PRKAA1,1,USP10;S224;,0.024216859804680062,0.9757831401953199
PRKAA1,1,VAPA;S164;,0.9644881712621904,0.03551182873780958
PRKAA1,1,VIM;S420;,0.9571652658865224,0.04283473411347762
PRKAA1,1,VIM;S430;,0.9271175366956408,0.07288246330435941
PRKAA1,1,VIM;T426;,0.9394973412957719,0.06050265870422799
PRKAA1,1,VPS26B;S304;,0.96270323848647,0.03729676151353012
PRKAA1,1,WIPF2;S235;,0.025643788883545484,0.9743562111164543
PRKAA1,1,WNK1;S165;,0.032542935707773335,0.9674570642922268
PRKAA1,1,WWC3;S955;,0.016566523000560374,0.9834334769994396
PRKAA1,1,YAP1;S46;,0.9618678855634643,0.03813211443653567
PRKAA1,1,ZC3H13;S368;,0.9581154995681417,0.04188450043185818
PRKAA1,1,ZC3HAV1;S307;,0.023963506132505655,0.9760364938674944
PRKAA1,1,ZC3HAV1;S325;,0.01772370136419473,0.9822762986358052
PRKAA1,1,ZC3HAV1;S544;,0.018552449089763896,0.981447550910236
PRKAA1,1,ZC3HC1;S343;,0.026799021059076528,0.9732009789409235
PRKAA1,1,ZC3HC1;T351;,0.028794683506312757,0.9712053164936871
PRKAA1,1,ZFP295;S411;,0.030146523549278666,0.9698534764507214
PRKAA1,1,ZFYVE16;S903;,0.028130185501232245,0.9718698144987676
PRKAA1,1,ZNRF2;S148;,0.019791074820966714,0.9802089251790331
PRKAA1,1,ZNRF2;S154;,0.02087718321570317,0.9791228167842967
PRKAA1,1,ZNRF2;S18;,0.027465809524716764,0.9725341904752831
PRKAA1,1,ZNRF2;S81;,0.03757693763763724,0.9624230623623629
PRKAA1,1,ZYX;S143;,0.017917200548440378,0.9820827994515595
PRKAA1,1,ZYX;S144;,0.01740159396958525,0.9825984060304148
PRKAA1,1,ZYX;S336;,0.020070573027862963,0.9799294269721373
PRKAA1,1,ZZEF1;S1516;,0.028192697983973374,0.9718073020160265
PRKAA1,1,ZZEF1;S1535;,0.03681678771125151,0.9631832122887486
PRKAA1,2,AAK1;S677;,0.03070555019012578,0.9692944498098742
PRKAA1,2,ABCC4;S604;,0.03276881233704581,0.9672311876629541
PRKAA1,2,ABI2;S165;,0.03501821734176373,0.9649817826582362
PRKAA1,2,ABI2;S168;,0.02084528448016162,0.9791547155198387
PRKAA1,2,ABL2;S799;,0.02739222548999324,0.9726077745100066
PRKAA1,2,ABLIM3;S566;,0.02226699546836342,0.9777330045316367
PRKAA1,2,ABLIM3;S575;,0.5859087971604006,0.4140912028395994
PRKAA1,2,ACACA;S79;,0.9242551526525344,0.07574484734746552
PRKAA1,2,ACIN1;S711;,0.02697664697224088,0.9730233530277593
PRKAA1,2,ADD1;S613;,0.020535080962951993,0.9794649190370481
PRKAA1,2,ADD1;T614;,0.04525379875876597,0.9547462012412341
PRKAA1,2,ADNP;S971;,0.029621725878048562,0.9703782741219514
PRKAA1,2,AFF4;S823;,0.06544485372291252,0.9345551462770876
PRKAA1,2,AGAP3;S107;,0.03548952328532422,0.9645104767146757
PRKAA1,2,AHCTF1;S1214;,0.9153641135847821,0.0846358864152179
PRKAA1,2,AHNAK;S1191;,0.8077451975229982,0.19225480247700147
PRKAA1,2,AHNAK;S177;,0.02424046046674665,0.9757595395332535
PRKAA1,2,AHNAK;S2060;,0.021088260898889027,0.978911739101111
PRKAA1,2,AHNAK;S211;,0.027960448855525233,0.9720395511444747
PRKAA1,2,AHNAK;S2117;,0.7996417161949334,0.20035828380506646
PRKAA1,2,AHNAK;S222;,0.9133323336644876,0.08666766633551234
PRKAA1,2,AHNAK;S3915;,0.019630047441691844,0.9803699525583083
PRKAA1,2,AHNAK;S42;,0.02092929673357273,0.9790707032664273
PRKAA1,2,AHNAK;S4597;,0.030560747044748704,0.9694392529552511
PRKAA1,2,AHNAK;S5243;,0.03857589137190384,0.9614241086280962
PRKAA1,2,AHNAK;T4049;,0.11461929893098709,0.885380701069013
PRKAA1,2,AHNAK2;S425;,0.021762117703746506,0.9782378822962535
PRKAA1,2,AHNAK2;T438;,0.04728483954431106,0.9527151604556889
PRKAA1,2,AIMP1;S110;,0.023887339438422063,0.9761126605615781
PRKAA1,2,AJUBA;S129;,0.044625756153469226,0.9553742438465308
PRKAA1,2,AKAP1;S103;,0.940090880292301,0.05990911970769907
PRKAA1,2,AKAP10;S278;,0.0202944967486252,0.9797055032513748
PRKAA1,2,AKAP11;S1090;,0.6918375749287957,0.3081624250712044
PRKAA1,2,AKAP11;S21;,0.021756342148201477,0.9782436578517986
PRKAA1,2,AKAP11;S23;,0.020314608752422393,0.9796853912475777
PRKAA1,2,AKAP11;S448;,0.027378787634413475,0.9726212123655867
PRKAA1,2,AKAP13;S2515;,0.03447525565223139,0.9655247443477685
PRKAA1,2,AKAP2;S152;,0.05335347670921293,0.9466465232907871
PRKAA1,2,AKAP2;S730;,0.029265474799673515,0.9707345252003265
PRKAA1,2,AKAP6;S562;,0.9132669659610346,0.08673303403896537
PRKAA1,2,AKAP9;S3669;,0.02550139847606197,0.9744986015239379
PRKAA1,2,AKT1S1;S184;,0.021365567473991376,0.9786344325260086
PRKAA1,2,AKT1S1;T247;,0.03756714572626288,0.9624328542737371
PRKAA1,2,ALKBH5;S362;,0.03592050611081524,0.9640794938891846
PRKAA1,2,ALKBH5;S376;,0.021144640392069,0.9788553596079309
PRKAA1,2,AMOTL1;S580;,0.8709140124150319,0.12908598758496823
PRKAA1,2,ANP32A;S15;,0.02778808991059276,0.9722119100894072
PRKAA1,2,AP3D1;S755;,0.0409515539875631,0.9590484460124369
PRKAA1,2,ARFGAP2;S145;,0.02777754920439038,0.9722224507956095
PRKAA1,2,ARFGEF2;S214;,0.04568751429392433,0.9543124857060759
PRKAA1,2,ARFIP1;S39;,0.948696012022717,0.051303987977283
PRKAA1,2,ARHGAP17;S710;,0.03278259601938808,0.9672174039806122
PRKAA1,2,ARHGAP22;S200;,0.03492400954067486,0.9650759904593254
PRKAA1,2,ARHGAP22;S236;,0.028695199684304177,0.9713048003156958
PRKAA1,2,ARHGAP35;S1174;,0.022919207298027516,0.9770807927019725
PRKAA1,2,ARHGAP39;S284;,0.023474709440847206,0.976525290559153
PRKAA1,2,ARHGAP5;S1195;,0.020687686187055628,0.9793123138129444
PRKAA1,2,ARHGAP5;S1202;,0.03272982720883153,0.9672701727911684
PRKAA1,2,ARHGAP5;S967;,0.025271967876929844,0.97472803212307
PRKAA1,2,ARHGEF12;S337;,0.027183967582168934,0.9728160324178311
PRKAA1,2,ARHGEF12;S341;,0.025184545142655834,0.9748154548573443
PRKAA1,2,ARHGEF17;S995;,0.866796665726335,0.13320333427366515
PRKAA1,2,ARHGEF5;S721;,0.01959590807488688,0.9804040919251129
PRKAA1,2,ARPP21;S256;,0.7270813022791601,0.27291869772084004
PRKAA1,2,ATF7;T53;,0.7499305783321133,0.25006942166788654
PRKAA1,2,ATG14;S5;,0.02492184625864938,0.9750781537413504
PRKAA1,2,ATG2A;S1246;,0.025537797954843875,0.9744622020451561
PRKAA1,2,ATG2B;S240;,0.028742549730722405,0.9712574502692777
PRKAA1,2,ATG2B;S255;,0.02507021038227614,0.9749297896177238
PRKAA1,2,ATRX;S761;,0.032619035535332276,0.9673809644646677
PRKAA1,2,ATXN2;S622;,0.02696409245184499,0.973035907548155
PRKAA1,2,ATXN2L;S109;,0.03260149740872016,0.9673985025912798
PRKAA1,2,ATXN2L;S447;,0.042330493454817486,0.9576695065451825
PRKAA1,2,AZI1;S114;,0.056176417815762804,0.9438235821842371
PRKAA1,2,AZI1;S304;,0.028013055205626698,0.9719869447943735
PRKAA1,2,BAD;S171;,0.9281907019851175,0.07180929801488245
PRKAA1,2,BAG3;S271;,0.031393662330858225,0.9686063376691416
PRKAA1,2,BAG3;S387;,0.023168330807727542,0.9768316691922724
PRKAA1,2,BAG3;S388;,0.03329040239031509,0.966709597609685
PRKAA1,2,BAIAP2L1;S218;,0.02836033294096521,0.9716396670590346
PRKAA1,2,BAIAP2L1;S380;,0.9140269379418563,0.0859730620581439
PRKAA1,2,BAZ2A;S1388;,0.033754104279796145,0.9662458957202039
PRKAA1,2,BBX;S243;,0.03871533270531859,0.9612846672946815
PRKAA1,2,BCL9L;S116;,0.024577322494955728,0.975422677505044
PRKAA1,2,BCL9L;S21;,0.9127753917111955,0.08722460828880457
PRKAA1,2,BCL9L;S25;,0.05078075281781555,0.9492192471821845
PRKAA1,2,BICD2;S611;,0.04514591979449003,0.9548540802055101
PRKAA1,2,BICD2;S819;,0.05744663831851308,0.9425533616814868
PRKAA1,2,BRAF;S134;,0.029745709072979278,0.9702542909270206
PRKAA1,2,BRD8;S274;,0.048257491819445726,0.9517425081805545
PRKAA1,2,BRD8;T270;,0.03108091112317212,0.9689190888768279
PRKAA1,2,BSDC1;S216;,0.033129326312643786,0.9668706736873562
PRKAA1,2,C2CD4C;S262;,0.02635506946972022,0.9736449305302797
PRKAA1,2,CACNB1;S53;,0.026247148536113717,0.9737528514638863
PRKAA1,2,CALD1;S527;,0.024912382403360998,0.9750876175966392
PRKAA1,2,CAMK2D;T371;,0.5842628218192523,0.4157371781807477
PRKAA1,2,CAMSAP1;S1154;,0.028198184523397583,0.9718018154766026
PRKAA1,2,CAMSAP1;S517;,0.021512603457124642,0.9784873965428753
PRKAA1,2,CAP2;S301;,0.026274079932641813,0.9737259200673583
PRKAA1,2,CBX5;S93;,0.04074233290511083,0.9592576670948889
PRKAA1,2,CCDC6;S143;,0.026417851517008796,0.9735821484829913
PRKAA1,2,CCDC88A;S1638;,0.0285130271157604,0.9714869728842396
PRKAA1,2,CCDC91;S71;,0.022786334905013302,0.9772136650949866
PRKAA1,2,CDC42EP2;S137;,0.04548275545927031,0.9545172445407295
PRKAA1,2,CDC42EP2;S141;,0.03908020712606971,0.9609197928739303
PRKAA1,2,CDC42EP4;S140;,0.03758754664929161,0.9624124533507082
PRKAA1,2,CDKN1A;S69;,0.021497413907430853,0.9785025860925691
PRKAA1,2,CDKN1B;S12;,0.022260167886608437,0.9777398321133915
PRKAA1,2,CDKN1B;S7;,0.018807108825266837,0.9811928911747331
PRKAA1,2,CEP170B;S1166;,0.032662004275829895,0.96733799572417
PRKAA1,2,CEP68;S503;,0.2645847736414113,0.7354152263585886
PRKAA1,2,CEP68;S510;,0.05003702228889145,0.9499629777111086
PRKAA1,2,CHAMP1;S532;,0.05024478471473674,0.9497552152852632
PRKAA1,2,CHD8;S549;,0.9253608722024407,0.07463912779755946
PRKAA1,2,CHRND;S379;,0.9158271312903664,0.0841728687096337
PRKAA1,2,CIC;S1394;,0.0302388426856905,0.9697611573143096
PRKAA1,2,CIC;S1399;,0.021080394204394993,0.978919605795605
PRKAA1,2,CLASP2;S331;,0.9403911041096338,0.059608895890366186
PRKAA1,2,CLIP1;S159;,0.028451300422331658,0.9715486995776682
PRKAA1,2,COBL;S31;,0.9359335148606148,0.06406648513938513
PRKAA1,2,COBL;S34;,0.9363279010707135,0.0636720989292865
PRKAA1,2,COG3;S536;,0.9163782663743567,0.08362173362564337
PRKAA1,2,CORO7;S298;,0.9541570554631614,0.045842944536838445
PRKAA1,2,DAB2IP;S802;,0.028542243187031857,0.9714577568129682
PRKAA1,2,DAP;S2;,0.02583276813792249,0.9741672318620777
PRKAA1,2,DAP;S3;,0.026619464823006783,0.9733805351769933
PRKAA1,2,DBNDD1;S123;,0.024058733605737927,0.975941266394262
PRKAA1,2,DCAF6;S336;,0.01926672097633099,0.980733279023669
PRKAA1,2,DCLK1;S30;,0.9282448332244223,0.07175516677557751
PRKAA1,2,DDX19A;S86;,0.03744759888576879,0.9625524011142311
PRKAA1,2,DDX3X;S261;,0.06541480598828746,0.9345851940117125
PRKAA1,2,DENND4C;S1037;,0.9335563346002653,0.0664436653997348
PRKAA1,2,DLG2;S323;,0.04149154519263288,0.958508454807367
PRKAA1,2,DLG2;S328;,0.029007241662568215,0.9709927583374317
PRKAA1,2,DMXL1;S574;,0.917769169946077,0.08223083005392287
PRKAA1,2,DNAJC2;T48;,0.1077788344954938,0.8922211655045064
PRKAA1,2,DNAJC25;T353;,0.18453704886360756,0.8154629511363923
PRKAA1,2,DOCK6;S1339;,0.08014599484844663,0.9198540051515536
PRKAA1,2,DOCK7;S1361;,0.039196671119147174,0.9608033288808527
PRKAA1,2,DOCK7;S2107;,0.02145350446611267,0.9785464955338872
PRKAA1,2,DOPEY1;S1261;,0.033646163868232465,0.9663538361317678
PRKAA1,2,DTNA;S606;,0.023627044975454096,0.9763729550245459
PRKAA1,2,DUSP27;S366;,0.03033396396781505,0.9696660360321848
PRKAA1,2,DUSP27;S368;,0.022570954626151992,0.977429045373848
PRKAA1,2,DUSP27;S370;,0.02184051976591439,0.9781594802340855
PRKAA1,2,DUSP27;S427;,0.023665061850304894,0.9763349381496951
PRKAA1,2,DYNC1H1;S4365;,0.026704508670681127,0.973295491329319
PRKAA1,2,DYNC1I2;S81;,0.055455333224822385,0.9445446667751776
PRKAA1,2,EEF2;T57;,0.6281688799529324,0.3718311200470678
PRKAA1,2,EEF2K;S365;,0.5,0.5
PRKAA1,2,EHBP1L1;S1363;,0.9298154790145704,0.07018452098542942
PRKAA1,2,EHD4;S459;,0.021707346038367926,0.978292653961632
PRKAA1,2,EIF3A;S584;,0.02753363798814274,0.9724663620118572
PRKAA1,2,EIF4B;S422;,0.05351541261822139,0.9464845873817785
PRKAA1,2,EIF4B;S424;,0.023256064034683402,0.9767439359653165
PRKAA1,2,EIF4B;S425;,0.027380763188864562,0.9726192368111353
PRKAA1,2,EIF4B;T420;,0.02789628019741751,0.9721037198025825
PRKAA1,2,EIF4EBP1;S64;,0.027594224482979664,0.9724057755170205
PRKAA1,2,EIF4EBP2;S2;,0.03865427038765057,0.9613457296123494
PRKAA1,2,EIF5B;S183;,0.036315186364459656,0.9636848136355403
PRKAA1,2,ELMSAN1;S456;,0.05195755934591015,0.9480424406540899
PRKAA1,2,EPS8;S659;,0.032901104012910895,0.967098895987089
PRKAA1,2,ETL4;S1844;,0.05432220664157142,0.9456777933584285
PRKAA1,2,ETV3;S139;,0.02959104498666169,0.9704089550133382
PRKAA1,2,FAM120C;S55;,0.027320520600968148,0.9726794793990318
PRKAA1,2,FAM134C;S313;,0.8735375977996499,0.12646240220035
PRKAA1,2,FAM134C;S320;,0.6117467600975339,0.3882532399024661
PRKAA1,2,FAM171A2;S423;,0.02664449219219553,0.9733555078078046
PRKAA1,2,FAM65A;S752;,0.02360214036342334,0.9763978596365767
PRKAA1,2,FBXO30;S379;,0.02728774475218625,0.9727122552478138
PRKAA1,2,FHOD1;S489;,0.02952992354342132,0.9704700764565786
PRKAA1,2,FHOD1;S501;,0.04956945715012492,0.9504305428498752
PRKAA1,2,FHOD1;S504;,0.02770406726973609,0.9722959327302638
PRKAA1,2,FHOD1;S513;,0.026202500273128607,0.9737974997268715
PRKAA1,2,FHOD1;S523;,0.04216934951082161,0.9578306504891784
PRKAA1,2,FLNC;S2147;,0.02266345525570878,0.9773365447442912
PRKAA1,2,FLNC;S2234;,0.031170807122476968,0.968829192877523
PRKAA1,2,FMN1;S589;,0.02582056764199567,0.9741794323580043
PRKAA1,2,FOSL2;S320;,0.03657319343177742,0.9634268065682227
PRKAA1,2,FOSL2;T322;,0.05458558528152272,0.9454144147184773
PRKAA1,2,FOXK1;S225;,0.03784480299461265,0.9621551970053873
PRKAA1,2,FOXK2;T200;,0.0353574843665765,0.9646425156334237
PRKAA1,2,FOXO3;S252;,0.03984898558209477,0.9601510144179053
PRKAA1,2,FRMD8;S21;,0.02260551738108487,0.977394482618915
PRKAA1,2,FRYL;T1959;,0.047802438013861845,0.952197561986138
PRKAA1,2,GAB1;S418;,0.027393461541367372,0.9726065384586324
PRKAA1,2,GAB2;S142;,0.02759975816502572,0.9724002418349742
PRKAA1,2,GAB2;S143;,0.052288907264416776,0.9477110927355833
PRKAA1,2,GAB2;S211;,0.03617454988558038,0.9638254501144194
PRKAA1,2,GAB2;S365;,0.02647306897769232,0.9735269310223078
PRKAA1,2,GAB2;T388;,0.0333127998194387,0.9666872001805612
PRKAA1,2,GATAD2A;S103;,0.9272912689476072,0.07270873105239288
PRKAA1,2,GATAD2A;S96;,0.9453465010956341,0.05465349890436575
PRKAA1,2,GATAD2B;S338;,0.03954422123238531,0.9604557787676146
PRKAA1,2,GBF1;S1786;,0.09474532755862014,0.9052546724413798
PRKAA1,2,GIGYF1;S28;,0.044513503589933674,0.9554864964100663
PRKAA1,2,GIT2;S568;,0.019061835066979362,0.9809381649330207
PRKAA1,2,GOLGA4;S116;,0.9305127404437153,0.06948725955628472
PRKAA1,2,GSK3A;S21;,0.043433568066511066,0.9565664319334891
PRKAA1,2,GSK3A;S41;,0.019628370895243292,0.9803716291047567
PRKAA1,2,GSK3B;S9;,0.049355494798660964,0.950644505201339
PRKAA1,2,GYS1;S728;,0.054258346520041856,0.9457416534799581
PRKAA1,2,HBP1;S401;,0.03651210477233651,0.9634878952276635
PRKAA1,2,HBS1L;S147;,0.0189074761983845,0.9810925238016155
PRKAA1,2,HDAC6;S21;,0.02736378954486837,0.9726362104551316
PRKAA1,2,HECTD1;S1392;,0.045712946708299715,0.9542870532917004
PRKAA1,2,HECTD1;S1393;,0.03060868965459371,0.9693913103454064
PRKAA1,2,HECTD1;S1573;,0.8366470279562634,0.16335297204373642
PRKAA1,2,HELB;S944;,0.05246186039919998,0.9475381396007999
PRKAA1,2,HERC1;S1163;,0.03369236779019196,0.9663076322098081
PRKAA1,2,HERC1;T1154;,0.028755330845170478,0.9712446691548297
PRKAA1,2,HIRIP3;S27;,0.022124624806644896,0.977875375193355
PRKAA1,2,HN1L;S97;,0.02900738629709353,0.9709926137029065
PRKAA1,2,HOMER3;S158;,0.034731552638991074,0.9652684473610088
PRKAA1,2,HUWE1;S1876;,0.0225135477675728,0.9774864522324271
PRKAA1,2,HUWE1;S3639;,0.020297777831204695,0.9797022221687953
PRKAA1,2,HUWE1;S3898;,0.04417555770485136,0.9558244422951486
PRKAA1,2,HUWE1;T3903;,0.03947057292540074,0.9605294270745994
PRKAA1,2,IREB2;S178;,0.019196645769603816,0.9808033542303961
PRKAA1,2,IRF2BPL;S69;,0.03319940640606173,0.9668005935939382
PRKAA1,2,ITSN1;S1063;,0.10682732366854414,0.8931726763314559
PRKAA1,2,ITSN1;S315;,0.03115122321501568,0.9688487767849843
PRKAA1,2,JMY;S56;,0.034909927210213444,0.9650900727897863
PRKAA1,2,JSRP1;S47;,0.021637088331891388,0.9783629116681085
PRKAA1,2,KANK2;S358;,0.027014032932012343,0.9729859670679875
PRKAA1,2,KCTD3;S809;,0.9307189143289247,0.06928108567107533
PRKAA1,2,KDM2A;S718;,0.035988565491636794,0.9640114345083632
PRKAA1,2,KDM2A;T713;,0.042973001259451665,0.9570269987405482
PRKAA1,2,KDM5C;S316;,0.026571185944060226,0.9734288140559396
PRKAA1,2,KPNA1;S2;,0.06904059131815525,0.9309594086818447
PRKAA1,2,KPNA1;T3;,0.1218690526954461,0.878130947304554
PRKAA1,2,LAMTOR1;S98;,0.02236912881815472,0.9776308711818451
PRKAA1,2,LARP1;S916;,0.052279302615787754,0.9477206973842124
PRKAA1,2,LARP1;T932;,0.04445654322809288,0.9555434567719071
PRKAA1,2,LARP4B;S498;,0.03210546123256984,0.9678945387674303
PRKAA1,2,LDB3;S112;,0.023163167270381733,0.9768368327296184
PRKAA1,2,LIMA1;S360;,0.035470631946162845,0.9645293680538369
PRKAA1,2,LIMA1;S603;,0.03742452477335938,0.9625754752266406
PRKAA1,2,LIMA1;S608;,0.036842627085905084,0.963157372914095
PRKAA1,2,LIMA1;S703;,0.03919464922114353,0.9608053507788566
PRKAA1,2,LMNA;S404;,0.04023548776000255,0.9597645122399975
PRKAA1,2,LMNA;S406;,0.02402578041562635,0.9759742195843737
PRKAA1,2,LMNA;S407;,0.022375495021734835,0.9776245049782653
PRKAA1,2,LMNA;S423;,0.02445358402691358,0.9755464159730863
PRKAA1,2,LMNA;S424;,0.024904661965544226,0.9750953380344556
PRKAA1,2,LMO7;S1541;,0.026503066711825014,0.9734969332881749
PRKAA1,2,LMO7;S1543;,0.0304825850258058,0.9695174149741943
PRKAA1,2,LOC100360205;S239;,0.02931072931292838,0.9706892706870717
PRKAA1,2,LOC100365259;S393;,0.10159974148721275,0.8984002585127873
PRKAA1,2,LOC100910104;S475;,0.029981911657104326,0.9700180883428956
PRKAA1,2,LOC100910104;S532;,0.9410213117208502,0.058978688279149816
PRKAA1,2,LOC100910104;S719;,0.02864535981638273,0.9713546401836174
PRKAA1,2,LOC100910646;S166;,0.024341323292846464,0.9756586767071537
PRKAA1,2,LOC100911178;S1643;,0.022666187338985486,0.9773338126610145
PRKAA1,2,LOC100911302;S1721;,0.03726619081135251,0.9627338091886475
PRKAA1,2,LOC100911677;S490;,0.9388843904877532,0.061115609512246864
PRKAA1,2,LOC100912115;S649;,0.03187279872452377,0.9681272012754764
PRKAA1,2,LOC312502;S1164;,0.028915170199574815,0.971084829800425
PRKAA1,2,LOC312502;S138;,0.942118453082059,0.0578815469179411
PRKAA1,2,LOC312502;S139;,0.935539388659121,0.06446061134087899
PRKAA1,2,LOC312502;S483;,0.04288549174571733,0.9571145082542827
PRKAA1,2,LOC683007;S1204;,0.032554526076430036,0.96744547392357
PRKAA1,2,LOC683007;S1207;,0.02057520337733214,0.9794247966226677
PRKAA1,2,LOC684259;S780;,0.9405238044361258,0.05947619556387411
PRKAA1,2,LOC685707;S1251;,0.0439427969962012,0.9560572030037987
PRKAA1,2,LRRFIP2;S18;,0.023643017036355154,0.9763569829636448
PRKAA1,2,LRRFIP2;T136;,0.0430458641750613,0.9569541358249386
PRKAA1,2,LYSMD1;S33;,0.9291899317145487,0.07081006828545142
PRKAA1,2,MACF1;S1376;,0.03863299529521975,0.9613670047047804
PRKAA1,2,MACF1;S5293;,0.036292046224891496,0.9637079537751084
PRKAA1,2,MAF1;S60;,0.03261534425936195,0.9673846557406381
PRKAA1,2,MAP1A;S1757;,0.040120068953561565,0.9598799310464387
PRKAA1,2,MAP1A;T2177;,0.039118144450340134,0.96088185554966
PRKAA1,2,MAP1A;T504;,0.03369225491194169,0.9663077450880583
PRKAA1,2,MAP1B;S1257;,0.04828992691070329,0.9517100730892968
PRKAA1,2,MAP1B;S1389;,0.040716225871537344,0.9592837741284627
PRKAA1,2,MAP1B;S1393;,0.03775510541469654,0.9622448945853036
PRKAA1,2,MAP1B;T1781;,0.3877517864444452,0.612248213555555
PRKAA1,2,MAP1S;S683;,0.04900858635059973,0.9509914136494002
PRKAA1,2,MAP4;S902;,0.9082143492679488,0.09178565073205122
PRKAA1,2,MAP4K4;S591;,0.02432971691075042,0.9756702830892496
PRKAA1,2,MAP4K4;S791;,0.9537635200598306,0.04623647994016946
PRKAA1,2,MAP4K4;S794;,0.9462437824187889,0.053756217581211206
PRKAA1,2,MAPK1;Y185;,0.24084101683640802,0.7591589831635919
PRKAA1,2,MAPK14;Y182;,0.27251116104625717,0.7274888389537428
PRKAA1,2,MAPK8;Y185;,0.4383338001423472,0.5616661998576528
PRKAA1,2,MARCKS;S141;,0.0376837113111018,0.9623162886888983
PRKAA1,2,MARK3;S593;,0.01852784807259736,0.9814721519274027
PRKAA1,2,MARK3;T594;,0.07480841778370437,0.9251915822162956
PRKAA1,2,MATR3;S188;,0.0319200223600382,0.9680799776399618
PRKAA1,2,MBD3;S85;,0.028703770919635368,0.9712962290803647
PRKAA1,2,MBD3;S86;,0.019290198139369583,0.9807098018606304
PRKAA1,2,MDM2;S138;,0.04328069851242717,0.9567193014875726
PRKAA1,2,MED1;S1465;,0.025848495743191476,0.9741515042568087
PRKAA1,2,MED1;S1467;,0.02322256808489684,0.9767774319151032
PRKAA1,2,MED1;S1468;,0.02100381413270897,0.9789961858672911
PRKAA1,2,MED24;S860;,0.025125641598071735,0.9748743584019282
PRKAA1,2,MED24;S861;,0.020346378946195436,0.9796536210538045
PRKAA1,2,MEF2C;S226;,0.027401754859490396,0.9725982451405094
PRKAA1,2,MID1;S96;,0.03914853751910621,0.9608514624808939
PRKAA1,2,MKL1;S571;,0.043719885749615287,0.9562801142503848
PRKAA1,2,MLL2;S2291;,0.028256174147649513,0.9717438258523506
PRKAA1,2,MLLT4;S216;,0.019338751190139686,0.9806612488098604
PRKAA1,2,MLLT4;S246;,0.02383142119566998,0.97616857880433
PRKAA1,2,MON2;S197;,0.021976888557454277,0.9780231114425457
PRKAA1,2,MPHOSPH10;S168;,0.9309729113197704,0.06902708868022951
PRKAA1,2,MPRIP;S369;,0.0326721719871814,0.9673278280128187
PRKAA1,2,MTFR1L;S100;,0.9392675258383024,0.06073247416169756
PRKAA1,2,MTFR1L;S234;,0.9387582605144809,0.06124173948551929
PRKAA1,2,MTFR1L;S235;,0.9492887709293014,0.05071122907069858
PRKAA1,2,MTSS1L;S575;,0.0332343150157162,0.966765684984284
PRKAA1,2,MURC;S20;,0.026861720482304743,0.9731382795176952
PRKAA1,2,MUSK;S689;,0.022940811365344642,0.9770591886346552
PRKAA1,2,MUSK;S690;,0.05674763651584297,0.9432523634841571
PRKAA1,2,MYBBP1A;S1283;,0.03459443878095804,0.965405561219042
PRKAA1,2,MYCBP2;S2750;,0.030380153681951967,0.9696198463180479
PRKAA1,2,MYOZ2;T32;,0.05104600437945211,0.948953995620548
PRKAA1,2,NACA;S1125;,0.039095349889565076,0.960904650110435
PRKAA1,2,NACA;S1345;,0.02996175531935812,0.9700382446806419
PRKAA1,2,NACA;S1454;,0.04418301740286072,0.9558169825971393
PRKAA1,2,NACA;S1720;,0.03858708822012158,0.9614129117798783
PRKAA1,2,NACA;S914;,0.03916135155225127,0.9608386484477486
PRKAA1,2,NACA;S942;,0.03172806029214925,0.9682719397078507
PRKAA1,2,NCAPH;S24;,0.025054618055762014,0.9749453819442381
PRKAA1,2,NCOR1;S363;,0.025273361582301253,0.9747266384176989
PRKAA1,2,NCOR2;S1747;,0.03560971031914518,0.9643902896808548
PRKAA1,2,NDRG1;S330;,0.048836448951569626,0.9511635510484303
PRKAA1,2,NDRG1;T328;,0.027542915256148368,0.9724570847438516
PRKAA1,2,NDRG2;T334;,0.027798257400451973,0.9722017425995481
PRKAA1,2,NEK9;S16;,0.811072333119071,0.18892766688092888
PRKAA1,2,NEK9;S736;,0.028527001660332202,0.9714729983396677
PRKAA1,2,NELFE;S131;,0.026813397272210857,0.9731866027277892
PRKAA1,2,NES;S1071;,0.919759769536278,0.08024023046372188
PRKAA1,2,NES;S1123;,0.023683677533756827,0.9763163224662431
PRKAA1,2,NES;S1131;,0.9392810623843144,0.06071893761568564
PRKAA1,2,NES;S620;,0.02423094942740934,0.9757690505725906
PRKAA1,2,NES;S784;,0.8689314370548185,0.1310685629451813
PRKAA1,2,NEXN;S280;,0.033376496725529885,0.9666235032744701
PRKAA1,2,NFIX;S265;,0.024019113129260732,0.9759808868707393
PRKAA1,2,NHSL1;T1376;,0.043009758182455345,0.9569902418175444
PRKAA1,2,NUMA1;S1935;,0.029821358911999662,0.9701786410880003
PRKAA1,2,NUMA1;S1958;,0.033234666044310524,0.9667653339556894
PRKAA1,2,NUP35;S73;,0.03616968386925123,0.9638303161307485
PRKAA1,2,OPTN;S188;,0.9401501233209392,0.05984987667906077
PRKAA1,2,PACS2;S319;,0.03267627733047233,0.9673237226695277
PRKAA1,2,PAK1;S144;,0.02334423204063313,0.9766557679593671
PRKAA1,2,PAK1;S203;,0.025883864744527918,0.974116135255472
PRKAA1,2,PAK2;S197;,0.0741750861194319,0.9258249138805682
PRKAA1,2,PARD3;S715;,0.03865518854347898,0.9613448114565212
PRKAA1,2,PARVA;S14;,0.0918148370026284,0.9081851629973715
PRKAA1,2,PATL1;S184;,0.03627418631070426,0.9637258136892958
PRKAA1,2,PBXIP1;S132;,0.025113086562727826,0.9748869134372721
PRKAA1,2,PBXIP1;S133;,0.025988064121180328,0.9740119358788197
PRKAA1,2,PCM1;S1280;,0.03519192600373766,0.9648080739962623
PRKAA1,2,PCM1;S380;,0.021726648267168656,0.9782733517328314
PRKAA1,2,PCM1;S384;,0.031891384308891636,0.9681086156911086
PRKAA1,2,PDAP1;S176;,0.022930260553523204,0.9770697394464767
PRKAA1,2,PDAP1;S178;,0.02502593022112889,0.9749740697788712
PRKAA1,2,PDCD4;S420;,0.03487021956706295,0.9651297804329371
PRKAA1,2,PDCD4;S76;,0.029981011191534807,0.9700189888084653
PRKAA1,2,PDLIM7;S209;,0.019970499328024267,0.9800295006719756
PRKAA1,2,PDLIM7;T214;,0.050044143389838425,0.9499558566101616
PRKAA1,2,PDLIM7;T215;,0.0521048588335089,0.9478951411664911
PRKAA1,2,PDS5B;S1176;,0.025288717657629908,0.9747112823423701
PRKAA1,2,PDXDC1;T554;,0.039475079782670015,0.9605249202173299
PRKAA1,2,PELO;S55;,0.018151865650008613,0.9818481343499915
PRKAA1,2,PEX1;S1209;,0.024521589669453787,0.9754784103305462
PRKAA1,2,PFKFB2;S469;,0.06303260214357478,0.9369673978564252
PRKAA1,2,PHF1;S410;,0.03468847627136698,0.965311523728633
PRKAA1,2,PHF1;S415;,0.03782697511393921,0.9621730248860607
PRKAA1,2,PHF2;S782;,0.038644163196064445,0.9613558368039355
PRKAA1,2,PHIP;S1251;,0.029485467800243362,0.9705145321997567
PRKAA1,2,PHLDB1;S431;,0.02592520068467101,0.974074799315329
PRKAA1,2,PHLDB1;S534;,0.04606887373192884,0.9539311262680711
PRKAA1,2,PHLDB2;S241;,0.03191770856194065,0.9680822914380591
PRKAA1,2,PI4K2A;S43;,0.019346350874574723,0.9806536491254254
PRKAA1,2,PI4K2A;S46;,0.02983968467023127,0.9701603153297687
PRKAA1,2,PI4K2A;S461;,0.03097469938028203,0.9690253006197178
PRKAA1,2,PI4K2A;S50;,0.04690367448421508,0.953096325515785
PRKAA1,2,PID1;S230;,0.02712521376072556,0.9728747862392746
PRKAA1,2,PID1;S231;,0.025625615838932043,0.9743743841610677
PRKAA1,2,PID1;S232;,0.03742450976470306,0.962575490235297
PRKAA1,2,PID1;S242;,0.02804399787156101,0.9719560021284389
PRKAA1,2,PIEZO1;S1370;,0.04520363562580098,0.9547963643741991
PRKAA1,2,PIK3C2A;S261;,0.02369073889678472,0.9763092611032151
PRKAA1,2,PLEC;S4246;,0.06976055811737174,0.9302394418826284
PRKAA1,2,PLEC;S4249;,0.02466911032887064,0.9753308896711294
PRKAA1,2,PNISR;S290;,0.022528632373915197,0.9774713676260847
PRKAA1,2,POM121;S370;,0.02261698487420616,0.9773830151257941
PRKAA1,2,PPAN;S233;,0.9283326387618853,0.07166736123811465
PRKAA1,2,PPAN;S238;,0.9224786226432328,0.07752137735676738
PRKAA1,2,PPAN;S240;,0.9369590620912204,0.0630409379087795
PRKAA1,2,PPP1R12C;S508;,0.041076826214532874,0.9589231737854673
PRKAA1,2,PPP1R13L;S110;,0.04039169495338369,0.9596083050466163
PRKAA1,2,PPP1R13L;S154;,0.02621288783283523,0.9737871121671647
PRKAA1,2,PPP1R13L;S360;,0.04937109802654108,0.950628901973459
PRKAA1,2,PPP6R2;S629;,0.0352327150266103,0.9647672849733895
PRKAA1,2,PPP6R2;S719;,0.03836795687291959,0.9616320431270803
PRKAA1,2,PRKAA1;S496;,0.028858550315874715,0.9711414496841254
PRKAA1,2,PRKAB1;S108;,0.9413128651127609,0.05868713488723903
PRKAA1,2,PRRC2A;S765;,0.02062824627690927,0.9793717537230906
PRKAA1,2,PRRC2B;S259;,0.053456908166392245,0.9465430918336079
PRKAA1,2,PSMA5;T55;,0.6113942521277614,0.38860574787223856
PRKAA1,2,PSMC3;S12;,0.026829599312616744,0.9731704006873833
PRKAA1,2,PSMC3;S9;,0.03000210113128674,0.9699978988687132
PRKAA1,2,PTPN12;T544;,0.6223866859406813,0.3776133140593188
PRKAA1,2,PTPN21;S599;,0.034744021199957446,0.9652559788000428
PRKAA1,2,PTPN21;S762;,0.05829518928057897,0.941704810719421
PRKAA1,2,PTRF;S169;,0.019091392539947908,0.9809086074600522
PRKAA1,2,PTRF;S171;,0.022184367683092725,0.9778156323169072
PRKAA1,2,PUM2;S82;,0.037157540793919724,0.9628424592060801
PRKAA1,2,PXN;S106;,0.021177643737133274,0.9788223562628664
PRKAA1,2,PXN;S137;,0.022725903834897563,0.9772740961651023
PRKAA1,2,PXN;S83;,0.037705737626869004,0.962294262373131
PRKAA1,2,RABGEF1;T142;,0.12501738375944768,0.8749826162405523
PRKAA1,2,RAF1;S295;,0.028538686436239278,0.9714613135637606
PRKAA1,2,RAF1;S296;,0.033078482063082316,0.9669215179369177
PRKAA1,2,RAI14;T249;,0.04146989233900439,0.9585301076609954
PRKAA1,2,RANBP10;S481;,0.7551412165212462,0.24485878347875362
PRKAA1,2,RANBP3;S58;,0.03333064609951023,0.9666693539004898
PRKAA1,2,RAPGEF1;S306;,0.02671568364587576,0.9732843163541239
PRKAA1,2,RAPGEF1;S308;,0.026532660637067322,0.9734673393629327
PRKAA1,2,RAVER1;S576;,0.04473889824090411,0.9552611017590956
PRKAA1,2,RB1CC1;S243;,0.024891947698900713,0.9751080523010994
PRKAA1,2,RBM3;S145;,0.029233151000328923,0.970766848999671
PRKAA1,2,RBM7;S72;,0.034865520001776173,0.9651344799982237
PRKAA1,2,RFX7;S1177;,0.0275937834576191,0.972406216542381
PRKAA1,2,RGD1307838;S900;,0.030541594113711604,0.9694584058862884
PRKAA1,2,RGD1307838;S903;,0.022431705595214665,0.9775682944047851
PRKAA1,2,RGD1308297;S518;,0.023271654085662657,0.9767283459143373
PRKAA1,2,RGD1309586;S243;,0.024870164397016125,0.975129835602984
PRKAA1,2,RGD1309586;S59;,0.11256362283572273,0.8874363771642773
PRKAA1,2,RGD1310016;S1171;,0.9282666865158401,0.07173331348415991
PRKAA1,2,RGD1311783;S45;,0.9510382929476601,0.04896170705233978
PRKAA1,2,RGD1311783;S46;,0.9384569116389735,0.061543088361026455
PRKAA1,2,RGD1560225;S763;,0.03391606951884654,0.9660839304811534
PRKAA1,2,RGD1561609;S759;,0.04240472172104519,0.957595278278955
PRKAA1,2,RGD1562639;S1035;,0.024482588183951163,0.975517411816049
PRKAA1,2,RGD1566017;S802;,0.0233200868035712,0.9766799131964287
PRKAA1,2,RIN2;S494;,0.03425532986040152,0.9657446701395983
PRKAA1,2,RIPK2;S412;,0.9282134986732018,0.07178650132679808
PRKAA1,2,RNF40;S586;,0.02480149908643145,0.9751985009135685
PRKAA1,2,RPS6KA3;S715;,0.03186808208346944,0.9681319179165306
PRKAA1,2,RPS6KA4;S681;,0.03046861038556509,0.9695313896144347
PRKAA1,2,RPS6KA4;S682;,0.02620858121277886,0.9737914187872213
PRKAA1,2,RPS6KB1;S404;,0.026926843770858366,0.9730731562291417
PRKAA1,2,RPTOR;S863;,0.034110137948600704,0.9658898620513992
PRKAA1,2,RRP1B;S524;,0.026910468746659123,0.9730895312533411
PRKAA1,2,RRP1B;T521;,0.03919667036876199,0.9608033296312379
PRKAA1,2,RTF1;S416;,0.022597954084328863,0.9774020459156713
PRKAA1,2,RUFY1;S50;,0.037288896466727256,0.9627111035332728
PRKAA1,2,RUNX1T1;T568;,0.05043612516471313,0.9495638748352869
PRKAA1,2,SAMD4B;S271;,0.04856984643608891,0.9514301535639113
PRKAA1,2,SAP30L;T91;,0.05758374118328268,0.9424162588167173
PRKAA1,2,SBF1;S1141;,0.6520255053067283,0.34797449469327163
PRKAA1,2,SCRIB;S1315;,0.032635468353643116,0.9673645316463568
PRKAA1,2,SCRIB;S1529;,0.030594236621704192,0.9694057633782956
PRKAA1,2,SENP7;S47;,0.04223368129326286,0.9577663187067372
PRKAA1,2,SETD2;S511;,0.025117547342262264,0.9748824526577379
PRKAA1,2,SF3B1;T326;,0.6180331006599582,0.38196689934004185
PRKAA1,2,SFPQ;T586;,0.04627673805090878,0.9537232619490912
PRKAA1,2,SGTA;S306;,0.031674653510968855,0.968325346489031
PRKAA1,2,SGTA;S308;,0.021051645931820392,0.9789483540681796
PRKAA1,2,SH3BP5;S420;,0.046806283528361206,0.9531937164716385
PRKAA1,2,SH3D19;S274;,0.04202034003558666,0.9579796599644134
PRKAA1,2,SH3PXD2A;S368;,0.928163140438363,0.07183685956163688
PRKAA1,2,SH3PXD2A;S495;,0.02251018582038366,0.9774898141796164
PRKAA1,2,SH3PXD2A;S956;,0.037024157686130564,0.9629758423138692
PRKAA1,2,SHC3;S359;,0.03595590927010571,0.9640440907298942
PRKAA1,2,SIK2;S673;,0.0326264601049262,0.9673735398950739
PRKAA1,2,SIPA1L1;S1408;,0.8966277831967855,0.10337221680321441
PRKAA1,2,SIPA1L1;S1411;,0.9344103792724141,0.06558962072758602
PRKAA1,2,SIPA1L1;S288;,0.032268754187192786,0.9677312458128073
PRKAA1,2,SLC2A13;S38;,0.9398487395252284,0.06015126047477159
PRKAA1,2,SLC2A13;S44;,0.9423160674486621,0.057683932551337865
PRKAA1,2,SLC2A13;S47;,0.9297390071682906,0.07026099283170936
PRKAA1,2,SLC4A7;S1171;,0.9034277747702945,0.09657222522970554
PRKAA1,2,SLC4A7;S263;,0.9394383553807935,0.06056164461920672
PRKAA1,2,SLK;S778;,0.9169264108785359,0.08307358912146402
PRKAA1,2,SMCR7L;S59;,0.04354845293486938,0.9564515470651308
PRKAA1,2,SMCR8;S416;,0.020768869197592705,0.9792311308024072
PRKAA1,2,SMCR8;S486;,0.9490368552705601,0.050963144729439976
PRKAA1,2,SMCR8;S488;,0.9397947614559667,0.06020523854403338
PRKAA1,2,SMCR8;S491;,0.9477444089181319,0.05225559108186804
PRKAA1,2,SMCR8;S497;,0.920925122216926,0.07907487778307382
PRKAA1,2,SMG6;S537;,0.029225837022402636,0.9707741629775973
PRKAA1,2,SNW1;S224;,0.9212372916012768,0.0787627083987232
PRKAA1,2,SNX8;S454;,0.03195966705569406,0.9680403329443059
PRKAA1,2,SON;S94;,0.022163729704548996,0.9778362702954511
PRKAA1,2,SORBS1;S857;,0.032113778655615065,0.9678862213443848
PRKAA1,2,SOS1;S1120;,0.036409223917752594,0.9635907760822474
PRKAA1,2,SOX6;S399;,0.031605569190387914,0.9683944308096121
PRKAA1,2,SOX6;S402;,0.03398301410138867,0.9660169858986114
PRKAA1,2,SOX6;T401;,0.03685064859131513,0.9631493514086851
PRKAA1,2,SPAG7;S219;,0.022791764580972845,0.9772082354190272
PRKAA1,2,SPAG9;S203;,0.027283529936863473,0.9727164700631367
PRKAA1,2,SPAG9;S716;,0.036436936888503725,0.9635630631114964
PRKAA1,2,SPHK2;S379;,0.9335622146935438,0.06643778530645626
PRKAA1,2,SRPK2;S487;,0.03885508547054226,0.9611449145294576
PRKAA1,2,SRRM2;S2228;,0.029089885167392988,0.9709101148326071
PRKAA1,2,SRRM2;S2338;,0.03167581213868952,0.9683241878613106
PRKAA1,2,SRSF10;S131;,0.9282425330051443,0.07175746699485587
PRKAA1,2,SRSF11;S200;,0.028216755648062062,0.9717832443519379
PRKAA1,2,STARD13;S334;,0.028259772731290565,0.9717402272687097
PRKAA1,2,STAT3;S727;,0.05818001576156034,0.9418199842384396
PRKAA1,2,STIM1;S257;,0.8605736129237863,0.1394263870762138
PRKAA1,2,STIM1;S523;,0.8815025363661789,0.11849746363382109
PRKAA1,2,STIM1;S524;,0.9112416645302301,0.0887583354697701
PRKAA1,2,STIM2;S675;,0.9192729914174625,0.08072700858253737
PRKAA1,2,STK11IP;S443;,0.026256468822776477,0.9737435311772235
PRKAA1,2,STK3;S385;,0.019028621203502183,0.9809713787964979
PRKAA1,2,STMN1;S16;,0.02422637643541386,0.9757736235645863
PRKAA1,2,STMN1;S25;,0.03593042459356115,0.9640695754064387
PRKAA1,2,STMN1;S38;,0.05379040950984062,0.9462095904901594
PRKAA1,2,STRN3;S227;,0.02086092064698352,0.9791390793530166
PRKAA1,2,SUN2;S12;,0.020116395710560963,0.9798836042894391
PRKAA1,2,SVIL;S1177;,0.02335343683926575,0.9766465631607343
PRKAA1,2,SVIL;S259;,0.029428116851182677,0.9705718831488173
PRKAA1,2,SVIL;S531;,0.02446234614329655,0.9755376538567035
PRKAA1,2,SYNPO2L;S401;,0.039160561543218814,0.9608394384567812
PRKAA1,2,SYNPO2L;T141;,0.6999483481529635,0.30005165184703647
PRKAA1,2,SZT2;S1641;,0.03003328318698262,0.9699667168130173
PRKAA1,2,TACC2;S575;,0.08146705973383994,0.9185329402661601
PRKAA1,2,TANC2;S1447;,0.023142287384788494,0.9768577126152116
PRKAA1,2,TBC1D1;S231;,0.9450465005698371,0.05495349943016287
PRKAA1,2,TBC1D1;S662;,0.9559601956048511,0.04403980439514887
PRKAA1,2,TBC1D1;T590;,0.056613119406831905,0.9433868805931681
PRKAA1,2,TBC1D16;S382;,0.021974840117250868,0.9780251598827492
PRKAA1,2,TCF12;S583;,0.035680896648677976,0.9643191033513221
PRKAA1,2,TDRD3;S256;,0.029558801203879655,0.9704411987961205
PRKAA1,2,TENC1;T996;,0.04529947607970431,0.9547005239202958
PRKAA1,2,TFE3;S531;,0.06754149553224041,0.9324585044677597
PRKAA1,2,TJP1;S1602;,0.029052807789455633,0.9709471922105444
PRKAA1,2,TJP1;S1604;,0.023927875135322577,0.9760721248646774
PRKAA1,2,TJP2;S147;,0.01899988044292583,0.9810001195570742
PRKAA1,2,TMEM245;S327;,0.11165060897001397,0.8883493910299861
PRKAA1,2,TMEM55A;S14;,0.9380007981810409,0.06199920181895941
PRKAA1,2,TNKS1BP1;S1642;,0.0380279301611832,0.9619720698388167
PRKAA1,2,TNRC6B;S306;,0.028967371301025235,0.9710326286989749
PRKAA1,2,TNRC6B;S421;,0.024074119466739236,0.9759258805332608
PRKAA1,2,TRAK1;S390;,0.027018552330668685,0.9729814476693314
PRKAA1,2,TRAK1;S905;,0.9480059749179083,0.05199402508209168
PRKAA1,2,TRAPPC12;S314;,0.02683100050972698,0.9731689994902731
PRKAA1,2,TRIM28;S474;,0.03087338878546133,0.9691266112145387
PRKAA1,2,TRIO;S2459;,0.030435745982385704,0.9695642540176145
PRKAA1,2,TRIO;S2463;,0.0359619163468534,0.9640380836531464
PRKAA1,2,TRIP12;T1454;,0.029554111717870004,0.9704458882821297
PRKAA1,2,TSC2;S939;,0.04018893067037271,0.9598110693296272
PRKAA1,2,TSSC4;S190;,0.02869041743374217,0.9713095825662579
PRKAA1,2,TTN;S305;,0.9215105648836037,0.07848943511639636
PRKAA1,2,UBA1;S13;,0.03655318308376564,0.9634468169162345
PRKAA1,2,UBA5;S380;,0.027095067841362883,0.9729049321586373
PRKAA1,2,UBE2O;S835;,0.03990885246192536,0.9600911475380747
PRKAA1,2,UBE2O;T830;,0.5916060663699262,0.40839393363007376
PRKAA1,2,UBE4B;S88;,0.03188546927061621,0.9681145307293837
PRKAA1,2,ULK1;S450;,0.023681594920700388,0.9763184050792997
PRKAA1,2,ULK1;S465;,0.946630574289828,0.05336942571017205
PRKAA1,2,ULK1;S477;,0.04913004756851024,0.9508699524314895
PRKAA1,2,ULK1;S479;,0.03292201651343424,0.9670779834865657
PRKAA1,2,ULK1;S637;,0.948570528918326,0.05142947108167387
PRKAA1,2,ULK1;T468;,0.6490897696889856,0.35091023031101454
PRKAA1,2,ULK1;T659;,0.8258427325957953,0.17415726740420454
PRKAA1,2,USP10;S224;,0.03276273105787475,0.9672372689421253
PRKAA1,2,VAPA;S164;,0.9188948172255188,0.08110518277448116
PRKAA1,2,VIM;S420;,0.899938208379002,0.10006179162099836
PRKAA1,2,VIM;S430;,0.8317827856206571,0.16821721437934295
PRKAA1,2,VIM;T426;,0.8947943890866532,0.10520561091334688
PRKAA1,2,VPS26B;S304;,0.9271381690899428,0.07286183091005714
PRKAA1,2,WIPF2;S235;,0.02945187191412168,0.9705481280858784
PRKAA1,2,WNK1;S165;,0.02702062575610441,0.9729793742438957
PRKAA1,2,WWC3;S955;,0.0204653217758603,0.9795346782241396
PRKAA1,2,YAP1;S46;,0.9381281170561795,0.06187188294382056
PRKAA1,2,ZC3H13;S368;,0.9397182832614234,0.06028171673857665
PRKAA1,2,ZC3HAV1;S307;,0.03143640204478238,0.9685635979552176
PRKAA1,2,ZC3HAV1;S325;,0.021668882545942927,0.978331117454057
PRKAA1,2,ZC3HAV1;S544;,0.02329192445286906,0.9767080755471309
PRKAA1,2,ZC3HC1;S343;,0.036784331393340704,0.9632156686066592
PRKAA1,2,ZC3HC1;T351;,0.05842466243257934,0.9415753375674206
PRKAA1,2,ZFP295;S411;,0.03486550254144373,0.9651344974585563
PRKAA1,2,ZFYVE16;S903;,0.034013307493072145,0.9659866925069277
PRKAA1,2,ZNRF2;S148;,0.023965157934820618,0.9760348420651793
PRKAA1,2,ZNRF2;S154;,0.027832198951881902,0.9721678010481182
PRKAA1,2,ZNRF2;S18;,0.03292248199439762,0.9670775180056024
PRKAA1,2,ZNRF2;S81;,0.0439703208309371,0.9560296791690631
PRKAA1,2,ZYX;S143;,0.022669070549392576,0.9773309294506073
PRKAA1,2,ZYX;S144;,0.021729595567234018,0.9782704044327658
PRKAA1,2,ZYX;S336;,0.025552249951662873,0.9744477500483372
PRKAA1,2,ZZEF1;S1516;,0.04336177063557692,0.9566382293644229
PRKAA1,2,ZZEF1;S1535;,0.039261111048616446,0.9607388889513835
PRKAA1,3,AAK1;S677;,0.023014591513798494,0.9769854084862014
PRKAA1,3,ABCC4;S604;,0.025595876179946,0.974404123820054
PRKAA1,3,ABI2;S165;,0.02387003895418137,0.9761299610458187
PRKAA1,3,ABI2;S168;,0.017062862235740526,0.9829371377642595
PRKAA1,3,ABL2;S799;,0.018145608705911975,0.9818543912940879
PRKAA1,3,ABLIM3;S566;,0.01829802288366116,0.9817019771163387
PRKAA1,3,ABLIM3;S575;,0.4588326615556997,0.5411673384443001
PRKAA1,3,ACACA;S79;,0.9677204968808075,0.032279503119192476
PRKAA1,3,ACIN1;S711;,0.019513442746877677,0.9804865572531225
PRKAA1,3,ADD1;S613;,0.01726477784771314,0.9827352221522868
PRKAA1,3,ADD1;T614;,0.04126578985340926,0.9587342101465909
PRKAA1,3,ADNP;S971;,0.020790129439681858,0.9792098705603182
PRKAA1,3,AFF4;S823;,0.037318047759179206,0.9626819522408206
PRKAA1,3,AGAP3;S107;,0.027614738645137686,0.9723852613548623
PRKAA1,3,AHCTF1;S1214;,0.9647745142571963,0.03522548574280379
PRKAA1,3,AHNAK;S1191;,0.9131463107079445,0.08685368929205547
PRKAA1,3,AHNAK;S177;,0.016010524788933576,0.9839894752110666
PRKAA1,3,AHNAK;S2060;,0.01916916592302284,0.9808308340769771
PRKAA1,3,AHNAK;S211;,0.02297694616443262,0.9770230538355673
PRKAA1,3,AHNAK;S2117;,0.9096230224321742,0.0903769775678257
PRKAA1,3,AHNAK;S222;,0.965157144604961,0.034842855395039
PRKAA1,3,AHNAK;S3915;,0.01697821606019854,0.9830217839398012
PRKAA1,3,AHNAK;S42;,0.018224540329466268,0.9817754596705336
PRKAA1,3,AHNAK;S4597;,0.02622200774288419,0.9737779922571158
PRKAA1,3,AHNAK;S5243;,0.027028220225132637,0.9729717797748673
PRKAA1,3,AHNAK;T4049;,0.06138149028930905,0.938618509710691
PRKAA1,3,AHNAK2;S425;,0.01912439352858747,0.9808756064714125
PRKAA1,3,AHNAK2;T438;,0.020753249750417462,0.9792467502495825
PRKAA1,3,AIMP1;S110;,0.018148991599374706,0.9818510084006254
PRKAA1,3,AJUBA;S129;,0.030772092522728292,0.9692279074772717
PRKAA1,3,AKAP1;S103;,0.9619938717144904,0.038006128285509526
PRKAA1,3,AKAP10;S278;,0.015909639959426788,0.9840903600405734
PRKAA1,3,AKAP11;S1090;,0.6346367804484233,0.3653632195515766
PRKAA1,3,AKAP11;S21;,0.016646115833702665,0.9833538841662973
PRKAA1,3,AKAP11;S23;,0.016345717066765235,0.9836542829332349
PRKAA1,3,AKAP11;S448;,0.02175650379989813,0.9782434962001019
PRKAA1,3,AKAP13;S2515;,0.028277739205773023,0.9717222607942269
PRKAA1,3,AKAP2;S152;,0.03693022980075468,0.9630697701992454
PRKAA1,3,AKAP2;S730;,0.02128426374090734,0.9787157362590927
PRKAA1,3,AKAP6;S562;,0.9603614982079027,0.03963850179209726
PRKAA1,3,AKAP9;S3669;,0.021632391952930513,0.9783676080470695
PRKAA1,3,AKT1S1;S184;,0.01832754048433696,0.981672459515663
PRKAA1,3,AKT1S1;T247;,0.01522409772099995,0.984775902279
PRKAA1,3,ALKBH5;S362;,0.025794703706913665,0.9742052962930863
PRKAA1,3,ALKBH5;S376;,0.015221958734472591,0.9847780412655275
PRKAA1,3,AMOTL1;S580;,0.949951460686781,0.050048539313218975
PRKAA1,3,ANP32A;S15;,0.019817912140898137,0.9801820878591019
PRKAA1,3,AP3D1;S755;,0.030350943389396277,0.9696490566106036
PRKAA1,3,ARFGAP2;S145;,0.02338640510096273,0.9766135948990373
PRKAA1,3,ARFGEF2;S214;,0.027524776616710808,0.9724752233832892
PRKAA1,3,ARFIP1;S39;,0.9755779089168412,0.024422091083158744
PRKAA1,3,ARHGAP17;S710;,0.02216969911415151,0.9778303008858484
PRKAA1,3,ARHGAP22;S200;,0.027739584761607948,0.972260415238392
PRKAA1,3,ARHGAP22;S236;,0.020910334033147893,0.9790896659668521
PRKAA1,3,ARHGAP35;S1174;,0.017084633091466708,0.9829153669085332
PRKAA1,3,ARHGAP39;S284;,0.01822865379873889,0.9817713462012612
PRKAA1,3,ARHGAP5;S1195;,0.014767363315394773,0.9852326366846051
PRKAA1,3,ARHGAP5;S1202;,0.029209222123502365,0.9707907778764976
PRKAA1,3,ARHGAP5;S967;,0.02087997606245863,0.9791200239375413
PRKAA1,3,ARHGEF12;S337;,0.025575432244508353,0.9744245677554916
PRKAA1,3,ARHGEF12;S341;,0.021809659085986664,0.9781903409140135
PRKAA1,3,ARHGEF17;S995;,0.9424950838255866,0.05750491617441344
PRKAA1,3,ARHGEF5;S721;,0.015370702840298798,0.9846292971597015
PRKAA1,3,ARPP21;S256;,0.6284243256523384,0.3715756743476615
PRKAA1,3,ATF7;T53;,0.77832781849003,0.22167218150996992
PRKAA1,3,ATG14;S5;,0.016902800508557202,0.9830971994914426
PRKAA1,3,ATG2A;S1246;,0.02218453444447822,0.9778154655555219
PRKAA1,3,ATG2B;S240;,0.023045190156315953,0.9769548098436841
PRKAA1,3,ATG2B;S255;,0.02159685997275493,0.9784031400272453
PRKAA1,3,ATRX;S761;,0.021476051805969613,0.9785239481940302
PRKAA1,3,ATXN2;S622;,0.020668181514267175,0.979331818485733
PRKAA1,3,ATXN2L;S109;,0.027201221843269605,0.9727987781567305
PRKAA1,3,ATXN2L;S447;,0.028645946147035174,0.9713540538529649
PRKAA1,3,AZI1;S114;,0.03341355096435779,0.9665864490356422
PRKAA1,3,AZI1;S304;,0.022388926336115132,0.9776110736638849
PRKAA1,3,BAD;S171;,0.9463463734691271,0.05365362653087284
PRKAA1,3,BAG3;S271;,0.02974164144950213,0.9702583585504977
PRKAA1,3,BAG3;S387;,0.01985740047703666,0.9801425995229633
PRKAA1,3,BAG3;S388;,0.02754466684863687,0.9724553331513631
PRKAA1,3,BAIAP2L1;S218;,0.026572362778452766,0.9734276372215472
PRKAA1,3,BAIAP2L1;S380;,0.9240919249011753,0.07590807509882481
PRKAA1,3,BAZ2A;S1388;,0.027109919878405327,0.9728900801215947
PRKAA1,3,BBX;S243;,0.02566040516797688,0.974339594832023
PRKAA1,3,BCL9L;S116;,0.01813310257610765,0.9818668974238925
PRKAA1,3,BCL9L;S21;,0.9464168980466872,0.05358310195331287
PRKAA1,3,BCL9L;S25;,0.03616436899300593,0.9638356310069941
PRKAA1,3,BICD2;S611;,0.03403881675455802,0.9659611832454421
PRKAA1,3,BICD2;S819;,0.02679408067838481,0.9732059193216149
PRKAA1,3,BRAF;S134;,0.022981700735800623,0.9770182992641996
PRKAA1,3,BRD8;S274;,0.03347198796876301,0.966528012031237
PRKAA1,3,BRD8;T270;,0.025575842748833854,0.9744241572511662
PRKAA1,3,BSDC1;S216;,0.022442023134412407,0.9775579768655877
PRKAA1,3,C2CD4C;S262;,0.02361902516717118,0.9763809748328289
PRKAA1,3,CACNB1;S53;,0.021579499321204218,0.9784205006787958
PRKAA1,3,CALD1;S527;,0.021968467882430457,0.9780315321175695
PRKAA1,3,CAMK2D;T371;,0.7617226388731458,0.23827736112685427
PRKAA1,3,CAMSAP1;S1154;,0.023224615521078806,0.9767753844789212
PRKAA1,3,CAMSAP1;S517;,0.017786703863026495,0.9822132961369734
PRKAA1,3,CAP2;S301;,0.023410426729846532,0.9765895732701535
PRKAA1,3,CBX5;S93;,0.028367990064889565,0.9716320099351105
PRKAA1,3,CCDC6;S143;,0.022454119222706303,0.9775458807772939
PRKAA1,3,CCDC88A;S1638;,0.023044865056140607,0.9769551349438592
PRKAA1,3,CCDC91;S71;,0.02078894445753154,0.9792110555424683
PRKAA1,3,CDC42EP2;S137;,0.02879155654919881,0.9712084434508014
PRKAA1,3,CDC42EP2;S141;,0.027865653005149375,0.9721343469948508
PRKAA1,3,CDC42EP4;S140;,0.02569944055616925,0.9743005594438309
PRKAA1,3,CDKN1A;S69;,0.01674458614662858,0.9832554138533711
PRKAA1,3,CDKN1B;S12;,0.01888942795892053,0.9811105720410793
PRKAA1,3,CDKN1B;S7;,0.014208756276322352,0.9857912437236778
PRKAA1,3,CEP170B;S1166;,0.02236290103808285,0.9776370989619172
PRKAA1,3,CEP68;S503;,0.1233427362451606,0.8766572637548394
PRKAA1,3,CEP68;S510;,0.03315456150333162,0.9668454384966685
PRKAA1,3,CHAMP1;S532;,0.032573775121883634,0.9674262248781162
PRKAA1,3,CHD8;S549;,0.9538921045338168,0.04610789546618313
PRKAA1,3,CHRND;S379;,0.9397436246738794,0.06025637532612082
PRKAA1,3,CIC;S1394;,0.022251022192706506,0.9777489778072935
PRKAA1,3,CIC;S1399;,0.0175520698852865,0.9824479301147134
PRKAA1,3,CLASP2;S331;,0.9581044719860632,0.04189552801393677
PRKAA1,3,CLIP1;S159;,0.02401476248439022,0.97598523751561
PRKAA1,3,COBL;S31;,0.9730308832166819,0.026969116783318245
PRKAA1,3,COBL;S34;,0.97262746529691,0.027372534703089885
PRKAA1,3,COG3;S536;,0.9543531415532681,0.0456468584467318
PRKAA1,3,CORO7;S298;,0.981168451350129,0.018831548649870935
PRKAA1,3,DAB2IP;S802;,0.025786534875974616,0.9742134651240253
PRKAA1,3,DAP;S2;,0.017614067032832102,0.9823859329671679
PRKAA1,3,DAP;S3;,0.02137290660067445,0.9786270933993257
PRKAA1,3,DBNDD1;S123;,0.019482642144282938,0.9805173578557168
PRKAA1,3,DCAF6;S336;,0.01603260247492724,0.9839673975250727
PRKAA1,3,DCLK1;S30;,0.9419653279277054,0.05803467207229474
PRKAA1,3,DDX19A;S86;,0.025576998765771658,0.9744230012342282
PRKAA1,3,DDX3X;S261;,0.041227677351570846,0.9587723226484292
PRKAA1,3,DENND4C;S1037;,0.9712332489984895,0.0287667510015105
PRKAA1,3,DLG2;S323;,0.028874406300798367,0.9711255936992016
PRKAA1,3,DLG2;S328;,0.02070023738242365,0.9792997626175765
PRKAA1,3,DMXL1;S574;,0.9342836026273775,0.06571639737262247
PRKAA1,3,DNAJC2;T48;,0.03685765590303273,0.9631423440969672
PRKAA1,3,DNAJC25;T353;,0.06460480710065282,0.9353951928993472
PRKAA1,3,DOCK6;S1339;,0.057744249566957735,0.9422557504330423
PRKAA1,3,DOCK7;S1361;,0.029531554890484497,0.9704684451095155
PRKAA1,3,DOCK7;S2107;,0.016888577228554465,0.9831114227714455
PRKAA1,3,DOPEY1;S1261;,0.02461387806285173,0.9753861219371484
PRKAA1,3,DTNA;S606;,0.022414351335244463,0.9775856486647555
PRKAA1,3,DUSP27;S366;,0.022569746055936687,0.9774302539440634
PRKAA1,3,DUSP27;S368;,0.0159870539111808,0.9840129460888194
PRKAA1,3,DUSP27;S370;,0.01826176211256706,0.9817382378874328
PRKAA1,3,DUSP27;S427;,0.01549128596714835,0.9845087140328516
PRKAA1,3,DYNC1H1;S4365;,0.018481155514270802,0.9815188444857292
PRKAA1,3,DYNC1I2;S81;,0.035702749477665066,0.9642972505223348
PRKAA1,3,EEF2;T57;,0.7565833060046169,0.24341669399538302
PRKAA1,3,EEF2K;S365;,0.33282402175742865,0.6671759782425715
PRKAA1,3,EHBP1L1;S1363;,0.9693509893126622,0.030649010687337778
PRKAA1,3,EHD4;S459;,0.018214176687941102,0.9817858233120589
PRKAA1,3,EIF3A;S584;,0.02413389528960122,0.9758661047103987
PRKAA1,3,EIF4B;S422;,0.03003013238161498,0.969969867618385
PRKAA1,3,EIF4B;S424;,0.01691340835181151,0.9830865916481885
PRKAA1,3,EIF4B;S425;,0.02330118190948349,0.9766988180905164
PRKAA1,3,EIF4B;T420;,0.014591730321676762,0.9854082696783231
PRKAA1,3,EIF4EBP1;S64;,0.019851546670181717,0.9801484533298183
PRKAA1,3,EIF4EBP2;S2;,0.018663551471348565,0.9813364485286512
PRKAA1,3,EIF5B;S183;,0.02570420085145076,0.9742957991485491
PRKAA1,3,ELMSAN1;S456;,0.035057119656788545,0.9649428803432116
PRKAA1,3,EPS8;S659;,0.02228566543268494,0.9777143345673152
PRKAA1,3,ETL4;S1844;,0.03639568639693838,0.9636043136030615
PRKAA1,3,ETV3;S139;,0.02154001431397498,0.978459985686025
PRKAA1,3,FAM120C;S55;,0.022034833972099915,0.9779651660279
PRKAA1,3,FAM134C;S313;,0.9015503436227112,0.09844965637728867
PRKAA1,3,FAM134C;S320;,0.5403330460192228,0.4596669539807773
PRKAA1,3,FAM171A2;S423;,0.021060305611052238,0.9789396943889475
PRKAA1,3,FAM65A;S752;,0.021845853347621094,0.9781541466523789
PRKAA1,3,FBXO30;S379;,0.022939246664416747,0.9770607533355834
PRKAA1,3,FHOD1;S489;,0.020287977341605555,0.9797120226583944
PRKAA1,3,FHOD1;S501;,0.03336844196145658,0.9666315580385434
PRKAA1,3,FHOD1;S504;,0.025606521139567608,0.9743934788604323
PRKAA1,3,FHOD1;S513;,0.02269516469511814,0.9773048353048818
PRKAA1,3,FHOD1;S523;,0.02937487532003102,0.9706251246799689
PRKAA1,3,FLNC;S2147;,0.019044896036591645,0.9809551039634085
PRKAA1,3,FLNC;S2234;,0.021607535665442077,0.9783924643345581
PRKAA1,3,FMN1;S589;,0.020938692011533973,0.9790613079884661
PRKAA1,3,FOSL2;S320;,0.033323306600641034,0.9666766933993589
PRKAA1,3,FOSL2;T322;,0.024336217726693334,0.9756637822733066
PRKAA1,3,FOXK1;S225;,0.02891691534347697,0.9710830846565228
PRKAA1,3,FOXK2;T200;,0.03182500962780257,0.9681749903721975
PRKAA1,3,FOXO3;S252;,0.02642383938320416,0.9735761606167959
PRKAA1,3,FRMD8;S21;,0.015962050507208465,0.9840379494927916
PRKAA1,3,FRYL;T1959;,0.017966070352113016,0.9820339296478869
PRKAA1,3,GAB1;S418;,0.023164594798707954,0.9768354052012921
PRKAA1,3,GAB2;S142;,0.02071693262055241,0.9792830673794476
PRKAA1,3,GAB2;S143;,0.03396157103428463,0.9660384289657156
PRKAA1,3,GAB2;S211;,0.02283637787947403,0.9771636221205259
PRKAA1,3,GAB2;S365;,0.019640215876748697,0.9803597841232512
PRKAA1,3,GAB2;T388;,0.01613315610020003,0.9838668438998
PRKAA1,3,GATAD2A;S103;,0.9713909265108678,0.028609073489132116
PRKAA1,3,GATAD2A;S96;,0.9688170653242051,0.03118293467579498
PRKAA1,3,GATAD2B;S338;,0.029026654913948017,0.9709733450860519
PRKAA1,3,GBF1;S1786;,0.0537954773022608,0.9462045226977394
PRKAA1,3,GIGYF1;S28;,0.03139367283099328,0.9686063271690067
PRKAA1,3,GIT2;S568;,0.015699535438479767,0.9843004645615202
PRKAA1,3,GOLGA4;S116;,0.9674371203291467,0.032562879670853195
PRKAA1,3,GSK3A;S21;,0.03115737787514996,0.9688426221248502
PRKAA1,3,GSK3A;S41;,0.0157619596061333,0.9842380403938668
PRKAA1,3,GSK3B;S9;,0.03306024445601038,0.9669397555439895
PRKAA1,3,GYS1;S728;,0.0346581496182779,0.9653418503817222
PRKAA1,3,HBP1;S401;,0.027691348891339326,0.9723086511086606
PRKAA1,3,HBS1L;S147;,0.015180764836702963,0.9848192351632971
PRKAA1,3,HDAC6;S21;,0.022548813043044524,0.9774511869569557
PRKAA1,3,HECTD1;S1392;,0.028129336474541734,0.9718706635254584
PRKAA1,3,HECTD1;S1393;,0.022494364589334404,0.9775056354106656
PRKAA1,3,HECTD1;S1573;,0.9357051615528883,0.06429483844711172
PRKAA1,3,HELB;S944;,0.03292276171768416,0.9670772382823157
PRKAA1,3,HERC1;S1163;,0.026276334902667873,0.973723665097332
PRKAA1,3,HERC1;T1154;,0.01969185157732023,0.9803081484226797
PRKAA1,3,HIRIP3;S27;,0.017964092456945396,0.9820359075430547
PRKAA1,3,HN1L;S97;,0.02472547543070515,0.9752745245692948
PRKAA1,3,HOMER3;S158;,0.02639416448677122,0.9736058355132285
PRKAA1,3,HUWE1;S1876;,0.018905027898880274,0.9810949721011195
PRKAA1,3,HUWE1;S3639;,0.017557184817486107,0.9824428151825136
PRKAA1,3,HUWE1;S3898;,0.031103401581438535,0.9688965984185614
PRKAA1,3,HUWE1;T3903;,0.038114794815474064,0.9618852051845258
PRKAA1,3,IREB2;S178;,0.013715076840117817,0.9862849231598821
PRKAA1,3,IRF2BPL;S69;,0.024923280816783362,0.9750767191832165
PRKAA1,3,ITSN1;S1063;,0.07429102878393204,0.9257089712160681
PRKAA1,3,ITSN1;S315;,0.021321065941630368,0.9786789340583696
PRKAA1,3,JMY;S56;,0.026127441851882326,0.9738725581481178
PRKAA1,3,JSRP1;S47;,0.0178323234675455,0.9821676765324545
PRKAA1,3,KANK2;S358;,0.019845332752395507,0.9801546672476044
PRKAA1,3,KCTD3;S809;,0.9670005025468852,0.032999497453114805
PRKAA1,3,KDM2A;S718;,0.030753659607061775,0.9692463403929381
PRKAA1,3,KDM2A;T713;,0.0388868999466489,0.961113100053351
PRKAA1,3,KDM5C;S316;,0.019253408933649397,0.9807465910663508
PRKAA1,3,KPNA1;S2;,0.02682724881683744,0.9731727511831626
PRKAA1,3,KPNA1;T3;,0.06288952002279535,0.9371104799772046
PRKAA1,3,LAMTOR1;S98;,0.020024443709295986,0.979975556290704
PRKAA1,3,LARP1;S916;,0.03241221963432458,0.9675877803656753
PRKAA1,3,LARP1;T932;,0.039199530558184995,0.9608004694418152
PRKAA1,3,LARP4B;S498;,0.022604462524666805,0.9773955374753331
PRKAA1,3,LDB3;S112;,0.02061367573385834,0.9793863242661417
PRKAA1,3,LIMA1;S360;,0.02682684899899626,0.9731731510010039
PRKAA1,3,LIMA1;S603;,0.026674902095478018,0.9733250979045218
PRKAA1,3,LIMA1;S608;,0.026647855872095394,0.9733521441279047
PRKAA1,3,LIMA1;S703;,0.02965350562065976,0.9703464943793401
PRKAA1,3,LMNA;S404;,0.02627025578752822,0.9737297442124719
PRKAA1,3,LMNA;S406;,0.017555597308944036,0.982444402691056
PRKAA1,3,LMNA;S407;,0.017920187668610588,0.9820798123313895
PRKAA1,3,LMNA;S423;,0.018913280697321018,0.981086719302679
PRKAA1,3,LMNA;S424;,0.018101744125303236,0.9818982558746967
PRKAA1,3,LMO7;S1541;,0.019008518829011698,0.980991481170988
PRKAA1,3,LMO7;S1543;,0.020744979347494225,0.9792550206525059
PRKAA1,3,LOC100360205;S239;,0.02329050356319418,0.9767094964368058
PRKAA1,3,LOC100365259;S393;,0.05259078281889726,0.9474092171811026
PRKAA1,3,LOC100910104;S475;,0.0225239079136826,0.9774760920863175
PRKAA1,3,LOC100910104;S532;,0.9640712892298571,0.03592871077014298
PRKAA1,3,LOC100910104;S719;,0.02535724311705203,0.9746427568829479
PRKAA1,3,LOC100910646;S166;,0.018627127839458905,0.9813728721605413
PRKAA1,3,LOC100911178;S1643;,0.020817323142324116,0.9791826768576758
PRKAA1,3,LOC100911302;S1721;,0.030258227930769654,0.9697417720692302
PRKAA1,3,LOC100911677;S490;,0.962678578563584,0.03732142143641602
PRKAA1,3,LOC100912115;S649;,0.02801365845176472,0.9719863415482354
PRKAA1,3,LOC312502;S1164;,0.02221560337576883,0.9777843966242313
PRKAA1,3,LOC312502;S138;,0.9747719114696805,0.025228088530319458
PRKAA1,3,LOC312502;S139;,0.9758530393522971,0.024146960647702855
PRKAA1,3,LOC312502;S483;,0.03241559908935693,0.9675844009106431
PRKAA1,3,LOC683007;S1204;,0.024074485241570454,0.9759255147584296
PRKAA1,3,LOC683007;S1207;,0.017538795856229764,0.9824612041437701
PRKAA1,3,LOC684259;S780;,0.9618878301692826,0.038112169830717406
PRKAA1,3,LOC685707;S1251;,0.03040074844839476,0.9695992515516052
PRKAA1,3,LRRFIP2;S18;,0.01717907986373462,0.9828209201362653
PRKAA1,3,LRRFIP2;T136;,0.019116324430040896,0.980883675569959
PRKAA1,3,LYSMD1;S33;,0.9674848453548817,0.03251515464511833
PRKAA1,3,MACF1;S1376;,0.02463305690232905,0.975366943097671
PRKAA1,3,MACF1;S5293;,0.027789294318994604,0.9722107056810056
PRKAA1,3,MAF1;S60;,0.025400683457415606,0.9745993165425842
PRKAA1,3,MAP1A;S1757;,0.031698890386462786,0.9683011096135372
PRKAA1,3,MAP1A;T2177;,0.03344032885102912,0.9665596711489709
PRKAA1,3,MAP1A;T504;,0.031189793269039888,0.9688102067309601
PRKAA1,3,MAP1B;S1257;,0.03260927499214473,0.9673907250078552
PRKAA1,3,MAP1B;S1389;,0.02849214480419249,0.9715078551958075
PRKAA1,3,MAP1B;S1393;,0.03158640700007001,0.96841359299993
PRKAA1,3,MAP1B;T1781;,0.27241127850142166,0.7275887214985783
PRKAA1,3,MAP1S;S683;,0.032746050752231456,0.9672539492477685
PRKAA1,3,MAP4;S902;,0.9690782358099136,0.030921764190086472
PRKAA1,3,MAP4K4;S591;,0.01814050780073611,0.981859492199264
PRKAA1,3,MAP4K4;S791;,0.9796386208452367,0.02036137915476332
PRKAA1,3,MAP4K4;S794;,0.974583189061017,0.025416810938982962
PRKAA1,3,MAPK1;Y185;,0.143690759439274,0.8563092405607261
PRKAA1,3,MAPK14;Y182;,0.16939036341536115,0.8306096365846387
PRKAA1,3,MAPK8;Y185;,0.5394033724230731,0.46059662757692704
PRKAA1,3,MARCKS;S141;,0.026145992040074152,0.9738540079599259
PRKAA1,3,MARK3;S593;,0.014563905711921213,0.9854360942880787
PRKAA1,3,MARK3;T594;,0.030290184901170854,0.9697098150988291
PRKAA1,3,MATR3;S188;,0.024205404242746482,0.9757945957572535
PRKAA1,3,MBD3;S85;,0.02058256490070132,0.9794174350992986
PRKAA1,3,MBD3;S86;,0.01446585235494333,0.9855341476450566
PRKAA1,3,MDM2;S138;,0.026965430585847935,0.973034569414152
PRKAA1,3,MED1;S1465;,0.018751999306873816,0.9812480006931261
PRKAA1,3,MED1;S1467;,0.016073266631184163,0.9839267333688159
PRKAA1,3,MED1;S1468;,0.01678728559115894,0.9832127144088413
PRKAA1,3,MED24;S860;,0.020983459297314374,0.9790165407026855
PRKAA1,3,MED24;S861;,0.01775940352570945,0.9822405964742905
PRKAA1,3,MEF2C;S226;,0.02719714994883446,0.9728028500511657
PRKAA1,3,MID1;S96;,0.027149988514045847,0.972850011485954
PRKAA1,3,MKL1;S571;,0.031532008195587075,0.9684679918044128
PRKAA1,3,MLL2;S2291;,0.023668599234359454,0.9763314007656405
PRKAA1,3,MLLT4;S216;,0.014770562150315462,0.9852294378496845
PRKAA1,3,MLLT4;S246;,0.020675502303549767,0.9793244976964502
PRKAA1,3,MON2;S197;,0.015599320871151684,0.9844006791288485
PRKAA1,3,MPHOSPH10;S168;,0.9725646356579494,0.027435364342050614
PRKAA1,3,MPRIP;S369;,0.02584825238303463,0.9741517476169654
PRKAA1,3,MTFR1L;S100;,0.9642785131937294,0.03572148680627069
PRKAA1,3,MTFR1L;S234;,0.9715840600580166,0.02841593994198334
PRKAA1,3,MTFR1L;S235;,0.9778523116491477,0.02214768835085227
PRKAA1,3,MTSS1L;S575;,0.024780710167915075,0.975219289832085
PRKAA1,3,MURC;S20;,0.020814361036101726,0.9791856389638982
PRKAA1,3,MUSK;S689;,0.017909966210053974,0.982090033789946
PRKAA1,3,MUSK;S690;,0.03017460812237869,0.9698253918776212
PRKAA1,3,MYBBP1A;S1283;,0.02713856781249473,0.9728614321875053
PRKAA1,3,MYCBP2;S2750;,0.02065716394916579,0.9793428360508344
PRKAA1,3,MYOZ2;T32;,0.04635107756764729,0.9536489224323528
PRKAA1,3,NACA;S1125;,0.030937541737138707,0.9690624582628613
PRKAA1,3,NACA;S1345;,0.025540479432380737,0.9744595205676193
PRKAA1,3,NACA;S1454;,0.03343296662235284,0.9665670333776472
PRKAA1,3,NACA;S1720;,0.02895154311726953,0.9710484568827306
PRKAA1,3,NACA;S914;,0.034533301168602905,0.965466698831397
PRKAA1,3,NACA;S942;,0.027027462161423904,0.9729725378385764
PRKAA1,3,NCAPH;S24;,0.02157656830176117,0.9784234316982388
PRKAA1,3,NCOR1;S363;,0.02238803703703804,0.977611962962962
PRKAA1,3,NCOR2;S1747;,0.024696803356196537,0.9753031966438034
PRKAA1,3,NDRG1;S330;,0.02882383466807819,0.9711761653319217
PRKAA1,3,NDRG1;T328;,0.01554591513821933,0.9844540848617805
PRKAA1,3,NDRG2;T334;,0.017050540763217693,0.9829494592367823
PRKAA1,3,NEK9;S16;,0.9195131323741232,0.08048686762587673
PRKAA1,3,NEK9;S736;,0.020385070369845694,0.9796149296301542
PRKAA1,3,NELFE;S131;,0.02189045509503787,0.978109544904962
PRKAA1,3,NES;S1071;,0.9641140288931946,0.03588597110680545
PRKAA1,3,NES;S1123;,0.017100157114927454,0.9828998428850724
PRKAA1,3,NES;S1131;,0.9650881957219054,0.03491180427809449
PRKAA1,3,NES;S620;,0.02083209262698465,0.9791679073730154
PRKAA1,3,NES;S784;,0.9470480054987298,0.05295199450127015
PRKAA1,3,NEXN;S280;,0.021020844987864756,0.9789791550121355
PRKAA1,3,NFIX;S265;,0.018800983000537615,0.9811990169994624
PRKAA1,3,NHSL1;T1376;,0.0402443719883562,0.9597556280116437
PRKAA1,3,NUMA1;S1935;,0.019882910357842013,0.9801170896421579
PRKAA1,3,NUMA1;S1958;,0.022830794012732438,0.9771692059872675
PRKAA1,3,NUP35;S73;,0.027353863825305604,0.9726461361746943
PRKAA1,3,OPTN;S188;,0.9657141803698641,0.03428581963013585
PRKAA1,3,PACS2;S319;,0.02475033874992672,0.9752496612500734
PRKAA1,3,PAK1;S144;,0.018644369875541755,0.9813556301244583
PRKAA1,3,PAK1;S203;,0.015452464714021893,0.9845475352859779
PRKAA1,3,PAK2;S197;,0.03473561057432414,0.9652643894256758
PRKAA1,3,PARD3;S715;,0.02439885133677894,0.9756011486632211
PRKAA1,3,PARVA;S14;,0.048081246837872495,0.9519187531621273
PRKAA1,3,PATL1;S184;,0.027204722146371423,0.9727952778536286
PRKAA1,3,PBXIP1;S132;,0.01815067518589537,0.9818493248141047
PRKAA1,3,PBXIP1;S133;,0.02219643543471676,0.9778035645652834
PRKAA1,3,PCM1;S1280;,0.023500434177960196,0.9764995658220399
PRKAA1,3,PCM1;S380;,0.01596759560679684,0.9840324043932033
PRKAA1,3,PCM1;S384;,0.023198744039912685,0.9768012559600874
PRKAA1,3,PDAP1;S176;,0.01970465230866842,0.9802953476913315
PRKAA1,3,PDAP1;S178;,0.01670630719299654,0.9832936928070034
PRKAA1,3,PDCD4;S420;,0.022458160964019685,0.9775418390359802
PRKAA1,3,PDCD4;S76;,0.02109306201238405,0.9789069379876161
PRKAA1,3,PDLIM7;S209;,0.016980849223417742,0.9830191507765823
PRKAA1,3,PDLIM7;T214;,0.0257869467621851,0.9742130532378148
PRKAA1,3,PDLIM7;T215;,0.04562165913624223,0.9543783408637576
PRKAA1,3,PDS5B;S1176;,0.021476253470534997,0.9785237465294647
PRKAA1,3,PDXDC1;T554;,0.03734637066844359,0.9626536293315564
PRKAA1,3,PELO;S55;,0.015231975374187148,0.9847680246258129
PRKAA1,3,PEX1;S1209;,0.01785518563311967,0.9821448143668804
PRKAA1,3,PFKFB2;S469;,0.03236242925785786,0.967637570742142
PRKAA1,3,PHF1;S410;,0.025711904012349785,0.9742880959876502
PRKAA1,3,PHF1;S415;,0.02813806769419597,0.9718619323058041
PRKAA1,3,PHF2;S782;,0.028112626116770126,0.9718873738832298
PRKAA1,3,PHIP;S1251;,0.0194875791818633,0.9805124208181366
PRKAA1,3,PHLDB1;S431;,0.019460049540884296,0.9805399504591158
PRKAA1,3,PHLDB1;S534;,0.02753192983237325,0.9724680701676268
PRKAA1,3,PHLDB2;S241;,0.020683713563865523,0.9793162864361344
PRKAA1,3,PI4K2A;S43;,0.015902482454713943,0.984097517545286
PRKAA1,3,PI4K2A;S46;,0.02729348253160991,0.9727065174683902
PRKAA1,3,PI4K2A;S461;,0.02295405288018166,0.9770459471198184
PRKAA1,3,PI4K2A;S50;,0.03231369700443502,0.967686302995565
PRKAA1,3,PID1;S230;,0.018850016978035213,0.981149983021965
PRKAA1,3,PID1;S231;,0.017717505319842872,0.9822824946801572
PRKAA1,3,PID1;S232;,0.02829644113283742,0.9717035588671624
PRKAA1,3,PID1;S242;,0.017573484712453277,0.9824265152875467
PRKAA1,3,PIEZO1;S1370;,0.03021612186766739,0.9697838781323325
PRKAA1,3,PIK3C2A;S261;,0.02074293886235182,0.9792570611376484
PRKAA1,3,PLEC;S4246;,0.037399973871744915,0.962600026128255
PRKAA1,3,PLEC;S4249;,0.020192574139192978,0.9798074258608069
PRKAA1,3,PNISR;S290;,0.01719632244511124,0.9828036775548888
PRKAA1,3,POM121;S370;,0.020354452270539898,0.9796455477294602
PRKAA1,3,PPAN;S233;,0.967952299192231,0.032047700807769024
PRKAA1,3,PPAN;S238;,0.9501551427095632,0.04984485729043674
PRKAA1,3,PPAN;S240;,0.9709861075182055,0.029013892481794635
PRKAA1,3,PPP1R12C;S508;,0.02734388866786861,0.9726561113321316
PRKAA1,3,PPP1R13L;S110;,0.029914395725944665,0.9700856042740552
PRKAA1,3,PPP1R13L;S154;,0.02151794136030809,0.978482058639692
PRKAA1,3,PPP1R13L;S360;,0.03150692781105863,0.9684930721889414
PRKAA1,3,PPP6R2;S629;,0.027356977270416093,0.9726430227295838
PRKAA1,3,PPP6R2;S719;,0.02667649691281527,0.9733235030871845
PRKAA1,3,PRKAA1;S496;,0.02055363878723389,0.9794463612127662
PRKAA1,3,PRKAB1;S108;,0.9772419872169885,0.02275801278301152
PRKAA1,3,PRRC2A;S765;,0.01611679145320181,0.9838832085467982
PRKAA1,3,PRRC2B;S259;,0.033738324089923236,0.9662616759100768
PRKAA1,3,PSMA5;T55;,0.48220713942014226,0.5177928605798575
PRKAA1,3,PSMC3;S12;,0.022172278509958905,0.977827721490041
PRKAA1,3,PSMC3;S9;,0.02402053226539415,0.9759794677346058
PRKAA1,3,PTPN12;T544;,0.791624264706416,0.2083757352935838
PRKAA1,3,PTPN21;S599;,0.024170808746100645,0.9758291912538996
PRKAA1,3,PTPN21;S762;,0.03377560551025192,0.9662243944897482
PRKAA1,3,PTRF;S169;,0.014955953777594512,0.9850440462224055
PRKAA1,3,PTRF;S171;,0.01680574708791596,0.983194252912084
PRKAA1,3,PUM2;S82;,0.026265600683547663,0.9737343993164521
PRKAA1,3,PXN;S106;,0.018312401626332738,0.9816875983736671
PRKAA1,3,PXN;S137;,0.01742624338564412,0.9825737566143559
PRKAA1,3,PXN;S83;,0.02776966833586946,0.9722303316641306
PRKAA1,3,RABGEF1;T142;,0.03946125712931052,0.9605387428706893
PRKAA1,3,RAF1;S295;,0.0229992968033892,0.9770007031966109
PRKAA1,3,RAF1;S296;,0.02675506350297403,0.9732449364970257
PRKAA1,3,RAI14;T249;,0.03457520892203743,0.9654247910779625
PRKAA1,3,RANBP10;S481;,0.6764750464725187,0.32352495352748134
PRKAA1,3,RANBP3;S58;,0.022251215957487667,0.9777487840425123
PRKAA1,3,RAPGEF1;S306;,0.019690515669186864,0.9803094843308131
PRKAA1,3,RAPGEF1;S308;,0.017911002450051172,0.9820889975499489
PRKAA1,3,RAVER1;S576;,0.030568687943319704,0.9694313120566801
PRKAA1,3,RB1CC1;S243;,0.022194764302879786,0.9778052356971201
PRKAA1,3,RBM3;S145;,0.019269028802453188,0.9807309711975468
PRKAA1,3,RBM7;S72;,0.019966370943182196,0.9800336290568177
PRKAA1,3,RFX7;S1177;,0.019351876613679073,0.9806481233863211
PRKAA1,3,RGD1307838;S900;,0.021975840070858642,0.9780241599291415
PRKAA1,3,RGD1307838;S903;,0.016686585331374737,0.9833134146686252
PRKAA1,3,RGD1308297;S518;,0.018527976620777285,0.9814720233792227
PRKAA1,3,RGD1309586;S243;,0.019262042734356107,0.9807379572656441
PRKAA1,3,RGD1309586;S59;,0.04975820402414941,0.9502417959758506
PRKAA1,3,RGD1310016;S1171;,0.9418317503392205,0.05816824966077954
PRKAA1,3,RGD1311783;S45;,0.9772857232647014,0.022714276735298612
PRKAA1,3,RGD1311783;S46;,0.9700442236993171,0.02995577630068299
PRKAA1,3,RGD1560225;S763;,0.030116950712418294,0.9698830492875817
PRKAA1,3,RGD1561609;S759;,0.027631469881016075,0.9723685301189837
PRKAA1,3,RGD1562639;S1035;,0.018250848556660242,0.9817491514433396
PRKAA1,3,RGD1566017;S802;,0.020221384087006643,0.9797786159129932
PRKAA1,3,RIN2;S494;,0.02371638471022898,0.9762836152897711
PRKAA1,3,RIPK2;S412;,0.9590974302613583,0.0409025697386417
PRKAA1,3,RNF40;S586;,0.016578460760338646,0.9834215392396616
PRKAA1,3,RPS6KA3;S715;,0.023672254048498927,0.9763277459515012
PRKAA1,3,RPS6KA4;S681;,0.023849636866566874,0.9761503631334328
PRKAA1,3,RPS6KA4;S682;,0.021400962582728916,0.9785990374172712
PRKAA1,3,RPS6KB1;S404;,0.01803993682892176,0.9819600631710783
PRKAA1,3,RPTOR;S863;,0.026095400261061264,0.973904599738939
PRKAA1,3,RRP1B;S524;,0.024017143655860017,0.97598285634414
PRKAA1,3,RRP1B;T521;,0.03180403880024817,0.9681959611997517
PRKAA1,3,RTF1;S416;,0.017933237032795857,0.9820667629672041
PRKAA1,3,RUFY1;S50;,0.03064191464962143,0.9693580853503786
PRKAA1,3,RUNX1T1;T568;,0.04406188942177794,0.955938110578222
PRKAA1,3,SAMD4B;S271;,0.033428930323792266,0.9665710696762077
PRKAA1,3,SAP30L;T91;,0.02179564515903393,0.978204354840966
PRKAA1,3,SBF1;S1141;,0.586018136501479,0.413981863498521
PRKAA1,3,SCRIB;S1315;,0.02374809267710734,0.9762519073228927
PRKAA1,3,SCRIB;S1529;,0.018644850086304975,0.9813551499136951
PRKAA1,3,SENP7;S47;,0.027023827864535842,0.9729761721354644
PRKAA1,3,SETD2;S511;,0.0238063409880055,0.9761936590119945
PRKAA1,3,SF3B1;T326;,0.7542398163329942,0.2457601836670058
PRKAA1,3,SFPQ;T586;,0.03710786142557901,0.962892138574421
PRKAA1,3,SGTA;S306;,0.020285785421921717,0.9797142145780784
PRKAA1,3,SGTA;S308;,0.015826863266930773,0.9841731367330694
PRKAA1,3,SH3BP5;S420;,0.02911971936976336,0.9708802806302367
PRKAA1,3,SH3D19;S274;,0.03119512320123851,0.9688048767987616
PRKAA1,3,SH3PXD2A;S368;,0.9720884271317652,0.027911572868234657
PRKAA1,3,SH3PXD2A;S495;,0.019963100744598446,0.9800368992554015
PRKAA1,3,SH3PXD2A;S956;,0.02529181486184673,0.9747081851381533
PRKAA1,3,SHC3;S359;,0.0267092014743891,0.9732907985256107
PRKAA1,3,SIK2;S673;,0.023811040142001777,0.9761889598579983
PRKAA1,3,SIPA1L1;S1408;,0.9536553499966685,0.046344650003331433
PRKAA1,3,SIPA1L1;S1411;,0.9698018975904102,0.03019810240958984
PRKAA1,3,SIPA1L1;S288;,0.02400074377133881,0.9759992562286613
PRKAA1,3,SLC2A13;S38;,0.9669546817829433,0.033045318217056766
PRKAA1,3,SLC2A13;S44;,0.977917371631194,0.022082628368805986
PRKAA1,3,SLC2A13;S47;,0.9671742617021748,0.0328257382978252
PRKAA1,3,SLC4A7;S1171;,0.9584382537581795,0.041561746241820616
PRKAA1,3,SLC4A7;S263;,0.9796847934605554,0.0203152065394445
PRKAA1,3,SLK;S778;,0.9684011866983484,0.03159881330165162
PRKAA1,3,SMCR7L;S59;,0.030523464236976536,0.9694765357630234
PRKAA1,3,SMCR8;S416;,0.017376617607160416,0.9826233823928395
PRKAA1,3,SMCR8;S486;,0.9726071921667443,0.027392807833255824
PRKAA1,3,SMCR8;S488;,0.9664485251800724,0.033551474819927464
PRKAA1,3,SMCR8;S491;,0.9703555221056178,0.02964447789438215
PRKAA1,3,SMCR8;S497;,0.9445736679711743,0.05542633202882587
PRKAA1,3,SMG6;S537;,0.024022732439929948,0.97597726756007
PRKAA1,3,SNW1;S224;,0.9528252661342264,0.0471747338657736
PRKAA1,3,SNX8;S454;,0.025403345223003884,0.9745966547769962
PRKAA1,3,SON;S94;,0.017064784495029135,0.982935215504971
PRKAA1,3,SORBS1;S857;,0.02347447648558071,0.9765255235144193
PRKAA1,3,SOS1;S1120;,0.02507323200730208,0.9749267679926977
PRKAA1,3,SOX6;S399;,0.025370391719626698,0.974629608280373
PRKAA1,3,SOX6;S402;,0.02726901563165296,0.9727309843683468
PRKAA1,3,SOX6;T401;,0.018574092540158783,0.9814259074598413
PRKAA1,3,SPAG7;S219;,0.020465425930690125,0.9795345740693098
PRKAA1,3,SPAG9;S203;,0.019791023604738018,0.9802089763952618
PRKAA1,3,SPAG9;S716;,0.028136623186801338,0.9718633768131989
PRKAA1,3,SPHK2;S379;,0.9582370197103637,0.041762980289636306
PRKAA1,3,SRPK2;S487;,0.02479897057749706,0.975201029422503
PRKAA1,3,SRRM2;S2228;,0.026320830611618114,0.9736791693883821
PRKAA1,3,SRRM2;S2338;,0.026458811331568535,0.9735411886684316
PRKAA1,3,SRSF10;S131;,0.9463810843058647,0.053618915694135454
PRKAA1,3,SRSF11;S200;,0.023655287132145014,0.976344712867855
PRKAA1,3,STARD13;S334;,0.021297782038459924,0.9787022179615402
PRKAA1,3,STAT3;S727;,0.04384977568173375,0.9561502243182662
PRKAA1,3,STIM1;S257;,0.9462878282970533,0.05371217170294688
PRKAA1,3,STIM1;S523;,0.9599560440616274,0.04004395593837256
PRKAA1,3,STIM1;S524;,0.9665869809460159,0.033413019053984166
PRKAA1,3,STIM2;S675;,0.9664772409302619,0.0335227590697381
PRKAA1,3,STK11IP;S443;,0.022281984614266327,0.9777180153857338
PRKAA1,3,STK3;S385;,0.016388631402798774,0.9836113685972012
PRKAA1,3,STMN1;S16;,0.018244248480435158,0.9817557515195648
PRKAA1,3,STMN1;S25;,0.030096804602741455,0.9699031953972587
PRKAA1,3,STMN1;S38;,0.038911165636925274,0.9610888343630749
PRKAA1,3,STRN3;S227;,0.017225761342679873,0.9827742386573203
PRKAA1,3,SUN2;S12;,0.015187374878607123,0.9848126251213929
PRKAA1,3,SVIL;S1177;,0.020910509891389355,0.9790894901086103
PRKAA1,3,SVIL;S259;,0.02262198980570563,0.9773780101942944
PRKAA1,3,SVIL;S531;,0.023090059634461486,0.9769099403655387
PRKAA1,3,SYNPO2L;S401;,0.027891621212076563,0.9721083787879234
PRKAA1,3,SYNPO2L;T141;,0.822933644620935,0.17706635537906507
PRKAA1,3,SZT2;S1641;,0.02032986333838108,0.979670136661619
PRKAA1,3,TACC2;S575;,0.04877757154103201,0.951222428458968
PRKAA1,3,TANC2;S1447;,0.022058041741100116,0.9779419582589
PRKAA1,3,TBC1D1;S231;,0.9771302258898241,0.022869774110175784
PRKAA1,3,TBC1D1;S662;,0.980334904334079,0.019665095665920944
PRKAA1,3,TBC1D1;T590;,0.020429813032096088,0.9795701869679038
PRKAA1,3,TBC1D16;S382;,0.018239364054480393,0.9817606359455197
PRKAA1,3,TCF12;S583;,0.026572571027280712,0.9734274289727193
PRKAA1,3,TDRD3;S256;,0.022449264988438473,0.9775507350115614
PRKAA1,3,TENC1;T996;,0.022412869658940057,0.9775871303410599
PRKAA1,3,TFE3;S531;,0.039772227225179875,0.9602277727748201
PRKAA1,3,TJP1;S1602;,0.022190471236617056,0.977809528763383
PRKAA1,3,TJP1;S1604;,0.017080430727907468,0.9829195692720925
PRKAA1,3,TJP2;S147;,0.01527699986138383,0.9847230001386162
PRKAA1,3,TMEM245;S327;,0.053557688330200644,0.9464423116697993
PRKAA1,3,TMEM55A;S14;,0.959205030384978,0.04079496961502206
PRKAA1,3,TNKS1BP1;S1642;,0.025647614024724007,0.9743523859752761
PRKAA1,3,TNRC6B;S306;,0.02342733278480284,0.976572667215197
PRKAA1,3,TNRC6B;S421;,0.019911234810740617,0.9800887651892596
PRKAA1,3,TRAK1;S390;,0.022705930596368256,0.9772940694036316
PRKAA1,3,TRAK1;S905;,0.9711662048615508,0.028833795138449157
PRKAA1,3,TRAPPC12;S314;,0.021858813755054267,0.9781411862449458
PRKAA1,3,TRIM28;S474;,0.024845170957540665,0.9751548290424594
PRKAA1,3,TRIO;S2459;,0.022167437197990875,0.9778325628020089
PRKAA1,3,TRIO;S2463;,0.028677590695967325,0.9713224093040327
PRKAA1,3,TRIP12;T1454;,0.015239165168024245,0.9847608348319757
PRKAA1,3,TSC2;S939;,0.028032074103151002,0.9719679258968488
PRKAA1,3,TSSC4;S190;,0.023770758738943583,0.9762292412610566
PRKAA1,3,TTN;S305;,0.9675070845420493,0.03249291545795085
PRKAA1,3,UBA1;S13;,0.024982823394491233,0.9750171766055089
PRKAA1,3,UBA5;S380;,0.020004658700358204,0.9799953412996418
PRKAA1,3,UBE2O;S835;,0.029142527925241763,0.9708574720747585
PRKAA1,3,UBE2O;T830;,0.5163911292052038,0.48360887079479614
PRKAA1,3,UBE4B;S88;,0.028421460730155956,0.9715785392698442
PRKAA1,3,ULK1;S450;,0.021249153074475294,0.9787508469255245
PRKAA1,3,ULK1;S465;,0.9758026102459,0.024197389754099945
PRKAA1,3,ULK1;S477;,0.02772285319253825,0.9722771468074618
PRKAA1,3,ULK1;S479;,0.02496043167489481,0.9750395683251051
PRKAA1,3,ULK1;S637;,0.9756477978223744,0.024352202177625543
PRKAA1,3,ULK1;T468;,0.8041352230750354,0.19586477692496496
PRKAA1,3,ULK1;T659;,0.926277712615904,0.0737222873840959
PRKAA1,3,USP10;S224;,0.02541350890925418,0.9745864910907458
PRKAA1,3,VAPA;S164;,0.9699906841209215,0.030009315879078582
PRKAA1,3,VIM;S420;,0.9638699990991102,0.03613000090088987
PRKAA1,3,VIM;S430;,0.9403880969500644,0.059611903049935515
PRKAA1,3,VIM;T426;,0.9582419719417604,0.04175802805823956
PRKAA1,3,VPS26B;S304;,0.9646844282147741,0.035315571785225895
PRKAA1,3,WIPF2;S235;,0.0280189943886863,0.9719810056113137
PRKAA1,3,WNK1;S165;,0.023521308082763037,0.9764786919172369
PRKAA1,3,WWC3;S955;,0.01488463412569914,0.9851153658743008
PRKAA1,3,YAP1;S46;,0.9505694710650081,0.04943052893499178
PRKAA1,3,ZC3H13;S368;,0.9682123859091908,0.03178761409080916
PRKAA1,3,ZC3HAV1;S307;,0.024109003962789664,0.9758909960372103
PRKAA1,3,ZC3HAV1;S325;,0.01757346954664595,0.982426530453354
PRKAA1,3,ZC3HAV1;S544;,0.02013959397871698,0.979860406021283
PRKAA1,3,ZC3HC1;S343;,0.028651127074899627,0.9713488729251004
PRKAA1,3,ZC3HC1;T351;,0.03121750385796941,0.9687824961420306
PRKAA1,3,ZFP295;S411;,0.024021866009599577,0.9759781339904003
PRKAA1,3,ZFYVE16;S903;,0.025506853194123467,0.9744931468058765
PRKAA1,3,ZNRF2;S148;,0.019257982544747775,0.980742017455252
PRKAA1,3,ZNRF2;S154;,0.022762288270932733,0.9772377117290673
PRKAA1,3,ZNRF2;S18;,0.021364800061127596,0.9786351999388725
PRKAA1,3,ZNRF2;S81;,0.03021612867166971,0.9697838713283304
PRKAA1,3,ZYX;S143;,0.01578084117952132,0.9842191588204786
PRKAA1,3,ZYX;S144;,0.016162989776054723,0.9838370102239453
PRKAA1,3,ZYX;S336;,0.022296604589530252,0.9777033954104696
PRKAA1,3,ZZEF1;S1516;,0.029846008216241064,0.9701539917837589
PRKAA1,3,ZZEF1;S1535;,0.030146728714153196,0.9698532712858469
PRKAA1,4,AAK1;S677;,0.025749017990957225,0.9742509820090427
PRKAA1,4,ABCC4;S604;,0.021811683374242632,0.9781883166257574
PRKAA1,4,ABI2;S165;,0.025609310976210477,0.9743906890237897
PRKAA1,4,ABI2;S168;,0.018362436651670696,0.9816375633483291
PRKAA1,4,ABL2;S799;,0.026981043621179656,0.9730189563788204
PRKAA1,4,ABLIM3;S566;,0.019132050276959894,0.9808679497230401
PRKAA1,4,ABLIM3;S575;,0.44636484769055734,0.5536351523094426
PRKAA1,4,ACACA;S79;,0.9533500427536281,0.04664995724637177
PRKAA1,4,ACIN1;S711;,0.023168930336813522,0.9768310696631863
PRKAA1,4,ADD1;S613;,0.016502678217426528,0.9834973217825734
PRKAA1,4,ADD1;T614;,0.042575321688013035,0.9574246783119871
PRKAA1,4,ADNP;S971;,0.017722902925397424,0.9822770970746026
PRKAA1,4,AFF4;S823;,0.0383553792023301,0.9616446207976701
PRKAA1,4,AGAP3;S107;,0.02753477162204761,0.9724652283779525
PRKAA1,4,AHCTF1;S1214;,0.9410063899372496,0.0589936100627503
PRKAA1,4,AHNAK;S1191;,0.8636719110218177,0.1363280889781823
PRKAA1,4,AHNAK;S177;,0.020606634669113322,0.9793933653308866
PRKAA1,4,AHNAK;S2060;,0.020739544567136267,0.9792604554328639
PRKAA1,4,AHNAK;S211;,0.025489661638328564,0.9745103383616714
PRKAA1,4,AHNAK;S2117;,0.8575957706610619,0.14240422933893812
PRKAA1,4,AHNAK;S222;,0.9397662117084226,0.060233788291577356
PRKAA1,4,AHNAK;S3915;,0.01933187128968466,0.9806681287103153
PRKAA1,4,AHNAK;S42;,0.01890157586807628,0.9810984241319239
PRKAA1,4,AHNAK;S4597;,0.022888565318446626,0.9771114346815533
PRKAA1,4,AHNAK;S5243;,0.02723105271399478,0.9727689472860052
PRKAA1,4,AHNAK;T4049;,0.06920800032744193,0.930791999672558
PRKAA1,4,AHNAK2;S425;,0.02129809856345449,0.9787019014365456
PRKAA1,4,AHNAK2;T438;,0.02924101660884522,0.9707589833911547
PRKAA1,4,AIMP1;S110;,0.026459639176561203,0.9735403608234388
PRKAA1,4,AJUBA;S129;,0.0294567442750945,0.9705432557249056
PRKAA1,4,AKAP1;S103;,0.9612404263702736,0.038759573629726374
PRKAA1,4,AKAP10;S278;,0.018119682616000846,0.9818803173839991
PRKAA1,4,AKAP11;S1090;,0.6016730371658358,0.39832696283416436
PRKAA1,4,AKAP11;S21;,0.02080703605322276,0.9791929639467771
PRKAA1,4,AKAP11;S23;,0.019658090746799715,0.9803419092532003
PRKAA1,4,AKAP11;S448;,0.021661188275839894,0.9783388117241599
PRKAA1,4,AKAP13;S2515;,0.02848839489718179,0.9715116051028182
PRKAA1,4,AKAP2;S152;,0.035669329094604074,0.9643306709053958
PRKAA1,4,AKAP2;S730;,0.021742733798242268,0.9782572662017579
PRKAA1,4,AKAP6;S562;,0.9436693419593001,0.056330658040699935
PRKAA1,4,AKAP9;S3669;,0.018099290595208786,0.981900709404791
PRKAA1,4,AKT1S1;S184;,0.02013560662139175,0.9798643933786085
PRKAA1,4,AKT1S1;T247;,0.028269975869541185,0.9717300241304588
PRKAA1,4,ALKBH5;S362;,0.03980774533897777,0.9601922546610221
PRKAA1,4,ALKBH5;S376;,0.0177675014005286,0.9822324985994715
PRKAA1,4,AMOTL1;S580;,0.9226851873978381,0.07731481260216208
PRKAA1,4,ANP32A;S15;,0.020977215061530125,0.9790227849384701
PRKAA1,4,AP3D1;S755;,0.0301226002027882,0.9698773997972119
PRKAA1,4,ARFGAP2;S145;,0.02325898585739482,0.9767410141426052
PRKAA1,4,ARFGEF2;S214;,0.0354927411400155,0.9645072588599846
PRKAA1,4,ARFIP1;S39;,0.9574555406147988,0.04254445938520108
PRKAA1,4,ARHGAP17;S710;,0.023356999534108733,0.9766430004658913
PRKAA1,4,ARHGAP22;S200;,0.02739158971529436,0.9726084102847056
PRKAA1,4,ARHGAP22;S236;,0.023140775581384807,0.9768592244186151
PRKAA1,4,ARHGAP35;S1174;,0.01985815979802435,0.9801418402019756
PRKAA1,4,ARHGAP39;S284;,0.0218340347404966,0.9781659652595035
PRKAA1,4,ARHGAP5;S1195;,0.0189930118721408,0.9810069881278594
PRKAA1,4,ARHGAP5;S1202;,0.025497385678771307,0.9745026143212286
PRKAA1,4,ARHGAP5;S967;,0.021159850028794645,0.9788401499712055
PRKAA1,4,ARHGEF12;S337;,0.022154449319510054,0.97784555068049
PRKAA1,4,ARHGEF12;S341;,0.020340614609969256,0.9796593853900308
PRKAA1,4,ARHGEF17;S995;,0.9125270504038104,0.08747294959618969
PRKAA1,4,ARHGEF5;S721;,0.01808190712935577,0.9819180928706444
PRKAA1,4,ARPP21;S256;,0.7625702135909543,0.23742978640904586
PRKAA1,4,ATF7;T53;,0.7172595092008268,0.2827404907991731
PRKAA1,4,ATG14;S5;,0.022712130379098337,0.9772878696209016
PRKAA1,4,ATG2A;S1246;,0.020425317018456957,0.979574682981543
PRKAA1,4,ATG2B;S240;,0.02194183541314976,0.9780581645868504
PRKAA1,4,ATG2B;S255;,0.023911926164007582,0.9760880738359923
PRKAA1,4,ATRX;S761;,0.030042304307277903,0.9699576956927219
PRKAA1,4,ATXN2;S622;,0.01989710023460103,0.9801028997653989
PRKAA1,4,ATXN2L;S109;,0.023261421496351745,0.9767385785036482
PRKAA1,4,ATXN2L;S447;,0.028042701728846292,0.9719572982711537
PRKAA1,4,AZI1;S114;,0.038382313413572636,0.9616176865864273
PRKAA1,4,AZI1;S304;,0.02576304796284377,0.974236952037156
PRKAA1,4,BAD;S171;,0.9515710332022511,0.04842896679774889
PRKAA1,4,BAG3;S271;,0.03334548671929698,0.9666545132807031
PRKAA1,4,BAG3;S387;,0.01893385659458498,0.9810661434054151
PRKAA1,4,BAG3;S388;,0.029628725069416287,0.9703712749305836
PRKAA1,4,BAIAP2L1;S218;,0.02778652624194728,0.9722134737580527
PRKAA1,4,BAIAP2L1;S380;,0.9209869258754376,0.0790130741245624
PRKAA1,4,BAZ2A;S1388;,0.025456440408549833,0.97454355959145
PRKAA1,4,BBX;S243;,0.02536538640206329,0.9746346135979368
PRKAA1,4,BCL9L;S116;,0.025799068899491604,0.9742009311005084
PRKAA1,4,BCL9L;S21;,0.9379539545554605,0.062046045444539365
PRKAA1,4,BCL9L;S25;,0.03455746427425618,0.965442535725744
PRKAA1,4,BICD2;S611;,0.030513499326470087,0.9694865006735299
PRKAA1,4,BICD2;S819;,0.04272115614418429,0.9572788438558157
PRKAA1,4,BRAF;S134;,0.022169852861701804,0.9778301471382982
PRKAA1,4,BRD8;S274;,0.02863220138699476,0.9713677986130052
PRKAA1,4,BRD8;T270;,0.02676440766802208,0.9732355923319778
PRKAA1,4,BSDC1;S216;,0.016457513553996373,0.9835424864460035
PRKAA1,4,C2CD4C;S262;,0.03097340283298694,0.9690265971670131
PRKAA1,4,CACNB1;S53;,0.02201185682326604,0.9779881431767342
PRKAA1,4,CALD1;S527;,0.02740977668161748,0.9725902233183825
PRKAA1,4,CAMK2D;T371;,0.6544925420310365,0.3455074579689634
PRKAA1,4,CAMSAP1;S1154;,0.024082287603358087,0.9759177123966419
PRKAA1,4,CAMSAP1;S517;,0.01930710311480807,0.980692896885192
PRKAA1,4,CAP2;S301;,0.022871952990388748,0.9771280470096111
PRKAA1,4,CBX5;S93;,0.03175267601845092,0.968247323981549
PRKAA1,4,CCDC6;S143;,0.023024313993484896,0.9769756860065151
PRKAA1,4,CCDC88A;S1638;,0.023619207975475693,0.9763807920245243
PRKAA1,4,CCDC91;S71;,0.02322597717653113,0.9767740228234687
PRKAA1,4,CDC42EP2;S137;,0.025493731296229945,0.9745062687037702
PRKAA1,4,CDC42EP2;S141;,0.024193422844989525,0.9758065771550103
PRKAA1,4,CDC42EP4;S140;,0.024367258521288904,0.9756327414787109
PRKAA1,4,CDKN1A;S69;,0.01852360188749441,0.9814763981125055
PRKAA1,4,CDKN1B;S12;,0.023076801761307067,0.9769231982386929
PRKAA1,4,CDKN1B;S7;,0.018382021326059306,0.9816179786739408
PRKAA1,4,CEP170B;S1166;,0.03232235021713095,0.9676776497828689
PRKAA1,4,CEP68;S503;,0.17501313099368182,0.8249868690063182
PRKAA1,4,CEP68;S510;,0.03173314616107182,0.9682668538389282
PRKAA1,4,CHAMP1;S532;,0.026756543469775507,0.9732434565302243
PRKAA1,4,CHD8;S549;,0.949200499211708,0.05079950078829206
PRKAA1,4,CHRND;S379;,0.9479222007969431,0.05207779920305692
PRKAA1,4,CIC;S1394;,0.02523671909711617,0.9747632809028837
PRKAA1,4,CIC;S1399;,0.018327900381874516,0.9816720996181255
PRKAA1,4,CLASP2;S331;,0.9558986315613701,0.044101368438629766
PRKAA1,4,CLIP1;S159;,0.024369592964086917,0.9756304070359131
PRKAA1,4,COBL;S31;,0.9585966471017023,0.04140335289829767
PRKAA1,4,COBL;S34;,0.954553311272267,0.04544668872773296
PRKAA1,4,COG3;S536;,0.9192239372084546,0.08077606279154523
PRKAA1,4,CORO7;S298;,0.9720356958036804,0.02796430419631945
PRKAA1,4,DAB2IP;S802;,0.02490243798710173,0.9750975620128982
PRKAA1,4,DAP;S2;,0.019686178789389684,0.9803138212106105
PRKAA1,4,DAP;S3;,0.027067375461503125,0.9729326245384968
PRKAA1,4,DBNDD1;S123;,0.022953358954162,0.9770466410458379
PRKAA1,4,DCAF6;S336;,0.01672673006135693,0.983273269938643
PRKAA1,4,DCLK1;S30;,0.9359835745983582,0.06401642540164175
PRKAA1,4,DDX19A;S86;,0.02417835165327748,0.9758216483467225
PRKAA1,4,DDX3X;S261;,0.04131190253190327,0.9586880974680967
PRKAA1,4,DENND4C;S1037;,0.9514103388561405,0.04858966114385956
PRKAA1,4,DLG2;S323;,0.02687466769849554,0.9731253323015046
PRKAA1,4,DLG2;S328;,0.021792981013221215,0.9782070189867788
PRKAA1,4,DMXL1;S574;,0.9474988255526705,0.0525011744473295
PRKAA1,4,DNAJC2;T48;,0.044993630713631855,0.955006369286368
PRKAA1,4,DNAJC25;T353;,0.09430942488709473,0.9056905751129052
PRKAA1,4,DOCK6;S1339;,0.10936848940500374,0.8906315105949963
PRKAA1,4,DOCK7;S1361;,0.058806176277068994,0.9411938237229311
PRKAA1,4,DOCK7;S2107;,0.02214012165575491,0.9778598783442449
PRKAA1,4,DOPEY1;S1261;,0.04211312312663787,0.9578868768733622
PRKAA1,4,DTNA;S606;,0.02192071702374193,0.9780792829762582
PRKAA1,4,DUSP27;S366;,0.02527633691539696,0.9747236630846029
PRKAA1,4,DUSP27;S368;,0.01958120775928308,0.980418792240717
PRKAA1,4,DUSP27;S370;,0.01833142375911075,0.9816685762408892
PRKAA1,4,DUSP27;S427;,0.019308902174604854,0.9806910978253954
PRKAA1,4,DYNC1H1;S4365;,0.021223348653286716,0.9787766513467132
PRKAA1,4,DYNC1I2;S81;,0.035495224501688044,0.9645047754983118
PRKAA1,4,EEF2;T57;,0.6862198028428229,0.31378019715717714
PRKAA1,4,EEF2K;S365;,0.5818564723292928,0.418143527670707
PRKAA1,4,EHBP1L1;S1363;,0.9501461399345438,0.04985386006545616
PRKAA1,4,EHD4;S459;,0.020282645190868205,0.9797173548091318
PRKAA1,4,EIF3A;S584;,0.024515431808939718,0.9754845681910602
PRKAA1,4,EIF4B;S422;,0.032016637688918284,0.9679833623110817
PRKAA1,4,EIF4B;S424;,0.018414609902303435,0.9815853900976964
PRKAA1,4,EIF4B;S425;,0.02197319121667722,0.9780268087833226
PRKAA1,4,EIF4B;T420;,0.02250416922159051,0.9774958307784094
PRKAA1,4,EIF4EBP1;S64;,0.019772024702253248,0.9802279752977469
PRKAA1,4,EIF4EBP2;S2;,0.03205027931716031,0.9679497206828398
PRKAA1,4,EIF5B;S183;,0.02710106964823298,0.9728989303517671
PRKAA1,4,ELMSAN1;S456;,0.0349764281354145,0.9650235718645854
PRKAA1,4,EPS8;S659;,0.02376772645981902,0.9762322735401807
PRKAA1,4,ETL4;S1844;,0.034588490563196385,0.9654115094368034
PRKAA1,4,ETV3;S139;,0.018592201638276164,0.9814077983617236
PRKAA1,4,FAM120C;S55;,0.021288156760487256,0.9787118432395129
PRKAA1,4,FAM134C;S313;,0.8475220970837269,0.15247790291627322
PRKAA1,4,FAM134C;S320;,0.3550660372672024,0.6449339627327976
PRKAA1,4,FAM171A2;S423;,0.024729380255901472,0.9752706197440986
PRKAA1,4,FAM65A;S752;,0.02855228349990271,0.9714477165000971
PRKAA1,4,FBXO30;S379;,0.022309131710285472,0.9776908682897145
PRKAA1,4,FHOD1;S489;,0.019561099597998333,0.9804389004020018
PRKAA1,4,FHOD1;S501;,0.03058210912694115,0.9694178908730589
PRKAA1,4,FHOD1;S504;,0.025015634649244396,0.9749843653507556
PRKAA1,4,FHOD1;S513;,0.02222780485519983,0.9777721951448002
PRKAA1,4,FHOD1;S523;,0.02545947348471247,0.9745405265152876
PRKAA1,4,FLNC;S2147;,0.020020047705349733,0.9799799522946503
PRKAA1,4,FLNC;S2234;,0.025226505852542054,0.9747734941474578
PRKAA1,4,FMN1;S589;,0.022428999989654443,0.9775710000103456
PRKAA1,4,FOSL2;S320;,0.029613817600796805,0.970386182399203
PRKAA1,4,FOSL2;T322;,0.037436458345849646,0.9625635416541505
PRKAA1,4,FOXK1;S225;,0.025011465910714938,0.9749885340892851
PRKAA1,4,FOXK2;T200;,0.03427224781317597,0.9657277521868238
PRKAA1,4,FOXO3;S252;,0.030489281098184603,0.9695107189018154
PRKAA1,4,FRMD8;S21;,0.02334137682336434,0.9766586231766357
PRKAA1,4,FRYL;T1959;,0.03795401994777714,0.962045980052223
PRKAA1,4,GAB1;S418;,0.02541373492645421,0.9745862650735456
PRKAA1,4,GAB2;S142;,0.020018238494638144,0.9799817615053621
PRKAA1,4,GAB2;S143;,0.032888304204522836,0.9671116957954771
PRKAA1,4,GAB2;S211;,0.024499706871807785,0.9755002931281921
PRKAA1,4,GAB2;S365;,0.020924926449710272,0.9790750735502897
PRKAA1,4,GAB2;T388;,0.03092143031974108,0.9690785696802587
PRKAA1,4,GATAD2A;S103;,0.9495564578838173,0.050443542116182766
PRKAA1,4,GATAD2A;S96;,0.9645253734615945,0.035474626538405496
PRKAA1,4,GATAD2B;S338;,0.026565740738893187,0.9734342592611069
PRKAA1,4,GBF1;S1786;,0.04922413895694115,0.9507758610430587
PRKAA1,4,GIGYF1;S28;,0.027403624080048726,0.9725963759199513
PRKAA1,4,GIT2;S568;,0.020359067224655615,0.9796409327753445
PRKAA1,4,GOLGA4;S116;,0.9525976888593475,0.04740231114065248
PRKAA1,4,GSK3A;S21;,0.03391813858978584,0.9660818614102142
PRKAA1,4,GSK3A;S41;,0.01830553907318893,0.9816944609268111
PRKAA1,4,GSK3B;S9;,0.03638372591640254,0.9636162740835975
PRKAA1,4,GYS1;S728;,0.029249103987792426,0.9707508960122077
PRKAA1,4,HBP1;S401;,0.026449822738297903,0.9735501772617019
PRKAA1,4,HBS1L;S147;,0.0183946483845142,0.9816053516154859
PRKAA1,4,HDAC6;S21;,0.023463967288392167,0.976536032711608
PRKAA1,4,HECTD1;S1392;,0.02835535235365303,0.9716446476463471
PRKAA1,4,HECTD1;S1393;,0.023360112134348215,0.9766398878656518
PRKAA1,4,HECTD1;S1573;,0.8975807461585182,0.10241925384148179
PRKAA1,4,HELB;S944;,0.028653684890014446,0.9713463151099856
PRKAA1,4,HERC1;S1163;,0.0241386975841667,0.9758613024158332
PRKAA1,4,HERC1;T1154;,0.025170384265030647,0.9748296157349696
PRKAA1,4,HIRIP3;S27;,0.018554290804813866,0.9814457091951863
PRKAA1,4,HN1L;S97;,0.023667642109833083,0.9763323578901669
PRKAA1,4,HOMER3;S158;,0.03926774757924924,0.9607322524207508
PRKAA1,4,HUWE1;S1876;,0.020310163075216783,0.979689836924783
PRKAA1,4,HUWE1;S3639;,0.017742826295513964,0.9822571737044861
PRKAA1,4,HUWE1;S3898;,0.025249640552458773,0.9747503594475413
PRKAA1,4,HUWE1;T3903;,0.03371164210077905,0.966288357899221
PRKAA1,4,IREB2;S178;,0.016333206717201607,0.9836667932827983
PRKAA1,4,IRF2BPL;S69;,0.02106148101008473,0.9789385189899152
PRKAA1,4,ITSN1;S1063;,0.10869502606454681,0.8913049739354533
PRKAA1,4,ITSN1;S315;,0.026973739511262227,0.9730262604887379
PRKAA1,4,JMY;S56;,0.026003620425106008,0.9739963795748942
PRKAA1,4,JSRP1;S47;,0.020058334939391097,0.9799416650606089
PRKAA1,4,KANK2;S358;,0.019858414379759156,0.9801415856202409
PRKAA1,4,KCTD3;S809;,0.9488718988443088,0.05112810115569129
PRKAA1,4,KDM2A;S718;,0.03049121204705777,0.9695087879529422
PRKAA1,4,KDM2A;T713;,0.03086046941662282,0.9691395305833772
PRKAA1,4,KDM5C;S316;,0.030446601827697786,0.9695533981723021
PRKAA1,4,KPNA1;S2;,0.052002348739325265,0.9479976512606747
PRKAA1,4,KPNA1;T3;,0.08309369818097732,0.9169063018190229
PRKAA1,4,LAMTOR1;S98;,0.023561538289040118,0.9764384617109598
PRKAA1,4,LARP1;S916;,0.033320529879087506,0.9666794701209125
PRKAA1,4,LARP1;T932;,0.04330656097769831,0.9566934390223019
PRKAA1,4,LARP4B;S498;,0.025870233075059788,0.9741297669249404
PRKAA1,4,LDB3;S112;,0.02263727805612881,0.9773627219438713
PRKAA1,4,LIMA1;S360;,0.025138294791805793,0.9748617052081944
PRKAA1,4,LIMA1;S603;,0.023669323017393183,0.9763306769826069
PRKAA1,4,LIMA1;S608;,0.02444128729295148,0.9755587127070485
PRKAA1,4,LIMA1;S703;,0.023925176743599712,0.9760748232564003
PRKAA1,4,LMNA;S404;,0.0293327469527918,0.9706672530472084
PRKAA1,4,LMNA;S406;,0.0220223067911229,0.9779776932088771
PRKAA1,4,LMNA;S407;,0.018167298929095,0.9818327010709051
PRKAA1,4,LMNA;S423;,0.018063371934986795,0.9819366280650134
PRKAA1,4,LMNA;S424;,0.020280881511031332,0.9797191184889686
PRKAA1,4,LMO7;S1541;,0.030610133360264778,0.9693898666397351
PRKAA1,4,LMO7;S1543;,0.026929335851883514,0.9730706641481164
PRKAA1,4,LOC100360205;S239;,0.024398228012253775,0.9756017719877462
PRKAA1,4,LOC100365259;S393;,0.08469755789756722,0.9153024421024328
PRKAA1,4,LOC100910104;S475;,0.023321258291713724,0.9766787417082863
PRKAA1,4,LOC100910104;S532;,0.9614276822063257,0.038572317793674225
PRKAA1,4,LOC100910104;S719;,0.02373743261728741,0.9762625673827126
PRKAA1,4,LOC100910646;S166;,0.017077558695158854,0.9829224413048413
PRKAA1,4,LOC100911178;S1643;,0.023356020470109134,0.9766439795298909
PRKAA1,4,LOC100911302;S1721;,0.02721651397138475,0.9727834860286154
PRKAA1,4,LOC100911677;S490;,0.9419592025332161,0.05804079746678386
PRKAA1,4,LOC100912115;S649;,0.029028356497878702,0.9709716435021213
PRKAA1,4,LOC312502;S1164;,0.02093195520273356,0.9790680447972665
PRKAA1,4,LOC312502;S138;,0.9611848785459103,0.038815121454089614
PRKAA1,4,LOC312502;S139;,0.9617249313940327,0.03827506860596711
PRKAA1,4,LOC312502;S483;,0.0289365909109908,0.9710634090890092
PRKAA1,4,LOC683007;S1204;,0.023091771248984545,0.9769082287510156
PRKAA1,4,LOC683007;S1207;,0.017986435217294018,0.9820135647827059
PRKAA1,4,LOC684259;S780;,0.9492508934205462,0.050749106579453765
PRKAA1,4,LOC685707;S1251;,0.028407735605043657,0.9715922643949564
PRKAA1,4,LRRFIP2;S18;,0.01792119791216969,0.9820788020878304
PRKAA1,4,LRRFIP2;T136;,0.021030168997597583,0.9789698310024024
PRKAA1,4,LYSMD1;S33;,0.9467969640157922,0.053203035984207864
PRKAA1,4,MACF1;S1376;,0.02833251750651217,0.9716674824934879
PRKAA1,4,MACF1;S5293;,0.026785232699685493,0.9732147673003145
PRKAA1,4,MAF1;S60;,0.023194604149293304,0.9768053958507068
PRKAA1,4,MAP1A;S1757;,0.044476755719886234,0.9555232442801138
PRKAA1,4,MAP1A;T2177;,0.039297730434407895,0.9607022695655921
PRKAA1,4,MAP1A;T504;,0.02840248804242439,0.9715975119575756
PRKAA1,4,MAP1B;S1257;,0.03097228337346133,0.9690277166265386
PRKAA1,4,MAP1B;S1389;,0.02708614505888078,0.9729138549411191
PRKAA1,4,MAP1B;S1393;,0.028692106522047872,0.9713078934779521
PRKAA1,4,MAP1B;T1781;,0.3233002100857365,0.6766997899142634
PRKAA1,4,MAP1S;S683;,0.031177605388661617,0.9688223946113382
PRKAA1,4,MAP4;S902;,0.9486946895178168,0.0513053104821833
PRKAA1,4,MAP4K4;S591;,0.01653449989628474,0.9834655001037151
PRKAA1,4,MAP4K4;S791;,0.9710940133586827,0.028905986641317334
PRKAA1,4,MAP4K4;S794;,0.9629844383894706,0.037015561610529414
PRKAA1,4,MAPK1;Y185;,0.02521777845268837,0.9747822215473115
PRKAA1,4,MAPK14;Y182;,0.03247434418865353,0.9675256558113463
PRKAA1,4,MAPK8;Y185;,0.42889649335343516,0.5711035066465648
PRKAA1,4,MARCKS;S141;,0.028177512369185646,0.9718224876308142
PRKAA1,4,MARK3;S593;,0.020072445788601487,0.9799275542113983
PRKAA1,4,MARK3;T594;,0.04745395208876834,0.9525460479112317
PRKAA1,4,MATR3;S188;,0.037915434432760374,0.9620845655672398
PRKAA1,4,MBD3;S85;,0.025428625385929746,0.9745713746140703
PRKAA1,4,MBD3;S86;,0.017115240362832525,0.9828847596371674
PRKAA1,4,MDM2;S138;,0.026407068394407388,0.9735929316055925
PRKAA1,4,MED1;S1465;,0.019960853414515534,0.9800391465854844
PRKAA1,4,MED1;S1467;,0.018186984539936515,0.9818130154600635
PRKAA1,4,MED1;S1468;,0.020112141363807373,0.9798878586361924
PRKAA1,4,MED24;S860;,0.026983083635935063,0.9730169163640652
PRKAA1,4,MED24;S861;,0.022306892544225704,0.9776931074557743
PRKAA1,4,MEF2C;S226;,0.02445235266404239,0.9755476473359576
PRKAA1,4,MID1;S96;,0.02527485566511869,0.9747251443348812
PRKAA1,4,MKL1;S571;,0.02776680597880164,0.9722331940211982
PRKAA1,4,MLL2;S2291;,0.021853504158783916,0.978146495841216
PRKAA1,4,MLLT4;S216;,0.01772917795180786,0.982270822048192
PRKAA1,4,MLLT4;S246;,0.023639010522220293,0.9763609894777799
PRKAA1,4,MON2;S197;,0.025202383892361277,0.9747976161076387
PRKAA1,4,MPHOSPH10;S168;,0.9513026481078635,0.04869735189213649
PRKAA1,4,MPRIP;S369;,0.024286496217424156,0.9757135037825759
PRKAA1,4,MTFR1L;S100;,0.964135667694927,0.03586433230507296
PRKAA1,4,MTFR1L;S234;,0.9593519015956208,0.04064809840437909
PRKAA1,4,MTFR1L;S235;,0.9720220608382678,0.027977939161732194
PRKAA1,4,MTSS1L;S575;,0.025176985153150696,0.9748230148468492
PRKAA1,4,MURC;S20;,0.029916433197375813,0.9700835668026242
PRKAA1,4,MUSK;S689;,0.020667282302842906,0.9793327176971571
PRKAA1,4,MUSK;S690;,0.0289951033817513,0.9710048966182487
PRKAA1,4,MYBBP1A;S1283;,0.026380567834924415,0.9736194321650756
PRKAA1,4,MYCBP2;S2750;,0.023802777153993673,0.9761972228460063
PRKAA1,4,MYOZ2;T32;,0.03746068629380194,0.962539313706198
PRKAA1,4,NACA;S1125;,0.025224726155698377,0.9747752738443016
PRKAA1,4,NACA;S1345;,0.025096581347714843,0.9749034186522854
PRKAA1,4,NACA;S1454;,0.027036388287752757,0.9729636117122471
PRKAA1,4,NACA;S1720;,0.024364001201009563,0.9756359987989904
PRKAA1,4,NACA;S914;,0.03230215134757124,0.9676978486524289
PRKAA1,4,NACA;S942;,0.024890476421683523,0.9751095235783166
PRKAA1,4,NCAPH;S24;,0.021411408879338043,0.9785885911206618
PRKAA1,4,NCOR1;S363;,0.022704371532007002,0.9772956284679929
PRKAA1,4,NCOR2;S1747;,0.02385793519126965,0.9761420648087304
PRKAA1,4,NDRG1;S330;,0.03230325649965501,0.967696743500345
PRKAA1,4,NDRG1;T328;,0.028436102355947856,0.9715638976440519
PRKAA1,4,NDRG2;T334;,0.02244044977508522,0.9775595502249147
PRKAA1,4,NEK9;S16;,0.879610420204791,0.12038957979520908
PRKAA1,4,NEK9;S736;,0.02525720616770879,0.9747427938322912
PRKAA1,4,NELFE;S131;,0.022788410034100294,0.9772115899658996
PRKAA1,4,NES;S1071;,0.9403666138967269,0.05963338610327305
PRKAA1,4,NES;S1123;,0.01969287228917322,0.9803071277108267
PRKAA1,4,NES;S1131;,0.9443859721863852,0.05561402781361478
PRKAA1,4,NES;S620;,0.018845262830422566,0.9811547371695775
PRKAA1,4,NES;S784;,0.9087753209122738,0.09122467908772632
PRKAA1,4,NEXN;S280;,0.030667039012941148,0.9693329609870588
PRKAA1,4,NFIX;S265;,0.021093811158468985,0.9789061888415308
PRKAA1,4,NHSL1;T1376;,0.03758316048597995,0.9624168395140201
PRKAA1,4,NUMA1;S1935;,0.024449801848103615,0.9755501981518964
PRKAA1,4,NUMA1;S1958;,0.02442770478992186,0.9755722952100782
PRKAA1,4,NUP35;S73;,0.025273504447969816,0.9747264955520302
PRKAA1,4,OPTN;S188;,0.943602276323288,0.056397723676712135
PRKAA1,4,PACS2;S319;,0.021139329436831215,0.9788606705631687
PRKAA1,4,PAK1;S144;,0.02426380104454429,0.9757361989554558
PRKAA1,4,PAK1;S203;,0.02693543691676001,0.9730645630832397
PRKAA1,4,PAK2;S197;,0.05675690377875584,0.9432430962212442
PRKAA1,4,PARD3;S715;,0.027995429447348463,0.9720045705526515
PRKAA1,4,PARVA;S14;,0.0426778662796313,0.9573221337203688
PRKAA1,4,PATL1;S184;,0.024071615640321193,0.9759283843596789
PRKAA1,4,PBXIP1;S132;,0.02423381390976751,0.9757661860902325
PRKAA1,4,PBXIP1;S133;,0.025383568044982655,0.9746164319550172
PRKAA1,4,PCM1;S1280;,0.024204459174547863,0.9757955408254521
PRKAA1,4,PCM1;S380;,0.017753097891549063,0.9822469021084507
PRKAA1,4,PCM1;S384;,0.022353996787560445,0.9776460032124394
PRKAA1,4,PDAP1;S176;,0.024900227586382988,0.9750997724136172
PRKAA1,4,PDAP1;S178;,0.023096002217823774,0.9769039977821763
PRKAA1,4,PDCD4;S420;,0.023987215964219207,0.9760127840357808
PRKAA1,4,PDCD4;S76;,0.021778981625045178,0.9782210183749548
PRKAA1,4,PDLIM7;S209;,0.017997371080876602,0.9820026289191233
PRKAA1,4,PDLIM7;T214;,0.02422057647794504,0.9757794235220553
PRKAA1,4,PDLIM7;T215;,0.040432205740388534,0.9595677942596116
PRKAA1,4,PDS5B;S1176;,0.02377664820168395,0.976223351798316
PRKAA1,4,PDXDC1;T554;,0.03749677671029228,0.9625032232897077
PRKAA1,4,PELO;S55;,0.017786903723992824,0.9822130962760072
PRKAA1,4,PEX1;S1209;,0.02050806503078033,0.9794919349692196
PRKAA1,4,PFKFB2;S469;,0.039556569511254996,0.960443430488745
PRKAA1,4,PHF1;S410;,0.022809636256334413,0.9771903637436655
PRKAA1,4,PHF1;S415;,0.025770966275611255,0.9742290337243886
PRKAA1,4,PHF2;S782;,0.02763504290173027,0.9723649570982698
PRKAA1,4,PHIP;S1251;,0.027940748581135797,0.9720592514188642
PRKAA1,4,PHLDB1;S431;,0.020483441438169967,0.9795165585618297
PRKAA1,4,PHLDB1;S534;,0.028787635294359806,0.9712123647056401
PRKAA1,4,PHLDB2;S241;,0.026123308664158216,0.973876691335842
PRKAA1,4,PI4K2A;S43;,0.017046149853848436,0.9829538501461518
PRKAA1,4,PI4K2A;S46;,0.02273866200882427,0.9772613379911755
PRKAA1,4,PI4K2A;S461;,0.025521708682760377,0.9744782913172396
PRKAA1,4,PI4K2A;S50;,0.02947878675121753,0.9705212132487827
PRKAA1,4,PID1;S230;,0.01883441886321703,0.981165581136783
PRKAA1,4,PID1;S231;,0.021136194294361747,0.9788638057056381
PRKAA1,4,PID1;S232;,0.030162043888859513,0.9698379561111405
PRKAA1,4,PID1;S242;,0.02082672500789024,0.9791732749921096
PRKAA1,4,PIEZO1;S1370;,0.026741743913299153,0.973258256086701
PRKAA1,4,PIK3C2A;S261;,0.02218386662964701,0.977816133370353
PRKAA1,4,PLEC;S4246;,0.04180089531504441,0.9581991046849556
PRKAA1,4,PLEC;S4249;,0.021736545086603897,0.9782634549133962
PRKAA1,4,PNISR;S290;,0.01932093985585412,0.9806790601441459
PRKAA1,4,POM121;S370;,0.020821800987797987,0.979178199012202
PRKAA1,4,PPAN;S233;,0.948731975132519,0.05126802486748111
PRKAA1,4,PPAN;S238;,0.9251669809328052,0.07483301906719468
PRKAA1,4,PPAN;S240;,0.9463720522747109,0.05362794772528915
PRKAA1,4,PPP1R12C;S508;,0.02518212903765165,0.9748178709623484
PRKAA1,4,PPP1R13L;S110;,0.028395820430953973,0.9716041795690459
PRKAA1,4,PPP1R13L;S154;,0.021825867838102354,0.9781741321618977
PRKAA1,4,PPP1R13L;S360;,0.02775714614803929,0.9722428538519609
PRKAA1,4,PPP6R2;S629;,0.028096985417910305,0.9719030145820897
PRKAA1,4,PPP6R2;S719;,0.02142393926229666,0.9785760607377033
PRKAA1,4,PRKAA1;S496;,0.024961382403275716,0.9750386175967243
PRKAA1,4,PRKAB1;S108;,0.9653391882370129,0.03466081176298714
PRKAA1,4,PRRC2A;S765;,0.01637262241410439,0.9836273775858956
PRKAA1,4,PRRC2B;S259;,0.03355441741060792,0.9664455825893921
PRKAA1,4,PSMA5;T55;,0.4273126166194185,0.5726873833805816
PRKAA1,4,PSMC3;S12;,0.02021699241750969,0.97978300758249
PRKAA1,4,PSMC3;S9;,0.02141701667835163,0.9785829833216485
PRKAA1,4,PTPN12;T544;,0.7129057519067392,0.2870942480932609
PRKAA1,4,PTPN21;S599;,0.02558110097381491,0.9744188990261851
PRKAA1,4,PTPN21;S762;,0.029441739109183962,0.970558260890816
PRKAA1,4,PTRF;S169;,0.017497842119636255,0.9825021578803635
PRKAA1,4,PTRF;S171;,0.01821813409003945,0.9817818659099607
PRKAA1,4,PUM2;S82;,0.02621058371123819,0.9737894162887618
PRKAA1,4,PXN;S106;,0.022228694374765986,0.9777713056252342
PRKAA1,4,PXN;S137;,0.019311257337182235,0.980688742662818
PRKAA1,4,PXN;S83;,0.02542263880968349,0.9745773611903165
PRKAA1,4,RABGEF1;T142;,0.07977945776492874,0.9202205422350713
PRKAA1,4,RAF1;S295;,0.020478043848884284,0.9795219561511156
PRKAA1,4,RAF1;S296;,0.02694338954075824,0.9730566104592419
PRKAA1,4,RAI14;T249;,0.0330215271752329,0.9669784728247671
PRKAA1,4,RANBP10;S481;,0.6702588464110266,0.3297411535889734
PRKAA1,4,RANBP3;S58;,0.02555703229038255,0.9744429677096171
PRKAA1,4,RAPGEF1;S306;,0.022493068412159357,0.9775069315878405
PRKAA1,4,RAPGEF1;S308;,0.026337932122131598,0.9736620678778685
PRKAA1,4,RAVER1;S576;,0.027934048097751928,0.9720659519022482
PRKAA1,4,RB1CC1;S243;,0.02010581261738712,0.9798941873826129
PRKAA1,4,RBM3;S145;,0.027586176506339318,0.9724138234936608
PRKAA1,4,RBM7;S72;,0.03635812899802017,0.96364187100198
PRKAA1,4,RFX7;S1177;,0.02452108451539709,0.9754789154846031
PRKAA1,4,RGD1307838;S900;,0.03381473534645157,0.9661852646535485
PRKAA1,4,RGD1307838;S903;,0.023294962470201866,0.9767050375297982
PRKAA1,4,RGD1308297;S518;,0.02325804869404872,0.9767419513059512
PRKAA1,4,RGD1309586;S243;,0.022719139534201845,0.9772808604657982
PRKAA1,4,RGD1309586;S59;,0.12047880255394793,0.8795211974460521
PRKAA1,4,RGD1310016;S1171;,0.9498737754905295,0.05012622450947058
PRKAA1,4,RGD1311783;S45;,0.9643026128751059,0.035697387124894134
PRKAA1,4,RGD1311783;S46;,0.9526625399159262,0.047337460084073676
PRKAA1,4,RGD1560225;S763;,0.039033720445368694,0.9609662795546313
PRKAA1,4,RGD1561609;S759;,0.03222066311281933,0.9677793368871805
PRKAA1,4,RGD1562639;S1035;,0.02515844332040256,0.9748415566795976
PRKAA1,4,RGD1566017;S802;,0.020834030525256276,0.9791659694747439
PRKAA1,4,RIN2;S494;,0.024505695752265577,0.9754943042477343
PRKAA1,4,RIPK2;S412;,0.9544668432728756,0.04553315672712444
PRKAA1,4,RNF40;S586;,0.02422790131867154,0.9757720986813284
PRKAA1,4,RPS6KA3;S715;,0.020943624964331786,0.9790563750356682
PRKAA1,4,RPS6KA4;S681;,0.020726189697733457,0.9792738103022665
PRKAA1,4,RPS6KA4;S682;,0.02154847945837458,0.9784515205416254
PRKAA1,4,RPS6KB1;S404;,0.018231023255232844,0.981768976744767
PRKAA1,4,RPTOR;S863;,0.026021941848678853,0.9739780581513212
PRKAA1,4,RRP1B;S524;,0.023610984283142976,0.9763890157168572
PRKAA1,4,RRP1B;T521;,0.03638363186812547,0.9636163681318746
PRKAA1,4,RTF1;S416;,0.020077041535123318,0.9799229584648766
PRKAA1,4,RUFY1;S50;,0.028381309413829096,0.9716186905861711
PRKAA1,4,RUNX1T1;T568;,0.04448116506744786,0.9555188349325522
PRKAA1,4,SAMD4B;S271;,0.03218825928083839,0.9678117407191615
PRKAA1,4,SAP30L;T91;,0.03961637151781573,0.9603836284821842
PRKAA1,4,SBF1;S1141;,0.649573900011514,0.350426099988486
PRKAA1,4,SCRIB;S1315;,0.02314093910668032,0.9768590608933198
PRKAA1,4,SCRIB;S1529;,0.01758276048168106,0.9824172395183187
PRKAA1,4,SENP7;S47;,0.023576008249925666,0.9764239917500745
PRKAA1,4,SETD2;S511;,0.024162463145073747,0.9758375368549262
PRKAA1,4,SF3B1;T326;,0.6578836330443432,0.34211636695565695
PRKAA1,4,SFPQ;T586;,0.03583914114229924,0.9641608588577008
PRKAA1,4,SGTA;S306;,0.023364911496397488,0.9766350885036025
PRKAA1,4,SGTA;S308;,0.0193089032844114,0.9806910967155886
PRKAA1,4,SH3BP5;S420;,0.03257126815982924,0.9674287318401709
PRKAA1,4,SH3D19;S274;,0.024532977841451434,0.9754670221585485
PRKAA1,4,SH3PXD2A;S368;,0.9511851928815618,0.04881480711843832
PRKAA1,4,SH3PXD2A;S495;,0.022236109705514703,0.9777638902944854
PRKAA1,4,SH3PXD2A;S956;,0.047937702988580126,0.95206229701142
PRKAA1,4,SHC3;S359;,0.023706126665853075,0.9762938733341471
PRKAA1,4,SIK2;S673;,0.03332136365284268,0.9666786363471574
PRKAA1,4,SIPA1L1;S1408;,0.9361747433043054,0.06382525669569473
PRKAA1,4,SIPA1L1;S1411;,0.948245790895076,0.05175420910492409
PRKAA1,4,SIPA1L1;S288;,0.028064996179910713,0.9719350038200892
PRKAA1,4,SLC2A13;S38;,0.94355887692461,0.05644112307538995
PRKAA1,4,SLC2A13;S44;,0.9636917927870077,0.03630820721299245
PRKAA1,4,SLC2A13;S47;,0.9464188562242193,0.05358114377578079
PRKAA1,4,SLC4A7;S1171;,0.9342418584756483,0.06575814152435154
PRKAA1,4,SLC4A7;S263;,0.9677790226859002,0.032220977314099716
PRKAA1,4,SLK;S778;,0.9486717418119027,0.051328258188097234
PRKAA1,4,SMCR7L;S59;,0.02999162894420034,0.9700083710557996
PRKAA1,4,SMCR8;S416;,0.022562283968621925,0.9774377160313781
PRKAA1,4,SMCR8;S486;,0.9542849172578042,0.04571508274219587
PRKAA1,4,SMCR8;S488;,0.9519735570975744,0.0480264429024257
PRKAA1,4,SMCR8;S491;,0.9548618012240441,0.04513819877595587
PRKAA1,4,SMCR8;S497;,0.9388964217910241,0.061103578208975766
PRKAA1,4,SMG6;S537;,0.020378679474606507,0.9796213205253935
PRKAA1,4,SNW1;S224;,0.9304555047459693,0.06954449525403096
PRKAA1,4,SNX8;S454;,0.026546862608993735,0.9734531373910063
PRKAA1,4,SON;S94;,0.021577517663075446,0.9784224823369246
PRKAA1,4,SORBS1;S857;,0.02245192033686167,0.9775480796631385
PRKAA1,4,SOS1;S1120;,0.028683813998044764,0.9713161860019551
PRKAA1,4,SOX6;S399;,0.0232914977033184,0.9767085022966816
PRKAA1,4,SOX6;S402;,0.025988031458876622,0.9740119685411234
PRKAA1,4,SOX6;T401;,0.02269597949351142,0.9773040205064885
PRKAA1,4,SPAG7;S219;,0.023415000636411963,0.9765849993635882
PRKAA1,4,SPAG9;S203;,0.019982996607648053,0.980017003392352
PRKAA1,4,SPAG9;S716;,0.03714486487101765,0.9628551351289825
PRKAA1,4,SPHK2;S379;,0.9386138725503885,0.061386127449611305
PRKAA1,4,SRPK2;S487;,0.028633245669219702,0.9713667543307802
PRKAA1,4,SRRM2;S2228;,0.02647068371861909,0.9735293162813812
PRKAA1,4,SRRM2;S2338;,0.02507152883757276,0.9749284711624272
PRKAA1,4,SRSF10;S131;,0.9487400144109587,0.05125998558904125
PRKAA1,4,SRSF11;S200;,0.022283025372998904,0.9777169746270009
PRKAA1,4,STARD13;S334;,0.0210142885609812,0.9789857114390189
PRKAA1,4,STAT3;S727;,0.0430338141797224,0.9569661858202777
PRKAA1,4,STIM1;S257;,0.9113736272903727,0.08862637270962744
PRKAA1,4,STIM1;S523;,0.9298460911973553,0.07015390880264465
PRKAA1,4,STIM1;S524;,0.9415595257964894,0.0584404742035106
PRKAA1,4,STIM2;S675;,0.9447812471544087,0.05521875284559123
PRKAA1,4,STK11IP;S443;,0.021830503583109766,0.9781694964168904
PRKAA1,4,STK3;S385;,0.017994353526937724,0.9820056464730623
PRKAA1,4,STMN1;S16;,0.026613857169543655,0.9733861428304563
PRKAA1,4,STMN1;S25;,0.03183963255391376,0.9681603674460862
PRKAA1,4,STMN1;S38;,0.03632195139678095,0.9636780486032192
PRKAA1,4,STRN3;S227;,0.017612453895203894,0.9823875461047961
PRKAA1,4,SUN2;S12;,0.018914162373885546,0.9810858376261142
PRKAA1,4,SVIL;S1177;,0.023159819343659786,0.9768401806563403
PRKAA1,4,SVIL;S259;,0.024838524172861136,0.9751614758271389
PRKAA1,4,SVIL;S531;,0.021496656899083286,0.9785033431009167
PRKAA1,4,SYNPO2L;S401;,0.02860056393430903,0.971399436065691
PRKAA1,4,SYNPO2L;T141;,0.7082971817878932,0.2917028182121067
PRKAA1,4,SZT2;S1641;,0.022347960981557776,0.9776520390184423
PRKAA1,4,TACC2;S575;,0.04329706259044793,0.9567029374095519
PRKAA1,4,TANC2;S1447;,0.026873841397835673,0.9731261586021642
PRKAA1,4,TBC1D1;S231;,0.9668177428900235,0.033182257109976424
PRKAA1,4,TBC1D1;S662;,0.9735358491126477,0.026464150887352333
PRKAA1,4,TBC1D1;T590;,0.044442299774659536,0.9555577002253404
PRKAA1,4,TBC1D16;S382;,0.01806489069581665,0.9819351093041832
PRKAA1,4,TCF12;S583;,0.031447477205342106,0.9685525227946578
PRKAA1,4,TDRD3;S256;,0.02553080541720173,0.9744691945827982
PRKAA1,4,TENC1;T996;,0.023902514996551293,0.9760974850034485
PRKAA1,4,TFE3;S531;,0.04070530736102298,0.9592946926389773
PRKAA1,4,TJP1;S1602;,0.022907572292381433,0.9770924277076185
PRKAA1,4,TJP1;S1604;,0.02058850277164622,0.9794114972283537
PRKAA1,4,TJP2;S147;,0.0181118024560263,0.9818881975439737
PRKAA1,4,TMEM245;S327;,0.049883713644123195,0.9501162863558769
PRKAA1,4,TMEM55A;S14;,0.9393754369806848,0.06062456301931512
PRKAA1,4,TNKS1BP1;S1642;,0.02673799011747914,0.9732620098825208
PRKAA1,4,TNRC6B;S306;,0.022735071770313406,0.9772649282296865
PRKAA1,4,TNRC6B;S421;,0.01935461229677562,0.9806453877032245
PRKAA1,4,TRAK1;S390;,0.01959852239685775,0.9804014776031421
PRKAA1,4,TRAK1;S905;,0.968978716391186,0.03102128360881394
PRKAA1,4,TRAPPC12;S314;,0.020503851345805634,0.9794961486541945
PRKAA1,4,TRIM28;S474;,0.03001613102181724,0.9699838689781829
PRKAA1,4,TRIO;S2459;,0.02106336554908442,0.9789366344509155
PRKAA1,4,TRIO;S2463;,0.026167839127399107,0.9738321608726008
PRKAA1,4,TRIP12;T1454;,0.02179904237012297,0.978200957629877
PRKAA1,4,TSC2;S939;,0.030076445354962497,0.9699235546450373
PRKAA1,4,TSSC4;S190;,0.024048281585212525,0.9759517184147876
PRKAA1,4,TTN;S305;,0.938379839593131,0.06162016040686888
PRKAA1,4,UBA1;S13;,0.02521736168540412,0.9747826383145959
PRKAA1,4,UBA5;S380;,0.024003584143865574,0.9759964158561344
PRKAA1,4,UBE2O;S835;,0.02447983307315137,0.9755201669268488
PRKAA1,4,UBE2O;T830;,0.34130010997128263,0.6586998900287173
PRKAA1,4,UBE4B;S88;,0.029468800735329752,0.9705311992646701
PRKAA1,4,ULK1;S450;,0.022104294801416006,0.977895705198584
PRKAA1,4,ULK1;S465;,0.9636435888129656,0.03635641118703445
PRKAA1,4,ULK1;S477;,0.02592230840864796,0.974077691591352
PRKAA1,4,ULK1;S479;,0.021929140732982643,0.9780708592670172
PRKAA1,4,ULK1;S637;,0.9619010125820717,0.03809898741792842
PRKAA1,4,ULK1;T468;,0.7202556079240771,0.279744392075923
PRKAA1,4,ULK1;T659;,0.8878183461784649,0.11218165382153501
PRKAA1,4,USP10;S224;,0.02360859826801279,0.9763914017319871
PRKAA1,4,VAPA;S164;,0.958099929091092,0.04190007090890796
PRKAA1,4,VIM;S420;,0.9448058063190767,0.05519419368092315
PRKAA1,4,VIM;S430;,0.899769292636266,0.10023070736373388
PRKAA1,4,VIM;T426;,0.9401302147581874,0.05986978524181265
PRKAA1,4,VPS26B;S304;,0.9531513623971368,0.0468486376028632
PRKAA1,4,WIPF2;S235;,0.028697557249837986,0.9713024427501622
PRKAA1,4,WNK1;S165;,0.029560903619461346,0.9704390963805386
PRKAA1,4,WWC3;S955;,0.020256274110946576,0.9797437258890532
PRKAA1,4,YAP1;S46;,0.9519334874040593,0.04806651259594073
PRKAA1,4,ZC3H13;S368;,0.9421278157469531,0.057872184253046945
PRKAA1,4,ZC3HAV1;S307;,0.02252878096592515,0.9774712190340749
PRKAA1,4,ZC3HAV1;S325;,0.019427331089046405,0.9805726689109536
PRKAA1,4,ZC3HAV1;S544;,0.020282630873700594,0.9797173691262994
PRKAA1,4,ZC3HC1;S343;,0.02533285860502726,0.9746671413949728
PRKAA1,4,ZC3HC1;T351;,0.03575193288435179,0.9642480671156483
PRKAA1,4,ZFP295;S411;,0.02785664313951157,0.9721433568604885
PRKAA1,4,ZFYVE16;S903;,0.024870532441232898,0.9751294675587672
PRKAA1,4,ZNRF2;S148;,0.019861764456611874,0.9801382355433882
PRKAA1,4,ZNRF2;S154;,0.022955139252370176,0.97704486074763
PRKAA1,4,ZNRF2;S18;,0.023206657079412992,0.976793342920587
PRKAA1,4,ZNRF2;S81;,0.031233215676415287,0.9687667843235848
PRKAA1,4,ZYX;S143;,0.01677070371223686,0.9832292962877631
PRKAA1,4,ZYX;S144;,0.018059994295521353,0.9819400057044785
PRKAA1,4,ZYX;S336;,0.022085318114991998,0.9779146818850081
PRKAA1,4,ZZEF1;S1516;,0.025837126132836723,0.9741628738671632
PRKAA1,4,ZZEF1;S1535;,0.032618042511246365,0.9673819574887538
PRKAA1,5,AAK1;S677;,0.030206301680563874,0.9697936983194363
PRKAA1,5,ABCC4;S604;,0.026622083524063377,0.9733779164759365
PRKAA1,5,ABI2;S165;,0.04238076102362832,0.9576192389763716
PRKAA1,5,ABI2;S168;,0.023213417616811706,0.9767865823831885
PRKAA1,5,ABL2;S799;,0.03010919797679627,0.9698908020232038
PRKAA1,5,ABLIM3;S566;,0.02055962000622017,0.97944037999378
PRKAA1,5,ABLIM3;S575;,0.6535395830183975,0.3464604169816025
PRKAA1,5,ACACA;S79;,0.9684865592894935,0.03151344071050662
PRKAA1,5,ACIN1;S711;,0.03207990489884965,0.9679200951011504
PRKAA1,5,ADD1;S613;,0.021705709257355127,0.978294290742645
PRKAA1,5,ADD1;T614;,0.04640102397750242,0.9535989760224977
PRKAA1,5,ADNP;S971;,0.024949898086909224,0.9750501019130909
PRKAA1,5,AFF4;S823;,0.08726720661604755,0.9127327933839524
PRKAA1,5,AGAP3;S107;,0.03732961091983061,0.9626703890801692
PRKAA1,5,AHCTF1;S1214;,0.9709067386892529,0.029093261310747003
PRKAA1,5,AHNAK;S1191;,0.9308988979538749,0.06910110204612509
PRKAA1,5,AHNAK;S177;,0.02561640587044475,0.9743835941295553
PRKAA1,5,AHNAK;S2060;,0.020756930123660335,0.9792430698763396
PRKAA1,5,AHNAK;S211;,0.033128061369885387,0.9668719386301143
PRKAA1,5,AHNAK;S2117;,0.9295225571610918,0.0704774428389084
PRKAA1,5,AHNAK;S222;,0.9709182930442747,0.029081706955725272
PRKAA1,5,AHNAK;S3915;,0.02004471459060769,0.9799552854093921
PRKAA1,5,AHNAK;S42;,0.020710617461179328,0.9792893825388208
PRKAA1,5,AHNAK;S4597;,0.0300738232426306,0.9699261767573693
PRKAA1,5,AHNAK;S5243;,0.03695395508236691,0.9630460449176331
PRKAA1,5,AHNAK;T4049;,0.19911204029272736,0.8008879597072727
PRKAA1,5,AHNAK2;S425;,0.019540758441856095,0.9804592415581441
PRKAA1,5,AHNAK2;T438;,0.06777724427550097,0.9322227557244991
PRKAA1,5,AIMP1;S110;,0.024784716094535888,0.975215283905464
PRKAA1,5,AJUBA;S129;,0.04330307281705765,0.9566969271829423
PRKAA1,5,AKAP1;S103;,0.961184228263675,0.03881577173632484
PRKAA1,5,AKAP10;S278;,0.02354977806135548,0.9764502219386447
PRKAA1,5,AKAP11;S1090;,0.8065774387762454,0.1934225612237547
PRKAA1,5,AKAP11;S21;,0.026162257071098198,0.9738377429289019
PRKAA1,5,AKAP11;S23;,0.023344968543325913,0.9766550314566741
PRKAA1,5,AKAP11;S448;,0.02165586124676383,0.9783441387532364
PRKAA1,5,AKAP13;S2515;,0.04732191132118623,0.9526780886788138
PRKAA1,5,AKAP2;S152;,0.04374163195230236,0.9562583680476974
PRKAA1,5,AKAP2;S730;,0.034828058551420585,0.9651719414485794
PRKAA1,5,AKAP6;S562;,0.9660600766729833,0.03393992332701664
PRKAA1,5,AKAP9;S3669;,0.023203388908279388,0.9767966110917207
PRKAA1,5,AKT1S1;S184;,0.02462143056834989,0.97537856943165
PRKAA1,5,AKT1S1;T247;,0.0442514035798492,0.9557485964201509
PRKAA1,5,ALKBH5;S362;,0.04130536528130776,0.9586946347186923
PRKAA1,5,ALKBH5;S376;,0.021673983780784077,0.9783260162192159
PRKAA1,5,AMOTL1;S580;,0.9589335839192302,0.04106641608076975
PRKAA1,5,ANP32A;S15;,0.033026847092800876,0.966973152907199
PRKAA1,5,AP3D1;S755;,0.05619970167783045,0.9438002983221695
PRKAA1,5,ARFGAP2;S145;,0.02559482820916021,0.9744051717908395
PRKAA1,5,ARFGEF2;S214;,0.05142073684404871,0.9485792631559511
PRKAA1,5,ARFIP1;S39;,0.9757106467556287,0.024289353244371262
PRKAA1,5,ARHGAP17;S710;,0.040459766984562946,0.9595402330154369
PRKAA1,5,ARHGAP22;S200;,0.032940504091668876,0.9670594959083311
PRKAA1,5,ARHGAP22;S236;,0.03680493059696285,0.9631950694030372
PRKAA1,5,ARHGAP35;S1174;,0.028038492541063588,0.9719615074589366
PRKAA1,5,ARHGAP39;S284;,0.022852297038359448,0.9771477029616408
PRKAA1,5,ARHGAP5;S1195;,0.020870226230335208,0.9791297737696649
PRKAA1,5,ARHGAP5;S1202;,0.027828702359177546,0.9721712976408224
PRKAA1,5,ARHGAP5;S967;,0.02343653926515421,0.9765634607348458
PRKAA1,5,ARHGEF12;S337;,0.031263763064232175,0.9687362369357679
PRKAA1,5,ARHGEF12;S341;,0.022433597548020646,0.9775664024519793
PRKAA1,5,ARHGEF17;S995;,0.9526395026796484,0.047360497320351594
PRKAA1,5,ARHGEF5;S721;,0.02211646940196252,0.9778835305980373
PRKAA1,5,ARPP21;S256;,0.7665107712752524,0.23348922872474773
PRKAA1,5,ATF7;T53;,0.9037789900240875,0.0962210099759124
PRKAA1,5,ATG14;S5;,0.02614629980312045,0.9738537001968796
PRKAA1,5,ATG2A;S1246;,0.028080317384090173,0.9719196826159097
PRKAA1,5,ATG2B;S240;,0.023477757375426837,0.9765222426245731
PRKAA1,5,ATG2B;S255;,0.02328480452113678,0.9767151954788632
PRKAA1,5,ATRX;S761;,0.03615282338921501,0.9638471766107848
PRKAA1,5,ATXN2;S622;,0.023622918179085347,0.9763770818209149
PRKAA1,5,ATXN2L;S109;,0.029266800485229,0.9707331995147711
PRKAA1,5,ATXN2L;S447;,0.037479158420445045,0.9625208415795551
PRKAA1,5,AZI1;S114;,0.07624405222777246,0.9237559477722274
PRKAA1,5,AZI1;S304;,0.03229360867696588,0.9677063913230338
PRKAA1,5,BAD;S171;,0.9569957141705512,0.043004285829448874
PRKAA1,5,BAG3;S271;,0.028212305028253653,0.9717876949717463
PRKAA1,5,BAG3;S387;,0.02519249504985636,0.9748075049501437
PRKAA1,5,BAG3;S388;,0.03347346131010699,0.9665265386898928
PRKAA1,5,BAIAP2L1;S218;,0.026848181572665702,0.9731518184273342
PRKAA1,5,BAIAP2L1;S380;,0.9381267551057247,0.061873244894275
PRKAA1,5,BAZ2A;S1388;,0.029035883335151752,0.9709641166648483
PRKAA1,5,BBX;S243;,0.04166367705640462,0.9583363229435953
PRKAA1,5,BCL9L;S116;,0.029489199669177516,0.9705108003308226
PRKAA1,5,BCL9L;S21;,0.9656654714131757,0.03433452858682435
PRKAA1,5,BCL9L;S25;,0.04499693008905522,0.9550030699109447
PRKAA1,5,BICD2;S611;,0.03728382834727279,0.9627161716527273
PRKAA1,5,BICD2;S819;,0.06572836102548814,0.9342716389745119
PRKAA1,5,BRAF;S134;,0.026739068235225347,0.9732609317647747
PRKAA1,5,BRD8;S274;,0.03892019963571364,0.9610798003642863
PRKAA1,5,BRD8;T270;,0.034375189499843035,0.9656248105001569
PRKAA1,5,BSDC1;S216;,0.034005784030424105,0.9659942159695758
PRKAA1,5,C2CD4C;S262;,0.030700349747514413,0.9692996502524855
PRKAA1,5,CACNB1;S53;,0.02958699620378173,0.9704130037962182
PRKAA1,5,CALD1;S527;,0.024368606404639455,0.9756313935953604
PRKAA1,5,CAMK2D;T371;,0.8255229030860931,0.17447709691390675
PRKAA1,5,CAMSAP1;S1154;,0.024641115214714168,0.9753588847852859
PRKAA1,5,CAMSAP1;S517;,0.02415790338992576,0.9758420966100743
PRKAA1,5,CAP2;S301;,0.02418695621861104,0.9758130437813892
PRKAA1,5,CBX5;S93;,0.05809335725618291,0.9419066427438172
PRKAA1,5,CCDC6;S143;,0.02315947253888312,0.9768405274611169
PRKAA1,5,CCDC88A;S1638;,0.027431473306392173,0.9725685266936079
PRKAA1,5,CCDC91;S71;,0.023743249267230843,0.9762567507327691
PRKAA1,5,CDC42EP2;S137;,0.043825926854906064,0.956174073145094
PRKAA1,5,CDC42EP2;S141;,0.03573013196312854,0.9642698680368716
PRKAA1,5,CDC42EP4;S140;,0.03182188425182449,0.9681781157481755
PRKAA1,5,CDKN1A;S69;,0.021888812248468465,0.9781111877515314
PRKAA1,5,CDKN1B;S12;,0.02330330459348513,0.9766966954065147
PRKAA1,5,CDKN1B;S7;,0.02046381072894597,0.9795361892710539
PRKAA1,5,CEP170B;S1166;,0.038905141459840475,0.9610948585401596
PRKAA1,5,CEP68;S503;,0.30804952273458014,0.6919504772654198
PRKAA1,5,CEP68;S510;,0.04137024232308462,0.9586297576769154
PRKAA1,5,CHAMP1;S532;,0.036263622529477305,0.9637363774705225
PRKAA1,5,CHD8;S549;,0.9605837756916247,0.03941622430837524
PRKAA1,5,CHRND;S379;,0.9475020986755172,0.05249790132448277
PRKAA1,5,CIC;S1394;,0.038618966432145206,0.9613810335678548
PRKAA1,5,CIC;S1399;,0.023976242257570085,0.97602375774243
PRKAA1,5,CLASP2;S331;,0.9633837610176388,0.03661623898236117
PRKAA1,5,CLIP1;S159;,0.025719903461663123,0.9742800965383369
PRKAA1,5,COBL;S31;,0.9761950694681267,0.023804930531873256
PRKAA1,5,COBL;S34;,0.9741859547209287,0.025814045279071426
PRKAA1,5,COG3;S536;,0.9622561233980415,0.037743876601958624
PRKAA1,5,CORO7;S298;,0.9805444040156518,0.019455595984348102
PRKAA1,5,DAB2IP;S802;,0.02789582340162159,0.9721041765983783
PRKAA1,5,DAP;S2;,0.028148424258732277,0.9718515757412676
PRKAA1,5,DAP;S3;,0.026635345654340663,0.9733646543456593
PRKAA1,5,DBNDD1;S123;,0.029449477272041058,0.9705505227279589
PRKAA1,5,DCAF6;S336;,0.019364300957617892,0.9806356990423822
PRKAA1,5,DCLK1;S30;,0.9570561140843479,0.0429438859156521
PRKAA1,5,DDX19A;S86;,0.03247820283666428,0.9675217971633355
PRKAA1,5,DDX3X;S261;,0.0867338327975738,0.9132661672024263
PRKAA1,5,DENND4C;S1037;,0.9717071219884003,0.028292878011599736
PRKAA1,5,DLG2;S323;,0.033865738375628326,0.9661342616243718
PRKAA1,5,DLG2;S328;,0.025934645872250566,0.9740653541277495
PRKAA1,5,DMXL1;S574;,0.9459586048998501,0.054041395100149894
PRKAA1,5,DNAJC2;T48;,0.1689955599201427,0.8310044400798571
PRKAA1,5,DNAJC25;T353;,0.27012599959405503,0.729874000405945
PRKAA1,5,DOCK6;S1339;,0.07578172805671331,0.9242182719432865
PRKAA1,5,DOCK7;S1361;,0.03718197382184234,0.9628180261781575
PRKAA1,5,DOCK7;S2107;,0.02649020731933615,0.9735097926806638
PRKAA1,5,DOPEY1;S1261;,0.03487192715975072,0.9651280728402492
PRKAA1,5,DTNA;S606;,0.02063058871730288,0.9793694112826972
PRKAA1,5,DUSP27;S366;,0.039171061318248136,0.9608289386817518
PRKAA1,5,DUSP27;S368;,0.022856259036130686,0.977143740963869
PRKAA1,5,DUSP27;S370;,0.023765753670401568,0.9762342463295985
PRKAA1,5,DUSP27;S427;,0.02367401103617719,0.9763259889638229
PRKAA1,5,DYNC1H1;S4365;,0.031950744395701086,0.968049255604299
PRKAA1,5,DYNC1I2;S81;,0.045691030492066825,0.9543089695079331
PRKAA1,5,EEF2;T57;,0.8321012924554126,0.16789870754458736
PRKAA1,5,EEF2K;S365;,0.5189243588837812,0.48107564111621876
PRKAA1,5,EHBP1L1;S1363;,0.9742203800857494,0.02577961991425066
PRKAA1,5,EHD4;S459;,0.018922591399279102,0.9810774086007208
PRKAA1,5,EIF3A;S584;,0.03640465920700561,0.9635953407929945
PRKAA1,5,EIF4B;S422;,0.06225724544391008,0.9377427545560899
PRKAA1,5,EIF4B;S424;,0.024098614980842516,0.9759013850191577
PRKAA1,5,EIF4B;S425;,0.032382436452841105,0.9676175635471588
PRKAA1,5,EIF4B;T420;,0.029982075568305667,0.9700179244316944
PRKAA1,5,EIF4EBP1;S64;,0.024845428275303102,0.975154571724697
PRKAA1,5,EIF4EBP2;S2;,0.04330328389151193,0.9566967161084882
PRKAA1,5,EIF5B;S183;,0.04269803211023148,0.9573019678897685
PRKAA1,5,ELMSAN1;S456;,0.07314241071131455,0.9268575892886854
PRKAA1,5,EPS8;S659;,0.03891982123085435,0.9610801787691455
PRKAA1,5,ETL4;S1844;,0.04609359821173859,0.9539064017882616
PRKAA1,5,ETV3;S139;,0.025995793507923023,0.974004206492077
PRKAA1,5,FAM120C;S55;,0.022764785361102116,0.9772352146388981
PRKAA1,5,FAM134C;S313;,0.9481732136051959,0.05182678639480423
PRKAA1,5,FAM134C;S320;,0.7572014711396164,0.24279852886038367
PRKAA1,5,FAM171A2;S423;,0.03050375558788874,0.9694962444121112
PRKAA1,5,FAM65A;S752;,0.022857745220258373,0.9771422547797417
PRKAA1,5,FBXO30;S379;,0.02448057312272992,0.9755194268772701
PRKAA1,5,FHOD1;S489;,0.030586313916337877,0.9694136860836622
PRKAA1,5,FHOD1;S501;,0.041849633163587745,0.9581503668364122
PRKAA1,5,FHOD1;S504;,0.024560756430415408,0.9754392435695848
PRKAA1,5,FHOD1;S513;,0.029154460338363147,0.9708455396616367
PRKAA1,5,FHOD1;S523;,0.03499765362939537,0.9650023463706047
PRKAA1,5,FLNC;S2147;,0.02554134714135694,0.9744586528586429
PRKAA1,5,FLNC;S2234;,0.037227775134787575,0.9627722248652124
PRKAA1,5,FMN1;S589;,0.02461791662924969,0.9753820833707503
PRKAA1,5,FOSL2;S320;,0.038364319628183534,0.9616356803718166
PRKAA1,5,FOSL2;T322;,0.07231480624424559,0.9276851937557543
PRKAA1,5,FOXK1;S225;,0.03628506342277956,0.9637149365772205
PRKAA1,5,FOXK2;T200;,0.04002565716404278,0.9599743428359572
PRKAA1,5,FOXO3;S252;,0.053345524947357906,0.9466544750526421
PRKAA1,5,FRMD8;S21;,0.026845209042992316,0.9731547909570075
PRKAA1,5,FRYL;T1959;,0.05572415729813875,0.9442758427018613
PRKAA1,5,GAB1;S418;,0.03626011912950017,0.9637398808705001
PRKAA1,5,GAB2;S142;,0.027481078150306187,0.9725189218496938
PRKAA1,5,GAB2;S143;,0.056125972018758255,0.9438740279812419
PRKAA1,5,GAB2;S211;,0.04229370978304079,0.9577062902169593
PRKAA1,5,GAB2;S365;,0.025494630004323168,0.9745053699956768
PRKAA1,5,GAB2;T388;,0.03733152679156404,0.9626684732084361
PRKAA1,5,GATAD2A;S103;,0.9735555457420556,0.026444454257944366
PRKAA1,5,GATAD2A;S96;,0.9726001899282445,0.027399810071755543
PRKAA1,5,GATAD2B;S338;,0.03682556062146053,0.9631744393785395
PRKAA1,5,GBF1;S1786;,0.09406743107806956,0.9059325689219305
PRKAA1,5,GIGYF1;S28;,0.03487866598202983,0.9651213340179702
PRKAA1,5,GIT2;S568;,0.02008857088659569,0.9799114291134043
PRKAA1,5,GOLGA4;S116;,0.9719766703848899,0.02802332961511003
PRKAA1,5,GSK3A;S21;,0.061659003589409775,0.9383409964105902
PRKAA1,5,GSK3A;S41;,0.020886188014794502,0.9791138119852056
PRKAA1,5,GSK3B;S9;,0.06796142797468092,0.932038572025319
PRKAA1,5,GYS1;S728;,0.03721019580712923,0.9627898041928709
PRKAA1,5,HBP1;S401;,0.03510969460650517,0.9648903053934946
PRKAA1,5,HBS1L;S147;,0.021409914371121032,0.9785900856288791
PRKAA1,5,HDAC6;S21;,0.026066910090226523,0.9739330899097732
PRKAA1,5,HECTD1;S1392;,0.052121633368619004,0.9478783666313811
PRKAA1,5,HECTD1;S1393;,0.036617224989446834,0.9633827750105531
PRKAA1,5,HECTD1;S1573;,0.9443041937194537,0.055695806280546205
PRKAA1,5,HELB;S944;,0.04543066843057071,0.9545693315694296
PRKAA1,5,HERC1;S1163;,0.02669770143229053,0.9733022985677093
PRKAA1,5,HERC1;T1154;,0.030443989627060068,0.9695560103729398
PRKAA1,5,HIRIP3;S27;,0.019280884065907316,0.9807191159340927
PRKAA1,5,HN1L;S97;,0.029474032981462683,0.9705259670185373
PRKAA1,5,HOMER3;S158;,0.034982481947866906,0.9650175180521332
PRKAA1,5,HUWE1;S1876;,0.027825272902638067,0.9721747270973622
PRKAA1,5,HUWE1;S3639;,0.020036176137608445,0.9799638238623919
PRKAA1,5,HUWE1;S3898;,0.030513173204923746,0.9694868267950763
PRKAA1,5,HUWE1;T3903;,0.0326621799462731,0.9673378200537269
PRKAA1,5,IREB2;S178;,0.019246557952574822,0.9807534420474252
PRKAA1,5,IRF2BPL;S69;,0.025758163126248505,0.9742418368737515
PRKAA1,5,ITSN1;S1063;,0.114615355219308,0.8853846447806921
PRKAA1,5,ITSN1;S315;,0.039205490829241324,0.9607945091707588
PRKAA1,5,JMY;S56;,0.04637660293221824,0.9536233970677817
PRKAA1,5,JSRP1;S47;,0.022915235732775454,0.9770847642672243
PRKAA1,5,KANK2;S358;,0.028097759903265095,0.9719022400967349
PRKAA1,5,KCTD3;S809;,0.9708263592824888,0.02917364071751118
PRKAA1,5,KDM2A;S718;,0.02862043796287472,0.9713795620371254
PRKAA1,5,KDM2A;T713;,0.03776141195548036,0.9622385880445197
PRKAA1,5,KDM5C;S316;,0.028759994715216956,0.9712400052847833
PRKAA1,5,KPNA1;S2;,0.07885247864426138,0.9211475213557384
PRKAA1,5,KPNA1;T3;,0.19468607665112175,0.8053139233488781
PRKAA1,5,LAMTOR1;S98;,0.023399522020569493,0.9766004779794305
PRKAA1,5,LARP1;S916;,0.07019281724252253,0.9298071827574772
PRKAA1,5,LARP1;T932;,0.04945423257706497,0.950545767422935
PRKAA1,5,LARP4B;S498;,0.04081966242214578,0.9591803375778543
PRKAA1,5,LDB3;S112;,0.025402773814903964,0.9745972261850958
PRKAA1,5,LIMA1;S360;,0.032640026227133016,0.967359973772867
PRKAA1,5,LIMA1;S603;,0.03129184331707347,0.9687081566829266
PRKAA1,5,LIMA1;S608;,0.030418445127138143,0.9695815548728619
PRKAA1,5,LIMA1;S703;,0.031523541425287294,0.9684764585747128
PRKAA1,5,LMNA;S404;,0.05159169514177627,0.9484083048582238
PRKAA1,5,LMNA;S406;,0.027079271972461808,0.9729207280275384
PRKAA1,5,LMNA;S407;,0.024909960568861713,0.9750900394311381
PRKAA1,5,LMNA;S423;,0.02300651008851804,0.976993489911482
PRKAA1,5,LMNA;S424;,0.028213318719129847,0.9717866812808702
PRKAA1,5,LMO7;S1541;,0.028612553736030485,0.9713874462639696
PRKAA1,5,LMO7;S1543;,0.036678815407838385,0.9633211845921617
PRKAA1,5,LOC100360205;S239;,0.03887212695193799,0.9611278730480619
PRKAA1,5,LOC100365259;S393;,0.11395139267169249,0.8860486073283077
PRKAA1,5,LOC100910104;S475;,0.03776012223836662,0.9622398777616333
PRKAA1,5,LOC100910104;S532;,0.9618641152941549,0.03813588470584515
PRKAA1,5,LOC100910104;S719;,0.027979306184354524,0.9720206938156456
PRKAA1,5,LOC100910646;S166;,0.02485061053301087,0.9751493894669893
PRKAA1,5,LOC100911178;S1643;,0.021903850117832923,0.9780961498821672
PRKAA1,5,LOC100911302;S1721;,0.03874766581985013,0.9612523341801499
PRKAA1,5,LOC100911677;S490;,0.9717813493585828,0.028218650641417195
PRKAA1,5,LOC100912115;S649;,0.027094548779605036,0.9729054512203951
PRKAA1,5,LOC312502;S1164;,0.02291793698681889,0.9770820630131811
PRKAA1,5,LOC312502;S138;,0.9784114811010713,0.021588518898928672
PRKAA1,5,LOC312502;S139;,0.9784384306507892,0.02156156934921068
PRKAA1,5,LOC312502;S483;,0.0403556566552283,0.9596443433447719
PRKAA1,5,LOC683007;S1204;,0.02806328570139647,0.9719367142986035
PRKAA1,5,LOC683007;S1207;,0.02206230581408628,0.9779376941859136
PRKAA1,5,LOC684259;S780;,0.9691176539702899,0.030882346029709906
PRKAA1,5,LOC685707;S1251;,0.03801913507288266,0.9619808649271174
PRKAA1,5,LRRFIP2;S18;,0.025016945596522785,0.9749830544034772
PRKAA1,5,LRRFIP2;T136;,0.05138752346597015,0.9486124765340299
PRKAA1,5,LYSMD1;S33;,0.9711884942872134,0.028811505712786643
PRKAA1,5,MACF1;S1376;,0.04646418430111997,0.9535358156988799
PRKAA1,5,MACF1;S5293;,0.03023824345134332,0.9697617565486568
PRKAA1,5,MAF1;S60;,0.028843738395059382,0.9711562616049407
PRKAA1,5,MAP1A;S1757;,0.03672187896388302,0.9632781210361169
PRKAA1,5,MAP1A;T2177;,0.04320893681835151,0.9567910631816484
PRKAA1,5,MAP1A;T504;,0.030355878065504466,0.9696441219344956
PRKAA1,5,MAP1B;S1257;,0.042933338026523965,0.9570666619734759
PRKAA1,5,MAP1B;S1389;,0.03867842285225121,0.961321577147749
PRKAA1,5,MAP1B;S1393;,0.037690668850468866,0.9623093311495312
PRKAA1,5,MAP1B;T1781;,0.4890072379826697,0.5109927620173303
PRKAA1,5,MAP1S;S683;,0.03810489718091789,0.9618951028190821
PRKAA1,5,MAP4;S902;,0.9706144401342116,0.02938555986578838
PRKAA1,5,MAP4K4;S591;,0.024715429732651426,0.9752845702673488
PRKAA1,5,MAP4K4;S791;,0.9789487616327904,0.021051238367209544
PRKAA1,5,MAP4K4;S794;,0.9763241180392375,0.02367588196076257
PRKAA1,5,MAPK1;Y185;,0.3183375716032665,0.6816624283967333
PRKAA1,5,MAPK14;Y182;,0.3724535913193708,0.6275464086806293
PRKAA1,5,MAPK8;Y185;,0.6623649307569677,0.3376350692430324
PRKAA1,5,MARCKS;S141;,0.03208116309259169,0.9679188369074084
PRKAA1,5,MARK3;S593;,0.02048184760468122,0.9795181523953188
PRKAA1,5,MARK3;T594;,0.109631275137277,0.8903687248627229
PRKAA1,5,MATR3;S188;,0.03606464637787499,0.9639353536221251
PRKAA1,5,MBD3;S85;,0.035446897673737945,0.9645531023262621
PRKAA1,5,MBD3;S86;,0.02137413025729491,0.9786258697427049
PRKAA1,5,MDM2;S138;,0.04724072459418831,0.9527592754058118
PRKAA1,5,MED1;S1465;,0.023911753106601798,0.9760882468933981
PRKAA1,5,MED1;S1467;,0.024024674806091013,0.9759753251939092
PRKAA1,5,MED1;S1468;,0.022260550449077064,0.9777394495509228
PRKAA1,5,MED24;S860;,0.029532507778310665,0.9704674922216892
PRKAA1,5,MED24;S861;,0.021393685045682377,0.9786063149543175
PRKAA1,5,MEF2C;S226;,0.025870483722328447,0.9741295162776716
PRKAA1,5,MID1;S96;,0.03362649586499608,0.9663735041350039
PRKAA1,5,MKL1;S571;,0.03776983189448553,0.9622301681055146
PRKAA1,5,MLL2;S2291;,0.02400721566366068,0.9759927843363395
PRKAA1,5,MLLT4;S216;,0.0206266667706849,0.979373333229315
PRKAA1,5,MLLT4;S246;,0.02799394938431076,0.9720060506156895
PRKAA1,5,MON2;S197;,0.024559855794778117,0.975440144205222
PRKAA1,5,MPHOSPH10;S168;,0.9746985022976116,0.025301497702388525
PRKAA1,5,MPRIP;S369;,0.027021990656358318,0.9729780093436415
PRKAA1,5,MTFR1L;S100;,0.9689898045415234,0.03101019545847654
PRKAA1,5,MTFR1L;S234;,0.9765335678698498,0.023466432130150167
PRKAA1,5,MTFR1L;S235;,0.9787477342263845,0.02125226577361548
PRKAA1,5,MTSS1L;S575;,0.03170739568735655,0.9682926043126433
PRKAA1,5,MURC;S20;,0.030869850063915284,0.9691301499360848
PRKAA1,5,MUSK;S689;,0.025786734308246722,0.9742132656917533
PRKAA1,5,MUSK;S690;,0.05661760989813635,0.9433823901018638
PRKAA1,5,MYBBP1A;S1283;,0.02974248016715125,0.9702575198328487
PRKAA1,5,MYCBP2;S2750;,0.03641036666687887,0.9635896333331213
PRKAA1,5,MYOZ2;T32;,0.04325268028746639,0.9567473197125336
PRKAA1,5,NACA;S1125;,0.035345408585620866,0.9646545914143794
PRKAA1,5,NACA;S1345;,0.028388837281902817,0.9716111627180972
PRKAA1,5,NACA;S1454;,0.03977892523990216,0.9602210747600977
PRKAA1,5,NACA;S1720;,0.02908256355223462,0.9709174364477655
PRKAA1,5,NACA;S914;,0.0371639310387412,0.9628360689612587
PRKAA1,5,NACA;S942;,0.028037180300421016,0.9719628196995789
PRKAA1,5,NCAPH;S24;,0.02456675569367685,0.975433244306323
PRKAA1,5,NCOR1;S363;,0.02406702692708807,0.9759329730729119
PRKAA1,5,NCOR2;S1747;,0.03200462243641859,0.9679953775635812
PRKAA1,5,NDRG1;S330;,0.060731960884514234,0.9392680391154858
PRKAA1,5,NDRG1;T328;,0.030287449488030287,0.9697125505119698
PRKAA1,5,NDRG2;T334;,0.02817346539081189,0.9718265346091883
PRKAA1,5,NEK9;S16;,0.9363545062980012,0.06364549370199904
PRKAA1,5,NEK9;S736;,0.029858959535420188,0.9701410404645799
PRKAA1,5,NELFE;S131;,0.0351250519652503,0.9648749480347497
PRKAA1,5,NES;S1071;,0.9710820136415628,0.028917986358437234
PRKAA1,5,NES;S1123;,0.02631808314247831,0.9736819168575219
PRKAA1,5,NES;S1131;,0.9721970211826088,0.02780297881739122
PRKAA1,5,NES;S620;,0.02226656866594445,0.9777334313340558
PRKAA1,5,NES;S784;,0.9591445723045059,0.04085542769549403
PRKAA1,5,NEXN;S280;,0.03593805497949603,0.964061945020504
PRKAA1,5,NFIX;S265;,0.028133202632959053,0.971866797367041
PRKAA1,5,NHSL1;T1376;,0.03817258090728445,0.9618274190927156
PRKAA1,5,NUMA1;S1935;,0.03416949828931117,0.9658305017106891
PRKAA1,5,NUMA1;S1958;,0.04009913412804156,0.9599008658719586
PRKAA1,5,NUP35;S73;,0.02835789858989556,0.9716421014101043
PRKAA1,5,OPTN;S188;,0.9696765975427192,0.030323402457280733
PRKAA1,5,PACS2;S319;,0.026608595364027907,0.973391404635972
PRKAA1,5,PAK1;S144;,0.02785578874397657,0.9721442112560232
PRKAA1,5,PAK1;S203;,0.027939759112143584,0.9720602408878565
PRKAA1,5,PAK2;S197;,0.08822075166128672,0.9117792483387133
PRKAA1,5,PARD3;S715;,0.04893422519679267,0.9510657748032073
PRKAA1,5,PARVA;S14;,0.06616757761117446,0.9338324223888254
PRKAA1,5,PATL1;S184;,0.03043720851857279,0.9695627914814271
PRKAA1,5,PBXIP1;S132;,0.027276047645582502,0.9727239523544174
PRKAA1,5,PBXIP1;S133;,0.024803457025714612,0.9751965429742854
PRKAA1,5,PCM1;S1280;,0.04403668638090381,0.9559633136190964
PRKAA1,5,PCM1;S380;,0.023387255724266313,0.9766127442757337
PRKAA1,5,PCM1;S384;,0.037587212470748574,0.9624127875292513
PRKAA1,5,PDAP1;S176;,0.026330553127888724,0.9736694468721113
PRKAA1,5,PDAP1;S178;,0.027119266240515603,0.9728807337594843
PRKAA1,5,PDCD4;S420;,0.04170778734736295,0.958292212652637
PRKAA1,5,PDCD4;S76;,0.03609265883824214,0.963907341161758
PRKAA1,5,PDLIM7;S209;,0.022140724812324774,0.9778592751876752
PRKAA1,5,PDLIM7;T214;,0.06978568599541414,0.930214314004586
PRKAA1,5,PDLIM7;T215;,0.04940515610340176,0.9505948438965982
PRKAA1,5,PDS5B;S1176;,0.03145507924926931,0.9685449207507306
PRKAA1,5,PDXDC1;T554;,0.03725044528565376,0.9627495547143463
PRKAA1,5,PELO;S55;,0.019111312105600634,0.9808886878943992
PRKAA1,5,PEX1;S1209;,0.029284860223987602,0.9707151397760123
PRKAA1,5,PFKFB2;S469;,0.08716446578697816,0.9128355342130217
PRKAA1,5,PHF1;S410;,0.02902019630839797,0.9709798036916019
PRKAA1,5,PHF1;S415;,0.03015633401468175,0.9698436659853182
PRKAA1,5,PHF2;S782;,0.032291899019762704,0.9677081009802372
PRKAA1,5,PHIP;S1251;,0.035374485788878,0.964625514211122
PRKAA1,5,PHLDB1;S431;,0.030424256481553943,0.969575743518446
PRKAA1,5,PHLDB1;S534;,0.05899917269438797,0.9410008273056119
PRKAA1,5,PHLDB2;S241;,0.035562885438706476,0.9644371145612934
PRKAA1,5,PI4K2A;S43;,0.020145092110417324,0.9798549078895828
PRKAA1,5,PI4K2A;S46;,0.031846392985214904,0.968153607014785
PRKAA1,5,PI4K2A;S461;,0.04043882899606498,0.959561171003935
PRKAA1,5,PI4K2A;S50;,0.03531767905144829,0.9646823209485518
PRKAA1,5,PID1;S230;,0.02568324374563727,0.9743167562543626
PRKAA1,5,PID1;S231;,0.0312088306843871,0.9687911693156128
PRKAA1,5,PID1;S232;,0.05317725728509169,0.9468227427149085
PRKAA1,5,PID1;S242;,0.03265379401816732,0.9673462059818327
PRKAA1,5,PIEZO1;S1370;,0.03473117524979553,0.9652688247502045
PRKAA1,5,PIK3C2A;S261;,0.023718384405218153,0.9762816155947819
PRKAA1,5,PLEC;S4246;,0.094911505063155,0.9050884949368448
PRKAA1,5,PLEC;S4249;,0.02692653871429383,0.9730734612857059
PRKAA1,5,PNISR;S290;,0.0270261626396392,0.9729738373603608
PRKAA1,5,POM121;S370;,0.02241265617779906,0.9775873438222009
PRKAA1,5,PPAN;S233;,0.9697974225867635,0.030202577413236488
PRKAA1,5,PPAN;S238;,0.9696243199234209,0.030375680076579082
PRKAA1,5,PPAN;S240;,0.975523685455184,0.024476314544816146
PRKAA1,5,PPP1R12C;S508;,0.036257640519867386,0.9637423594801328
PRKAA1,5,PPP1R13L;S110;,0.03177374638556792,0.9682262536144323
PRKAA1,5,PPP1R13L;S154;,0.02400839049347695,0.9759916095065229
PRKAA1,5,PPP1R13L;S360;,0.03822010729801763,0.9617798927019823
PRKAA1,5,PPP6R2;S629;,0.025874510426339172,0.9741254895736607
PRKAA1,5,PPP6R2;S719;,0.029237898037798773,0.9707621019622011
PRKAA1,5,PRKAA1;S496;,0.0360294239108838,0.9639705760891162
PRKAA1,5,PRKAB1;S108;,0.9781649736572542,0.021835026342745627
PRKAA1,5,PRRC2A;S765;,0.02146688136332496,0.978533118636675
PRKAA1,5,PRRC2B;S259;,0.0729528643147816,0.9270471356852181
PRKAA1,5,PSMA5;T55;,0.8036832126131785,0.1963167873868214
PRKAA1,5,PSMC3;S12;,0.023364658169073058,0.9766353418309269
PRKAA1,5,PSMC3;S9;,0.02570855180873757,0.9742914481912623
PRKAA1,5,PTPN12;T544;,0.8475941928245971,0.15240580717540295
PRKAA1,5,PTPN21;S599;,0.04440480518171485,0.9555951948182853
PRKAA1,5,PTPN21;S762;,0.06526903914134521,0.9347309608586547
PRKAA1,5,PTRF;S169;,0.020381664715493318,0.9796183352845069
PRKAA1,5,PTRF;S171;,0.022338353668194283,0.9776616463318056
PRKAA1,5,PUM2;S82;,0.034745891779970166,0.9652541082200299
PRKAA1,5,PXN;S106;,0.021575184930304563,0.9784248150696954
PRKAA1,5,PXN;S137;,0.022850018327746156,0.9771499816722539
PRKAA1,5,PXN;S83;,0.030618488400905513,0.9693815115990944
PRKAA1,5,RABGEF1;T142;,0.18830925346392408,0.8116907465360761
PRKAA1,5,RAF1;S295;,0.031135775560141944,0.968864224439858
PRKAA1,5,RAF1;S296;,0.029634170169425995,0.9703658298305742
PRKAA1,5,RAI14;T249;,0.041010877432077285,0.9589891225679225
PRKAA1,5,RANBP10;S481;,0.846876026533109,0.15312397346689097
PRKAA1,5,RANBP3;S58;,0.038859412894700913,0.9611405871052993
PRKAA1,5,RAPGEF1;S306;,0.027655558888486666,0.9723444411115133
PRKAA1,5,RAPGEF1;S308;,0.027858964622450386,0.9721410353775498
PRKAA1,5,RAVER1;S576;,0.04972980607909603,0.950270193920904
PRKAA1,5,RB1CC1;S243;,0.02309293441109272,0.9769070655889073
PRKAA1,5,RBM3;S145;,0.03157521381017603,0.9684247861898239
PRKAA1,5,RBM7;S72;,0.03583463869988789,0.964165361300112
PRKAA1,5,RFX7;S1177;,0.03198061586835193,0.9680193841316479
PRKAA1,5,RGD1307838;S900;,0.03738549245562353,0.9626145075443766
PRKAA1,5,RGD1307838;S903;,0.025911192526948186,0.9740888074730519
PRKAA1,5,RGD1308297;S518;,0.023389181966737914,0.9766108180332621
PRKAA1,5,RGD1309586;S243;,0.030208259571883837,0.9697917404281164
PRKAA1,5,RGD1309586;S59;,0.11684830745996887,0.883151692540031
PRKAA1,5,RGD1310016;S1171;,0.9467509409896069,0.05324905901039306
PRKAA1,5,RGD1311783;S45;,0.9765784418515072,0.023421558148492738
PRKAA1,5,RGD1311783;S46;,0.973206379174492,0.02679362082550791
PRKAA1,5,RGD1560225;S763;,0.031832674092085934,0.968167325907914
PRKAA1,5,RGD1561609;S759;,0.05432069831913518,0.9456793016808651
PRKAA1,5,RGD1562639;S1035;,0.02923558960864266,0.9707644103913573
PRKAA1,5,RGD1566017;S802;,0.029885972345479087,0.9701140276545207
PRKAA1,5,RIN2;S494;,0.04452458915709256,0.9554754108429075
PRKAA1,5,RIPK2;S412;,0.9678614304061718,0.032138569593828124
PRKAA1,5,RNF40;S586;,0.026909952285194844,0.9730900477148053
PRKAA1,5,RPS6KA3;S715;,0.03334303299534958,0.9666569670046503
PRKAA1,5,RPS6KA4;S681;,0.02780101980476695,0.9721989801952328
PRKAA1,5,RPS6KA4;S682;,0.023141607772133373,0.9768583922278666
PRKAA1,5,RPS6KB1;S404;,0.025189146787248706,0.9748108532127512
PRKAA1,5,RPTOR;S863;,0.0284983913007236,0.9715016086992765
PRKAA1,5,RRP1B;S524;,0.027454733871824153,0.9725452661281757
PRKAA1,5,RRP1B;T521;,0.05627938440162185,0.9437206155983782
PRKAA1,5,RTF1;S416;,0.025443382367024554,0.9745566176329755
PRKAA1,5,RUFY1;S50;,0.038152085873317615,0.9618479141266822
PRKAA1,5,RUNX1T1;T568;,0.06003581392780492,0.939964186072195
PRKAA1,5,SAMD4B;S271;,0.039640679058037594,0.9603593209419624
PRKAA1,5,SAP30L;T91;,0.07076920291466658,0.9292307970853334
PRKAA1,5,SBF1;S1141;,0.7144484864239603,0.2855515135760397
PRKAA1,5,SCRIB;S1315;,0.026762592720700647,0.9732374072792994
PRKAA1,5,SCRIB;S1529;,0.03312871584193724,0.9668712841580628
PRKAA1,5,SENP7;S47;,0.02905715575725397,0.970942844242746
PRKAA1,5,SETD2;S511;,0.022883987572590303,0.9771160124274099
PRKAA1,5,SF3B1;T326;,0.8344088310615397,0.16559116893846026
PRKAA1,5,SFPQ;T586;,0.059633602140743876,0.9403663978592562
PRKAA1,5,SGTA;S306;,0.03545837703825184,0.9645416229617482
PRKAA1,5,SGTA;S308;,0.023521214050158817,0.9764787859498413
PRKAA1,5,SH3BP5;S420;,0.053816235242444076,0.9461837647575557
PRKAA1,5,SH3D19;S274;,0.03399780647652004,0.9660021935234799
PRKAA1,5,SH3PXD2A;S368;,0.9751628750774719,0.024837124922528046
PRKAA1,5,SH3PXD2A;S495;,0.0212533106174293,0.9787466893825705
PRKAA1,5,SH3PXD2A;S956;,0.042022562185128044,0.9579774378148719
PRKAA1,5,SHC3;S359;,0.034577931120111934,0.9654220688798881
PRKAA1,5,SIK2;S673;,0.03464626706940508,0.9653537329305951
PRKAA1,5,SIPA1L1;S1408;,0.9601703176597066,0.03982968234029348
PRKAA1,5,SIPA1L1;S1411;,0.9705895283002313,0.029410471699768757
PRKAA1,5,SIPA1L1;S288;,0.044075165268045134,0.9559248347319548
PRKAA1,5,SLC2A13;S38;,0.9726165462585081,0.02738345374149196
PRKAA1,5,SLC2A13;S44;,0.9782179416969117,0.021782058303088426
PRKAA1,5,SLC2A13;S47;,0.9715195325074673,0.02848046749253268
PRKAA1,5,SLC4A7;S1171;,0.9640589457514304,0.03594105424856982
PRKAA1,5,SLC4A7;S263;,0.9800424044087702,0.019957595591229737
PRKAA1,5,SLK;S778;,0.9741307049833268,0.02586929501667328
PRKAA1,5,SMCR7L;S59;,0.03738093561910367,0.9626190643808964
PRKAA1,5,SMCR8;S416;,0.023508007678154523,0.9764919923218454
PRKAA1,5,SMCR8;S486;,0.974806507154708,0.0251934928452921
PRKAA1,5,SMCR8;S488;,0.9666718772037579,0.03332812279624199
PRKAA1,5,SMCR8;S491;,0.9751864669411014,0.024813533058898735
PRKAA1,5,SMCR8;S497;,0.9591728191931421,0.040827180806857814
PRKAA1,5,SMG6;S537;,0.024439422172424428,0.9755605778275757
PRKAA1,5,SNW1;S224;,0.967107225678149,0.03289277432185107
PRKAA1,5,SNX8;S454;,0.02901027435275559,0.9709897256472444
PRKAA1,5,SON;S94;,0.025326684227180884,0.9746733157728192
PRKAA1,5,SORBS1;S857;,0.030515949782888487,0.9694840502171115
PRKAA1,5,SOS1;S1120;,0.0477285377225754,0.9522714622774247
PRKAA1,5,SOX6;S399;,0.026492938338639107,0.9735070616613609
PRKAA1,5,SOX6;S402;,0.028447959984981955,0.9715520400150179
PRKAA1,5,SOX6;T401;,0.0443863877695086,0.9556136122304913
PRKAA1,5,SPAG7;S219;,0.025968717551695424,0.9740312824483045
PRKAA1,5,SPAG9;S203;,0.025642751333395573,0.9743572486666043
PRKAA1,5,SPAG9;S716;,0.042370806638948356,0.9576291933610516
PRKAA1,5,SPHK2;S379;,0.9694203483469429,0.03057965165305713
PRKAA1,5,SRPK2;S487;,0.04591324315486583,0.9540867568451341
PRKAA1,5,SRRM2;S2228;,0.0313859126469903,0.9686140873530097
PRKAA1,5,SRRM2;S2338;,0.031070502050007102,0.968929497949993
PRKAA1,5,SRSF10;S131;,0.9570188898450007,0.042981110154999225
PRKAA1,5,SRSF11;S200;,0.027077968913778647,0.9729220310862214
PRKAA1,5,STARD13;S334;,0.023502470912560487,0.9764975290874396
PRKAA1,5,STAT3;S727;,0.060585165273097916,0.939414834726902
PRKAA1,5,STIM1;S257;,0.9569962581924875,0.04300374180751247
PRKAA1,5,STIM1;S523;,0.9650194199358418,0.03498058006415811
PRKAA1,5,STIM1;S524;,0.9715985197255661,0.02840148027443386
PRKAA1,5,STIM2;S675;,0.9730612206439679,0.026938779356032144
PRKAA1,5,STK11IP;S443;,0.02330645348433509,0.9766935465156648
PRKAA1,5,STK3;S385;,0.01841349850545811,0.9815865014945419
PRKAA1,5,STMN1;S16;,0.02711105749013265,0.9728889425098671
PRKAA1,5,STMN1;S25;,0.034698289515376596,0.9653017104846234
PRKAA1,5,STMN1;S38;,0.04238891615575843,0.9576110838442415
PRKAA1,5,STRN3;S227;,0.01932630713395243,0.9806736928660474
PRKAA1,5,SUN2;S12;,0.022297015572713973,0.9777029844272859
PRKAA1,5,SVIL;S1177;,0.02300078058840444,0.9769992194115955
PRKAA1,5,SVIL;S259;,0.03619835636522565,0.9638016436347746
PRKAA1,5,SVIL;S531;,0.023802039317208777,0.9761979606827911
PRKAA1,5,SYNPO2L;S401;,0.04914964167744559,0.9508503583225544
PRKAA1,5,SYNPO2L;T141;,0.9061945549186138,0.09380544508138612
PRKAA1,5,SZT2;S1641;,0.03271545512493471,0.9672845448750651
PRKAA1,5,TACC2;S575;,0.07970406633637711,0.9202959336636228
PRKAA1,5,TANC2;S1447;,0.024274619388682212,0.9757253806113179
PRKAA1,5,TBC1D1;S231;,0.9765753224182524,0.023424677581747516
PRKAA1,5,TBC1D1;S662;,0.9791018978904921,0.020898102109507925
PRKAA1,5,TBC1D1;T590;,0.06488597091135088,0.9351140290886488
PRKAA1,5,TBC1D16;S382;,0.025945059436827466,0.9740549405631727
PRKAA1,5,TCF12;S583;,0.04630948499351908,0.9536905150064809
PRKAA1,5,TDRD3;S256;,0.03805255775494409,0.9619474422450558
PRKAA1,5,TENC1;T996;,0.06307513931838837,0.9369248606816117
PRKAA1,5,TFE3;S531;,0.1013853432092202,0.89861465679078
PRKAA1,5,TJP1;S1602;,0.024458652908728812,0.9755413470912712
PRKAA1,5,TJP1;S1604;,0.02740617794070284,0.9725938220592972
PRKAA1,5,TJP2;S147;,0.020663265009367365,0.9793367349906323
PRKAA1,5,TMEM245;S327;,0.09414257182040618,0.9058574281795938
PRKAA1,5,TMEM55A;S14;,0.9709959405812881,0.029004059418711776
PRKAA1,5,TNKS1BP1;S1642;,0.05008512236152052,0.9499148776384793
PRKAA1,5,TNRC6B;S306;,0.027715216735307895,0.9722847832646921
PRKAA1,5,TNRC6B;S421;,0.020489692317383807,0.979510307682616
PRKAA1,5,TRAK1;S390;,0.02278870582143348,0.9772112941785664
PRKAA1,5,TRAK1;S905;,0.9692784077377556,0.030721592262244357
PRKAA1,5,TRAPPC12;S314;,0.021950133154663064,0.9780498668453368
PRKAA1,5,TRIM28;S474;,0.03427442025746189,0.9657255797425383
PRKAA1,5,TRIO;S2459;,0.02920123704526489,0.970798762954735
PRKAA1,5,TRIO;S2463;,0.031130586055187048,0.9688694139448129
PRKAA1,5,TRIP12;T1454;,0.03161207266923736,0.9683879273307626
PRKAA1,5,TSC2;S939;,0.053982920118100595,0.9460170798818993
PRKAA1,5,TSSC4;S190;,0.029117610399665116,0.9708823896003349
PRKAA1,5,TTN;S305;,0.972111203643635,0.02788879635636502
PRKAA1,5,UBA1;S13;,0.04687929514154825,0.9531207048584517
PRKAA1,5,UBA5;S380;,0.034186477342792156,0.965813522657208
PRKAA1,5,UBE2O;S835;,0.03440130660456698,0.9655986933954329
PRKAA1,5,UBE2O;T830;,0.8006750997295944,0.19932490027040567
PRKAA1,5,UBE4B;S88;,0.03034066851276158,0.9696593314872384
PRKAA1,5,ULK1;S450;,0.024224555820430687,0.9757754441795694
PRKAA1,5,ULK1;S465;,0.9754804010750487,0.02451959892495127
PRKAA1,5,ULK1;S477;,0.04208768690248794,0.9579123130975119
PRKAA1,5,ULK1;S479;,0.028804669590888857,0.9711953304091112
PRKAA1,5,ULK1;S637;,0.9792973819270511,0.020702618072948976
PRKAA1,5,ULK1;T468;,0.8590053179080125,0.14099468209198748
PRKAA1,5,ULK1;T659;,0.9425822713329198,0.057417728667080274
PRKAA1,5,USP10;S224;,0.024580569529357475,0.9754194304706424
PRKAA1,5,VAPA;S164;,0.9767886914941099,0.023211308505890087
PRKAA1,5,VIM;S420;,0.9688476484037406,0.0311523515962593
PRKAA1,5,VIM;S430;,0.9519748987849551,0.04802510121504493
PRKAA1,5,VIM;T426;,0.9688426606586782,0.031157339341321737
PRKAA1,5,VPS26B;S304;,0.9704511429922899,0.029548857007710157
PRKAA1,5,WIPF2;S235;,0.025503003447585822,0.9744969965524143
PRKAA1,5,WNK1;S165;,0.026951967088388894,0.973048032911611
PRKAA1,5,WWC3;S955;,0.02257354281023903,0.9774264571897611
PRKAA1,5,YAP1;S46;,0.9618775949642671,0.03812240503573308
PRKAA1,5,ZC3H13;S368;,0.9725952640521147,0.02740473594788522
PRKAA1,5,ZC3HAV1;S307;,0.02833633552112366,0.9716636644788764
PRKAA1,5,ZC3HAV1;S325;,0.025934970581226156,0.9740650294187737
PRKAA1,5,ZC3HAV1;S544;,0.022295002980552592,0.9777049970194475
PRKAA1,5,ZC3HC1;S343;,0.03257992345325201,0.967420076546748
PRKAA1,5,ZC3HC1;T351;,0.07264200807898831,0.9273579919210119
PRKAA1,5,ZFP295;S411;,0.04220341130368516,0.9577965886963149
PRKAA1,5,ZFYVE16;S903;,0.04310650098573983,0.95689349901426
PRKAA1,5,ZNRF2;S148;,0.025710722305719177,0.9742892776942811
PRKAA1,5,ZNRF2;S154;,0.02450620676386475,0.9754937932361354
PRKAA1,5,ZNRF2;S18;,0.03992285666481987,0.96007714333518
PRKAA1,5,ZNRF2;S81;,0.06220707790789333,0.9377929220921066
PRKAA1,5,ZYX;S143;,0.02261095921000205,0.9773890407899979
PRKAA1,5,ZYX;S144;,0.025443576414637865,0.9745564235853623
PRKAA1,5,ZYX;S336;,0.025831629781677797,0.974168370218322
PRKAA1,5,ZZEF1;S1516;,0.03351893567762907,0.9664810643223708
PRKAA1,5,ZZEF1;S1535;,0.05947933420750004,0.9405206657925
PRKAA1,6,AAK1;S677;,0.02412933411700402,0.9758706658829959
PRKAA1,6,ABCC4;S604;,0.021513043336689058,0.978486956663311
PRKAA1,6,ABI2;S165;,0.029860948544943713,0.9701390514550563
PRKAA1,6,ABI2;S168;,0.018278215001674963,0.9817217849983251
PRKAA1,6,ABL2;S799;,0.027770393605316062,0.972229606394684
PRKAA1,6,ABLIM3;S566;,0.01695286103364868,0.9830471389663511
PRKAA1,6,ABLIM3;S575;,0.4825368428356824,0.5174631571643177
PRKAA1,6,ACACA;S79;,0.9462929987871509,0.053707001212849034
PRKAA1,6,ACIN1;S711;,0.024478876887658964,0.9755211231123411
PRKAA1,6,ADD1;S613;,0.016383901352651904,0.983616098647348
PRKAA1,6,ADD1;T614;,0.026237736591197217,0.9737622634088028
PRKAA1,6,ADNP;S971;,0.01984536633086369,0.9801546336691364
PRKAA1,6,AFF4;S823;,0.043770352548507044,0.956229647451493
PRKAA1,6,AGAP3;S107;,0.02252614341826394,0.977473856581736
PRKAA1,6,AHCTF1;S1214;,0.9203721962805533,0.07962780371944658
PRKAA1,6,AHNAK;S1191;,0.8184539873271354,0.18154601267286447
PRKAA1,6,AHNAK;S177;,0.020992205023135067,0.979007794976865
PRKAA1,6,AHNAK;S2060;,0.016510195338834993,0.983489804661165
PRKAA1,6,AHNAK;S211;,0.02381140473057805,0.976188595269422
PRKAA1,6,AHNAK;S2117;,0.8023558767553447,0.1976441232446552
PRKAA1,6,AHNAK;S222;,0.9341446652601003,0.0658553347398999
PRKAA1,6,AHNAK;S3915;,0.014876739536718997,0.9851232604632812
PRKAA1,6,AHNAK;S42;,0.015598045594626348,0.9844019544053735
PRKAA1,6,AHNAK;S4597;,0.019574311886822484,0.9804256881131774
PRKAA1,6,AHNAK;S5243;,0.023356448186151724,0.9766435518138481
PRKAA1,6,AHNAK;T4049;,0.04090181947945818,0.9590981805205419
PRKAA1,6,AHNAK2;S425;,0.016584404762030047,0.98341559523797
PRKAA1,6,AHNAK2;T438;,0.026874354293821928,0.9731256457061781
PRKAA1,6,AIMP1;S110;,0.024193795916756772,0.975806204083243
PRKAA1,6,AJUBA;S129;,0.024162912588260956,0.975837087411739
PRKAA1,6,AKAP1;S103;,0.9664684268871934,0.033531573112806766
PRKAA1,6,AKAP10;S278;,0.01756607842278485,0.982433921577215
PRKAA1,6,AKAP11;S1090;,0.4304572743095282,0.5695427256904718
PRKAA1,6,AKAP11;S21;,0.020417827298004444,0.9795821727019955
PRKAA1,6,AKAP11;S23;,0.0182122859323417,0.9817877140676582
PRKAA1,6,AKAP11;S448;,0.018774002968745068,0.9812259970312548
PRKAA1,6,AKAP13;S2515;,0.030801674224296666,0.9691983257757032
PRKAA1,6,AKAP2;S152;,0.02706551678123446,0.9729344832187654
PRKAA1,6,AKAP2;S730;,0.024585274412050596,0.9754147255879493
PRKAA1,6,AKAP6;S562;,0.9353919852060797,0.0646080147939203
PRKAA1,6,AKAP9;S3669;,0.01713682731675694,0.982863172683243
PRKAA1,6,AKT1S1;S184;,0.018566873114930528,0.9814331268850697
PRKAA1,6,AKT1S1;T247;,0.031388949728184366,0.9686110502718156
PRKAA1,6,ALKBH5;S362;,0.0345244693763343,0.9654755306236656
PRKAA1,6,ALKBH5;S376;,0.017868800805561677,0.9821311991944386
PRKAA1,6,AMOTL1;S580;,0.8925604801641517,0.10743951983584844
PRKAA1,6,ANP32A;S15;,0.022124358610774473,0.9778756413892256
PRKAA1,6,AP3D1;S755;,0.030946456812742756,0.9690535431872572
PRKAA1,6,ARFGAP2;S145;,0.01834112484434937,0.9816588751556508
PRKAA1,6,ARFGEF2;S214;,0.026494521150878234,0.9735054788491218
PRKAA1,6,ARFIP1;S39;,0.9657547933579526,0.0342452066420474
PRKAA1,6,ARHGAP17;S710;,0.025749211799203878,0.9742507882007962
PRKAA1,6,ARHGAP22;S200;,0.021509439318712065,0.9784905606812881
PRKAA1,6,ARHGAP22;S236;,0.02291503754544551,0.9770849624545546
PRKAA1,6,ARHGAP35;S1174;,0.019593469859868894,0.9804065301401309
PRKAA1,6,ARHGAP39;S284;,0.016487984937164784,0.9835120150628351
PRKAA1,6,ARHGAP5;S1195;,0.019876671459714505,0.9801233285402857
PRKAA1,6,ARHGAP5;S1202;,0.020195053269867678,0.9798049467301325
PRKAA1,6,ARHGAP5;S967;,0.017470814008310596,0.9825291859916897
PRKAA1,6,ARHGEF12;S337;,0.021268327419742692,0.9787316725802572
PRKAA1,6,ARHGEF12;S341;,0.01712779007999264,0.9828722099200073
PRKAA1,6,ARHGEF17;S995;,0.8863934927162096,0.11360650728379025
PRKAA1,6,ARHGEF5;S721;,0.018242398524701622,0.9817576014752986
PRKAA1,6,ARPP21;S256;,0.7436984076662028,0.25630159233379735
PRKAA1,6,ATF7;T53;,0.591787803775056,0.40821219622494387
PRKAA1,6,ATG14;S5;,0.020086447747810255,0.9799135522521898
PRKAA1,6,ATG2A;S1246;,0.018565424265595827,0.9814345757344041
PRKAA1,6,ATG2B;S240;,0.018999054512227654,0.9810009454877723
PRKAA1,6,ATG2B;S255;,0.018578781458856865,0.9814212185411433
PRKAA1,6,ATRX;S761;,0.029710138033184685,0.9702898619668154
PRKAA1,6,ATXN2;S622;,0.017558257772396474,0.9824417422276034
PRKAA1,6,ATXN2L;S109;,0.020577505996047164,0.9794224940039526
PRKAA1,6,ATXN2L;S447;,0.023278238068384426,0.9767217619316158
PRKAA1,6,AZI1;S114;,0.040638696834020965,0.959361303165979
PRKAA1,6,AZI1;S304;,0.025662369530953463,0.9743376304690465
PRKAA1,6,BAD;S171;,0.9541934920865943,0.04580650791340569
PRKAA1,6,BAG3;S271;,0.023708834436935413,0.9762911655630646
PRKAA1,6,BAG3;S387;,0.01917007034787367,0.9808299296521265
PRKAA1,6,BAG3;S388;,0.024231095872574444,0.9757689041274255
PRKAA1,6,BAIAP2L1;S218;,0.02028033780814204,0.9797196621918578
PRKAA1,6,BAIAP2L1;S380;,0.946307452190015,0.05369254780998506
PRKAA1,6,BAZ2A;S1388;,0.020383614676969808,0.9796163853230301
PRKAA1,6,BBX;S243;,0.023156772594879912,0.97684322740512
PRKAA1,6,BCL9L;S116;,0.025691898915298963,0.9743081010847011
PRKAA1,6,BCL9L;S21;,0.9026359033258576,0.09736409667414239
PRKAA1,6,BCL9L;S25;,0.02674433386541785,0.9732556661345823
PRKAA1,6,BICD2;S611;,0.024534188919343,0.9754658110806572
PRKAA1,6,BICD2;S819;,0.03589794189650879,0.9641020581034909
PRKAA1,6,BRAF;S134;,0.019193724246863404,0.9808062757531365
PRKAA1,6,BRD8;S274;,0.025732276034081437,0.9742677239659184
PRKAA1,6,BRD8;T270;,0.01972327849591416,0.9802767215040856
PRKAA1,6,BSDC1;S216;,0.025107751980980805,0.9748922480190192
PRKAA1,6,C2CD4C;S262;,0.028700446231770024,0.97129955376823
PRKAA1,6,CACNB1;S53;,0.02236908423347689,0.9776309157665231
PRKAA1,6,CALD1;S527;,0.019522447801615397,0.9804775521983847
PRKAA1,6,CAMK2D;T371;,0.5657456647778669,0.43425433522213297
PRKAA1,6,CAMSAP1;S1154;,0.018558335156567858,0.9814416648434322
PRKAA1,6,CAMSAP1;S517;,0.01846447436235256,0.9815355256376476
PRKAA1,6,CAP2;S301;,0.01911038639670145,0.9808896136032985
PRKAA1,6,CBX5;S93;,0.03185390224294832,0.9681460977570516
PRKAA1,6,CCDC6;S143;,0.017497003644250886,0.982502996355749
PRKAA1,6,CCDC88A;S1638;,0.026319629329253538,0.9736803706707464
PRKAA1,6,CCDC91;S71;,0.018339000963251063,0.9816609990367489
PRKAA1,6,CDC42EP2;S137;,0.024606077987759836,0.9753939220122403
PRKAA1,6,CDC42EP2;S141;,0.02100581800008534,0.9789941819999148
PRKAA1,6,CDC42EP4;S140;,0.021149032190103254,0.9788509678098968
PRKAA1,6,CDKN1A;S69;,0.016140381356217037,0.983859618643783
PRKAA1,6,CDKN1B;S12;,0.02025238239761606,0.979747617602384
PRKAA1,6,CDKN1B;S7;,0.018706869461323897,0.9812931305386761
PRKAA1,6,CEP170B;S1166;,0.033876474892321956,0.966123525107678
PRKAA1,6,CEP68;S503;,0.1572454358468733,0.8427545641531268
PRKAA1,6,CEP68;S510;,0.02652441100364471,0.9734755889963552
PRKAA1,6,CHAMP1;S532;,0.02903655755501263,0.9709634424449873
PRKAA1,6,CHD8;S549;,0.9463377972673211,0.05366220273267896
PRKAA1,6,CHRND;S379;,0.9414419768590071,0.058558023140992975
PRKAA1,6,CIC;S1394;,0.02767562872188107,0.9723243712781189
PRKAA1,6,CIC;S1399;,0.017538380437694637,0.9824616195623055
PRKAA1,6,CLASP2;S331;,0.959078518630271,0.04092148136972908
PRKAA1,6,CLIP1;S159;,0.0198969086691733,0.9801030913308264
PRKAA1,6,COBL;S31;,0.9540738858553728,0.045926114144627245
PRKAA1,6,COBL;S34;,0.9532670991298341,0.04673290087016587
PRKAA1,6,COG3;S536;,0.9381577697756697,0.061842230224330205
PRKAA1,6,CORO7;S298;,0.9739853922112117,0.0260146077887884
PRKAA1,6,DAB2IP;S802;,0.018939104608344495,0.9810608953916554
PRKAA1,6,DAP;S2;,0.020800357053698794,0.9791996429463014
PRKAA1,6,DAP;S3;,0.021100479888586772,0.9788995201114132
PRKAA1,6,DBNDD1;S123;,0.021639661374230647,0.9783603386257695
PRKAA1,6,DCAF6;S336;,0.015096133017534048,0.984903866982466
PRKAA1,6,DCLK1;S30;,0.9463784736989266,0.05362152630107339
PRKAA1,6,DDX19A;S86;,0.021466728375748603,0.9785332716242516
PRKAA1,6,DDX3X;S261;,0.04092992238233718,0.9590700776176628
PRKAA1,6,DENND4C;S1037;,0.953122543382256,0.04687745661774402
PRKAA1,6,DLG2;S323;,0.023142080399804525,0.9768579196001955
PRKAA1,6,DLG2;S328;,0.02010194261300538,0.9798980573869948
PRKAA1,6,DMXL1;S574;,0.9463094969639643,0.0536905030360359
PRKAA1,6,DNAJC2;T48;,0.0470058220068224,0.9529941779931776
PRKAA1,6,DNAJC25;T353;,0.06759163210204566,0.9324083678979544
PRKAA1,6,DOCK6;S1339;,0.101417730989582,0.8985822690104179
PRKAA1,6,DOCK7;S1361;,0.05088362196893496,0.9491163780310651
PRKAA1,6,DOCK7;S2107;,0.0208725377316313,0.9791274622683687
PRKAA1,6,DOPEY1;S1261;,0.04303242465519995,0.9569675753447999
PRKAA1,6,DTNA;S606;,0.016622754930501075,0.983377245069499
PRKAA1,6,DUSP27;S366;,0.026188035271828378,0.9738119647281716
PRKAA1,6,DUSP27;S368;,0.019854714579022298,0.9801452854209778
PRKAA1,6,DUSP27;S370;,0.019388647257999915,0.980611352742
PRKAA1,6,DUSP27;S427;,0.02104867483869936,0.9789513251613007
PRKAA1,6,DYNC1H1;S4365;,0.02315208975493912,0.9768479102450609
PRKAA1,6,DYNC1I2;S81;,0.027784362116471367,0.9722156378835286
PRKAA1,6,EEF2;T57;,0.6211845747293313,0.3788154252706687
PRKAA1,6,EEF2K;S365;,0.5316180576650381,0.46838194233496216
PRKAA1,6,EHBP1L1;S1363;,0.9493960469001974,0.05060395309980275
PRKAA1,6,EHD4;S459;,0.015975108940106383,0.9840248910598935
PRKAA1,6,EIF3A;S584;,0.02522581234276639,0.9747741876572334
PRKAA1,6,EIF4B;S422;,0.03557115725430995,0.9644288427456901
PRKAA1,6,EIF4B;S424;,0.020079720010277576,0.9799202799897223
PRKAA1,6,EIF4B;S425;,0.021225959420816204,0.9787740405791839
PRKAA1,6,EIF4B;T420;,0.0266046924265377,0.9733953075734625
PRKAA1,6,EIF4EBP1;S64;,0.01860879171564625,0.9813912082843537
PRKAA1,6,EIF4EBP2;S2;,0.029829404275396584,0.9701705957246035
PRKAA1,6,EIF5B;S183;,0.03270149215377585,0.9672985078462242
PRKAA1,6,ELMSAN1;S456;,0.03839948411938506,0.9616005158806149
PRKAA1,6,EPS8;S659;,0.026312587003935406,0.9736874129960645
PRKAA1,6,ETL4;S1844;,0.0272143600863644,0.9727856399136356
PRKAA1,6,ETV3;S139;,0.02095289457872608,0.9790471054212739
PRKAA1,6,FAM120C;S55;,0.01926546744362224,0.980734532556378
PRKAA1,6,FAM134C;S313;,0.7983172364035958,0.2016827635964043
PRKAA1,6,FAM134C;S320;,0.4104571746175811,0.5895428253824188
PRKAA1,6,FAM171A2;S423;,0.02541229091194899,0.9745877090880508
PRKAA1,6,FAM65A;S752;,0.023072236662956744,0.9769277633370432
PRKAA1,6,FBXO30;S379;,0.017861965169981963,0.982138034830018
PRKAA1,6,FHOD1;S489;,0.023152877634827443,0.9768471223651727
PRKAA1,6,FHOD1;S501;,0.026875060211020485,0.9731249397889794
PRKAA1,6,FHOD1;S504;,0.018722153496175443,0.9812778465038244
PRKAA1,6,FHOD1;S513;,0.023184216642205283,0.9768157833577947
PRKAA1,6,FHOD1;S523;,0.0262250421999183,0.9737749578000818
PRKAA1,6,FLNC;S2147;,0.019407865817795238,0.9805921341822048
PRKAA1,6,FLNC;S2234;,0.025266860097305454,0.9747331399026947
PRKAA1,6,FMN1;S589;,0.018443048526030355,0.9815569514739694
PRKAA1,6,FOSL2;S320;,0.02188651447477957,0.9781134855252205
PRKAA1,6,FOSL2;T322;,0.028790209193549333,0.9712097908064506
PRKAA1,6,FOXK1;S225;,0.022709775743093637,0.9772902242569061
PRKAA1,6,FOXK2;T200;,0.0221374261082372,0.9778625738917627
PRKAA1,6,FOXO3;S252;,0.0305389751194427,0.9694610248805575
PRKAA1,6,FRMD8;S21;,0.02174475400622792,0.9782552459937719
PRKAA1,6,FRYL;T1959;,0.03901781102922012,0.96098218897078
PRKAA1,6,GAB1;S418;,0.024213828278222074,0.9757861717217781
PRKAA1,6,GAB2;S142;,0.01948339708115144,0.9805166029188488
PRKAA1,6,GAB2;S143;,0.02621266333209054,0.9737873366679096
PRKAA1,6,GAB2;S211;,0.026245202084570377,0.9737547979154297
PRKAA1,6,GAB2;S365;,0.018967712267967417,0.9810322877320325
PRKAA1,6,GAB2;T388;,0.02926853170091283,0.9707314682990872
PRKAA1,6,GATAD2A;S103;,0.9523740192513215,0.04762598074867846
PRKAA1,6,GATAD2A;S96;,0.9659015598171488,0.0340984401828512
PRKAA1,6,GATAD2B;S338;,0.021697623779979584,0.9783023762200204
PRKAA1,6,GBF1;S1786;,0.04084572593845294,0.9591542740615467
PRKAA1,6,GIGYF1;S28;,0.02444159126581341,0.9755584087341866
PRKAA1,6,GIT2;S568;,0.017021912838769557,0.9829780871612305
PRKAA1,6,GOLGA4;S116;,0.9494577111813117,0.05054228881868826
PRKAA1,6,GSK3A;S21;,0.03788866992873125,0.9621113300712688
PRKAA1,6,GSK3A;S41;,0.018217312448721303,0.9817826875512787
PRKAA1,6,GSK3B;S9;,0.037670286142388994,0.9623297138576111
PRKAA1,6,GYS1;S728;,0.0282325994498059,0.9717674005501943
PRKAA1,6,HBP1;S401;,0.021306551210405842,0.978693448789594
PRKAA1,6,HBS1L;S147;,0.017480063600877692,0.9825199363991225
PRKAA1,6,HDAC6;S21;,0.017977553536729456,0.9820224464632706
PRKAA1,6,HECTD1;S1392;,0.03136950882070479,0.9686304911792953
PRKAA1,6,HECTD1;S1393;,0.02203143685339263,0.9779685631466073
PRKAA1,6,HECTD1;S1573;,0.8538662140720943,0.14613378592790577
PRKAA1,6,HELB;S944;,0.027809133294873837,0.9721908667051261
PRKAA1,6,HERC1;S1163;,0.02027338522459827,0.9797266147754018
PRKAA1,6,HERC1;T1154;,0.02191499562586577,0.9780850043741344
PRKAA1,6,HIRIP3;S27;,0.017345222726508333,0.9826547772734916
PRKAA1,6,HN1L;S97;,0.019493093026014208,0.9805069069739858
PRKAA1,6,HOMER3;S158;,0.04027161168636515,0.9597283883136347
PRKAA1,6,HUWE1;S1876;,0.01978826807625135,0.9802117319237488
PRKAA1,6,HUWE1;S3639;,0.015049384598279376,0.9849506154017206
PRKAA1,6,HUWE1;S3898;,0.024295262947371256,0.9757047370526287
PRKAA1,6,HUWE1;T3903;,0.025696693064218436,0.9743033069357816
PRKAA1,6,IREB2;S178;,0.01794797626202473,0.9820520237379754
PRKAA1,6,IRF2BPL;S69;,0.02291305853533286,0.9770869414646669
PRKAA1,6,ITSN1;S1063;,0.051798988236009175,0.9482010117639909
PRKAA1,6,ITSN1;S315;,0.02773977376044267,0.9722602262395572
PRKAA1,6,JMY;S56;,0.0275996918791097,0.9724003081208904
PRKAA1,6,JSRP1;S47;,0.01973314942954791,0.9802668505704522
PRKAA1,6,KANK2;S358;,0.023578393651850313,0.9764216063481498
PRKAA1,6,KCTD3;S809;,0.9521629579380271,0.04783704206197305
PRKAA1,6,KDM2A;S718;,0.022166779148474466,0.9778332208515257
PRKAA1,6,KDM2A;T713;,0.026979425764915996,0.973020574235084
PRKAA1,6,KDM5C;S316;,0.02833256986025462,0.9716674301397454
PRKAA1,6,KPNA1;S2;,0.04237112340651758,0.9576288765934822
PRKAA1,6,KPNA1;T3;,0.05289224831741015,0.9471077516825898
PRKAA1,6,LAMTOR1;S98;,0.022453575299395952,0.9775464247006043
PRKAA1,6,LARP1;S916;,0.036416287712321325,0.9635837122876785
PRKAA1,6,LARP1;T932;,0.026783585496868465,0.9732164145031313
PRKAA1,6,LARP4B;S498;,0.027879895265689486,0.9721201047343105
PRKAA1,6,LDB3;S112;,0.01873861844820141,0.9812613815517984
PRKAA1,6,LIMA1;S360;,0.02083363783319007,0.9791663621668099
PRKAA1,6,LIMA1;S603;,0.023193905912625042,0.9768060940873748
PRKAA1,6,LIMA1;S608;,0.021015939083507837,0.9789840609164923
PRKAA1,6,LIMA1;S703;,0.0253974531965182,0.9746025468034817
PRKAA1,6,LMNA;S404;,0.03173571545597821,0.9682642845440219
PRKAA1,6,LMNA;S406;,0.02363932650471225,0.9763606734952878
PRKAA1,6,LMNA;S407;,0.018270250087304117,0.9817297499126959
PRKAA1,6,LMNA;S423;,0.020937968844597026,0.9790620311554029
PRKAA1,6,LMNA;S424;,0.020314035221707178,0.979685964778293
PRKAA1,6,LMO7;S1541;,0.02651002872018166,0.9734899712798182
PRKAA1,6,LMO7;S1543;,0.02677234525101569,0.9732276547489844
PRKAA1,6,LOC100360205;S239;,0.024245922450969615,0.9757540775490304
PRKAA1,6,LOC100365259;S393;,0.0759274262206776,0.9240725737793225
PRKAA1,6,LOC100910104;S475;,0.026414547595160185,0.9735854524048398
PRKAA1,6,LOC100910104;S532;,0.9663685770790581,0.03363142292094191
PRKAA1,6,LOC100910104;S719;,0.018664613184008968,0.9813353868159911
PRKAA1,6,LOC100910646;S166;,0.018727050296563935,0.981272949703436
PRKAA1,6,LOC100911178;S1643;,0.018169129399267136,0.9818308706007329
PRKAA1,6,LOC100911302;S1721;,0.02187945493397,0.9781205450660297
PRKAA1,6,LOC100911677;S490;,0.953405442530839,0.046594557469161045
PRKAA1,6,LOC100912115;S649;,0.022480764375548384,0.9775192356244514
PRKAA1,6,LOC312502;S1164;,0.020071233705423314,0.9799287662945769
PRKAA1,6,LOC312502;S138;,0.9592631282522056,0.040736871747794313
PRKAA1,6,LOC312502;S139;,0.9555265235459943,0.04447347645400565
PRKAA1,6,LOC312502;S483;,0.024435029243149803,0.9755649707568502
PRKAA1,6,LOC683007;S1204;,0.019657613809445737,0.9803423861905542
PRKAA1,6,LOC683007;S1207;,0.01747374287372174,0.9825262571262784
PRKAA1,6,LOC684259;S780;,0.9555177903505195,0.044482209649480485
PRKAA1,6,LOC685707;S1251;,0.023117088349933236,0.9768829116500669
PRKAA1,6,LRRFIP2;S18;,0.019931813581038783,0.980068186418961
PRKAA1,6,LRRFIP2;T136;,0.028020345433001123,0.9719796545669989
PRKAA1,6,LYSMD1;S33;,0.9471299690416339,0.05287003095836615
PRKAA1,6,MACF1;S1376;,0.03237878143289527,0.9676212185671047
PRKAA1,6,MACF1;S5293;,0.020666811078743415,0.9793331889212564
PRKAA1,6,MAF1;S60;,0.019230273536290157,0.98076972646371
PRKAA1,6,MAP1A;S1757;,0.030750351535676766,0.9692496484643235
PRKAA1,6,MAP1A;T2177;,0.023564085141586474,0.9764359148584136
PRKAA1,6,MAP1A;T504;,0.02261245853286054,0.9773875414671397
PRKAA1,6,MAP1B;S1257;,0.0253846803261662,0.9746153196738336
PRKAA1,6,MAP1B;S1389;,0.022756457468776817,0.9772435425312231
PRKAA1,6,MAP1B;S1393;,0.022256951627148643,0.9777430483728513
PRKAA1,6,MAP1B;T1781;,0.1530389213849868,0.8469610786150131
PRKAA1,6,MAP1S;S683;,0.025324077716822654,0.9746759222831775
PRKAA1,6,MAP4;S902;,0.940013679670741,0.059986320329258914
PRKAA1,6,MAP4K4;S591;,0.018555891937847367,0.9814441080621527
PRKAA1,6,MAP4K4;S791;,0.9781720148812271,0.021827985118772958
PRKAA1,6,MAP4K4;S794;,0.9729202854825465,0.027079714517453612
PRKAA1,6,MAPK1;Y185;,0.14037966086834958,0.8596203391316505
PRKAA1,6,MAPK14;Y182;,0.1570492393039287,0.8429507606960714
PRKAA1,6,MAPK8;Y185;,0.39000746649913703,0.609992533500863
PRKAA1,6,MARCKS;S141;,0.03244163330326836,0.9675583666967316
PRKAA1,6,MARK3;S593;,0.01859514722166364,0.9814048527783363
PRKAA1,6,MARK3;T594;,0.037690550549626715,0.9623094494503733
PRKAA1,6,MATR3;S188;,0.036560368663050034,0.96343963133695
PRKAA1,6,MBD3;S85;,0.027202386992054132,0.9727976130079458
PRKAA1,6,MBD3;S86;,0.017871851041672507,0.9821281489583275
PRKAA1,6,MDM2;S138;,0.033566111582368996,0.966433888417631
PRKAA1,6,MED1;S1465;,0.01742895426296932,0.9825710457370307
PRKAA1,6,MED1;S1467;,0.02113524800813276,0.9788647519918671
PRKAA1,6,MED1;S1468;,0.01905738393425095,0.9809426160657491
PRKAA1,6,MED24;S860;,0.027074459864642447,0.9729255401353577
PRKAA1,6,MED24;S861;,0.01861987045192287,0.9813801295480772
PRKAA1,6,MEF2C;S226;,0.019408581544514313,0.9805914184554859
PRKAA1,6,MID1;S96;,0.020759410374985708,0.9792405896250144
PRKAA1,6,MKL1;S571;,0.025868489287504057,0.9741315107124958
PRKAA1,6,MLL2;S2291;,0.01815012686467794,0.981849873135322
PRKAA1,6,MLLT4;S216;,0.01826046869122621,0.9817395313087737
PRKAA1,6,MLLT4;S246;,0.02378038410478649,0.9762196158952133
PRKAA1,6,MON2;S197;,0.022455213799674967,0.9775447862003251
PRKAA1,6,MPHOSPH10;S168;,0.9474692826412671,0.05253071735873286
PRKAA1,6,MPRIP;S369;,0.02034873699665094,0.9796512630033491
PRKAA1,6,MTFR1L;S100;,0.960775379477715,0.039224620522285
PRKAA1,6,MTFR1L;S234;,0.9553085857609953,0.04469141423900469
PRKAA1,6,MTFR1L;S235;,0.9710921653831821,0.028907834616817927
PRKAA1,6,MTSS1L;S575;,0.021110487998600814,0.9788895120013993
PRKAA1,6,MURC;S20;,0.029053546144907003,0.970946453855093
PRKAA1,6,MUSK;S689;,0.021504234274111102,0.9784957657258888
PRKAA1,6,MUSK;S690;,0.030597456800239474,0.9694025431997606
PRKAA1,6,MYBBP1A;S1283;,0.021076334218804497,0.9789236657811953
PRKAA1,6,MYCBP2;S2750;,0.023733280432848135,0.9762667195671518
PRKAA1,6,MYOZ2;T32;,0.03429484489862456,0.9657051551013756
PRKAA1,6,NACA;S1125;,0.022625786078823977,0.9773742139211762
PRKAA1,6,NACA;S1345;,0.019619031205693915,0.980380968794306
PRKAA1,6,NACA;S1454;,0.024662851152916755,0.9753371488470832
PRKAA1,6,NACA;S1720;,0.02396197442263989,0.9760380255773602
PRKAA1,6,NACA;S914;,0.023888147373146245,0.9761118526268537
PRKAA1,6,NACA;S942;,0.021760361833009792,0.9782396381669902
PRKAA1,6,NCAPH;S24;,0.0174505951425866,0.9825494048574133
PRKAA1,6,NCOR1;S363;,0.017541291432870074,0.9824587085671301
PRKAA1,6,NCOR2;S1747;,0.021676276289860106,0.9783237237101399
PRKAA1,6,NDRG1;S330;,0.03237728841977659,0.9676227115802233
PRKAA1,6,NDRG1;T328;,0.02487497715010152,0.9751250228498983
PRKAA1,6,NDRG2;T334;,0.02522340283480988,0.9747765971651899
PRKAA1,6,NEK9;S16;,0.8276424627558753,0.17235753724412475
PRKAA1,6,NEK9;S736;,0.028041519525416947,0.971958480474583
PRKAA1,6,NELFE;S131;,0.021519376639778928,0.9784806233602212
PRKAA1,6,NES;S1071;,0.9288849791373456,0.07111502086265437
PRKAA1,6,NES;S1123;,0.020184997331751504,0.9798150026682486
PRKAA1,6,NES;S1131;,0.9509995149122368,0.049000485087763196
PRKAA1,6,NES;S620;,0.01763450647981226,0.9823654935201875
PRKAA1,6,NES;S784;,0.8766273409664317,0.12337265903356837
PRKAA1,6,NEXN;S280;,0.026186767936471678,0.9738132320635283
PRKAA1,6,NFIX;S265;,0.020468063164383293,0.9795319368356166
PRKAA1,6,NHSL1;T1376;,0.026146564482433746,0.9738534355175662
PRKAA1,6,NUMA1;S1935;,0.02822189697904848,0.9717781030209512
PRKAA1,6,NUMA1;S1958;,0.026115143594449667,0.9738848564055504
PRKAA1,6,NUP35;S73;,0.02217197643590483,0.977828023564095
PRKAA1,6,OPTN;S188;,0.9590608893784446,0.04093911062155543
PRKAA1,6,PACS2;S319;,0.019942488347099916,0.9800575116529001
PRKAA1,6,PAK1;S144;,0.022714377909486907,0.9772856220905131
PRKAA1,6,PAK1;S203;,0.02380587877088202,0.9761941212291179
PRKAA1,6,PAK2;S197;,0.04697529051862924,0.9530247094813707
PRKAA1,6,PARD3;S715;,0.029780044312861735,0.9702199556871384
PRKAA1,6,PARVA;S14;,0.0463366649727675,0.9536633350272327
PRKAA1,6,PATL1;S184;,0.02144909154555972,0.9785509084544404
PRKAA1,6,PBXIP1;S132;,0.0220904513765227,0.9779095486234772
PRKAA1,6,PBXIP1;S133;,0.020206891030297245,0.9797931089697027
PRKAA1,6,PCM1;S1280;,0.025695089705005985,0.9743049102949939
PRKAA1,6,PCM1;S380;,0.01839749457382163,0.9816025054261782
PRKAA1,6,PCM1;S384;,0.02474786781326312,0.975252132186737
PRKAA1,6,PDAP1;S176;,0.023108335269392717,0.9768916647306073
PRKAA1,6,PDAP1;S178;,0.02179953943452961,0.9782004605654702
PRKAA1,6,PDCD4;S420;,0.02754609060003398,0.972453909399966
PRKAA1,6,PDCD4;S76;,0.024262727667461428,0.9757372723325385
PRKAA1,6,PDLIM7;S209;,0.01657103604238074,0.9834289639576195
PRKAA1,6,PDLIM7;T214;,0.028865993524923347,0.9711340064750765
PRKAA1,6,PDLIM7;T215;,0.03162262452271332,0.9683773754772868
PRKAA1,6,PDS5B;S1176;,0.023362992844070445,0.9766370071559295
PRKAA1,6,PDXDC1;T554;,0.024220074119636236,0.9757799258803637
PRKAA1,6,PELO;S55;,0.015629586491971343,0.9843704135080288
PRKAA1,6,PEX1;S1209;,0.02177053081249853,0.9782294691875013
PRKAA1,6,PFKFB2;S469;,0.0442722879670347,0.9557277120329655
PRKAA1,6,PHF1;S410;,0.021562404078240265,0.9784375959217597
PRKAA1,6,PHF1;S415;,0.022048915893879407,0.9779510841061204
PRKAA1,6,PHF2;S782;,0.02277549443429129,0.9772245055657085
PRKAA1,6,PHIP;S1251;,0.02726930820421663,0.9727306917957834
PRKAA1,6,PHLDB1;S431;,0.0222637510334957,0.9777362489665042
PRKAA1,6,PHLDB1;S534;,0.03093466078029622,0.9690653392197038
PRKAA1,6,PHLDB2;S241;,0.027992532607741188,0.9720074673922589
PRKAA1,6,PI4K2A;S43;,0.01709325782472087,0.9829067421752792
PRKAA1,6,PI4K2A;S46;,0.019091271655052845,0.9809087283449471
PRKAA1,6,PI4K2A;S461;,0.024311883634477924,0.9756881163655221
PRKAA1,6,PI4K2A;S50;,0.024801749003321907,0.9751982509966782
PRKAA1,6,PID1;S230;,0.021637413431949845,0.9783625865680502
PRKAA1,6,PID1;S231;,0.02129363971276971,0.9787063602872302
PRKAA1,6,PID1;S232;,0.03173293614531428,0.9682670638546859
PRKAA1,6,PID1;S242;,0.02066845190220131,0.9793315480977988
PRKAA1,6,PIEZO1;S1370;,0.02423234047509684,0.9757676595249032
PRKAA1,6,PIK3C2A;S261;,0.01778513647324253,0.9822148635267572
PRKAA1,6,PLEC;S4246;,0.044272965897941254,0.9557270341020587
PRKAA1,6,PLEC;S4249;,0.02156486765642633,0.9784351323435736
PRKAA1,6,PNISR;S290;,0.020069832869984764,0.9799301671300151
PRKAA1,6,POM121;S370;,0.018356509725810335,0.9816434902741897
PRKAA1,6,PPAN;S233;,0.9462622629085344,0.053737737091465496
PRKAA1,6,PPAN;S238;,0.9311378820538985,0.06886211794610163
PRKAA1,6,PPAN;S240;,0.9525399625054668,0.04746003749453311
PRKAA1,6,PPP1R12C;S508;,0.02272898128832267,0.9772710187116772
PRKAA1,6,PPP1R13L;S110;,0.023146859853272122,0.9768531401467279
PRKAA1,6,PPP1R13L;S154;,0.01828394477933011,0.9817160552206698
PRKAA1,6,PPP1R13L;S360;,0.02733268163930253,0.9726673183606974
PRKAA1,6,PPP6R2;S629;,0.021919095334723374,0.9780809046652766
PRKAA1,6,PPP6R2;S719;,0.02440995197183068,0.9755900480281692
PRKAA1,6,PRKAA1;S496;,0.023553672274278976,0.9764463277257208
PRKAA1,6,PRKAB1;S108;,0.9684398225111738,0.031560177488826176
PRKAA1,6,PRRC2A;S765;,0.017529003226531635,0.9824709967734684
PRKAA1,6,PRRC2B;S259;,0.03612801127162649,0.9638719887283735
PRKAA1,6,PSMA5;T55;,0.3818494730176569,0.6181505269823431
PRKAA1,6,PSMC3;S12;,0.017572124296333202,0.9824278757036665
PRKAA1,6,PSMC3;S9;,0.019121016917519492,0.9808789830824806
PRKAA1,6,PTPN12;T544;,0.6393437251819475,0.3606562748180525
PRKAA1,6,PTPN21;S599;,0.02583601288873117,0.9741639871112688
PRKAA1,6,PTPN21;S762;,0.041323430486894845,0.958676569513105
PRKAA1,6,PTRF;S169;,0.016872439834705814,0.9831275601652941
PRKAA1,6,PTRF;S171;,0.018851160633576367,0.9811488393664236
PRKAA1,6,PUM2;S82;,0.021943526066375625,0.9780564739336245
PRKAA1,6,PXN;S106;,0.018748910871187123,0.981251089128813
PRKAA1,6,PXN;S137;,0.018713283475479417,0.9812867165245206
PRKAA1,6,PXN;S83;,0.022584806024717085,0.9774151939752828
PRKAA1,6,RABGEF1;T142;,0.05528909515646844,0.9447109048435317
PRKAA1,6,RAF1;S295;,0.018685493883075423,0.9813145061169245
PRKAA1,6,RAF1;S296;,0.02337886773970647,0.9766211322602936
PRKAA1,6,RAI14;T249;,0.02512080449096447,0.9748791955090357
PRKAA1,6,RANBP10;S481;,0.6353313329045474,0.3646686670954526
PRKAA1,6,RANBP3;S58;,0.02770258244413314,0.972297417555867
PRKAA1,6,RAPGEF1;S306;,0.023539450715900162,0.9764605492840999
PRKAA1,6,RAPGEF1;S308;,0.02945918981552305,0.9705408101844768
PRKAA1,6,RAVER1;S576;,0.024770438867798505,0.9752295611322016
PRKAA1,6,RB1CC1;S243;,0.017147581317555147,0.9828524186824447
PRKAA1,6,RBM3;S145;,0.027486390360062486,0.9725136096399374
PRKAA1,6,RBM7;S72;,0.033478741130279814,0.9665212588697202
PRKAA1,6,RFX7;S1177;,0.025044107208372995,0.9749558927916271
PRKAA1,6,RGD1307838;S900;,0.032614327841580554,0.9673856721584195
PRKAA1,6,RGD1307838;S903;,0.02118999519063723,0.9788100048093628
PRKAA1,6,RGD1308297;S518;,0.01992212143883598,0.9800778785611641
PRKAA1,6,RGD1309586;S243;,0.023622130996182027,0.976377869003818
PRKAA1,6,RGD1309586;S59;,0.09468558358508478,0.9053144164149153
PRKAA1,6,RGD1310016;S1171;,0.9469629556100376,0.053037044389962346
PRKAA1,6,RGD1311783;S45;,0.9746282250335322,0.025371774966467798
PRKAA1,6,RGD1311783;S46;,0.9570615320537668,0.04293846794623322
PRKAA1,6,RGD1560225;S763;,0.022788800287928054,0.9772111997120718
PRKAA1,6,RGD1561609;S759;,0.03226425070212037,0.9677357492978798
PRKAA1,6,RGD1562639;S1035;,0.024482744424452058,0.9755172555755481
PRKAA1,6,RGD1566017;S802;,0.020011631529611582,0.9799883684703884
PRKAA1,6,RIN2;S494;,0.02730424285128707,0.9726957571487129
PRKAA1,6,RIPK2;S412;,0.9505316618980361,0.049468338101963945
PRKAA1,6,RNF40;S586;,0.022183894534811826,0.9778161054651882
PRKAA1,6,RPS6KA3;S715;,0.020926555853626416,0.9790734441463734
PRKAA1,6,RPS6KA4;S681;,0.025399284537547483,0.9746007154624525
PRKAA1,6,RPS6KA4;S682;,0.018072935141862964,0.9819270648581371
PRKAA1,6,RPS6KB1;S404;,0.023190985638451962,0.9768090143615481
PRKAA1,6,RPTOR;S863;,0.021199822213869103,0.978800177786131
PRKAA1,6,RRP1B;S524;,0.01873137571049941,0.9812686242895007
PRKAA1,6,RRP1B;T521;,0.0244193338164534,0.9755806661835463
PRKAA1,6,RTF1;S416;,0.019718270923392546,0.9802817290766076
PRKAA1,6,RUFY1;S50;,0.022959980499329107,0.9770400195006709
PRKAA1,6,RUNX1T1;T568;,0.02478036284308287,0.9752196371569173
PRKAA1,6,SAMD4B;S271;,0.025607199832276894,0.9743928001677232
PRKAA1,6,SAP30L;T91;,0.04102033214629848,0.9589796678537016
PRKAA1,6,SBF1;S1141;,0.6268599533178036,0.37314004668219636
PRKAA1,6,SCRIB;S1315;,0.01900208834427023,0.9809979116557297
PRKAA1,6,SCRIB;S1529;,0.022124038000860474,0.9778759619991396
PRKAA1,6,SENP7;S47;,0.026664495029476272,0.9733355049705235
PRKAA1,6,SETD2;S511;,0.01789529317672976,0.9821047068232704
PRKAA1,6,SF3B1;T326;,0.6105014498831004,0.38949855011689966
PRKAA1,6,SFPQ;T586;,0.02358657376412058,0.9764134262358793
PRKAA1,6,SGTA;S306;,0.024823105577490855,0.975176894422509
PRKAA1,6,SGTA;S308;,0.018424716770473425,0.9815752832295265
PRKAA1,6,SH3BP5;S420;,0.037044226036457864,0.9629557739635424
PRKAA1,6,SH3D19;S274;,0.024990807144533708,0.9750091928554664
PRKAA1,6,SH3PXD2A;S368;,0.9425968140297543,0.05740318597024583
PRKAA1,6,SH3PXD2A;S495;,0.016976700559803,0.9830232994401971
PRKAA1,6,SH3PXD2A;S956;,0.04429364826239846,0.9557063517376015
PRKAA1,6,SHC3;S359;,0.02420372867922827,0.9757962713207716
PRKAA1,6,SIK2;S673;,0.026774321465238834,0.9732256785347612
PRKAA1,6,SIPA1L1;S1408;,0.9227183077596582,0.07728169224034173
PRKAA1,6,SIPA1L1;S1411;,0.958202027163176,0.041797972836823946
PRKAA1,6,SIPA1L1;S288;,0.027289927508203273,0.9727100724917965
PRKAA1,6,SLC2A13;S38;,0.9577671981416614,0.04223280185833844
PRKAA1,6,SLC2A13;S44;,0.9667853539205679,0.033214646079432114
PRKAA1,6,SLC2A13;S47;,0.9485024750027099,0.051497524997290246
PRKAA1,6,SLC4A7;S1171;,0.9255246535499507,0.07447534645004933
PRKAA1,6,SLC4A7;S263;,0.96106290454333,0.03893709545667002
PRKAA1,6,SLK;S778;,0.9461101212988097,0.05388987870119035
PRKAA1,6,SMCR7L;S59;,0.023856580031493352,0.9761434199685066
PRKAA1,6,SMCR8;S416;,0.020584050062116124,0.979415949937884
PRKAA1,6,SMCR8;S486;,0.9713254278831275,0.02867457211687248
PRKAA1,6,SMCR8;S488;,0.9637318473562366,0.03626815264376333
PRKAA1,6,SMCR8;S491;,0.96709624267301,0.03290375732699013
PRKAA1,6,SMCR8;S497;,0.9355390538125578,0.06446094618744208
PRKAA1,6,SMG6;S537;,0.020168270350656693,0.9798317296493433
PRKAA1,6,SNW1;S224;,0.9206334544667643,0.079366545533236
PRKAA1,6,SNX8;S454;,0.02046903293141808,0.9795309670685819
PRKAA1,6,SON;S94;,0.02106252630623205,0.9789374736937679
PRKAA1,6,SORBS1;S857;,0.02034138031859204,0.979658619681408
PRKAA1,6,SOS1;S1120;,0.028450524945167602,0.9715494750548324
PRKAA1,6,SOX6;S399;,0.020235007109966344,0.9797649928900336
PRKAA1,6,SOX6;S402;,0.020268269417568763,0.9797317305824313
PRKAA1,6,SOX6;T401;,0.024064365779961912,0.9759356342200384
PRKAA1,6,SPAG7;S219;,0.021394008770585924,0.978605991229414
PRKAA1,6,SPAG9;S203;,0.02440086254493671,0.9755991374550634
PRKAA1,6,SPAG9;S716;,0.036635457063682667,0.9633645429363173
PRKAA1,6,SPHK2;S379;,0.9393044210926309,0.06069557890736918
PRKAA1,6,SRPK2;S487;,0.029231390917162398,0.9707686090828376
PRKAA1,6,SRRM2;S2228;,0.020802146604386743,0.9791978533956133
PRKAA1,6,SRRM2;S2338;,0.020735753329661776,0.9792642466703385
PRKAA1,6,SRSF10;S131;,0.9493789428886483,0.05062105711135168
PRKAA1,6,SRSF11;S200;,0.01888784418537794,0.9811121558146221
PRKAA1,6,STARD13;S334;,0.019302127382424334,0.9806978726175759
PRKAA1,6,STAT3;S727;,0.03450274762656895,0.965497252373431
PRKAA1,6,STIM1;S257;,0.8746424916126029,0.125357508387397
PRKAA1,6,STIM1;S523;,0.9136277860567749,0.08637221394322514
PRKAA1,6,STIM1;S524;,0.9283148649854649,0.07168513501453545
PRKAA1,6,STIM2;S675;,0.9323196653333996,0.06768033466660021
PRKAA1,6,STK11IP;S443;,0.017428428713049036,0.9825715712869508
PRKAA1,6,STK3;S385;,0.014968961354655985,0.985031038645344
PRKAA1,6,STMN1;S16;,0.027478003008331732,0.9725219969916682
PRKAA1,6,STMN1;S25;,0.023510040831036878,0.9764899591689631
PRKAA1,6,STMN1;S38;,0.02888747047087643,0.9711125295291235
PRKAA1,6,STRN3;S227;,0.01643923259369532,0.9835607674063046
PRKAA1,6,SUN2;S12;,0.019173140071280216,0.9808268599287198
PRKAA1,6,SVIL;S1177;,0.018039550527699184,0.9819604494723009
PRKAA1,6,SVIL;S259;,0.02505739277100091,0.9749426072289993
PRKAA1,6,SVIL;S531;,0.01694076115137492,0.9830592388486251
PRKAA1,6,SYNPO2L;S401;,0.030712360967797434,0.9692876390322027
PRKAA1,6,SYNPO2L;T141;,0.6530956693263392,0.34690433067366067
PRKAA1,6,SZT2;S1641;,0.02365090134279829,0.9763490986572019
PRKAA1,6,TACC2;S575;,0.03490803166446481,0.9650919683355353
PRKAA1,6,TANC2;S1447;,0.02116834827899269,0.9788316517210074
PRKAA1,6,TBC1D1;S231;,0.9706371257683915,0.02936287423160853
PRKAA1,6,TBC1D1;S662;,0.9771019686817031,0.022898031318296874
PRKAA1,6,TBC1D1;T590;,0.04858922690248582,0.9514107730975142
PRKAA1,6,TBC1D16;S382;,0.017736842919560476,0.9822631570804395
PRKAA1,6,TCF12;S583;,0.03253263281289783,0.9674673671871022
PRKAA1,6,TDRD3;S256;,0.0271475033233211,0.9728524966766791
PRKAA1,6,TENC1;T996;,0.026132568293336933,0.973867431706663
PRKAA1,6,TFE3;S531;,0.04616163784992493,0.9538383621500753
PRKAA1,6,TJP1;S1602;,0.019200595708523435,0.9807994042914765
PRKAA1,6,TJP1;S1604;,0.02100818773711809,0.9789918122628821
PRKAA1,6,TJP2;S147;,0.016672238563743228,0.9833277614362568
PRKAA1,6,TMEM245;S327;,0.046291867680561975,0.9537081323194379
PRKAA1,6,TMEM55A;S14;,0.9431947398196894,0.056805260180310735
PRKAA1,6,TNKS1BP1;S1642;,0.027549086601031645,0.9724509133989686
PRKAA1,6,TNRC6B;S306;,0.018307251023498384,0.9816927489765015
PRKAA1,6,TNRC6B;S421;,0.01725620868989956,0.9827437913101005
PRKAA1,6,TRAK1;S390;,0.019001129996264698,0.9809988700037352
PRKAA1,6,TRAK1;S905;,0.9703221571972813,0.029677842802718568
PRKAA1,6,TRAPPC12;S314;,0.01765164662681522,0.9823483533731846
PRKAA1,6,TRIM28;S474;,0.029812508941333214,0.9701874910586668
PRKAA1,6,TRIO;S2459;,0.01931472087726899,0.9806852791227311
PRKAA1,6,TRIO;S2463;,0.020981568457384223,0.9790184315426156
PRKAA1,6,TRIP12;T1454;,0.02632012486069887,0.973679875139301
PRKAA1,6,TSC2;S939;,0.032110603549735287,0.9678893964502647
PRKAA1,6,TSSC4;S190;,0.0194468609744012,0.9805531390255989
PRKAA1,6,TTN;S305;,0.9331575129843693,0.06684248701563075
PRKAA1,6,UBA1;S13;,0.028505399763944745,0.9714946002360552
PRKAA1,6,UBA5;S380;,0.023816330857292914,0.9761836691427072
PRKAA1,6,UBE2O;S835;,0.023606207203328046,0.976393792796672
PRKAA1,6,UBE2O;T830;,0.32651182406429213,0.6734881759357081
PRKAA1,6,UBE4B;S88;,0.02237988546070559,0.9776201145392943
PRKAA1,6,ULK1;S450;,0.017657365465783895,0.982342634534216
PRKAA1,6,ULK1;S465;,0.9658642074092477,0.034135792590752334
PRKAA1,6,ULK1;S477;,0.02725042485886862,0.9727495751411313
PRKAA1,6,ULK1;S479;,0.0190316756690545,0.9809683243309457
PRKAA1,6,ULK1;S637;,0.9678825788599,0.03211742114009992
PRKAA1,6,ULK1;T468;,0.6371041258510342,0.36289587414896574
PRKAA1,6,ULK1;T659;,0.8329759233362642,0.16702407666373595
PRKAA1,6,USP10;S224;,0.021119376590091478,0.9788806234099086
PRKAA1,6,VAPA;S164;,0.9476479574502675,0.05235204254973248
PRKAA1,6,VIM;S420;,0.9303795279017705,0.06962047209822932
PRKAA1,6,VIM;S430;,0.8395557553724768,0.16044424462752313
PRKAA1,6,VIM;T426;,0.9280131699196719,0.07198683008032798
PRKAA1,6,VPS26B;S304;,0.9466811334257814,0.05331886657421868
PRKAA1,6,WIPF2;S235;,0.019384143595970394,0.9806158564040298
PRKAA1,6,WNK1;S165;,0.028634005849804425,0.9713659941501958
PRKAA1,6,WWC3;S955;,0.018996907605768342,0.9810030923942314
PRKAA1,6,YAP1;S46;,0.9623495633296609,0.03765043667033918
PRKAA1,6,ZC3H13;S368;,0.9516974099094063,0.04830259009059384
PRKAA1,6,ZC3HAV1;S307;,0.019481675919647536,0.9805183240803524
PRKAA1,6,ZC3HAV1;S325;,0.019164532118928088,0.9808354678810719
PRKAA1,6,ZC3HAV1;S544;,0.016700736684968916,0.983299263315031
PRKAA1,6,ZC3HC1;S343;,0.022673095798437883,0.977326904201562
PRKAA1,6,ZC3HC1;T351;,0.03442524028926898,0.965574759710731
PRKAA1,6,ZFP295;S411;,0.02622537381223013,0.9737746261877699
PRKAA1,6,ZFYVE16;S903;,0.025535489939605374,0.9744645100603947
PRKAA1,6,ZNRF2;S148;,0.019210322583520848,0.980789677416479
PRKAA1,6,ZNRF2;S154;,0.018549806288664168,0.9814501937113358
PRKAA1,6,ZNRF2;S18;,0.024434901357418756,0.9755650986425813
PRKAA1,6,ZNRF2;S81;,0.03414567372503622,0.9658543262749636
PRKAA1,6,ZYX;S143;,0.02008769480049471,0.9799123051995055
PRKAA1,6,ZYX;S144;,0.018436000573115664,0.9815639994268845
PRKAA1,6,ZYX;S336;,0.017895642363601593,0.9821043576363984
PRKAA1,6,ZZEF1;S1516;,0.024114624619869636,0.9758853753801304
PRKAA1,6,ZZEF1;S1535;,0.033533065689670585,0.9664669343103293
PRKAA1,7,AAK1;S677;,0.03883486280794189,0.9611651371920581
PRKAA1,7,ABCC4;S604;,0.01945863521525006,0.9805413647847502
PRKAA1,7,ABI2;S165;,0.030196155616673895,0.9698038443833261
PRKAA1,7,ABI2;S168;,0.0187165404802016,0.9812834595197985
PRKAA1,7,ABL2;S799;,0.02667791440827321,0.9733220855917268
PRKAA1,7,ABLIM3;S566;,0.016362167954096285,0.9836378320459037
PRKAA1,7,ABLIM3;S575;,0.7497586263786759,0.25024137362132437
PRKAA1,7,ACACA;S79;,0.964359396371643,0.03564060362835703
PRKAA1,7,ACIN1;S711;,0.02622389828795069,0.9737761017120491
PRKAA1,7,ADD1;S613;,0.016741718133713543,0.9832582818662863
PRKAA1,7,ADD1;T614;,0.037015738065634476,0.9629842619343653
PRKAA1,7,ADNP;S971;,0.017196017928339316,0.9828039820716609
PRKAA1,7,AFF4;S823;,0.05301348022371592,0.9469865197762839
PRKAA1,7,AGAP3;S107;,0.02519885593055565,0.9748011440694444
PRKAA1,7,AHCTF1;S1214;,0.9661761441284222,0.033823855871577685
PRKAA1,7,AHNAK;S1191;,0.9020015414875863,0.0979984585124137
PRKAA1,7,AHNAK;S177;,0.02250548208906468,0.9774945179109353
PRKAA1,7,AHNAK;S2060;,0.01632649817076325,0.9836735018292366
PRKAA1,7,AHNAK;S211;,0.029895201290467487,0.9701047987095325
PRKAA1,7,AHNAK;S2117;,0.8942581495996338,0.10574185040036611
PRKAA1,7,AHNAK;S222;,0.9644670143440773,0.035532985655922694
PRKAA1,7,AHNAK;S3915;,0.018681892336864035,0.9813181076631361
PRKAA1,7,AHNAK;S42;,0.0149094951119912,0.9850905048880089
PRKAA1,7,AHNAK;S4597;,0.019545940617598245,0.9804540593824016
PRKAA1,7,AHNAK;S5243;,0.025859197502339587,0.9741408024976604
PRKAA1,7,AHNAK;T4049;,0.13419778782765754,0.8658022121723423
PRKAA1,7,AHNAK2;S425;,0.01829699071637561,0.9817030092836245
PRKAA1,7,AHNAK2;T438;,0.038185365665974406,0.9618146343340256
PRKAA1,7,AIMP1;S110;,0.029119534749124185,0.9708804652508759
PRKAA1,7,AJUBA;S129;,0.027304781597373855,0.9726952184026261
PRKAA1,7,AKAP1;S103;,0.9715683201184521,0.028431679881547947
PRKAA1,7,AKAP10;S278;,0.01673910905922238,0.9832608909407776
PRKAA1,7,AKAP11;S1090;,0.8165715572067804,0.18342844279321938
PRKAA1,7,AKAP11;S21;,0.018292373730000033,0.98170762627
PRKAA1,7,AKAP11;S23;,0.01966216095224237,0.9803378390477576
PRKAA1,7,AKAP11;S448;,0.020161148369632828,0.9798388516303673
PRKAA1,7,AKAP13;S2515;,0.03325899347143969,0.9667410065285604
PRKAA1,7,AKAP2;S152;,0.038061193113295366,0.9619388068867047
PRKAA1,7,AKAP2;S730;,0.025237349949273645,0.9747626500507264
PRKAA1,7,AKAP6;S562;,0.9592277178354434,0.040772282164556625
PRKAA1,7,AKAP9;S3669;,0.024576213858713336,0.9754237861412866
PRKAA1,7,AKT1S1;S184;,0.01690577376987855,0.9830942262301217
PRKAA1,7,AKT1S1;T247;,0.02375198443496499,0.9762480155650349
PRKAA1,7,ALKBH5;S362;,0.04915043776597338,0.9508495622340267
PRKAA1,7,ALKBH5;S376;,0.020116645877691044,0.9798833541223086
PRKAA1,7,AMOTL1;S580;,0.9404634995431792,0.059536500456820844
PRKAA1,7,ANP32A;S15;,0.023123389727203902,0.9768766102727959
PRKAA1,7,AP3D1;S755;,0.037038282372363306,0.9629617176276367
PRKAA1,7,ARFGAP2;S145;,0.019171518333497426,0.9808284816665025
PRKAA1,7,ARFGEF2;S214;,0.03693447552955314,0.9630655244704469
PRKAA1,7,ARFIP1;S39;,0.9778936740243402,0.022106325975659855
PRKAA1,7,ARHGAP17;S710;,0.030766109173942152,0.9692338908260577
PRKAA1,7,ARHGAP22;S200;,0.027923173191859954,0.9720768268081401
PRKAA1,7,ARHGAP22;S236;,0.02592575723928586,0.9740742427607142
PRKAA1,7,ARHGAP35;S1174;,0.021495928507312058,0.9785040714926878
PRKAA1,7,ARHGAP39;S284;,0.022690831855642486,0.9773091681443575
PRKAA1,7,ARHGAP5;S1195;,0.022063344573126368,0.9779366554268737
PRKAA1,7,ARHGAP5;S1202;,0.02515856066208913,0.9748414393379107
PRKAA1,7,ARHGAP5;S967;,0.01868216901463282,0.9813178309853673
PRKAA1,7,ARHGEF12;S337;,0.022468096027007712,0.9775319039729923
PRKAA1,7,ARHGEF12;S341;,0.01927164844084328,0.9807283515591567
PRKAA1,7,ARHGEF17;S995;,0.9331238208363478,0.06687617916365221
PRKAA1,7,ARHGEF5;S721;,0.015356759808065777,0.9846432401919343
PRKAA1,7,ARPP21;S256;,0.8457870574072147,0.15421294259278534
PRKAA1,7,ATF7;T53;,0.874307033195375,0.1256929668046249
PRKAA1,7,ATG14;S5;,0.020429951601766968,0.9795700483982333
PRKAA1,7,ATG2A;S1246;,0.018354552061066575,0.9816454479389334
PRKAA1,7,ATG2B;S240;,0.02060613312418185,0.9793938668758183
PRKAA1,7,ATG2B;S255;,0.025517558329421316,0.9744824416705786
PRKAA1,7,ATRX;S761;,0.03373536732565716,0.9662646326743428
PRKAA1,7,ATXN2;S622;,0.01876075543888139,0.9812392445611187
PRKAA1,7,ATXN2L;S109;,0.019933493822605394,0.9800665061773947
PRKAA1,7,ATXN2L;S447;,0.025665534193922868,0.9743344658060771
PRKAA1,7,AZI1;S114;,0.050274733381508244,0.9497252666184917
PRKAA1,7,AZI1;S304;,0.024172632092656764,0.9758273679073431
PRKAA1,7,BAD;S171;,0.9672984930358342,0.03270150696416594
PRKAA1,7,BAG3;S271;,0.03545996611557146,0.9645400338844287
PRKAA1,7,BAG3;S387;,0.018468933126708414,0.9815310668732917
PRKAA1,7,BAG3;S388;,0.024579041494816538,0.9754209585051836
PRKAA1,7,BAIAP2L1;S218;,0.025136629318305015,0.974863370681695
PRKAA1,7,BAIAP2L1;S380;,0.9643855735032408,0.03561442649675917
PRKAA1,7,BAZ2A;S1388;,0.02137000753276568,0.9786299924672343
PRKAA1,7,BBX;S243;,0.028724198946681486,0.9712758010533185
PRKAA1,7,BCL9L;S116;,0.026569879229134768,0.9734301207708651
PRKAA1,7,BCL9L;S21;,0.9610685458971795,0.038931454102820416
PRKAA1,7,BCL9L;S25;,0.032092345742773094,0.9679076542572268
PRKAA1,7,BICD2;S611;,0.03156825878193791,0.968431741218062
PRKAA1,7,BICD2;S819;,0.036987281367138705,0.9630127186328614
PRKAA1,7,BRAF;S134;,0.018060193321172147,0.9819398066788277
PRKAA1,7,BRD8;S274;,0.025881485264028052,0.974118514735972
PRKAA1,7,BRD8;T270;,0.02518346706986212,0.9748165329301377
PRKAA1,7,BSDC1;S216;,0.021892923946994897,0.9781070760530052
PRKAA1,7,C2CD4C;S262;,0.03242220381779834,0.9675777961822017
PRKAA1,7,CACNB1;S53;,0.022004679370756293,0.9779953206292438
PRKAA1,7,CALD1;S527;,0.020594745365560954,0.9794052546344392
PRKAA1,7,CAMK2D;T371;,0.743419139015365,0.256580860984635
PRKAA1,7,CAMSAP1;S1154;,0.021151840400292145,0.9788481595997078
PRKAA1,7,CAMSAP1;S517;,0.019668528597578755,0.9803314714024214
PRKAA1,7,CAP2;S301;,0.018278015486682297,0.9817219845133175
PRKAA1,7,CBX5;S93;,0.03971838550606579,0.9602816144939343
PRKAA1,7,CCDC6;S143;,0.020414135572461585,0.9795858644275384
PRKAA1,7,CCDC88A;S1638;,0.03039778113091042,0.9696022188690895
PRKAA1,7,CCDC91;S71;,0.017449649017510078,0.98255035098249
PRKAA1,7,CDC42EP2;S137;,0.026012340177015814,0.9739876598229842
PRKAA1,7,CDC42EP2;S141;,0.02476535605407111,0.9752346439459287
PRKAA1,7,CDC42EP4;S140;,0.02417336066982383,0.9758266393301763
PRKAA1,7,CDKN1A;S69;,0.019299855522115873,0.980700144477884
PRKAA1,7,CDKN1B;S12;,0.02450452194895869,0.9754954780510413
PRKAA1,7,CDKN1B;S7;,0.016309904430636023,0.983690095569364
PRKAA1,7,CEP170B;S1166;,0.03919670820592123,0.9608032917940791
PRKAA1,7,CEP68;S503;,0.3275228450545414,0.6724771549454586
PRKAA1,7,CEP68;S510;,0.028530951639022976,0.9714690483609768
PRKAA1,7,CHAMP1;S532;,0.025979541400117847,0.9740204585998822
PRKAA1,7,CHD8;S549;,0.9643527830211057,0.0356472169788941
PRKAA1,7,CHRND;S379;,0.9547415546447681,0.04525844535523208
PRKAA1,7,CIC;S1394;,0.029771443248622444,0.9702285567513774
PRKAA1,7,CIC;S1399;,0.01651604209365884,0.983483957906341
PRKAA1,7,CLASP2;S331;,0.9728768757266312,0.027123124273368913
PRKAA1,7,CLIP1;S159;,0.02116984906169845,0.9788301509383018
PRKAA1,7,COBL;S31;,0.9704849505296401,0.029515049470359867
PRKAA1,7,COBL;S34;,0.9736308554764902,0.02636914452350981
PRKAA1,7,COG3;S536;,0.9651098872958624,0.034890112704137555
PRKAA1,7,CORO7;S298;,0.9808982554522994,0.01910174454770066
PRKAA1,7,DAB2IP;S802;,0.02029253342181774,0.9797074665781822
PRKAA1,7,DAP;S2;,0.019991464099013558,0.9800085359009864
PRKAA1,7,DAP;S3;,0.019510196869777563,0.9804898031302225
PRKAA1,7,DBNDD1;S123;,0.024784776872351134,0.9752152231276491
PRKAA1,7,DCAF6;S336;,0.01453426226392546,0.9854657377360747
PRKAA1,7,DCLK1;S30;,0.9643392602439376,0.0356607397560625
PRKAA1,7,DDX19A;S86;,0.02340419889128545,0.9765958011087145
PRKAA1,7,DDX3X;S261;,0.052585356554089205,0.947414643445911
PRKAA1,7,DENND4C;S1037;,0.9719641086935593,0.02803589130644073
PRKAA1,7,DLG2;S323;,0.023474115843730534,0.9765258841562693
PRKAA1,7,DLG2;S328;,0.019077538989484465,0.9809224610105154
PRKAA1,7,DMXL1;S574;,0.9626235315526279,0.03737646844737203
PRKAA1,7,DNAJC2;T48;,0.0938788534400131,0.9061211465599868
PRKAA1,7,DNAJC25;T353;,0.1823853179447526,0.8176146820552472
PRKAA1,7,DOCK6;S1339;,0.13862825720371147,0.8613717427962886
PRKAA1,7,DOCK7;S1361;,0.0696327738067561,0.9303672261932439
PRKAA1,7,DOCK7;S2107;,0.023333821718059405,0.9766661782819406
PRKAA1,7,DOPEY1;S1261;,0.04605969562072058,0.9539403043792796
PRKAA1,7,DTNA;S606;,0.02068966145091702,0.979310338549083
PRKAA1,7,DUSP27;S366;,0.030766447394048553,0.9692335526059515
PRKAA1,7,DUSP27;S368;,0.021463714028232005,0.978536285971768
PRKAA1,7,DUSP27;S370;,0.018741133099233004,0.981258866900767
PRKAA1,7,DUSP27;S427;,0.021188121211504977,0.9788118787884951
PRKAA1,7,DYNC1H1;S4365;,0.024047248880815397,0.9759527511191846
PRKAA1,7,DYNC1I2;S81;,0.033997638838067404,0.9660023611619327
PRKAA1,7,EEF2;T57;,0.7676017369514705,0.23239826304852948
PRKAA1,7,EEF2K;S365;,0.6781989344502809,0.3218010655497191
PRKAA1,7,EHBP1L1;S1363;,0.973207336968443,0.026792663031556942
PRKAA1,7,EHD4;S459;,0.01747488461496659,0.9825251153850335
PRKAA1,7,EIF3A;S584;,0.025478775055745476,0.9745212249442544
PRKAA1,7,EIF4B;S422;,0.041491182868725926,0.9585088171312741
PRKAA1,7,EIF4B;S424;,0.020310626793955965,0.9796893732060441
PRKAA1,7,EIF4B;S425;,0.02230879592647527,0.9776912040735248
PRKAA1,7,EIF4B;T420;,0.018206307203546237,0.9817936927964538
PRKAA1,7,EIF4EBP1;S64;,0.01768851075694251,0.9823114892430577
PRKAA1,7,EIF4EBP2;S2;,0.02483779552601023,0.9751622044739899
PRKAA1,7,EIF5B;S183;,0.031235380267903,0.968764619732097
PRKAA1,7,ELMSAN1;S456;,0.04677116979583418,0.9532288302041658
PRKAA1,7,EPS8;S659;,0.03334956851886359,0.9666504314811362
PRKAA1,7,ETL4;S1844;,0.03184891863493733,0.9681510813650624
PRKAA1,7,ETV3;S139;,0.021864852820091422,0.9781351471799087
PRKAA1,7,FAM120C;S55;,0.01701324056049983,0.9829867594395002
PRKAA1,7,FAM134C;S313;,0.9430799413024465,0.05692005869755353
PRKAA1,7,FAM134C;S320;,0.779127124459891,0.2208728755401087
PRKAA1,7,FAM171A2;S423;,0.026246062452850192,0.9737539375471499
PRKAA1,7,FAM65A;S752;,0.03243460850360283,0.9675653914963973
PRKAA1,7,FBXO30;S379;,0.020198072749044498,0.9798019272509553
PRKAA1,7,FHOD1;S489;,0.020607088345745816,0.9793929116542542
PRKAA1,7,FHOD1;S501;,0.025887714259350353,0.9741122857406496
PRKAA1,7,FHOD1;S504;,0.022132140608321207,0.9778678593916788
PRKAA1,7,FHOD1;S513;,0.028432768418214623,0.9715672315817854
PRKAA1,7,FHOD1;S523;,0.02533188484507578,0.9746681151549246
PRKAA1,7,FLNC;S2147;,0.018320547801851172,0.9816794521981488
PRKAA1,7,FLNC;S2234;,0.028503617436929984,0.97149638256307
PRKAA1,7,FMN1;S589;,0.020249566453851293,0.9797504335461488
PRKAA1,7,FOSL2;S320;,0.025305345412885052,0.9746946545871151
PRKAA1,7,FOSL2;T322;,0.04483283481144252,0.9551671651885577
PRKAA1,7,FOXK1;S225;,0.026510698688409516,0.9734893013115905
PRKAA1,7,FOXK2;T200;,0.033463036733615635,0.9665369632663843
PRKAA1,7,FOXO3;S252;,0.034972300477858674,0.9650276995221413
PRKAA1,7,FRMD8;S21;,0.020885608195590218,0.9791143918044098
PRKAA1,7,FRYL;T1959;,0.029144106540818164,0.9708558934591819
PRKAA1,7,GAB1;S418;,0.029023743598454336,0.9709762564015457
PRKAA1,7,GAB2;S142;,0.02251786181681641,0.9774821381831834
PRKAA1,7,GAB2;S143;,0.03661373362971625,0.9633862663702837
PRKAA1,7,GAB2;S211;,0.029893726250409793,0.9701062737495904
PRKAA1,7,GAB2;S365;,0.01949144309001291,0.980508556909987
PRKAA1,7,GAB2;T388;,0.023359930411155864,0.976640069588844
PRKAA1,7,GATAD2A;S103;,0.9729618494160343,0.027038150583965758
PRKAA1,7,GATAD2A;S96;,0.9771082291209958,0.02289177087900431
PRKAA1,7,GATAD2B;S338;,0.02584993828051162,0.9741500617194884
PRKAA1,7,GBF1;S1786;,0.05117580548241126,0.9488241945175888
PRKAA1,7,GIGYF1;S28;,0.02697455971777012,0.9730254402822299
PRKAA1,7,GIT2;S568;,0.02003179212358559,0.9799682078764144
PRKAA1,7,GOLGA4;S116;,0.9689720282352084,0.031027971764791527
PRKAA1,7,GSK3A;S21;,0.035586155734253215,0.9644138442657466
PRKAA1,7,GSK3A;S41;,0.016990011516964415,0.9830099884830353
PRKAA1,7,GSK3B;S9;,0.04282493072449771,0.9571750692755022
PRKAA1,7,GYS1;S728;,0.030057890626353494,0.9699421093736467
PRKAA1,7,HBP1;S401;,0.025267683787716926,0.9747323162122831
PRKAA1,7,HBS1L;S147;,0.017422045496159475,0.9825779545038404
PRKAA1,7,HDAC6;S21;,0.022978462172389587,0.9770215378276103
PRKAA1,7,HECTD1;S1392;,0.03513363796289384,0.9648663620371062
PRKAA1,7,HECTD1;S1393;,0.028154985622154047,0.9718450143778459
PRKAA1,7,HECTD1;S1573;,0.9227315570226925,0.07726844297730748
PRKAA1,7,HELB;S944;,0.0266902037551783,0.9733097962448218
PRKAA1,7,HERC1;S1163;,0.024067976628454783,0.975932023371545
PRKAA1,7,HERC1;T1154;,0.024744856703171055,0.975255143296829
PRKAA1,7,HIRIP3;S27;,0.017304451622846228,0.9826955483771538
PRKAA1,7,HN1L;S97;,0.019927391393923716,0.9800726086060763
PRKAA1,7,HOMER3;S158;,0.04821922562793737,0.9517807743720625
PRKAA1,7,HUWE1;S1876;,0.017748582324747228,0.9822514176752527
PRKAA1,7,HUWE1;S3639;,0.015698520303049537,0.9843014796969505
PRKAA1,7,HUWE1;S3898;,0.02447251102646617,0.9755274889735339
PRKAA1,7,HUWE1;T3903;,0.028582994647876777,0.9714170053521232
PRKAA1,7,IREB2;S178;,0.016441434390388494,0.9835585656096114
PRKAA1,7,IRF2BPL;S69;,0.019410699497575477,0.9805893005024244
PRKAA1,7,ITSN1;S1063;,0.149629006225584,0.850370993774416
PRKAA1,7,ITSN1;S315;,0.03405069911486675,0.9659493008851334
PRKAA1,7,JMY;S56;,0.0334902322919118,0.9665097677080882
PRKAA1,7,JSRP1;S47;,0.023036087039134987,0.976963912960865
PRKAA1,7,KANK2;S358;,0.024134779471318573,0.9758652205286813
PRKAA1,7,KCTD3;S809;,0.971220036321961,0.028779963678039148
PRKAA1,7,KDM2A;S718;,0.025618601941185617,0.9743813980588142
PRKAA1,7,KDM2A;T713;,0.03232097916452287,0.9676790208354772
PRKAA1,7,KDM5C;S316;,0.03175686157968379,0.9682431384203162
PRKAA1,7,KPNA1;S2;,0.04426519221928697,0.9557348077807131
PRKAA1,7,KPNA1;T3;,0.11151187356691343,0.8884881264330867
PRKAA1,7,LAMTOR1;S98;,0.02398205985873145,0.9760179401412686
PRKAA1,7,LARP1;S916;,0.04417910458441934,0.9558208954155806
PRKAA1,7,LARP1;T932;,0.036626892930927524,0.9633731070690723
PRKAA1,7,LARP4B;S498;,0.03140488991171462,0.9685951100882854
PRKAA1,7,LDB3;S112;,0.016386035872829316,0.9836139641271707
PRKAA1,7,LIMA1;S360;,0.024031365267966516,0.9759686347320334
PRKAA1,7,LIMA1;S603;,0.023750553297875482,0.9762494467021244
PRKAA1,7,LIMA1;S608;,0.02305357389707621,0.9769464261029238
PRKAA1,7,LIMA1;S703;,0.022396631855913812,0.9776033681440862
PRKAA1,7,LMNA;S404;,0.03723756384537563,0.9627624361546245
PRKAA1,7,LMNA;S406;,0.02007765748298978,0.9799223425170103
PRKAA1,7,LMNA;S407;,0.017577310739768016,0.982422689260232
PRKAA1,7,LMNA;S423;,0.022288955351966247,0.9777110446480337
PRKAA1,7,LMNA;S424;,0.019853456750064346,0.9801465432499358
PRKAA1,7,LMO7;S1541;,0.03286301649526417,0.9671369835047355
PRKAA1,7,LMO7;S1543;,0.024516168465257705,0.9754838315347422
PRKAA1,7,LOC100360205;S239;,0.025420899146980442,0.9745791008530198
PRKAA1,7,LOC100365259;S393;,0.13138893635266655,0.8686110636473334
PRKAA1,7,LOC100910104;S475;,0.027321350958493716,0.9726786490415064
PRKAA1,7,LOC100910104;S532;,0.9744789748087385,0.025521025191261492
PRKAA1,7,LOC100910104;S719;,0.022001800130540802,0.9779981998694591
PRKAA1,7,LOC100910646;S166;,0.019435358591522053,0.980564641408478
PRKAA1,7,LOC100911178;S1643;,0.02106925894751049,0.9789307410524896
PRKAA1,7,LOC100911302;S1721;,0.02341163852152,0.97658836147848
PRKAA1,7,LOC100911677;S490;,0.9754509377701065,0.024549062229893472
PRKAA1,7,LOC100912115;S649;,0.023183519308893622,0.9768164806911065
PRKAA1,7,LOC312502;S1164;,0.018841452635048685,0.9811585473649513
PRKAA1,7,LOC312502;S138;,0.9778262879484091,0.02217371205159104
PRKAA1,7,LOC312502;S139;,0.9739057338156504,0.026094266184349554
PRKAA1,7,LOC312502;S483;,0.025523918663402093,0.9744760813365979
PRKAA1,7,LOC683007;S1204;,0.02030950541930164,0.9796904945806985
PRKAA1,7,LOC683007;S1207;,0.017004067550067656,0.9829959324499324
PRKAA1,7,LOC684259;S780;,0.9730427965189353,0.02695720348106465
PRKAA1,7,LOC685707;S1251;,0.02716128374230993,0.97283871625769
PRKAA1,7,LRRFIP2;S18;,0.020371717497214014,0.9796282825027859
PRKAA1,7,LRRFIP2;T136;,0.03270296968709271,0.9672970303129071
PRKAA1,7,LYSMD1;S33;,0.9715899774936796,0.028410022506320316
PRKAA1,7,MACF1;S1376;,0.03098055448187515,0.969019445518125
PRKAA1,7,MACF1;S5293;,0.024382424022332906,0.9756175759776671
PRKAA1,7,MAF1;S60;,0.02206401030816397,0.9779359896918359
PRKAA1,7,MAP1A;S1757;,0.04982883963313344,0.9501711603668664
PRKAA1,7,MAP1A;T2177;,0.03358905678493216,0.9664109432150679
PRKAA1,7,MAP1A;T504;,0.025210497552928608,0.9747895024470715
PRKAA1,7,MAP1B;S1257;,0.027677347773784878,0.9723226522262152
PRKAA1,7,MAP1B;S1389;,0.02899751137057987,0.97100248862942
PRKAA1,7,MAP1B;S1393;,0.028807910400062593,0.9711920895999374
PRKAA1,7,MAP1B;T1781;,0.5,0.5
PRKAA1,7,MAP1S;S683;,0.02864825464773136,0.9713517453522685
PRKAA1,7,MAP4;S902;,0.9640398144282579,0.03596018557174214
PRKAA1,7,MAP4K4;S591;,0.018806025975178862,0.9811939740248209
PRKAA1,7,MAP4K4;S791;,0.9832967622618376,0.016703237738162357
PRKAA1,7,MAP4K4;S794;,0.9788863198246629,0.021113680175337057
PRKAA1,7,MAPK1;Y185;,0.2255846370236163,0.7744153629763838
PRKAA1,7,MAPK14;Y182;,0.27897636660576963,0.7210236333942305
PRKAA1,7,MAPK8;Y185;,0.5511150986177518,0.4488849013822483
PRKAA1,7,MARCKS;S141;,0.0450412781740279,0.9549587218259721
PRKAA1,7,MARK3;S593;,0.015873857103446864,0.9841261428965531
PRKAA1,7,MARK3;T594;,0.06791895357226649,0.9320810464277337
PRKAA1,7,MATR3;S188;,0.04446956960969432,0.9555304303903056
PRKAA1,7,MBD3;S85;,0.028228564114052116,0.971771435885948
PRKAA1,7,MBD3;S86;,0.015708941698882324,0.984291058301118
PRKAA1,7,MDM2;S138;,0.03189037933774642,0.9681096206622534
PRKAA1,7,MED1;S1465;,0.017870721674305964,0.9821292783256939
PRKAA1,7,MED1;S1467;,0.01945809496934334,0.9805419050306564
PRKAA1,7,MED1;S1468;,0.01802912315181872,0.9819708768481812
PRKAA1,7,MED24;S860;,0.03114714857956838,0.9688528514204318
PRKAA1,7,MED24;S861;,0.020301748210954502,0.9796982517890453
PRKAA1,7,MEF2C;S226;,0.02389837408505691,0.9761016259149431
PRKAA1,7,MID1;S96;,0.0242405470499482,0.9757594529500518
PRKAA1,7,MKL1;S571;,0.022362274290921344,0.9776377257090787
PRKAA1,7,MLL2;S2291;,0.019574017770727353,0.9804259822292726
PRKAA1,7,MLLT4;S216;,0.017535470252313043,0.9824645297476867
PRKAA1,7,MLLT4;S246;,0.02820417776389704,0.9717958222361031
PRKAA1,7,MON2;S197;,0.021817995952802715,0.9781820040471976
PRKAA1,7,MPHOSPH10;S168;,0.9719665562405163,0.028033443759483585
PRKAA1,7,MPRIP;S369;,0.023090718613356685,0.9769092813866433
PRKAA1,7,MTFR1L;S100;,0.9720330395928924,0.027966960407107513
PRKAA1,7,MTFR1L;S234;,0.9742182245290603,0.02578177547093965
PRKAA1,7,MTFR1L;S235;,0.9791647311511389,0.020835268848861003
PRKAA1,7,MTSS1L;S575;,0.02433678808588064,0.9756632119141195
PRKAA1,7,MURC;S20;,0.025290161488270825,0.9747098385117294
PRKAA1,7,MUSK;S689;,0.020244608345423104,0.9797553916545768
PRKAA1,7,MUSK;S690;,0.03140745711352992,0.9685925428864702
PRKAA1,7,MYBBP1A;S1283;,0.022416935630982623,0.9775830643690174
PRKAA1,7,MYCBP2;S2750;,0.02989894360859261,0.9701010563914074
PRKAA1,7,MYOZ2;T32;,0.03482269561605498,0.9651773043839451
PRKAA1,7,NACA;S1125;,0.025094733302437864,0.9749052666975622
PRKAA1,7,NACA;S1345;,0.0241575627397177,0.9758424372602824
PRKAA1,7,NACA;S1454;,0.02674457008028624,0.9732554299197138
PRKAA1,7,NACA;S1720;,0.0254918434417241,0.9745081565582758
PRKAA1,7,NACA;S914;,0.029079211767079907,0.97092078823292
PRKAA1,7,NACA;S942;,0.024823587224879148,0.9751764127751208
PRKAA1,7,NCAPH;S24;,0.018058942161100246,0.9819410578388997
PRKAA1,7,NCOR1;S363;,0.01920405054732306,0.980795949452677
PRKAA1,7,NCOR2;S1747;,0.022456435408388827,0.9775435645916113
PRKAA1,7,NDRG1;S330;,0.041445993497032395,0.9585540065029676
PRKAA1,7,NDRG1;T328;,0.026937742477595273,0.9730622575224045
PRKAA1,7,NDRG2;T334;,0.020826445900276984,0.9791735540997232
PRKAA1,7,NEK9;S16;,0.9036245913751354,0.09637540862486454
PRKAA1,7,NEK9;S736;,0.031986255987902626,0.9680137440120974
PRKAA1,7,NELFE;S131;,0.02343159518238827,0.9765684048176115
PRKAA1,7,NES;S1071;,0.9628720079551206,0.03712799204487931
PRKAA1,7,NES;S1123;,0.01755683828533617,0.982443161714664
PRKAA1,7,NES;S1131;,0.9765460911322662,0.02345390886773372
PRKAA1,7,NES;S620;,0.01764965290211979,0.9823503470978804
PRKAA1,7,NES;S784;,0.9398107819073681,0.06018921809263197
PRKAA1,7,NEXN;S280;,0.03824998851222386,0.9617500114877761
PRKAA1,7,NFIX;S265;,0.022991151989538668,0.9770088480104614
PRKAA1,7,NHSL1;T1376;,0.03148404238820934,0.9685159576117905
PRKAA1,7,NUMA1;S1935;,0.028889753217349757,0.9711102467826503
PRKAA1,7,NUMA1;S1958;,0.02497169886185649,0.9750283011381435
PRKAA1,7,NUP35;S73;,0.023318668154268248,0.9766813318457317
PRKAA1,7,OPTN;S188;,0.9745158235339993,0.02548417646600058
PRKAA1,7,PACS2;S319;,0.021142317261572226,0.9788576827384279
PRKAA1,7,PAK1;S144;,0.021072880664965522,0.9789271193350344
PRKAA1,7,PAK1;S203;,0.023210110968704564,0.9767898890312954
PRKAA1,7,PAK2;S197;,0.08633078682208509,0.9136692131779147
PRKAA1,7,PARD3;S715;,0.03495131562279598,0.9650486843772039
PRKAA1,7,PARVA;S14;,0.037019144659135465,0.9629808553408646
PRKAA1,7,PATL1;S184;,0.02316930645624996,0.9768306935437501
PRKAA1,7,PBXIP1;S132;,0.020443256758766296,0.9795567432412338
PRKAA1,7,PBXIP1;S133;,0.02189230918534451,0.9781076908146554
PRKAA1,7,PCM1;S1280;,0.028113866702991343,0.9718861332970088
PRKAA1,7,PCM1;S380;,0.018159886193609476,0.9818401138063906
PRKAA1,7,PCM1;S384;,0.024755675732989677,0.9752443242670104
PRKAA1,7,PDAP1;S176;,0.026861068922149057,0.9731389310778509
PRKAA1,7,PDAP1;S178;,0.018588919154481725,0.9814110808455182
PRKAA1,7,PDCD4;S420;,0.025963978836826124,0.9740360211631739
PRKAA1,7,PDCD4;S76;,0.02513270738263505,0.9748672926173649
PRKAA1,7,PDLIM7;S209;,0.015547918896197773,0.9844520811038021
PRKAA1,7,PDLIM7;T214;,0.04020693448944115,0.9597930655105589
PRKAA1,7,PDLIM7;T215;,0.04041372955250724,0.9595862704474927
PRKAA1,7,PDS5B;S1176;,0.026244014736564812,0.9737559852634351
PRKAA1,7,PDXDC1;T554;,0.0332295530894233,0.9667704469105768
PRKAA1,7,PELO;S55;,0.017714612885322063,0.9822853871146782
PRKAA1,7,PEX1;S1209;,0.022203736759462696,0.9777962632405373
PRKAA1,7,PFKFB2;S469;,0.06168479643669113,0.9383152035633087
PRKAA1,7,PHF1;S410;,0.020651803784299726,0.9793481962157002
PRKAA1,7,PHF1;S415;,0.02194002737775126,0.9780599726222486
PRKAA1,7,PHF2;S782;,0.022196015669223045,0.9778039843307769
PRKAA1,7,PHIP;S1251;,0.02315844297536979,0.9768415570246302
PRKAA1,7,PHLDB1;S431;,0.02271590898089866,0.9772840910191012
PRKAA1,7,PHLDB1;S534;,0.041341190082157815,0.9586588099178422
PRKAA1,7,PHLDB2;S241;,0.032440955252314684,0.9675590447476854
PRKAA1,7,PI4K2A;S43;,0.016735104070466023,0.9832648959295341
PRKAA1,7,PI4K2A;S46;,0.021635602032493387,0.9783643979675068
PRKAA1,7,PI4K2A;S461;,0.028749186606946822,0.9712508133930532
PRKAA1,7,PI4K2A;S50;,0.02484046847507837,0.9751595315249215
PRKAA1,7,PID1;S230;,0.023758298666089726,0.9762417013339104
PRKAA1,7,PID1;S231;,0.021390758927097443,0.9786092410729027
PRKAA1,7,PID1;S232;,0.036611523357575664,0.9633884766424243
PRKAA1,7,PID1;S242;,0.01845249333317033,0.9815475066668298
PRKAA1,7,PIEZO1;S1370;,0.025535022253253218,0.9744649777467468
PRKAA1,7,PIK3C2A;S261;,0.019423719768887043,0.9805762802311129
PRKAA1,7,PLEC;S4246;,0.05962238774656298,0.940377612253437
PRKAA1,7,PLEC;S4249;,0.02541036698540283,0.9745896330145973
PRKAA1,7,PNISR;S290;,0.01704996209170772,0.9829500379082922
PRKAA1,7,POM121;S370;,0.021767089978120248,0.9782329100218798
PRKAA1,7,PPAN;S233;,0.9658704272554757,0.03412957274452434
PRKAA1,7,PPAN;S238;,0.9691406801543003,0.030859319845699767
PRKAA1,7,PPAN;S240;,0.976726841522871,0.02327315847712891
PRKAA1,7,PPP1R12C;S508;,0.023104737639618,0.9768952623603819
PRKAA1,7,PPP1R13L;S110;,0.024905389019079974,0.9750946109809199
PRKAA1,7,PPP1R13L;S154;,0.01922649982388554,0.9807735001761143
PRKAA1,7,PPP1R13L;S360;,0.024213524915171654,0.9757864750848285
PRKAA1,7,PPP6R2;S629;,0.026039804451592173,0.9739601955484077
PRKAA1,7,PPP6R2;S719;,0.02135299137798541,0.9786470086220144
PRKAA1,7,PRKAA1;S496;,0.02937951955391059,0.9706204804460895
PRKAA1,7,PRKAB1;S108;,0.9782247098429407,0.02177529015705932
PRKAA1,7,PRRC2A;S765;,0.016421737118707574,0.9835782628812925
PRKAA1,7,PRRC2B;S259;,0.046469330468548876,0.9535306695314512
PRKAA1,7,PSMA5;T55;,0.7577485558093366,0.24225144419066338
PRKAA1,7,PSMC3;S12;,0.01955081266868238,0.9804491873313176
PRKAA1,7,PSMC3;S9;,0.02062996446602761,0.9793700355339725
PRKAA1,7,PTPN12;T544;,0.7883983594599467,0.21160164054005318
PRKAA1,7,PTPN21;S599;,0.03131089110542344,0.9686891088945768
PRKAA1,7,PTPN21;S762;,0.0425018153685916,0.9574981846314083
PRKAA1,7,PTRF;S169;,0.016856941968199916,0.9831430580318002
PRKAA1,7,PTRF;S171;,0.019509566196009933,0.9804904338039903
PRKAA1,7,PUM2;S82;,0.026055812757773533,0.9739441872422264
PRKAA1,7,PXN;S106;,0.023951729460851865,0.976048270539148
PRKAA1,7,PXN;S137;,0.019276601486158583,0.9807233985138415
PRKAA1,7,PXN;S83;,0.021110477127012778,0.9788895228729871
PRKAA1,7,RABGEF1;T142;,0.1218341280405829,0.8781658719594171
PRKAA1,7,RAF1;S295;,0.02016254713941696,0.9798374528605832
PRKAA1,7,RAF1;S296;,0.02434188147442009,0.9756581185255799
PRKAA1,7,RAI14;T249;,0.0302951877489828,0.9697048122510172
PRKAA1,7,RANBP10;S481;,0.8599014947887187,0.14009850521128153
PRKAA1,7,RANBP3;S58;,0.028324339042544725,0.9716756609574554
PRKAA1,7,RAPGEF1;S306;,0.03071301115678502,0.969286988843215
PRKAA1,7,RAPGEF1;S308;,0.024567286450566987,0.9754327135494332
PRKAA1,7,RAVER1;S576;,0.03344356880939232,0.9665564311906077
PRKAA1,7,RB1CC1;S243;,0.017895675933077188,0.9821043240669229
PRKAA1,7,RBM3;S145;,0.025859756857664274,0.9741402431423358
PRKAA1,7,RBM7;S72;,0.03445221023991353,0.9655477897600867
PRKAA1,7,RFX7;S1177;,0.023359591884162142,0.9766404081158381
PRKAA1,7,RGD1307838;S900;,0.029119221821543056,0.9708807781784567
PRKAA1,7,RGD1307838;S903;,0.017653596637861202,0.9823464033621387
PRKAA1,7,RGD1308297;S518;,0.02282360633907886,0.9771763936609213
PRKAA1,7,RGD1309586;S243;,0.0198986511919769,0.980101348808023
PRKAA1,7,RGD1309586;S59;,0.1255409497712193,0.8744590502287809
PRKAA1,7,RGD1310016;S1171;,0.9659663117316291,0.03403368826837092
PRKAA1,7,RGD1311783;S45;,0.9819664359309246,0.018033564069075404
PRKAA1,7,RGD1311783;S46;,0.9752027721975193,0.024797227802480618
PRKAA1,7,RGD1560225;S763;,0.040347204009204905,0.959652795990795
PRKAA1,7,RGD1561609;S759;,0.03945855427912723,0.960541445720873
PRKAA1,7,RGD1562639;S1035;,0.02130680286235637,0.9786931971376437
PRKAA1,7,RGD1566017;S802;,0.020626061050460488,0.9793739389495395
PRKAA1,7,RIN2;S494;,0.02858371468248795,0.9714162853175121
PRKAA1,7,RIPK2;S412;,0.9662552690071334,0.033744730992866595
PRKAA1,7,RNF40;S586;,0.0210488862948208,0.9789511137051792
PRKAA1,7,RPS6KA3;S715;,0.024908018473022132,0.9750919815269777
PRKAA1,7,RPS6KA4;S681;,0.030172546200315856,0.969827453799684
PRKAA1,7,RPS6KA4;S682;,0.02279012714380283,0.9772098728561971
PRKAA1,7,RPS6KB1;S404;,0.021316789334299997,0.9786832106656999
PRKAA1,7,RPTOR;S863;,0.019831288026109097,0.9801687119738909
PRKAA1,7,RRP1B;S524;,0.018617662320207475,0.9813823376797924
PRKAA1,7,RRP1B;T521;,0.03939284156128979,0.9606071584387103
PRKAA1,7,RTF1;S416;,0.019792260689779777,0.9802077393102202
PRKAA1,7,RUFY1;S50;,0.026854685249661794,0.973145314750338
PRKAA1,7,RUNX1T1;T568;,0.05312997362050256,0.9468700263794975
PRKAA1,7,SAMD4B;S271;,0.02869762900384101,0.9713023709961588
PRKAA1,7,SAP30L;T91;,0.047914336535102756,0.9520856634648972
PRKAA1,7,SBF1;S1141;,0.8148247431959746,0.1851752568040252
PRKAA1,7,SCRIB;S1315;,0.020946350461596867,0.9790536495384033
PRKAA1,7,SCRIB;S1529;,0.02462072790233031,0.9753792720976696
PRKAA1,7,SENP7;S47;,0.022775919389400354,0.9772240806105994
PRKAA1,7,SETD2;S511;,0.019165014018085534,0.9808349859819145
PRKAA1,7,SF3B1;T326;,0.7801372474866363,0.2198627525133637
PRKAA1,7,SFPQ;T586;,0.04527642125094836,0.9547235787490517
PRKAA1,7,SGTA;S306;,0.026426923511010152,0.9735730764889898
PRKAA1,7,SGTA;S308;,0.015339584733722293,0.9846604152662776
PRKAA1,7,SH3BP5;S420;,0.043191926776426554,0.9568080732235733
PRKAA1,7,SH3D19;S274;,0.024314142815817542,0.9756858571841823
PRKAA1,7,SH3PXD2A;S368;,0.9717215896689582,0.028278410331041982
PRKAA1,7,SH3PXD2A;S495;,0.019299933484378657,0.9807000665156214
PRKAA1,7,SH3PXD2A;S956;,0.04721071812067661,0.9527892818793233
PRKAA1,7,SHC3;S359;,0.020979035807097767,0.979020964192902
PRKAA1,7,SIK2;S673;,0.03323313036857276,0.9667668696314272
PRKAA1,7,SIPA1L1;S1408;,0.9494453772890145,0.05055462271098558
PRKAA1,7,SIPA1L1;S1411;,0.973181859435174,0.02681814056482597
PRKAA1,7,SIPA1L1;S288;,0.03798616467224328,0.9620138353277566
PRKAA1,7,SLC2A13;S38;,0.9750397322173505,0.024960267782649505
PRKAA1,7,SLC2A13;S44;,0.9782478510255114,0.021752148974488596
PRKAA1,7,SLC2A13;S47;,0.9692297369902224,0.03077026300977752
PRKAA1,7,SLC4A7;S1171;,0.9552812939433432,0.044718706056656884
PRKAA1,7,SLC4A7;S263;,0.9773651377506618,0.022634862249338097
PRKAA1,7,SLK;S778;,0.9717243426451363,0.028275657354863638
PRKAA1,7,SMCR7L;S59;,0.026509701890749224,0.9734902981092509
PRKAA1,7,SMCR8;S416;,0.02342132865282867,0.9765786713471711
PRKAA1,7,SMCR8;S486;,0.9809026898894782,0.01909731011052186
PRKAA1,7,SMCR8;S488;,0.9778414171171599,0.022158582882840106
PRKAA1,7,SMCR8;S491;,0.97986108728395,0.020138912716049968
PRKAA1,7,SMCR8;S497;,0.9637613095665818,0.03623869043341841
PRKAA1,7,SMG6;S537;,0.018925348284886966,0.9810746517151129
PRKAA1,7,SNW1;S224;,0.9643111895474549,0.035688810452545086
PRKAA1,7,SNX8;S454;,0.0229326225795912,0.9770673774204087
PRKAA1,7,SON;S94;,0.024176638786883354,0.9758233612131165
PRKAA1,7,SORBS1;S857;,0.019399833572123902,0.9806001664278763
PRKAA1,7,SOS1;S1120;,0.03827495151472552,0.9617250484852745
PRKAA1,7,SOX6;S399;,0.0203323161959468,0.9796676838040532
PRKAA1,7,SOX6;S402;,0.022586549839192404,0.9774134501608075
PRKAA1,7,SOX6;T401;,0.03061360736238608,0.9693863926376137
PRKAA1,7,SPAG7;S219;,0.025733395487617276,0.9742666045123829
PRKAA1,7,SPAG9;S203;,0.029184392290029556,0.9708156077099704
PRKAA1,7,SPAG9;S716;,0.04673308944967862,0.9532669105503213
PRKAA1,7,SPHK2;S379;,0.9700337840085088,0.02996621599149115
PRKAA1,7,SRPK2;S487;,0.03308454004046282,0.9669154599595374
PRKAA1,7,SRRM2;S2228;,0.024607018832299665,0.9753929811677002
PRKAA1,7,SRRM2;S2338;,0.023186738968571444,0.9768132610314286
PRKAA1,7,SRSF10;S131;,0.960630761957405,0.03936923804259493
PRKAA1,7,SRSF11;S200;,0.019489555662654135,0.9805104443373458
PRKAA1,7,STARD13;S334;,0.01941849844167188,0.9805815015583281
PRKAA1,7,STAT3;S727;,0.04788260656147506,0.9521173934385251
PRKAA1,7,STIM1;S257;,0.9344239423937051,0.06557605760629504
PRKAA1,7,STIM1;S523;,0.9585852348533703,0.04141476514662976
PRKAA1,7,STIM1;S524;,0.9615933668599699,0.038406633140029976
PRKAA1,7,STIM2;S675;,0.96587259065965,0.03412740934034987
PRKAA1,7,STK11IP;S443;,0.020875217495140687,0.9791247825048593
PRKAA1,7,STK3;S385;,0.014922527729854897,0.9850774722701452
PRKAA1,7,STMN1;S16;,0.024272119514831086,0.9757278804851688
PRKAA1,7,STMN1;S25;,0.027163861103248768,0.9728361388967514
PRKAA1,7,STMN1;S38;,0.033758835778111666,0.9662411642218884
PRKAA1,7,STRN3;S227;,0.01520957631221884,0.9847904236877812
PRKAA1,7,SUN2;S12;,0.018853736024317055,0.9811462639756828
PRKAA1,7,SVIL;S1177;,0.01911465604701269,0.9808853439529872
PRKAA1,7,SVIL;S259;,0.02669612706806476,0.9733038729319354
PRKAA1,7,SVIL;S531;,0.02416878098994123,0.9758312190100588
PRKAA1,7,SYNPO2L;S401;,0.030320963580349483,0.9696790364196508
PRKAA1,7,SYNPO2L;T141;,0.8693307585639427,0.13066924143605743
PRKAA1,7,SZT2;S1641;,0.027408031533712657,0.9725919684662876
PRKAA1,7,TACC2;S575;,0.04798616714522924,0.9520138328547707
PRKAA1,7,TANC2;S1447;,0.030387602438416764,0.9696123975615832
PRKAA1,7,TBC1D1;S231;,0.97793105420247,0.02206894579753002
PRKAA1,7,TBC1D1;S662;,0.9821353519842975,0.01786464801570259
PRKAA1,7,TBC1D1;T590;,0.03696694200415923,0.9630330579958407
PRKAA1,7,TBC1D16;S382;,0.017588312551816993,0.9824116874481829
PRKAA1,7,TCF12;S583;,0.03547089143196493,0.964529108568035
PRKAA1,7,TDRD3;S256;,0.026551571444070127,0.9734484285559297
PRKAA1,7,TENC1;T996;,0.037524683524205855,0.962475316475794
PRKAA1,7,TFE3;S531;,0.06229670721390196,0.9377032927860982
PRKAA1,7,TJP1;S1602;,0.018310208634752363,0.9816897913652476
PRKAA1,7,TJP1;S1604;,0.016236058385988305,0.9837639416140116
PRKAA1,7,TJP2;S147;,0.015884858668422562,0.9841151413315774
PRKAA1,7,TMEM245;S327;,0.052298511475828126,0.9477014885241718
PRKAA1,7,TMEM55A;S14;,0.9725364487445955,0.027463551255404412
PRKAA1,7,TNKS1BP1;S1642;,0.03185357299634015,0.9681464270036599
PRKAA1,7,TNRC6B;S306;,0.021940371584252216,0.9780596284157476
PRKAA1,7,TNRC6B;S421;,0.015964170458324652,0.9840358295416752
PRKAA1,7,TRAK1;S390;,0.02131598845717043,0.9786840115428295
PRKAA1,7,TRAK1;S905;,0.9754825003369534,0.024517499663046567
PRKAA1,7,TRAPPC12;S314;,0.02001588148559853,0.9799841185144015
PRKAA1,7,TRIM28;S474;,0.04376097580097055,0.9562390241990294
PRKAA1,7,TRIO;S2459;,0.01964759726477786,0.9803524027352224
PRKAA1,7,TRIO;S2463;,0.02210010459061551,0.9778998954093844
PRKAA1,7,TRIP12;T1454;,0.01795065253912739,0.9820493474608725
PRKAA1,7,TSC2;S939;,0.03601049990503315,0.9639895000949669
PRKAA1,7,TSSC4;S190;,0.020894855498055375,0.9791051445019445
PRKAA1,7,TTN;S305;,0.9699503230831602,0.030049676916839768
PRKAA1,7,UBA1;S13;,0.035275513217919906,0.9647244867820802
PRKAA1,7,UBA5;S380;,0.02685213943029231,0.9731478605697077
PRKAA1,7,UBE2O;S835;,0.02350353453437478,0.9764964654656254
PRKAA1,7,UBE2O;T830;,0.7471556343605157,0.2528443656394843
PRKAA1,7,UBE4B;S88;,0.02763938856383185,0.9723606114361681
PRKAA1,7,ULK1;S450;,0.01679379491214148,0.9832062050878586
PRKAA1,7,ULK1;S465;,0.9776485220811109,0.02235147791888923
PRKAA1,7,ULK1;S477;,0.02692187483314809,0.9730781251668518
PRKAA1,7,ULK1;S479;,0.02288944676220387,0.977110553237796
PRKAA1,7,ULK1;S637;,0.9796870923877807,0.020312907612219225
PRKAA1,7,ULK1;T468;,0.7891668962444351,0.21083310375556494
PRKAA1,7,ULK1;T659;,0.9158942741382965,0.08410572586170341
PRKAA1,7,USP10;S224;,0.021480593247034243,0.9785194067529657
PRKAA1,7,VAPA;S164;,0.9733328998218922,0.026667100178107913
PRKAA1,7,VIM;S420;,0.9564815847204473,0.043518415279552705
PRKAA1,7,VIM;S430;,0.9249177454347883,0.07508225456521136
PRKAA1,7,VIM;T426;,0.9587315472553144,0.04126845274468547
PRKAA1,7,VPS26B;S304;,0.9658788909464473,0.03412110905355279
PRKAA1,7,WIPF2;S235;,0.029043545125719047,0.970956454874281
PRKAA1,7,WNK1;S165;,0.03954776593211353,0.9604522340678867
PRKAA1,7,WWC3;S955;,0.017647992198644043,0.9823520078013562
PRKAA1,7,YAP1;S46;,0.9716580970712827,0.028341902928717386
PRKAA1,7,ZC3H13;S368;,0.9765760906065415,0.023423909393458543
PRKAA1,7,ZC3HAV1;S307;,0.021490748130884783,0.9785092518691152
PRKAA1,7,ZC3HAV1;S325;,0.017845851615109293,0.9821541483848908
PRKAA1,7,ZC3HAV1;S544;,0.016750915468963172,0.9832490845310369
PRKAA1,7,ZC3HC1;S343;,0.0226192086719559,0.977380791328044
PRKAA1,7,ZC3HC1;T351;,0.0662859822284986,0.9337140177715014
PRKAA1,7,ZFP295;S411;,0.0309924592445349,0.9690075407554651
PRKAA1,7,ZFYVE16;S903;,0.029715014122591324,0.9702849858774089
PRKAA1,7,ZNRF2;S148;,0.01704073806304678,0.9829592619369533
PRKAA1,7,ZNRF2;S154;,0.019339839579841013,0.9806601604201591
PRKAA1,7,ZNRF2;S18;,0.027941949625924903,0.9720580503740751
PRKAA1,7,ZNRF2;S81;,0.04473101698548291,0.955268983014517
PRKAA1,7,ZYX;S143;,0.019413625464631233,0.9805863745353687
PRKAA1,7,ZYX;S144;,0.0161979561177278,0.9838020438822723
PRKAA1,7,ZYX;S336;,0.017479964919722514,0.9825200350802775
PRKAA1,7,ZZEF1;S1516;,0.025428115435599998,0.9745718845644
PRKAA1,7,ZZEF1;S1535;,0.04196531483355996,0.9580346851664399
PRKAA1,8,AAK1;S677;,0.03080136123776579,0.969198638762234
PRKAA1,8,ABCC4;S604;,0.022211141498764658,0.9777888585012352
PRKAA1,8,ABI2;S165;,0.025124260837349567,0.9748757391626505
PRKAA1,8,ABI2;S168;,0.018732894288003725,0.9812671057119964
PRKAA1,8,ABL2;S799;,0.024342375917141366,0.9756576240828588
PRKAA1,8,ABLIM3;S566;,0.01711944873916246,0.9828805512608375
PRKAA1,8,ABLIM3;S575;,0.6601558187944213,0.33984418120557863
PRKAA1,8,ACACA;S79;,0.9688351365116641,0.031164863488335907
PRKAA1,8,ACIN1;S711;,0.022618868779325778,0.977381131220674
PRKAA1,8,ADD1;S613;,0.01625398487648478,0.983746015123515
PRKAA1,8,ADD1;T614;,0.030845318529284883,0.9691546814707148
PRKAA1,8,ADNP;S971;,0.018322139149755803,0.9816778608502441
PRKAA1,8,AFF4;S823;,0.032431367148799836,0.9675686328512001
PRKAA1,8,AGAP3;S107;,0.025698818225800873,0.9743011817741991
PRKAA1,8,AHCTF1;S1214;,0.9607977944385434,0.03920220556145665
PRKAA1,8,AHNAK;S1191;,0.9212952167592411,0.07870478324075895
PRKAA1,8,AHNAK;S177;,0.020345268161845693,0.9796547318381543
PRKAA1,8,AHNAK;S2060;,0.017637808097418564,0.9823621919025814
PRKAA1,8,AHNAK;S211;,0.026031861564754906,0.973968138435245
PRKAA1,8,AHNAK;S2117;,0.9211735315043345,0.0788264684956656
PRKAA1,8,AHNAK;S222;,0.9705523675136066,0.029447632486393312
PRKAA1,8,AHNAK;S3915;,0.017502335075809602,0.9824976649241902
PRKAA1,8,AHNAK;S42;,0.01609947736219213,0.9839005226378078
PRKAA1,8,AHNAK;S4597;,0.02097644280189524,0.9790235571981047
PRKAA1,8,AHNAK;S5243;,0.02475261266515007,0.9752473873348498
PRKAA1,8,AHNAK;T4049;,0.061895165885143426,0.9381048341148567
PRKAA1,8,AHNAK2;S425;,0.020375098443293004,0.9796249015567071
PRKAA1,8,AHNAK2;T438;,0.018856980643332213,0.9811430193566677
PRKAA1,8,AIMP1;S110;,0.027179808048226898,0.972820191951773
PRKAA1,8,AJUBA;S129;,0.02720909008437979,0.9727909099156202
PRKAA1,8,AKAP1;S103;,0.9685939537814257,0.031406046218574464
PRKAA1,8,AKAP10;S278;,0.01643997486289345,0.9835600251371065
PRKAA1,8,AKAP11;S1090;,0.711508474403906,0.2884915255960939
PRKAA1,8,AKAP11;S21;,0.01884654670481327,0.9811534532951866
PRKAA1,8,AKAP11;S23;,0.018418442829976123,0.9815815571700239
PRKAA1,8,AKAP11;S448;,0.022500992110098844,0.9774990078899012
PRKAA1,8,AKAP13;S2515;,0.0265680831009972,0.9734319168990028
PRKAA1,8,AKAP2;S152;,0.033302987205817064,0.9666970127941827
PRKAA1,8,AKAP2;S730;,0.022355849386975456,0.9776441506130246
PRKAA1,8,AKAP6;S562;,0.9642094636416202,0.03579053635837972
PRKAA1,8,AKAP9;S3669;,0.021264653509808974,0.9787353464901911
PRKAA1,8,AKT1S1;S184;,0.0184073461426982,0.9815926538573019
PRKAA1,8,AKT1S1;T247;,0.018295864493288242,0.9817041355067117
PRKAA1,8,ALKBH5;S362;,0.03947359288115907,0.9605264071188412
PRKAA1,8,ALKBH5;S376;,0.017830028992229834,0.9821699710077701
PRKAA1,8,AMOTL1;S580;,0.9544391449405573,0.045560855059442684
PRKAA1,8,ANP32A;S15;,0.020512584404760743,0.9794874155952394
PRKAA1,8,AP3D1;S755;,0.027396833659251853,0.9726031663407482
PRKAA1,8,ARFGAP2;S145;,0.021146644506128246,0.9788533554938715
PRKAA1,8,ARFGEF2;S214;,0.029334791877892664,0.9706652081221073
PRKAA1,8,ARFIP1;S39;,0.9793294199881311,0.02067058001186898
PRKAA1,8,ARHGAP17;S710;,0.02367793775827191,0.9763220622417281
PRKAA1,8,ARHGAP22;S200;,0.026255437217646362,0.9737445627823537
PRKAA1,8,ARHGAP22;S236;,0.020905591203516226,0.9790944087964841
PRKAA1,8,ARHGAP35;S1174;,0.018608667093249064,0.9813913329067508
PRKAA1,8,ARHGAP39;S284;,0.019954336312678445,0.9800456636873215
PRKAA1,8,ARHGAP5;S1195;,0.020167890476016668,0.9798321095239831
PRKAA1,8,ARHGAP5;S1202;,0.028211971447504758,0.971788028552495
PRKAA1,8,ARHGAP5;S967;,0.01979394191599741,0.9802060580840026
PRKAA1,8,ARHGEF12;S337;,0.02437268987591988,0.9756273101240801
PRKAA1,8,ARHGEF12;S341;,0.02035553049933467,0.9796444695006653
PRKAA1,8,ARHGEF17;S995;,0.9479719154117651,0.05202808458823495
PRKAA1,8,ARHGEF5;S721;,0.01683537814444581,0.9831646218555543
PRKAA1,8,ARPP21;S256;,0.7876829697533694,0.21231703024663073
PRKAA1,8,ATF7;T53;,0.8225200910411438,0.17747990895885632
PRKAA1,8,ATG14;S5;,0.020360023274183014,0.9796399767258169
PRKAA1,8,ATG2A;S1246;,0.01978374914878865,0.9802162508512114
PRKAA1,8,ATG2B;S240;,0.022934347168053464,0.9770656528319465
PRKAA1,8,ATG2B;S255;,0.02571087783469845,0.9742891221653017
PRKAA1,8,ATRX;S761;,0.029891791230107597,0.9701082087698925
PRKAA1,8,ATXN2;S622;,0.020113081364326792,0.9798869186356732
PRKAA1,8,ATXN2L;S109;,0.02364075594041682,0.9763592440595833
PRKAA1,8,ATXN2L;S447;,0.0257636978632465,0.9742363021367535
PRKAA1,8,AZI1;S114;,0.030626527567456065,0.9693734724325441
PRKAA1,8,AZI1;S304;,0.025083557701845637,0.9749164422981543
PRKAA1,8,BAD;S171;,0.9571594514873106,0.04284054851268924
PRKAA1,8,BAG3;S271;,0.039715857218861214,0.9602841427811386
PRKAA1,8,BAG3;S387;,0.018865521457102952,0.9811344785428971
PRKAA1,8,BAG3;S388;,0.025985410533946648,0.9740145894660533
PRKAA1,8,BAIAP2L1;S218;,0.025893998837974275,0.9741060011620257
PRKAA1,8,BAIAP2L1;S380;,0.9559476987784158,0.04405230122158424
PRKAA1,8,BAZ2A;S1388;,0.02458337713187154,0.9754166228681285
PRKAA1,8,BBX;S243;,0.022008668920856244,0.9779913310791438
PRKAA1,8,BCL9L;S116;,0.02383114233151588,0.9761688576684842
PRKAA1,8,BCL9L;S21;,0.9518180014081065,0.04818199859189364
PRKAA1,8,BCL9L;S25;,0.031167237487286403,0.9688327625127139
PRKAA1,8,BICD2;S611;,0.032274980452420464,0.9677250195475795
PRKAA1,8,BICD2;S819;,0.031185405060551712,0.9688145949394482
PRKAA1,8,BRAF;S134;,0.019583134326721416,0.9804168656732787
PRKAA1,8,BRD8;S274;,0.028001639025005874,0.9719983609749939
PRKAA1,8,BRD8;T270;,0.020282922107149895,0.9797170778928502
PRKAA1,8,BSDC1;S216;,0.018445408733002554,0.9815545912669975
PRKAA1,8,C2CD4C;S262;,0.031333672152481534,0.9686663278475185
PRKAA1,8,CACNB1;S53;,0.02189307713399784,0.9781069228660021
PRKAA1,8,CALD1;S527;,0.022653673574186694,0.9773463264258133
PRKAA1,8,CAMK2D;T371;,0.7795793512585895,0.2204206487414103
PRKAA1,8,CAMSAP1;S1154;,0.02182113396734432,0.9781788660326558
PRKAA1,8,CAMSAP1;S517;,0.019188203615347073,0.9808117963846531
PRKAA1,8,CAP2;S301;,0.022030913567293375,0.9779690864327065
PRKAA1,8,CBX5;S93;,0.02743996760951244,0.9725600323904876
PRKAA1,8,CCDC6;S143;,0.020886348081133786,0.9791136519188661
PRKAA1,8,CCDC88A;S1638;,0.029418914729360434,0.9705810852706395
PRKAA1,8,CCDC91;S71;,0.020071259508725046,0.9799287404912749
PRKAA1,8,CDC42EP2;S137;,0.025473378715720963,0.9745266212842788
PRKAA1,8,CDC42EP2;S141;,0.023791479757471472,0.9762085202425286
PRKAA1,8,CDC42EP4;S140;,0.024268519187163096,0.9757314808128368
PRKAA1,8,CDKN1A;S69;,0.017438416147946792,0.9825615838520532
PRKAA1,8,CDKN1B;S12;,0.024240624899028156,0.975759375100972
PRKAA1,8,CDKN1B;S7;,0.016786797297652575,0.9832132027023476
PRKAA1,8,CEP170B;S1166;,0.03214157765947773,0.9678584223405221
PRKAA1,8,CEP68;S503;,0.2176904857410036,0.7823095142589963
PRKAA1,8,CEP68;S510;,0.029460283468331534,0.9705397165316684
PRKAA1,8,CHAMP1;S532;,0.029872563884841583,0.9701274361151584
PRKAA1,8,CHD8;S549;,0.9601123715533239,0.03988762844667611
PRKAA1,8,CHRND;S379;,0.9427823077272179,0.05721769227278215
PRKAA1,8,CIC;S1394;,0.025191926182285367,0.9748080738177147
PRKAA1,8,CIC;S1399;,0.017079882259559934,0.98292011774044
PRKAA1,8,CLASP2;S331;,0.9673048082640092,0.03269519173599084
PRKAA1,8,CLIP1;S159;,0.024650328405343182,0.975349671594657
PRKAA1,8,COBL;S31;,0.9752321100539002,0.024767889946099814
PRKAA1,8,COBL;S34;,0.9767186726423898,0.02328132735761023
PRKAA1,8,COG3;S536;,0.9655689739765873,0.03443102602341281
PRKAA1,8,CORO7;S298;,0.9818064647371614,0.01819353526283878
PRKAA1,8,DAB2IP;S802;,0.022695927851180176,0.9773040721488196
PRKAA1,8,DAP;S2;,0.01824841823518654,0.9817515817648135
PRKAA1,8,DAP;S3;,0.019835479426141726,0.9801645205738583
PRKAA1,8,DBNDD1;S123;,0.021546913642223952,0.978453086357776
PRKAA1,8,DCAF6;S336;,0.015305550454980454,0.9846944495450195
PRKAA1,8,DCLK1;S30;,0.9559960672911116,0.04400393270888847
PRKAA1,8,DDX19A;S86;,0.02405781239540714,0.9759421876045928
PRKAA1,8,DDX3X;S261;,0.036418968319538864,0.9635810316804609
PRKAA1,8,DENND4C;S1037;,0.973531899190158,0.026468100809841928
PRKAA1,8,DLG2;S323;,0.024839500473406204,0.9751604995265938
PRKAA1,8,DLG2;S328;,0.020639044000224923,0.979360955999775
PRKAA1,8,DMXL1;S574;,0.9490030395493639,0.05099696045063604
PRKAA1,8,DNAJC2;T48;,0.031167061508994218,0.9688329384910059
PRKAA1,8,DNAJC25;T353;,0.0904081455065477,0.9095918544934524
PRKAA1,8,DOCK6;S1339;,0.1370989091473803,0.8629010908526197
PRKAA1,8,DOCK7;S1361;,0.06836246348772508,0.9316375365122748
PRKAA1,8,DOCK7;S2107;,0.02147914786586493,0.9785208521341351
PRKAA1,8,DOPEY1;S1261;,0.044734920298883034,0.9552650797011171
PRKAA1,8,DTNA;S606;,0.021289306290300753,0.9787106937096993
PRKAA1,8,DUSP27;S366;,0.024060180020579525,0.9759398199794205
PRKAA1,8,DUSP27;S368;,0.020316817829706565,0.9796831821702936
PRKAA1,8,DUSP27;S370;,0.018596768750147704,0.981403231249852
PRKAA1,8,DUSP27;S427;,0.02031385222828718,0.9796861477717128
PRKAA1,8,DYNC1H1;S4365;,0.020562955289708012,0.979437044710292
PRKAA1,8,DYNC1I2;S81;,0.031989971751084416,0.9680100282489157
PRKAA1,8,EEF2;T57;,0.7960217166992763,0.20397828330072365
PRKAA1,8,EEF2K;S365;,0.6075619991879805,0.39243800081201957
PRKAA1,8,EHBP1L1;S1363;,0.9735292544835201,0.026470745516479904
PRKAA1,8,EHD4;S459;,0.017952705780332343,0.9820472942196675
PRKAA1,8,EIF3A;S584;,0.023831432130467955,0.9761685678695319
PRKAA1,8,EIF4B;S422;,0.029209915601779025,0.9707900843982211
PRKAA1,8,EIF4B;S424;,0.018855206722168383,0.9811447932778314
PRKAA1,8,EIF4B;S425;,0.022329223687418426,0.9776707763125816
PRKAA1,8,EIF4B;T420;,0.018808774934490232,0.9811912250655097
PRKAA1,8,EIF4EBP1;S64;,0.01907870261933505,0.9809212973806651
PRKAA1,8,EIF4EBP2;S2;,0.02285000919298648,0.9771499908070135
PRKAA1,8,EIF5B;S183;,0.02727442954124683,0.9727255704587533
PRKAA1,8,ELMSAN1;S456;,0.03210622615099419,0.9678937738490057
PRKAA1,8,EPS8;S659;,0.024541205752646428,0.9754587942473535
PRKAA1,8,ETL4;S1844;,0.03304028791710766,0.9669597120828922
PRKAA1,8,ETV3;S139;,0.02225013550459694,0.9777498644954031
PRKAA1,8,FAM120C;S55;,0.019176867891390486,0.9808231321086096
PRKAA1,8,FAM134C;S313;,0.9223018460220204,0.07769815397797974
PRKAA1,8,FAM134C;S320;,0.6212534531046591,0.3787465468953411
PRKAA1,8,FAM171A2;S423;,0.025237407576311748,0.9747625924236881
PRKAA1,8,FAM65A;S752;,0.03115388666661382,0.9688461133333862
PRKAA1,8,FBXO30;S379;,0.021772456844574583,0.9782275431554257
PRKAA1,8,FHOD1;S489;,0.020650758326162037,0.979349241673838
PRKAA1,8,FHOD1;S501;,0.03011425451623247,0.9698857454837675
PRKAA1,8,FHOD1;S504;,0.025177949085778563,0.9748220509142217
PRKAA1,8,FHOD1;S513;,0.026041266616377224,0.9739587333836225
PRKAA1,8,FHOD1;S523;,0.026455074429889428,0.9735449255701105
PRKAA1,8,FLNC;S2147;,0.019434120970072626,0.9805658790299272
PRKAA1,8,FLNC;S2234;,0.02298554878840207,0.9770144512115977
PRKAA1,8,FMN1;S589;,0.021785933824534334,0.9782140661754658
PRKAA1,8,FOSL2;S320;,0.027382722155647445,0.9726172778443525
PRKAA1,8,FOSL2;T322;,0.02644710100873667,0.9735528989912633
PRKAA1,8,FOXK1;S225;,0.026081834756086462,0.9739181652439136
PRKAA1,8,FOXK2;T200;,0.02678533597664753,0.9732146640233525
PRKAA1,8,FOXO3;S252;,0.02697271979485156,0.9730272802051486
PRKAA1,8,FRMD8;S21;,0.02015179185280402,0.979848208147196
PRKAA1,8,FRYL;T1959;,0.024719190622126963,0.9752808093778731
PRKAA1,8,GAB1;S418;,0.023412763347558388,0.9765872366524415
PRKAA1,8,GAB2;S142;,0.021318858541570247,0.9786811414584298
PRKAA1,8,GAB2;S143;,0.03012327951769702,0.9698767204823031
PRKAA1,8,GAB2;S211;,0.023507413530984757,0.9764925864690152
PRKAA1,8,GAB2;S365;,0.01905460258327349,0.9809453974167264
PRKAA1,8,GAB2;T388;,0.022482574015674432,0.9775174259843256
PRKAA1,8,GATAD2A;S103;,0.9722525553680395,0.027747444631960532
PRKAA1,8,GATAD2A;S96;,0.9702545234827593,0.029745476517240608
PRKAA1,8,GATAD2B;S338;,0.025309936002195922,0.974690063997804
PRKAA1,8,GBF1;S1786;,0.04483249610131815,0.9551675038986818
PRKAA1,8,GIGYF1;S28;,0.028579319900709478,0.9714206800992907
PRKAA1,8,GIT2;S568;,0.019511628530226918,0.9804883714697729
PRKAA1,8,GOLGA4;S116;,0.972072163304634,0.027927836695365846
PRKAA1,8,GSK3A;S21;,0.02938301792177557,0.9706169820782244
PRKAA1,8,GSK3A;S41;,0.017452898555231154,0.9825471014447688
PRKAA1,8,GSK3B;S9;,0.031417298313881424,0.9685827016861185
PRKAA1,8,GYS1;S728;,0.03153252314419928,0.9684674768558006
PRKAA1,8,HBP1;S401;,0.024618429081238184,0.9753815709187618
PRKAA1,8,HBS1L;S147;,0.017870511596121363,0.9821294884038786
PRKAA1,8,HDAC6;S21;,0.022086361755851342,0.9779136382441486
PRKAA1,8,HECTD1;S1392;,0.0282348862486729,0.9717651137513271
PRKAA1,8,HECTD1;S1393;,0.022802163380531815,0.9771978366194681
PRKAA1,8,HECTD1;S1573;,0.9406058598837432,0.05939414011625683
PRKAA1,8,HELB;S944;,0.028735713888410237,0.9712642861115895
PRKAA1,8,HERC1;S1163;,0.024376948694118394,0.9756230513058816
PRKAA1,8,HERC1;T1154;,0.020564927530927837,0.979435072469072
PRKAA1,8,HIRIP3;S27;,0.019304764763069245,0.9806952352369307
PRKAA1,8,HN1L;S97;,0.021568227844970915,0.9784317721550291
PRKAA1,8,HOMER3;S158;,0.04397905522666254,0.9560209447733374
PRKAA1,8,HUWE1;S1876;,0.018564033582881116,0.9814359664171188
PRKAA1,8,HUWE1;S3639;,0.016738056134569287,0.9832619438654309
PRKAA1,8,HUWE1;S3898;,0.027071609082885837,0.9729283909171144
PRKAA1,8,HUWE1;T3903;,0.028776804905500504,0.9712231950944996
PRKAA1,8,IREB2;S178;,0.01626025108643359,0.9837397489135663
PRKAA1,8,IRF2BPL;S69;,0.021721743849415137,0.9782782561505848
PRKAA1,8,ITSN1;S1063;,0.12901636341872905,0.870983636581271
PRKAA1,8,ITSN1;S315;,0.025071267826431227,0.9749287321735687
PRKAA1,8,JMY;S56;,0.02680436705307663,0.9731956329469235
PRKAA1,8,JSRP1;S47;,0.02242504942585395,0.977574950574146
PRKAA1,8,KANK2;S358;,0.022711742033474352,0.9772882579665256
PRKAA1,8,KCTD3;S809;,0.9731953292714848,0.02680467072851535
PRKAA1,8,KDM2A;S718;,0.02954546718922884,0.9704545328107711
PRKAA1,8,KDM2A;T713;,0.027188012816916518,0.9728119871830835
PRKAA1,8,KDM5C;S316;,0.028891659614784074,0.9711083403852161
PRKAA1,8,KPNA1;S2;,0.03519872946113009,0.96480127053887
PRKAA1,8,KPNA1;T3;,0.05494183142972273,0.9450581685702771
PRKAA1,8,LAMTOR1;S98;,0.026408539950190716,0.9735914600498095
PRKAA1,8,LARP1;S916;,0.028709928250548196,0.9712900717494517
PRKAA1,8,LARP1;T932;,0.029668691640024315,0.9703313083599757
PRKAA1,8,LARP4B;S498;,0.025925832003348952,0.9740741679966511
PRKAA1,8,LDB3;S112;,0.019283070857056595,0.9807169291429435
PRKAA1,8,LIMA1;S360;,0.023629282863927504,0.9763707171360724
PRKAA1,8,LIMA1;S603;,0.026201888502534475,0.9737981114974654
PRKAA1,8,LIMA1;S608;,0.023236774050271417,0.9767632259497286
PRKAA1,8,LIMA1;S703;,0.024798286420647228,0.9752017135793526
PRKAA1,8,LMNA;S404;,0.026111089208746753,0.9738889107912531
PRKAA1,8,LMNA;S406;,0.020159217748190482,0.9798407822518097
PRKAA1,8,LMNA;S407;,0.017370652428331784,0.982629347571668
PRKAA1,8,LMNA;S423;,0.021689485932911003,0.978310514067089
PRKAA1,8,LMNA;S424;,0.019067482532365218,0.980932517467635
PRKAA1,8,LMO7;S1541;,0.029329221047223013,0.970670778952777
PRKAA1,8,LMO7;S1543;,0.024195069815739538,0.9758049301842604
PRKAA1,8,LOC100360205;S239;,0.022220674737899973,0.9777793252620999
PRKAA1,8,LOC100365259;S393;,0.10323467117006187,0.8967653288299382
PRKAA1,8,LOC100910104;S475;,0.02369985060480919,0.9763001493951908
PRKAA1,8,LOC100910104;S532;,0.9685520883494935,0.0314479116505064
PRKAA1,8,LOC100910104;S719;,0.023046086692095184,0.9769539133079046
PRKAA1,8,LOC100910646;S166;,0.018891005978613,0.9811089940213871
PRKAA1,8,LOC100911178;S1643;,0.022358397856144806,0.9776416021438552
PRKAA1,8,LOC100911302;S1721;,0.025632740047578033,0.974367259952422
PRKAA1,8,LOC100911677;S490;,0.9750062992012637,0.024993700798736435
PRKAA1,8,LOC100912115;S649;,0.026455700557880588,0.9735442994421196
PRKAA1,8,LOC312502;S1164;,0.020777350380193772,0.9792226496198063
PRKAA1,8,LOC312502;S138;,0.9776706952255234,0.022329304774476602
PRKAA1,8,LOC312502;S139;,0.9763201375690097,0.023679862430990246
PRKAA1,8,LOC312502;S483;,0.027281212995922333,0.9727187870040775
PRKAA1,8,LOC683007;S1204;,0.02097075457868054,0.9790292454213194
PRKAA1,8,LOC683007;S1207;,0.018228026570459507,0.9817719734295404
PRKAA1,8,LOC684259;S780;,0.9663465047695998,0.03365349523040006
PRKAA1,8,LOC685707;S1251;,0.025534329122101303,0.9744656708778989
PRKAA1,8,LRRFIP2;S18;,0.019025638397064414,0.9809743616029357
PRKAA1,8,LRRFIP2;T136;,0.01735497726326635,0.9826450227367337
PRKAA1,8,LYSMD1;S33;,0.9658887401567848,0.034111259843215065
PRKAA1,8,MACF1;S1376;,0.026357339108375566,0.9736426608916245
PRKAA1,8,MACF1;S5293;,0.02539576667422737,0.9746042333257727
PRKAA1,8,MAF1;S60;,0.022009959939615572,0.9779900400603845
PRKAA1,8,MAP1A;S1757;,0.05103538026411566,0.9489646197358843
PRKAA1,8,MAP1A;T2177;,0.02716833203789693,0.9728316679621033
PRKAA1,8,MAP1A;T504;,0.021650336373344757,0.9783496636266553
PRKAA1,8,MAP1B;S1257;,0.028773385745509514,0.9712266142544903
PRKAA1,8,MAP1B;S1389;,0.02772529766880337,0.9722747023311967
PRKAA1,8,MAP1B;S1393;,0.02629046466195315,0.9737095353380469
PRKAA1,8,MAP1B;T1781;,0.39413812993607666,0.6058618700639234
PRKAA1,8,MAP1S;S683;,0.03039028274974771,0.9696097172502524
PRKAA1,8,MAP4;S902;,0.9689602286444144,0.031039771355585437
PRKAA1,8,MAP4K4;S591;,0.018323176390710506,0.9816768236092895
PRKAA1,8,MAP4K4;S791;,0.9806868995856453,0.019313100414354845
PRKAA1,8,MAP4K4;S794;,0.977458557395015,0.022541442604985123
PRKAA1,8,MAPK1;Y185;,0.10383567371492848,0.8961643262850717
PRKAA1,8,MAPK14;Y182;,0.12377029256729723,0.8762297074327027
PRKAA1,8,MAPK8;Y185;,0.5540802465129505,0.44591975348704954
PRKAA1,8,MARCKS;S141;,0.04113042813176071,0.9588695718682391
PRKAA1,8,MARK3;S593;,0.017172108144901287,0.9828278918550988
PRKAA1,8,MARK3;T594;,0.035726162330242325,0.9642738376697576
PRKAA1,8,MATR3;S188;,0.04000256775946602,0.9599974322405338
PRKAA1,8,MBD3;S85;,0.024291544864870857,0.9757084551351289
PRKAA1,8,MBD3;S86;,0.015695515338846715,0.9843044846611533
PRKAA1,8,MDM2;S138;,0.02684204732991055,0.9731579526700894
PRKAA1,8,MED1;S1465;,0.017659438948624217,0.9823405610513758
PRKAA1,8,MED1;S1467;,0.017629226146951473,0.9823707738530487
PRKAA1,8,MED1;S1468;,0.01918470713852991,0.9808152928614698
PRKAA1,8,MED24;S860;,0.027260772798888437,0.9727392272011117
PRKAA1,8,MED24;S861;,0.02086994135296579,0.9791300586470342
PRKAA1,8,MEF2C;S226;,0.028189568390106022,0.971810431609894
PRKAA1,8,MID1;S96;,0.02354023973459689,0.9764597602654033
PRKAA1,8,MKL1;S571;,0.02799565236670029,0.9720043476332999
PRKAA1,8,MLL2;S2291;,0.02042318689361943,0.9795768131063806
PRKAA1,8,MLLT4;S216;,0.016948650588305733,0.9830513494116944
PRKAA1,8,MLLT4;S246;,0.0248862510163421,0.9751137489836577
PRKAA1,8,MON2;S197;,0.022089474750124773,0.9779105252498752
PRKAA1,8,MPHOSPH10;S168;,0.9741380344525157,0.0258619655474843
PRKAA1,8,MPRIP;S369;,0.02528151376513703,0.9747184862348629
PRKAA1,8,MTFR1L;S100;,0.9713363233352108,0.028663676664789257
PRKAA1,8,MTFR1L;S234;,0.9752831043482489,0.024716895651751225
PRKAA1,8,MTFR1L;S235;,0.9792027435816241,0.020797256418375917
PRKAA1,8,MTSS1L;S575;,0.023929328495571243,0.9760706715044288
PRKAA1,8,MURC;S20;,0.02685840311162803,0.9731415968883718
PRKAA1,8,MUSK;S689;,0.020714855344725596,0.9792851446552744
PRKAA1,8,MUSK;S690;,0.02682303211181574,0.9731769678881842
PRKAA1,8,MYBBP1A;S1283;,0.024729810450732286,0.9752701895492676
PRKAA1,8,MYCBP2;S2750;,0.02331289880796742,0.9766871011920327
PRKAA1,8,MYOZ2;T32;,0.031007732588642638,0.9689922674113571
PRKAA1,8,NACA;S1125;,0.028072380199790168,0.97192761980021
PRKAA1,8,NACA;S1345;,0.02380830315085303,0.9761916968491468
PRKAA1,8,NACA;S1454;,0.029910818458131174,0.9700891815418691
PRKAA1,8,NACA;S1720;,0.02917213901191554,0.9708278609880844
PRKAA1,8,NACA;S914;,0.032126289130749455,0.9678737108692506
PRKAA1,8,NACA;S942;,0.02825670520199725,0.9717432947980028
PRKAA1,8,NCAPH;S24;,0.019829471529491563,0.9801705284705085
PRKAA1,8,NCOR1;S363;,0.02101132792584611,0.9789886720741539
PRKAA1,8,NCOR2;S1747;,0.02283963525418694,0.9771603647458131
PRKAA1,8,NDRG1;S330;,0.026641340916602828,0.9733586590833972
PRKAA1,8,NDRG1;T328;,0.023042520050438525,0.9769574799495615
PRKAA1,8,NDRG2;T334;,0.021624724767029698,0.9783752752329704
PRKAA1,8,NEK9;S16;,0.9257175354290439,0.07428246457095611
PRKAA1,8,NEK9;S736;,0.02836064195901481,0.9716393580409852
PRKAA1,8,NELFE;S131;,0.02195342288429062,0.9780465771157094
PRKAA1,8,NES;S1071;,0.9707006541785272,0.029299345821472696
PRKAA1,8,NES;S1123;,0.016838531762264373,0.9831614682377355
PRKAA1,8,NES;S1131;,0.9732793339781248,0.026720666021874995
PRKAA1,8,NES;S620;,0.01798686992892038,0.9820131300710797
PRKAA1,8,NES;S784;,0.9545407015741663,0.045459298425833745
PRKAA1,8,NEXN;S280;,0.032968604670135605,0.9670313953298644
PRKAA1,8,NFIX;S265;,0.021552416236677006,0.9784475837633231
PRKAA1,8,NHSL1;T1376;,0.030877374268476723,0.9691226257315233
PRKAA1,8,NUMA1;S1935;,0.02545593706022417,0.9745440629397757
PRKAA1,8,NUMA1;S1958;,0.022641343188128025,0.977358656811872
PRKAA1,8,NUP35;S73;,0.025169256408840893,0.974830743591159
PRKAA1,8,OPTN;S188;,0.9746366681220533,0.025363331877946593
PRKAA1,8,PACS2;S319;,0.02210548758088582,0.9778945124191141
PRKAA1,8,PAK1;S144;,0.02140124358024437,0.9785987564197557
PRKAA1,8,PAK1;S203;,0.02278277736469587,0.977217222635304
PRKAA1,8,PAK2;S197;,0.05802163496153269,0.9419783650384672
PRKAA1,8,PARD3;S715;,0.026398838207209802,0.9736011617927902
PRKAA1,8,PARVA;S14;,0.045224566148977345,0.9547754338510227
PRKAA1,8,PATL1;S184;,0.0237688043373009,0.976231195662699
PRKAA1,8,PBXIP1;S132;,0.020888940704130846,0.9791110592958692
PRKAA1,8,PBXIP1;S133;,0.023241994189334255,0.9767580058106657
PRKAA1,8,PCM1;S1280;,0.02256604902729445,0.9774339509727055
PRKAA1,8,PCM1;S380;,0.017681161424436088,0.9823188385755639
PRKAA1,8,PCM1;S384;,0.021821674273099334,0.9781783257269007
PRKAA1,8,PDAP1;S176;,0.02414830073540554,0.9758516992645944
PRKAA1,8,PDAP1;S178;,0.01970300651906424,0.9802969934809358
PRKAA1,8,PDCD4;S420;,0.023001198527432702,0.9769988014725671
PRKAA1,8,PDCD4;S76;,0.021697902334953067,0.9783020976650469
PRKAA1,8,PDLIM7;S209;,0.015792982986327957,0.984207017013672
PRKAA1,8,PDLIM7;T214;,0.017502814743147216,0.9824971852568529
PRKAA1,8,PDLIM7;T215;,0.031230272850378927,0.9687697271496211
PRKAA1,8,PDS5B;S1176;,0.023584021601194754,0.9764159783988051
PRKAA1,8,PDXDC1;T554;,0.027445324295504753,0.9725546757044953
PRKAA1,8,PELO;S55;,0.01697761452922818,0.983022385470772
PRKAA1,8,PEX1;S1209;,0.02006910476183313,0.9799308952381667
PRKAA1,8,PFKFB2;S469;,0.03331110273475693,0.9666888972652429
PRKAA1,8,PHF1;S410;,0.023331349021089624,0.9766686509789104
PRKAA1,8,PHF1;S415;,0.024700348409859692,0.9752996515901402
PRKAA1,8,PHF2;S782;,0.025211776987955747,0.9747882230120442
PRKAA1,8,PHIP;S1251;,0.023160791423404294,0.9768392085765956
PRKAA1,8,PHLDB1;S431;,0.0207118414504741,0.9792881585495258
PRKAA1,8,PHLDB1;S534;,0.026512887653310675,0.9734871123466892
PRKAA1,8,PHLDB2;S241;,0.02497983802851777,0.9750201619714821
PRKAA1,8,PI4K2A;S43;,0.01746837470299478,0.9825316252970054
PRKAA1,8,PI4K2A;S46;,0.02364219467686065,0.9763578053231393
PRKAA1,8,PI4K2A;S461;,0.022813675940669274,0.9771863240593306
PRKAA1,8,PI4K2A;S50;,0.02808806805207828,0.9719119319479219
PRKAA1,8,PID1;S230;,0.02113897251013703,0.9788610274898631
PRKAA1,8,PID1;S231;,0.019320258883411087,0.980679741116589
PRKAA1,8,PID1;S232;,0.027104856414695688,0.9728951435853044
PRKAA1,8,PID1;S242;,0.015642009941844538,0.9843579900581554
PRKAA1,8,PIEZO1;S1370;,0.027283461930207455,0.9727165380697926
PRKAA1,8,PIK3C2A;S261;,0.019683286745816375,0.9803167132541835
PRKAA1,8,PLEC;S4246;,0.031194451839621485,0.9688055481603786
PRKAA1,8,PLEC;S4249;,0.02364113902706863,0.9763588609729316
PRKAA1,8,PNISR;S290;,0.01705189523550584,0.9829481047644941
PRKAA1,8,POM121;S370;,0.02219378711988212,0.9778062128801177
PRKAA1,8,PPAN;S233;,0.968770602422282,0.03122939757771797
PRKAA1,8,PPAN;S238;,0.9621362026027109,0.03786379739728914
PRKAA1,8,PPAN;S240;,0.9755736332554219,0.024426366744578175
PRKAA1,8,PPP1R12C;S508;,0.02370661288821738,0.9762933871117826
PRKAA1,8,PPP1R13L;S110;,0.02585158015266699,0.9741484198473331
PRKAA1,8,PPP1R13L;S154;,0.02097928617820828,0.9790207138217918
PRKAA1,8,PPP1R13L;S360;,0.027359623210669093,0.972640376789331
PRKAA1,8,PPP6R2;S629;,0.02800287194075158,0.9719971280592484
PRKAA1,8,PPP6R2;S719;,0.023974495034150303,0.9760255049658498
PRKAA1,8,PRKAA1;S496;,0.023404940361952318,0.9765950596380476
PRKAA1,8,PRKAB1;S108;,0.9785821716633925,0.021417828336607655
PRKAA1,8,PRRC2A;S765;,0.01601990807135856,0.9839800919286413
PRKAA1,8,PRRC2B;S259;,0.029311914229489446,0.9706880857705107
PRKAA1,8,PSMA5;T55;,0.5664244665139819,0.4335755334860181
PRKAA1,8,PSMC3;S12;,0.02039522813068043,0.9796047718693196
PRKAA1,8,PSMC3;S9;,0.02188241856348007,0.9781175814365201
PRKAA1,8,PTPN12;T544;,0.7951775147340003,0.20482248526599964
PRKAA1,8,PTPN21;S599;,0.025105073154494315,0.9748949268455058
PRKAA1,8,PTPN21;S762;,0.03349667709173113,0.9665033229082688
PRKAA1,8,PTRF;S169;,0.01622959801500434,0.9837704019849957
PRKAA1,8,PTRF;S171;,0.01820646841347142,0.9817935315865285
PRKAA1,8,PUM2;S82;,0.0240631569553319,0.9759368430446681
PRKAA1,8,PXN;S106;,0.023454265147755123,0.9765457348522448
PRKAA1,8,PXN;S137;,0.01898636577091894,0.981013634229081
PRKAA1,8,PXN;S83;,0.024953548174421365,0.9750464518255787
PRKAA1,8,RABGEF1;T142;,0.05872966770571728,0.9412703322942826
PRKAA1,8,RAF1;S295;,0.019941017799604853,0.9800589822003952
PRKAA1,8,RAF1;S296;,0.028847992547475575,0.9711520074525245
PRKAA1,8,RAI14;T249;,0.025322043291727183,0.974677956708273
PRKAA1,8,RANBP10;S481;,0.7966438372879937,0.2033561627120065
PRKAA1,8,RANBP3;S58;,0.024440102714303007,0.9755598972856969
PRKAA1,8,RAPGEF1;S306;,0.025565572458338858,0.9744344275416612
PRKAA1,8,RAPGEF1;S308;,0.025821625335964066,0.9741783746640359
PRKAA1,8,RAVER1;S576;,0.025746033432172636,0.9742539665678274
PRKAA1,8,RB1CC1;S243;,0.02024990627325367,0.9797500937267464
PRKAA1,8,RBM3;S145;,0.0250276955218982,0.9749723044781019
PRKAA1,8,RBM7;S72;,0.03349609266062687,0.9665039073393731
PRKAA1,8,RFX7;S1177;,0.023045923262117407,0.9769540767378825
PRKAA1,8,RGD1307838;S900;,0.02966088383087847,0.9703391161691216
PRKAA1,8,RGD1307838;S903;,0.018760353339037632,0.9812396466609623
PRKAA1,8,RGD1308297;S518;,0.022197612474298984,0.9778023875257009
PRKAA1,8,RGD1309586;S243;,0.02062869957498019,0.97937130042502
PRKAA1,8,RGD1309586;S59;,0.0971134804565878,0.9028865195434124
PRKAA1,8,RGD1310016;S1171;,0.9559855247521537,0.04401447524784631
PRKAA1,8,RGD1311783;S45;,0.9804257622431488,0.01957423775685121
PRKAA1,8,RGD1311783;S46;,0.9750719631734521,0.024928036826547883
PRKAA1,8,RGD1560225;S763;,0.04243469867620707,0.9575653013237928
PRKAA1,8,RGD1561609;S759;,0.026875051565683993,0.9731249484343161
PRKAA1,8,RGD1562639;S1035;,0.021963894380651154,0.9780361056193488
PRKAA1,8,RGD1566017;S802;,0.01993759535375178,0.9800624046462482
PRKAA1,8,RIN2;S494;,0.022936984294151745,0.9770630157058483
PRKAA1,8,RIPK2;S412;,0.9648810033147007,0.03511899668529935
PRKAA1,8,RNF40;S586;,0.020702444682334602,0.9792975553176655
PRKAA1,8,RPS6KA3;S715;,0.02222248765284339,0.9777775123471567
PRKAA1,8,RPS6KA4;S681;,0.02873619617134995,0.97126380382865
PRKAA1,8,RPS6KA4;S682;,0.021883869315227646,0.9781161306847722
PRKAA1,8,RPS6KB1;S404;,0.019882645020587227,0.9801173549794125
PRKAA1,8,RPTOR;S863;,0.02240032013338795,0.977599679866612
PRKAA1,8,RRP1B;S524;,0.020621498726639383,0.9793785012733608
PRKAA1,8,RRP1B;T521;,0.02483600083394828,0.9751639991660518
PRKAA1,8,RTF1;S416;,0.01913163623495994,0.98086836376504
PRKAA1,8,RUFY1;S50;,0.027099503206341725,0.9729004967936583
PRKAA1,8,RUNX1T1;T568;,0.03611454281411418,0.9638854571858858
PRKAA1,8,SAMD4B;S271;,0.0295351509487113,0.9704648490512887
PRKAA1,8,SAP30L;T91;,0.029154270775763203,0.9708457292242366
PRKAA1,8,SBF1;S1141;,0.7594383142071099,0.2405616857928899
PRKAA1,8,SCRIB;S1315;,0.02145155403853046,0.9785484459614693
PRKAA1,8,SCRIB;S1529;,0.01752991595708261,0.9824700840429174
PRKAA1,8,SENP7;S47;,0.02512609770366157,0.9748739022963383
PRKAA1,8,SETD2;S511;,0.021841424220088185,0.9781585757799119
PRKAA1,8,SF3B1;T326;,0.7715582188049293,0.22844178119507058
PRKAA1,8,SFPQ;T586;,0.028279731944238044,0.9717202680557617
PRKAA1,8,SGTA;S306;,0.02288055992949344,0.9771194400705066
PRKAA1,8,SGTA;S308;,0.016700916850152844,0.983299083149847
PRKAA1,8,SH3BP5;S420;,0.03044674859415882,0.9695532514058411
PRKAA1,8,SH3D19;S274;,0.0274450597950146,0.9725549402049853
PRKAA1,8,SH3PXD2A;S368;,0.9755540710444164,0.02444592895558359
PRKAA1,8,SH3PXD2A;S495;,0.020210792222532366,0.9797892077774678
PRKAA1,8,SH3PXD2A;S956;,0.045517625246164164,0.9544823747538358
PRKAA1,8,SHC3;S359;,0.02393584148477068,0.9760641585152294
PRKAA1,8,SIK2;S673;,0.030772940618477282,0.9692270593815226
PRKAA1,8,SIPA1L1;S1408;,0.9583567629417382,0.04164323705826179
PRKAA1,8,SIPA1L1;S1411;,0.9731813634061964,0.0268186365938036
PRKAA1,8,SIPA1L1;S288;,0.025959042139374812,0.9740409578606253
PRKAA1,8,SLC2A13;S38;,0.9760364304563377,0.023963569543662244
PRKAA1,8,SLC2A13;S44;,0.9787158184668927,0.021284181533107276
PRKAA1,8,SLC2A13;S47;,0.972552724047445,0.027447275952554976
PRKAA1,8,SLC4A7;S1171;,0.9625602680639298,0.03743973193607032
PRKAA1,8,SLC4A7;S263;,0.9783504701516453,0.02164952984835463
PRKAA1,8,SLK;S778;,0.9711504719119423,0.028849528088057706
PRKAA1,8,SMCR7L;S59;,0.028601289347808995,0.9713987106521907
PRKAA1,8,SMCR8;S416;,0.022115159978730113,0.9778848400212697
PRKAA1,8,SMCR8;S486;,0.980088416619945,0.019911583380055192
PRKAA1,8,SMCR8;S488;,0.9728753003145766,0.027124699685423557
PRKAA1,8,SMCR8;S491;,0.9771612606623781,0.022838739337622024
PRKAA1,8,SMCR8;S497;,0.9544317178768215,0.04556828212317852
PRKAA1,8,SMG6;S537;,0.02052721735686712,0.9794727826431328
PRKAA1,8,SNW1;S224;,0.956024146103408,0.04397585389659205
PRKAA1,8,SNX8;S454;,0.024031769987881303,0.9759682300121186
PRKAA1,8,SON;S94;,0.02156790265802734,0.9784320973419727
PRKAA1,8,SORBS1;S857;,0.020358887665783577,0.9796411123342165
PRKAA1,8,SOS1;S1120;,0.025871537205121503,0.9741284627948785
PRKAA1,8,SOX6;S399;,0.023163421678441168,0.976836578321559
PRKAA1,8,SOX6;S402;,0.02451102952510459,0.9754889704748954
PRKAA1,8,SOX6;T401;,0.019668600185400672,0.9803313998145993
PRKAA1,8,SPAG7;S219;,0.026270267688928817,0.9737297323110713
PRKAA1,8,SPAG9;S203;,0.0259253213279568,0.9740746786720432
PRKAA1,8,SPAG9;S716;,0.03723165527636034,0.9627683447236396
PRKAA1,8,SPHK2;S379;,0.9649853409219497,0.03501465907805042
PRKAA1,8,SRPK2;S487;,0.026409205753206353,0.9735907942467935
PRKAA1,8,SRRM2;S2228;,0.025607417501135613,0.9743925824988645
PRKAA1,8,SRRM2;S2338;,0.023895502556110507,0.9761044974438895
PRKAA1,8,SRSF10;S131;,0.9560142089319459,0.04398579106805407
PRKAA1,8,SRSF11;S200;,0.020833727933184908,0.9791662720668151
PRKAA1,8,STARD13;S334;,0.021853743922462577,0.9781462560775375
PRKAA1,8,STAT3;S727;,0.041324424595372035,0.9586755754046278
PRKAA1,8,STIM1;S257;,0.955964225586675,0.04403577441332483
PRKAA1,8,STIM1;S523;,0.9585834710169849,0.041416528983015004
PRKAA1,8,STIM1;S524;,0.9704202361549701,0.02957976384502985
PRKAA1,8,STIM2;S675;,0.9711740264180767,0.028825973581923257
PRKAA1,8,STK11IP;S443;,0.020409549441658386,0.9795904505583415
PRKAA1,8,STK3;S385;,0.016039052799951097,0.9839609472000489
PRKAA1,8,STMN1;S16;,0.024028344898988422,0.9759716551010118
PRKAA1,8,STMN1;S25;,0.028124561328278248,0.9718754386717219
PRKAA1,8,STMN1;S38;,0.03535254446813346,0.9646474555318666
PRKAA1,8,STRN3;S227;,0.016201923111252996,0.9837980768887471
PRKAA1,8,SUN2;S12;,0.018163861721661123,0.9818361382783387
PRKAA1,8,SVIL;S1177;,0.021480807418335916,0.9785191925816641
PRKAA1,8,SVIL;S259;,0.024500299511779063,0.975499700488221
PRKAA1,8,SVIL;S531;,0.023229357192592098,0.9767706428074079
PRKAA1,8,SYNPO2L;S401;,0.02667546590890595,0.973324534091094
PRKAA1,8,SYNPO2L;T141;,0.8433153838839151,0.1566846161160847
PRKAA1,8,SZT2;S1641;,0.02310777365296664,0.9768922263470334
PRKAA1,8,TACC2;S575;,0.040930951798445185,0.9590690482015548
PRKAA1,8,TANC2;S1447;,0.030909203639908244,0.9690907963600918
PRKAA1,8,TBC1D1;S231;,0.9791412691001106,0.02085873089988958
PRKAA1,8,TBC1D1;S662;,0.9821428236165122,0.017857176383487838
PRKAA1,8,TBC1D1;T590;,0.0325259253441894,0.9674740746558107
PRKAA1,8,TBC1D16;S382;,0.01727194464385087,0.9827280553561492
PRKAA1,8,TCF12;S583;,0.028531610352943784,0.9714683896470562
PRKAA1,8,TDRD3;S256;,0.023958830250037574,0.9760411697499622
PRKAA1,8,TENC1;T996;,0.018997322499373352,0.9810026775006266
PRKAA1,8,TFE3;S531;,0.034181094566923746,0.9658189054330761
PRKAA1,8,TJP1;S1602;,0.02003327839645887,0.9799667216035408
PRKAA1,8,TJP1;S1604;,0.0164598475622001,0.9835401524378
PRKAA1,8,TJP2;S147;,0.016067595986113403,0.9839324040138868
PRKAA1,8,TMEM245;S327;,0.04418255022176598,0.9558174497782339
PRKAA1,8,TMEM55A;S14;,0.9679321705477726,0.03206782945222754
PRKAA1,8,TNKS1BP1;S1642;,0.024086990221167715,0.9759130097788322
PRKAA1,8,TNRC6B;S306;,0.022282188691406284,0.9777178113085937
PRKAA1,8,TNRC6B;S421;,0.0177411829797221,0.982258817020278
PRKAA1,8,TRAK1;S390;,0.02055736714246809,0.979442632857532
PRKAA1,8,TRAK1;S905;,0.9742313317981512,0.02576866820184873
PRKAA1,8,TRAPPC12;S314;,0.020735682056741832,0.9792643179432581
PRKAA1,8,TRIM28;S474;,0.03372403676828083,0.9662759632317194
PRKAA1,8,TRIO;S2459;,0.020585878892500454,0.9794141211074995
PRKAA1,8,TRIO;S2463;,0.024219709816152638,0.9757802901838476
PRKAA1,8,TRIP12;T1454;,0.016262767625401648,0.9837372323745984
PRKAA1,8,TSC2;S939;,0.028113638739520632,0.9718863612604794
PRKAA1,8,TSSC4;S190;,0.021792682352280622,0.9782073176477193
PRKAA1,8,TTN;S305;,0.9685437291167002,0.031456270883299796
PRKAA1,8,UBA1;S13;,0.025969611713410647,0.9740303882865893
PRKAA1,8,UBA5;S380;,0.022337115628842216,0.9776628843711578
PRKAA1,8,UBE2O;S835;,0.0261350908282215,0.9738649091717784
PRKAA1,8,UBE2O;T830;,0.5756328090666445,0.42436719093335556
PRKAA1,8,UBE4B;S88;,0.02855381573878857,0.9714461842612114
PRKAA1,8,ULK1;S450;,0.01769753127490734,0.9823024687250925
PRKAA1,8,ULK1;S465;,0.9766049347471318,0.02339506525286826
PRKAA1,8,ULK1;S477;,0.02666448275800802,0.973335517241992
PRKAA1,8,ULK1;S479;,0.02208299609374827,0.9779170039062517
PRKAA1,8,ULK1;S637;,0.9793983017769129,0.020601698223087106
PRKAA1,8,ULK1;T468;,0.8316588039192645,0.1683411960807357
PRKAA1,8,ULK1;T659;,0.9375205229315963,0.06247947706840377
PRKAA1,8,USP10;S224;,0.02422561402188608,0.975774385978114
PRKAA1,8,VAPA;S164;,0.9717064009924017,0.028293599007598147
PRKAA1,8,VIM;S420;,0.9644852316129184,0.03551476838708165
PRKAA1,8,VIM;S430;,0.943359467107988,0.05664053289201194
PRKAA1,8,VIM;T426;,0.960258423963454,0.03974157603654618
PRKAA1,8,VPS26B;S304;,0.9696421726529459,0.030357827347054202
PRKAA1,8,WIPF2;S235;,0.030399307219908914,0.969600692780091
PRKAA1,8,WNK1;S165;,0.03502106389472596,0.9649789361052742
PRKAA1,8,WWC3;S955;,0.01817403396932816,0.9818259660306718
PRKAA1,8,YAP1;S46;,0.9684980075485129,0.03150199245148719
PRKAA1,8,ZC3H13;S368;,0.9724510750322752,0.027548924967724854
PRKAA1,8,ZC3HAV1;S307;,0.02204725303769398,0.977952746962306
PRKAA1,8,ZC3HAV1;S325;,0.017717370924227458,0.9822826290757726
PRKAA1,8,ZC3HAV1;S544;,0.017989109858528075,0.9820108901414719
PRKAA1,8,ZC3HC1;S343;,0.026473839306470775,0.973526160693529
PRKAA1,8,ZC3HC1;T351;,0.040324456337227484,0.9596755436627724
PRKAA1,8,ZFP295;S411;,0.025678893781546554,0.9743211062184535
PRKAA1,8,ZFYVE16;S903;,0.025643261157792425,0.9743567388422076
PRKAA1,8,ZNRF2;S148;,0.018451444245216,0.9815485557547838
PRKAA1,8,ZNRF2;S154;,0.02043769596149232,0.9795623040385077
PRKAA1,8,ZNRF2;S18;,0.021871126383190016,0.97812887361681
PRKAA1,8,ZNRF2;S81;,0.030046016774285648,0.9699539832257142
PRKAA1,8,ZYX;S143;,0.017745014527523056,0.982254985472477
PRKAA1,8,ZYX;S144;,0.015918540036911483,0.9840814599630886
PRKAA1,8,ZYX;S336;,0.019863454109081493,0.9801365458909185
PRKAA1,8,ZZEF1;S1516;,0.026191794882838536,0.9738082051171614
PRKAA1,8,ZZEF1;S1535;,0.028591070959828373,0.9714089290401717
PRKAA1,9,AAK1;S677;,0.03265882870862977,0.9673411712913703
PRKAA1,9,ABCC4;S604;,0.026301734522407565,0.9736982654775924
PRKAA1,9,ABI2;S165;,0.03647897255811476,0.9635210274418851
PRKAA1,9,ABI2;S168;,0.0201877691797358,0.9798122308202643
PRKAA1,9,ABL2;S799;,0.03233938611699649,0.9676606138830037
PRKAA1,9,ABLIM3;S566;,0.018516535519077126,0.9814834644809229
PRKAA1,9,ABLIM3;S575;,0.5953985860414058,0.40460141395859395
PRKAA1,9,ACACA;S79;,0.965134384824989,0.03486561517501097
PRKAA1,9,ACIN1;S711;,0.02892258667698832,0.9710774133230116
PRKAA1,9,ADD1;S613;,0.017491001067646415,0.9825089989323537
PRKAA1,9,ADD1;T614;,0.0406105345583977,0.9593894654416023
PRKAA1,9,ADNP;S971;,0.022992886057133934,0.9770071139428661
PRKAA1,9,AFF4;S823;,0.05647730647531335,0.9435226935246865
PRKAA1,9,AGAP3;S107;,0.02700713466908796,0.9729928653309121
PRKAA1,9,AHCTF1;S1214;,0.9494830247763072,0.050516975223692744
PRKAA1,9,AHNAK;S1191;,0.9354472053214916,0.06455279467850818
PRKAA1,9,AHNAK;S177;,0.022138074982655017,0.977861925017345
PRKAA1,9,AHNAK;S2060;,0.017068147676359238,0.9829318523236407
PRKAA1,9,AHNAK;S211;,0.02912500143934408,0.9708749985606558
PRKAA1,9,AHNAK;S2117;,0.9346803533294523,0.06531964667054765
PRKAA1,9,AHNAK;S222;,0.9672335015578161,0.032766498442183885
PRKAA1,9,AHNAK;S3915;,0.01773354002603272,0.9822664599739672
PRKAA1,9,AHNAK;S42;,0.015964426640262666,0.9840355733597373
PRKAA1,9,AHNAK;S4597;,0.021811591997169345,0.9781884080028305
PRKAA1,9,AHNAK;S5243;,0.024872152649739868,0.97512784735026
PRKAA1,9,AHNAK;T4049;,0.09334668921840668,0.9066533107815934
PRKAA1,9,AHNAK2;S425;,0.019346359012097365,0.9806536409879026
PRKAA1,9,AHNAK2;T438;,0.03556594131661788,0.964434058683382
PRKAA1,9,AIMP1;S110;,0.027826519586702847,0.9721734804132972
PRKAA1,9,AJUBA;S129;,0.03107179875230872,0.9689282012476913
PRKAA1,9,AKAP1;S103;,0.9726479387906983,0.02735206120930178
PRKAA1,9,AKAP10;S278;,0.018899447222246624,0.9811005527777535
PRKAA1,9,AKAP11;S1090;,0.7087684262832319,0.29123157371676817
PRKAA1,9,AKAP11;S21;,0.020646867257389054,0.9793531327426107
PRKAA1,9,AKAP11;S23;,0.019293608577359015,0.9807063914226412
PRKAA1,9,AKAP11;S448;,0.022893011521334952,0.9771069884786651
PRKAA1,9,AKAP13;S2515;,0.03838128432982548,0.9616187156701747
PRKAA1,9,AKAP2;S152;,0.03636857500352036,0.9636314249964798
PRKAA1,9,AKAP2;S730;,0.028030541033655383,0.9719694589663447
PRKAA1,9,AKAP6;S562;,0.9722693587256047,0.027730641274395375
PRKAA1,9,AKAP9;S3669;,0.02331854851545485,0.9766814514845451
PRKAA1,9,AKT1S1;S184;,0.01832955538455979,0.9816704446154402
PRKAA1,9,AKT1S1;T247;,0.02983668974365216,0.9701633102563478
PRKAA1,9,ALKBH5;S362;,0.045884821095972285,0.9541151789040276
PRKAA1,9,ALKBH5;S376;,0.020278995998632723,0.9797210040013671
PRKAA1,9,AMOTL1;S580;,0.9558356951326127,0.04416430486738722
PRKAA1,9,ANP32A;S15;,0.025877518741015713,0.9741224812589844
PRKAA1,9,AP3D1;S755;,0.03901442054124271,0.9609855794587574
PRKAA1,9,ARFGAP2;S145;,0.020476911683838046,0.979523088316162
PRKAA1,9,ARFGEF2;S214;,0.03320712417809456,0.9667928758219053
PRKAA1,9,ARFIP1;S39;,0.9724810097477233,0.02751899025227667
PRKAA1,9,ARHGAP17;S710;,0.03274465597291065,0.9672553440270893
PRKAA1,9,ARHGAP22;S200;,0.025382991976359036,0.974617008023641
PRKAA1,9,ARHGAP22;S236;,0.02798958222587368,0.9720104177741262
PRKAA1,9,ARHGAP35;S1174;,0.02207154578080547,0.9779284542191944
PRKAA1,9,ARHGAP39;S284;,0.02091003166447992,0.97908996833552
PRKAA1,9,ARHGAP5;S1195;,0.022088128295705167,0.9779118717042946
PRKAA1,9,ARHGAP5;S1202;,0.02748541420542418,0.9725145857945758
PRKAA1,9,ARHGAP5;S967;,0.0202687779355332,0.9797312220644669
PRKAA1,9,ARHGEF12;S337;,0.02443260757733782,0.9755673924226622
PRKAA1,9,ARHGEF12;S341;,0.01973761147478053,0.9802623885252195
PRKAA1,9,ARHGEF17;S995;,0.9530954998704948,0.04690450012950528
PRKAA1,9,ARHGEF5;S721;,0.017282879778628323,0.9827171202213718
PRKAA1,9,ARPP21;S256;,0.8295576009855784,0.17044239901442154
PRKAA1,9,ATF7;T53;,0.7676421805381232,0.23235781946187684
PRKAA1,9,ATG14;S5;,0.02060440743189817,0.9793955925681018
PRKAA1,9,ATG2A;S1246;,0.020997354422486837,0.9790026455775133
PRKAA1,9,ATG2B;S240;,0.024152803684769113,0.9758471963152309
PRKAA1,9,ATG2B;S255;,0.023698131816607144,0.9763018681833928
PRKAA1,9,ATRX;S761;,0.03599386440982811,0.9640061355901718
PRKAA1,9,ATXN2;S622;,0.020972658188489174,0.9790273418115111
PRKAA1,9,ATXN2L;S109;,0.02492418725148936,0.9750758127485105
PRKAA1,9,ATXN2L;S447;,0.029116647837210734,0.9708833521627893
PRKAA1,9,AZI1;S114;,0.05159611526322544,0.9484038847367744
PRKAA1,9,AZI1;S304;,0.027667348740930662,0.9723326512590692
PRKAA1,9,BAD;S171;,0.9603849633785632,0.03961503662143682
PRKAA1,9,BAG3;S271;,0.029563901960325163,0.9704360980396749
PRKAA1,9,BAG3;S387;,0.02143507296091767,0.9785649270390825
PRKAA1,9,BAG3;S388;,0.0255599803198094,0.9744400196801906
PRKAA1,9,BAIAP2L1;S218;,0.02447739958720616,0.9755226004127937
PRKAA1,9,BAIAP2L1;S380;,0.9472709614928133,0.05272903850718673
PRKAA1,9,BAZ2A;S1388;,0.025000453650569746,0.9749995463494304
PRKAA1,9,BBX;S243;,0.03021324396590518,0.9697867560340947
PRKAA1,9,BCL9L;S116;,0.029385874236003133,0.9706141257639967
PRKAA1,9,BCL9L;S21;,0.9344238419905689,0.06557615800943084
PRKAA1,9,BCL9L;S25;,0.03460073713998117,0.9653992628600189
PRKAA1,9,BICD2;S611;,0.035932171544216226,0.9640678284557836
PRKAA1,9,BICD2;S819;,0.037529749008453475,0.9624702509915465
PRKAA1,9,BRAF;S134;,0.021736766485785753,0.9782632335142144
PRKAA1,9,BRD8;S274;,0.03327729850942585,0.966722701490574
PRKAA1,9,BRD8;T270;,0.02563664263905789,0.974363357360942
PRKAA1,9,BSDC1;S216;,0.026351447492585316,0.9736485525074146
PRKAA1,9,C2CD4C;S262;,0.0325811754594235,0.9674188245405765
PRKAA1,9,CACNB1;S53;,0.023804521368108487,0.9761954786318914
PRKAA1,9,CALD1;S527;,0.020303718077000446,0.9796962819229997
PRKAA1,9,CAMK2D;T371;,0.8286091306001364,0.17139086939986342
PRKAA1,9,CAMSAP1;S1154;,0.022968742946764563,0.9770312570532355
PRKAA1,9,CAMSAP1;S517;,0.020792038708728873,0.9792079612912713
PRKAA1,9,CAP2;S301;,0.020479769592505793,0.9795202304074943
PRKAA1,9,CBX5;S93;,0.04073348867810744,0.9592665113218924
PRKAA1,9,CCDC6;S143;,0.02027969756684725,0.979720302433153
PRKAA1,9,CCDC88A;S1638;,0.02977632708411106,0.9702236729158887
PRKAA1,9,CCDC91;S71;,0.018860887955428556,0.9811391120445716
PRKAA1,9,CDC42EP2;S137;,0.03325386313656612,0.966746136863434
PRKAA1,9,CDC42EP2;S141;,0.027994128179123844,0.9720058718208763
PRKAA1,9,CDC42EP4;S140;,0.02730950865661718,0.9726904913433828
PRKAA1,9,CDKN1A;S69;,0.018721779068464173,0.9812782209315358
PRKAA1,9,CDKN1B;S12;,0.02238465209719074,0.9776153479028094
PRKAA1,9,CDKN1B;S7;,0.018509924951621515,0.9814900750483786
PRKAA1,9,CEP170B;S1166;,0.03816549386591552,0.9618345061340844
PRKAA1,9,CEP68;S503;,0.2441036254244953,0.755896374575505
PRKAA1,9,CEP68;S510;,0.033524939117796325,0.9664750608822037
PRKAA1,9,CHAMP1;S532;,0.03797009140891081,0.9620299085910894
PRKAA1,9,CHD8;S549;,0.9700249846556201,0.029975015344379904
PRKAA1,9,CHRND;S379;,0.9573696438198928,0.04263035618010722
PRKAA1,9,CIC;S1394;,0.033011113281916374,0.9669888867180836
PRKAA1,9,CIC;S1399;,0.01823357318337741,0.9817664268166226
PRKAA1,9,CLASP2;S331;,0.9694698625128305,0.030530137487169436
PRKAA1,9,CLIP1;S159;,0.02197417459126931,0.978025825408731
PRKAA1,9,COBL;S31;,0.9700170488881702,0.02998295111182971
PRKAA1,9,COBL;S34;,0.9740026740384574,0.025997325961542524
PRKAA1,9,COG3;S536;,0.9508917782310754,0.04910822176892452
PRKAA1,9,CORO7;S298;,0.977427347643857,0.02257265235614299
PRKAA1,9,DAB2IP;S802;,0.021191660026751793,0.978808339973248
PRKAA1,9,DAP;S2;,0.020111112475939826,0.9798888875240601
PRKAA1,9,DAP;S3;,0.02076379397715384,0.9792362060228462
PRKAA1,9,DBNDD1;S123;,0.025745819350856566,0.9742541806491433
PRKAA1,9,DCAF6;S336;,0.015691794089143767,0.9843082059108562
PRKAA1,9,DCLK1;S30;,0.8968164641627974,0.10318353583720281
PRKAA1,9,DDX19A;S86;,0.027481459757769153,0.972518540242231
PRKAA1,9,DDX3X;S261;,0.053482600238893896,0.946517399761106
PRKAA1,9,DENND4C;S1037;,0.9697338388554306,0.030266161144569367
PRKAA1,9,DLG2;S323;,0.028411958534877338,0.9715880414651226
PRKAA1,9,DLG2;S328;,0.024435454546074528,0.9755645454539253
PRKAA1,9,DMXL1;S574;,0.9603373093428377,0.039662690657162214
PRKAA1,9,DNAJC2;T48;,0.07516109383951645,0.9248389061604836
PRKAA1,9,DNAJC25;T353;,0.13081217676747098,0.8691878232325291
PRKAA1,9,DOCK6;S1339;,0.1219540680677339,0.8780459319322662
PRKAA1,9,DOCK7;S1361;,0.06317286588348266,0.9368271341165171
PRKAA1,9,DOCK7;S2107;,0.021825822799204742,0.9781741772007955
PRKAA1,9,DOPEY1;S1261;,0.048157224961831564,0.9518427750381683
PRKAA1,9,DTNA;S606;,0.019408260819442122,0.980591739180558
PRKAA1,9,DUSP27;S366;,0.03220809532375419,0.9677919046762454
PRKAA1,9,DUSP27;S368;,0.02090166145197503,0.979098338548025
PRKAA1,9,DUSP27;S370;,0.020465593802682702,0.9795344061973175
PRKAA1,9,DUSP27;S427;,0.02304774422316157,0.9769522557768385
PRKAA1,9,DYNC1H1;S4365;,0.02710193438018026,0.9728980656198197
PRKAA1,9,DYNC1I2;S81;,0.0370353943083515,0.9629646056916484
PRKAA1,9,EEF2;T57;,0.8338827504048133,0.1661172495951867
PRKAA1,9,EEF2K;S365;,0.6362052068393593,0.36379479316064084
PRKAA1,9,EHBP1L1;S1363;,0.9701146102741,0.029885389725900106
PRKAA1,9,EHD4;S459;,0.0187836921535761,0.9812163078464238
PRKAA1,9,EIF3A;S584;,0.02952540592386245,0.9704745940761375
PRKAA1,9,EIF4B;S422;,0.045619585347980836,0.9543804146520193
PRKAA1,9,EIF4B;S424;,0.021702804529774335,0.9782971954702256
PRKAA1,9,EIF4B;S425;,0.024165012327235915,0.975834987672764
PRKAA1,9,EIF4B;T420;,0.023697713774496903,0.976302286225503
PRKAA1,9,EIF4EBP1;S64;,0.02075846384263352,0.9792415361573666
PRKAA1,9,EIF4EBP2;S2;,0.026851324756579104,0.9731486752434207
PRKAA1,9,EIF5B;S183;,0.039233809040634324,0.9607661909593657
PRKAA1,9,ELMSAN1;S456;,0.04993371370713761,0.9500662862928625
PRKAA1,9,EPS8;S659;,0.03331007550251742,0.9666899244974826
PRKAA1,9,ETL4;S1844;,0.037925136538112095,0.962074863461888
PRKAA1,9,ETV3;S139;,0.024639934555839477,0.9753600654441608
PRKAA1,9,FAM120C;S55;,0.022303956580902787,0.9776960434190973
PRKAA1,9,FAM134C;S313;,0.9226242581062829,0.0773757418937171
PRKAA1,9,FAM134C;S320;,0.6335278728912784,0.3664721271087216
PRKAA1,9,FAM171A2;S423;,0.02830771104243657,0.9716922889575633
PRKAA1,9,FAM65A;S752;,0.029090615222316707,0.9709093847776833
PRKAA1,9,FBXO30;S379;,0.020441641510983977,0.9795583584890163
PRKAA1,9,FHOD1;S489;,0.025098231780570537,0.9749017682194295
PRKAA1,9,FHOD1;S501;,0.036034385914885635,0.9639656140851145
PRKAA1,9,FHOD1;S504;,0.023956155259666632,0.9760438447403335
PRKAA1,9,FHOD1;S513;,0.027007087719716775,0.9729929122802832
PRKAA1,9,FHOD1;S523;,0.03438445634713589,0.9656155436528642
PRKAA1,9,FLNC;S2147;,0.019784514463411954,0.9802154855365881
PRKAA1,9,FLNC;S2234;,0.030076568410022184,0.9699234315899777
PRKAA1,9,FMN1;S589;,0.019863072987931094,0.9801369270120687
PRKAA1,9,FOSL2;S320;,0.026409280177075094,0.9735907198229248
PRKAA1,9,FOSL2;T322;,0.03457811750549564,0.9654218824945043
PRKAA1,9,FOXK1;S225;,0.02979991827077685,0.970200081729223
PRKAA1,9,FOXK2;T200;,0.03173579574244588,0.9682642042575541
PRKAA1,9,FOXO3;S252;,0.03763793407129643,0.9623620659287035
PRKAA1,9,FRMD8;S21;,0.02440574384695358,0.9755942561530465
PRKAA1,9,FRYL;T1959;,0.038313370319897504,0.9616866296801025
PRKAA1,9,GAB1;S418;,0.02862406090170762,0.9713759390982925
PRKAA1,9,GAB2;S142;,0.021751719442344202,0.9782482805576557
PRKAA1,9,GAB2;S143;,0.03646571113414165,0.9635342888658585
PRKAA1,9,GAB2;S211;,0.03214292169169686,0.967857078308303
PRKAA1,9,GAB2;S365;,0.023011323446898657,0.9769886765531014
PRKAA1,9,GAB2;T388;,0.028091610957932566,0.9719083890420674
PRKAA1,9,GATAD2A;S103;,0.9656955128688625,0.03430448713113748
PRKAA1,9,GATAD2A;S96;,0.9603695646528446,0.03963043534715532
PRKAA1,9,GATAD2B;S338;,0.027737793822679886,0.97226220617732
PRKAA1,9,GBF1;S1786;,0.06275821921385427,0.9372417807861458
PRKAA1,9,GIGYF1;S28;,0.033104230365232565,0.9668957696347673
PRKAA1,9,GIT2;S568;,0.019450843192672446,0.9805491568073277
PRKAA1,9,GOLGA4;S116;,0.9723223568829195,0.02767764311708045
PRKAA1,9,GSK3A;S21;,0.045078846077277246,0.9549211539227227
PRKAA1,9,GSK3A;S41;,0.018542026939486162,0.981457973060514
PRKAA1,9,GSK3B;S9;,0.046089107436329,0.9539108925636709
PRKAA1,9,GYS1;S728;,0.03960661883156393,0.9603933811684359
PRKAA1,9,HBP1;S401;,0.02609023031895879,0.973909769681041
PRKAA1,9,HBS1L;S147;,0.01865786903999503,0.9813421309600052
PRKAA1,9,HDAC6;S21;,0.02134060127564817,0.9786593987243517
PRKAA1,9,HECTD1;S1392;,0.04041042099085289,0.959589579009147
PRKAA1,9,HECTD1;S1393;,0.026896487612562258,0.9731035123874378
PRKAA1,9,HECTD1;S1573;,0.9465608509778223,0.053439149022177855
PRKAA1,9,HELB;S944;,0.03846970044163856,0.9615302995583614
PRKAA1,9,HERC1;S1163;,0.026661664465754655,0.9733383355342453
PRKAA1,9,HERC1;T1154;,0.0261335938833811,0.973866406116619
PRKAA1,9,HIRIP3;S27;,0.01934789736365905,0.9806521026363408
PRKAA1,9,HN1L;S97;,0.0212008091805023,0.9787991908194978
PRKAA1,9,HOMER3;S158;,0.04725384963559113,0.9527461503644089
PRKAA1,9,HUWE1;S1876;,0.020988456003270192,0.9790115439967296
PRKAA1,9,HUWE1;S3639;,0.015593072411348247,0.9844069275886519
PRKAA1,9,HUWE1;S3898;,0.031733728076368005,0.9682662719236319
PRKAA1,9,HUWE1;T3903;,0.033876888119965434,0.9661231118800346
PRKAA1,9,IREB2;S178;,0.0187661470074312,0.9812338529925686
PRKAA1,9,IRF2BPL;S69;,0.028808347211160084,0.9711916527888398
PRKAA1,9,ITSN1;S1063;,0.09627789346261445,0.9037221065373855
PRKAA1,9,ITSN1;S315;,0.03300558784683899,0.9669944121531611
PRKAA1,9,JMY;S56;,0.032303051068136454,0.9676969489318635
PRKAA1,9,JSRP1;S47;,0.021351259101451647,0.9786487408985483
PRKAA1,9,KANK2;S358;,0.026332249315941365,0.9736677506840586
PRKAA1,9,KCTD3;S809;,0.9730234125696666,0.026976587430333286
PRKAA1,9,KDM2A;S718;,0.028083610844348343,0.9719163891556518
PRKAA1,9,KDM2A;T713;,0.0403861289371912,0.9596138710628089
PRKAA1,9,KDM5C;S316;,0.032944603134335275,0.9670553968656647
PRKAA1,9,KPNA1;S2;,0.04780473241298851,0.9521952675870117
PRKAA1,9,KPNA1;T3;,0.09113806820357954,0.9088619317964205
PRKAA1,9,LAMTOR1;S98;,0.023085259697861557,0.9769147403021383
PRKAA1,9,LARP1;S916;,0.04710559298657228,0.9528944070134279
PRKAA1,9,LARP1;T932;,0.03773243852587072,0.9622675614741295
PRKAA1,9,LARP4B;S498;,0.032659632659934434,0.9673403673400656
PRKAA1,9,LDB3;S112;,0.01811588984722615,0.9818841101527739
PRKAA1,9,LIMA1;S360;,0.025277395581363243,0.9747226044186368
PRKAA1,9,LIMA1;S603;,0.02953378836046234,0.9704662116395376
PRKAA1,9,LIMA1;S608;,0.026317521726134795,0.973682478273865
PRKAA1,9,LIMA1;S703;,0.03194621370302716,0.9680537862969727
PRKAA1,9,LMNA;S404;,0.03964820128077968,0.9603517987192204
PRKAA1,9,LMNA;S406;,0.02468594632877843,0.9753140536712215
PRKAA1,9,LMNA;S407;,0.02079736515597949,0.9792026348440205
PRKAA1,9,LMNA;S423;,0.024160954283250703,0.9758390457167492
PRKAA1,9,LMNA;S424;,0.02158008887609664,0.9784199111239034
PRKAA1,9,LMO7;S1541;,0.03331745098493803,0.966682549015062
PRKAA1,9,LMO7;S1543;,0.03043068328874286,0.9695693167112571
PRKAA1,9,LOC100360205;S239;,0.027606639476331605,0.9723933605236685
PRKAA1,9,LOC100365259;S393;,0.09994943388411648,0.9000505661158836
PRKAA1,9,LOC100910104;S475;,0.031224754300040503,0.9687752456999594
PRKAA1,9,LOC100910104;S532;,0.9726068004755425,0.027393199524457554
PRKAA1,9,LOC100910104;S719;,0.021339847642306443,0.9786601523576937
PRKAA1,9,LOC100910646;S166;,0.02061785242840762,0.9793821475715923
PRKAA1,9,LOC100911178;S1643;,0.019595716222151106,0.9804042837778488
PRKAA1,9,LOC100911302;S1721;,0.026431010345208394,0.9735689896547914
PRKAA1,9,LOC100911677;S490;,0.967324820380689,0.03267517961931103
PRKAA1,9,LOC100912115;S649;,0.028918137025477283,0.9710818629745227
PRKAA1,9,LOC312502;S1164;,0.024790396279624503,0.9752096037203756
PRKAA1,9,LOC312502;S138;,0.9769848200332274,0.023015179966772648
PRKAA1,9,LOC312502;S139;,0.9746510838276641,0.025348916172335898
PRKAA1,9,LOC312502;S483;,0.03071818935202513,0.9692818106479749
PRKAA1,9,LOC683007;S1204;,0.023471891936648448,0.9765281080633516
PRKAA1,9,LOC683007;S1207;,0.018911117574000068,0.9810888824260001
PRKAA1,9,LOC684259;S780;,0.937128839619112,0.06287116038088802
PRKAA1,9,LOC685707;S1251;,0.030193628399535002,0.969806371600465
PRKAA1,9,LRRFIP2;S18;,0.021026808280157523,0.9789731917198424
PRKAA1,9,LRRFIP2;T136;,0.03264926474949046,0.9673507352505095
PRKAA1,9,LYSMD1;S33;,0.9517023287510118,0.0482976712489882
PRKAA1,9,MACF1;S1376;,0.03821226914087283,0.9617877308591269
PRKAA1,9,MACF1;S5293;,0.025527861057296774,0.9744721389427032
PRKAA1,9,MAF1;S60;,0.023341027821680543,0.9766589721783195
PRKAA1,9,MAP1A;S1757;,0.03691634326735737,0.9630836567326426
PRKAA1,9,MAP1A;T2177;,0.03210560860023937,0.9678943913997607
PRKAA1,9,MAP1A;T504;,0.02814157410608654,0.9718584258939134
PRKAA1,9,MAP1B;S1257;,0.032833873191877784,0.9671661268081221
PRKAA1,9,MAP1B;S1389;,0.029406416090482314,0.9705935839095177
PRKAA1,9,MAP1B;S1393;,0.027347730341941632,0.9726522696580584
PRKAA1,9,MAP1B;T1781;,0.298417362169962,0.701582637830038
PRKAA1,9,MAP1S;S683;,0.03397872591673225,0.9660212740832679
PRKAA1,9,MAP4;S902;,0.9696541352698587,0.03034586473014125
PRKAA1,9,MAP4K4;S591;,0.022093380243898515,0.9779066197561016
PRKAA1,9,MAP4K4;S791;,0.9765692784563421,0.023430721543657888
PRKAA1,9,MAP4K4;S794;,0.9697411576807433,0.03025884231925668
PRKAA1,9,MAPK1;Y185;,0.21918013025530564,0.7808198697446942
PRKAA1,9,MAPK14;Y182;,0.2587680098151958,0.7412319901848042
PRKAA1,9,MAPK8;Y185;,0.611174904935981,0.3888250950640191
PRKAA1,9,MARCKS;S141;,0.041891144915498314,0.9581088550845018
PRKAA1,9,MARK3;S593;,0.0172896024457514,0.9827103975542487
PRKAA1,9,MARK3;T594;,0.05212108108258663,0.9478789189174135
PRKAA1,9,MATR3;S188;,0.04476024814489601,0.9552397518551039
PRKAA1,9,MBD3;S85;,0.032628766593962334,0.9673712334060377
PRKAA1,9,MBD3;S86;,0.017763677996781083,0.982236322003219
PRKAA1,9,MDM2;S138;,0.04146638475151515,0.9585336152484849
PRKAA1,9,MED1;S1465;,0.020281270870160167,0.9797187291298397
PRKAA1,9,MED1;S1467;,0.022558969126662866,0.9774410308733371
PRKAA1,9,MED1;S1468;,0.019572276527184157,0.9804277234728159
PRKAA1,9,MED24;S860;,0.03208879057127915,0.967911209428721
PRKAA1,9,MED24;S861;,0.019074932859531695,0.9809250671404683
PRKAA1,9,MEF2C;S226;,0.024005235502332554,0.9759947644976675
PRKAA1,9,MID1;S96;,0.026944445340264227,0.9730555546597357
PRKAA1,9,MKL1;S571;,0.03410569221939321,0.965894307780607
PRKAA1,9,MLL2;S2291;,0.02232778768785628,0.9776722123121439
PRKAA1,9,MLLT4;S216;,0.02013591654612375,0.9798640834538762
PRKAA1,9,MLLT4;S246;,0.026110054407125466,0.9738899455928745
PRKAA1,9,MON2;S197;,0.023274732660482515,0.9767252673395175
PRKAA1,9,MPHOSPH10;S168;,0.9719079134465698,0.028092086553430068
PRKAA1,9,MPRIP;S369;,0.025058215171175666,0.9749417848288241
PRKAA1,9,MTFR1L;S100;,0.9723148361263704,0.027685163873629508
PRKAA1,9,MTFR1L;S234;,0.9716277895127745,0.028372210487225373
PRKAA1,9,MTFR1L;S235;,0.9770368507514298,0.022963149248570326
PRKAA1,9,MTSS1L;S575;,0.024322593648826586,0.9756774063511733
PRKAA1,9,MURC;S20;,0.031174833644530425,0.9688251663554694
PRKAA1,9,MUSK;S689;,0.023741853124850363,0.9762581468751496
PRKAA1,9,MUSK;S690;,0.04371308619717516,0.9562869138028249
PRKAA1,9,MYBBP1A;S1283;,0.026674186027091335,0.9733258139729085
PRKAA1,9,MYCBP2;S2750;,0.029800767019522504,0.9701992329804776
PRKAA1,9,MYOZ2;T32;,0.05073552752517916,0.9492644724748209
PRKAA1,9,NACA;S1125;,0.02921628939066534,0.9707837106093345
PRKAA1,9,NACA;S1345;,0.023151564914648818,0.9768484350853512
PRKAA1,9,NACA;S1454;,0.0324535550157889,0.9675464449842112
PRKAA1,9,NACA;S1720;,0.03304355237039571,0.9669564476296044
PRKAA1,9,NACA;S914;,0.030103714965649772,0.9698962850343501
PRKAA1,9,NACA;S942;,0.02652950521183756,0.9734704947881623
PRKAA1,9,NCAPH;S24;,0.01928667826570011,0.9807133217343
PRKAA1,9,NCOR1;S363;,0.019765055044735465,0.9802349449552645
PRKAA1,9,NCOR2;S1747;,0.028568854250149968,0.97143114574985
PRKAA1,9,NDRG1;S330;,0.04010609316615591,0.9598939068338442
PRKAA1,9,NDRG1;T328;,0.028281531660314312,0.9717184683396856
PRKAA1,9,NDRG2;T334;,0.024628339629749547,0.9753716603702506
PRKAA1,9,NEK9;S16;,0.9362586607775712,0.06374133922242864
PRKAA1,9,NEK9;S736;,0.03292181538409456,0.9670781846159056
PRKAA1,9,NELFE;S131;,0.025798249117071244,0.9742017508829288
PRKAA1,9,NES;S1071;,0.9684310469966033,0.03156895300339672
PRKAA1,9,NES;S1123;,0.019370695063682747,0.9806293049363173
PRKAA1,9,NES;S1131;,0.9671144634798703,0.03288553652012965
PRKAA1,9,NES;S620;,0.019913044391750054,0.9800869556082502
PRKAA1,9,NES;S784;,0.9582679920435114,0.04173200795648846
PRKAA1,9,NEXN;S280;,0.033338545936905946,0.9666614540630941
PRKAA1,9,NFIX;S265;,0.02329530076869614,0.976704699231304
PRKAA1,9,NHSL1;T1376;,0.037167255242086784,0.9628327447579133
PRKAA1,9,NUMA1;S1935;,0.032266540464341575,0.9677334595356585
PRKAA1,9,NUMA1;S1958;,0.02996907287090526,0.9700309271290949
PRKAA1,9,NUP35;S73;,0.02827721646784427,0.9717227835321557
PRKAA1,9,OPTN;S188;,0.9662837819479605,0.03371621805203949
PRKAA1,9,PACS2;S319;,0.02589908259773372,0.9741009174022665
PRKAA1,9,PAK1;S144;,0.021380536758514507,0.9786194632414854
PRKAA1,9,PAK1;S203;,0.024071130170639565,0.9759288698293604
PRKAA1,9,PAK2;S197;,0.0679742162411504,0.9320257837588496
PRKAA1,9,PARD3;S715;,0.03729828771181241,0.9627017122881877
PRKAA1,9,PARVA;S14;,0.07005096243675578,0.9299490375632442
PRKAA1,9,PATL1;S184;,0.02486944474568893,0.9751305552543111
PRKAA1,9,PBXIP1;S132;,0.022184432659709912,0.9778155673402901
PRKAA1,9,PBXIP1;S133;,0.020017820268744616,0.9799821797312555
PRKAA1,9,PCM1;S1280;,0.031004718700419577,0.9689952812995805
PRKAA1,9,PCM1;S380;,0.019158587505257778,0.9808414124947422
PRKAA1,9,PCM1;S384;,0.030395461303452477,0.9696045386965474
PRKAA1,9,PDAP1;S176;,0.026611179549559397,0.9733888204504407
PRKAA1,9,PDAP1;S178;,0.021247562672933137,0.9787524373270666
PRKAA1,9,PDCD4;S420;,0.030753756738047044,0.969246243261953
PRKAA1,9,PDCD4;S76;,0.02848633547340361,0.9715136645265963
PRKAA1,9,PDLIM7;S209;,0.01692690062404919,0.9830730993759507
PRKAA1,9,PDLIM7;T214;,0.037132742737377586,0.9628672572626226
PRKAA1,9,PDLIM7;T215;,0.051093964578866294,0.9489060354211336
PRKAA1,9,PDS5B;S1176;,0.028040338743667646,0.9719596612563322
PRKAA1,9,PDXDC1;T554;,0.034959234775220324,0.9650407652247796
PRKAA1,9,PELO;S55;,0.017790529361625795,0.982209470638374
PRKAA1,9,PEX1;S1209;,0.024998410264524963,0.9750015897354751
PRKAA1,9,PFKFB2;S469;,0.05605387339796901,0.9439461266020309
PRKAA1,9,PHF1;S410;,0.027016998799978532,0.9729830012000213
PRKAA1,9,PHF1;S415;,0.02893067127339285,0.9710693287266072
PRKAA1,9,PHF2;S782;,0.028125758164792528,0.9718742418352077
PRKAA1,9,PHIP;S1251;,0.029928855365832785,0.9700711446341673
PRKAA1,9,PHLDB1;S431;,0.026124675124979225,0.973875324875021
PRKAA1,9,PHLDB1;S534;,0.040359454934200296,0.9596405450657999
PRKAA1,9,PHLDB2;S241;,0.03393811602669413,0.9660618839733061
PRKAA1,9,PI4K2A;S43;,0.017463295649046456,0.9825367043509536
PRKAA1,9,PI4K2A;S46;,0.02326660086022027,0.9767333991397795
PRKAA1,9,PI4K2A;S461;,0.02951986543604343,0.9704801345639563
PRKAA1,9,PI4K2A;S50;,0.033572922925749135,0.9664270770742509
PRKAA1,9,PID1;S230;,0.025585476921057008,0.9744145230789432
PRKAA1,9,PID1;S231;,0.024176716437849573,0.9758232835621505
PRKAA1,9,PID1;S232;,0.03897097582407124,0.9610290241759287
PRKAA1,9,PID1;S242;,0.01966198290803135,0.9803380170919687
PRKAA1,9,PIEZO1;S1370;,0.03323603954525963,0.9667639604547404
PRKAA1,9,PIK3C2A;S261;,0.019387654751283703,0.9806123452487162
PRKAA1,9,PLEC;S4246;,0.05842567563654339,0.9415743243634566
PRKAA1,9,PLEC;S4249;,0.025900259796652978,0.9740997402033469
PRKAA1,9,PNISR;S290;,0.021536815196411388,0.9784631848035886
PRKAA1,9,POM121;S370;,0.022106860723179547,0.9778931392768205
PRKAA1,9,PPAN;S233;,0.9647294727633923,0.03527052723660771
PRKAA1,9,PPAN;S238;,0.9582335046864886,0.04176649531351133
PRKAA1,9,PPAN;S240;,0.9708889628961872,0.029111037103812885
PRKAA1,9,PPP1R12C;S508;,0.029427058345743683,0.9705729416542562
PRKAA1,9,PPP1R13L;S110;,0.030712919379468347,0.9692870806205316
PRKAA1,9,PPP1R13L;S154;,0.019614339953253998,0.9803856600467461
PRKAA1,9,PPP1R13L;S360;,0.03692319849577413,0.9630768015042259
PRKAA1,9,PPP6R2;S629;,0.029889239396653364,0.9701107606033466
PRKAA1,9,PPP6R2;S719;,0.031047570312093282,0.9689524296879066
PRKAA1,9,PRKAA1;S496;,0.027757754615631368,0.9722422453843684
PRKAA1,9,PRKAB1;S108;,0.974758479803928,0.02524152019607203
PRKAA1,9,PRRC2A;S765;,0.01905682272628707,0.9809431772737129
PRKAA1,9,PRRC2B;S259;,0.04885278554248336,0.9511472144575167
PRKAA1,9,PSMA5;T55;,0.6358961016978381,0.36410389830216194
PRKAA1,9,PSMC3;S12;,0.02026835597181932,0.9797316440281807
PRKAA1,9,PSMC3;S9;,0.022762559152704295,0.9772374408472957
PRKAA1,9,PTPN12;T544;,0.8201385123651322,0.17986148763486795
PRKAA1,9,PTPN21;S599;,0.03077316900479709,0.9692268309952029
PRKAA1,9,PTPN21;S762;,0.05332260135225957,0.9466773986477406
PRKAA1,9,PTRF;S169;,0.01885008664492926,0.9811499133550705
PRKAA1,9,PTRF;S171;,0.019310476360915534,0.9806895236390845
PRKAA1,9,PUM2;S82;,0.02728943490050576,0.9727105650994943
PRKAA1,9,PXN;S106;,0.021344935347473906,0.978655064652526
PRKAA1,9,PXN;S137;,0.02011547525517099,0.979884524744829
PRKAA1,9,PXN;S83;,0.026926202438505208,0.9730737975614948
PRKAA1,9,RABGEF1;T142;,0.09432327841136882,0.9056767215886312
PRKAA1,9,RAF1;S295;,0.023426620041051418,0.9765733799589488
PRKAA1,9,RAF1;S296;,0.028666651692944037,0.9713333483070559
PRKAA1,9,RAI14;T249;,0.032712157860050495,0.9672878421399494
PRKAA1,9,RANBP10;S481;,0.8045153284713289,0.1954846715286712
PRKAA1,9,RANBP3;S58;,0.03228537624001874,0.9677146237599812
PRKAA1,9,RAPGEF1;S306;,0.02880205056066232,0.9711979494393376
PRKAA1,9,RAPGEF1;S308;,0.028533834908506958,0.971466165091493
PRKAA1,9,RAVER1;S576;,0.033306996937088953,0.966693003062911
PRKAA1,9,RB1CC1;S243;,0.020556272746110056,0.9794437272538897
PRKAA1,9,RBM3;S145;,0.027112925670321208,0.9728870743296788
PRKAA1,9,RBM7;S72;,0.03830963012402375,0.9616903698759764
PRKAA1,9,RFX7;S1177;,0.026079602564609734,0.9739203974353903
PRKAA1,9,RGD1307838;S900;,0.03590360054598201,0.9640963994540179
PRKAA1,9,RGD1307838;S903;,0.020053686957833043,0.9799463130421673
PRKAA1,9,RGD1308297;S518;,0.022643008899567378,0.9773569911004325
PRKAA1,9,RGD1309586;S243;,0.024840152115424754,0.9751598478845752
PRKAA1,9,RGD1309586;S59;,0.13220159084787966,0.8677984091521203
PRKAA1,9,RGD1310016;S1171;,0.960339754664541,0.0396602453354589
PRKAA1,9,RGD1311783;S45;,0.9756163208125204,0.024383679187479655
PRKAA1,9,RGD1311783;S46;,0.9746899052525316,0.025310094747468478
PRKAA1,9,RGD1560225;S763;,0.03256826279802692,0.9674317372019732
PRKAA1,9,RGD1561609;S759;,0.03969762609816759,0.9603023739018322
PRKAA1,9,RGD1562639;S1035;,0.025960575326243913,0.974039424673756
PRKAA1,9,RGD1566017;S802;,0.021848847506652766,0.9781511524933474
PRKAA1,9,RIN2;S494;,0.033298910843707466,0.9667010891562927
PRKAA1,9,RIPK2;S412;,0.9720953117660905,0.02790468823390943
PRKAA1,9,RNF40;S586;,0.02153484829215829,0.9784651517078418
PRKAA1,9,RPS6KA3;S715;,0.02614971667584922,0.9738502833241509
PRKAA1,9,RPS6KA4;S681;,0.029802256776923466,0.9701977432230765
PRKAA1,9,RPS6KA4;S682;,0.02136921848223283,0.9786307815177671
PRKAA1,9,RPS6KB1;S404;,0.024701894716315207,0.9752981052836848
PRKAA1,9,RPTOR;S863;,0.024162599977893707,0.9758374000221063
PRKAA1,9,RRP1B;S524;,0.020939473203006636,0.9790605267969934
PRKAA1,9,RRP1B;T521;,0.03744348760459916,0.9625565123954007
PRKAA1,9,RTF1;S416;,0.020832549341816553,0.9791674506581834
PRKAA1,9,RUFY1;S50;,0.027516900468130025,0.9724830995318698
PRKAA1,9,RUNX1T1;T568;,0.04548563255903526,0.9545143674409647
PRKAA1,9,SAMD4B;S271;,0.03444992861593858,0.9655500713840616
PRKAA1,9,SAP30L;T91;,0.04716596086796207,0.9528340391320379
PRKAA1,9,SBF1;S1141;,0.7372410216592519,0.26275897834074835
PRKAA1,9,SCRIB;S1315;,0.022661477044111963,0.977338522955888
PRKAA1,9,SCRIB;S1529;,0.024807968942263843,0.9751920310577361
PRKAA1,9,SENP7;S47;,0.035587698495742774,0.964412301504257
PRKAA1,9,SETD2;S511;,0.0203408037620006,0.9796591962379995
PRKAA1,9,SF3B1;T326;,0.780254093378843,0.21974590662115703
PRKAA1,9,SFPQ;T586;,0.041193932527462764,0.9588060674725373
PRKAA1,9,SGTA;S306;,0.02948773231247323,0.9705122676875267
PRKAA1,9,SGTA;S308;,0.01726383264234989,0.9827361673576502
PRKAA1,9,SH3BP5;S420;,0.04608445626011724,0.9539155437398827
PRKAA1,9,SH3D19;S274;,0.031129102148031773,0.9688708978519682
PRKAA1,9,SH3PXD2A;S368;,0.9744792894807981,0.025520710519201902
PRKAA1,9,SH3PXD2A;S495;,0.017857739252956067,0.9821422607470439
PRKAA1,9,SH3PXD2A;S956;,0.05284886787674368,0.9471511321232563
PRKAA1,9,SHC3;S359;,0.028057231713299966,0.9719427682867002
PRKAA1,9,SIK2;S673;,0.032340387235451344,0.9676596127645488
PRKAA1,9,SIPA1L1;S1408;,0.9633754042581252,0.036624595741874794
PRKAA1,9,SIPA1L1;S1411;,0.9673428691169086,0.032657130883091384
PRKAA1,9,SIPA1L1;S288;,0.03462679675099642,0.9653732032490037
PRKAA1,9,SLC2A13;S38;,0.9686274731225788,0.03137252687742111
PRKAA1,9,SLC2A13;S44;,0.9782750140506716,0.021724985949328455
PRKAA1,9,SLC2A13;S47;,0.9709058470327518,0.029094152967248172
PRKAA1,9,SLC4A7;S1171;,0.9662423242526205,0.03375767574737955
PRKAA1,9,SLC4A7;S263;,0.9750711610484846,0.024928838951515493
PRKAA1,9,SLK;S778;,0.9715358459685172,0.02846415403148277
PRKAA1,9,SMCR7L;S59;,0.02991291339149577,0.9700870866085042
PRKAA1,9,SMCR8;S416;,0.0226829621472426,0.9773170378527574
PRKAA1,9,SMCR8;S486;,0.9678816390203713,0.032118360979628696
PRKAA1,9,SMCR8;S488;,0.9617604864679659,0.03823951353203406
PRKAA1,9,SMCR8;S491;,0.9646442243003953,0.03535577569960462
PRKAA1,9,SMCR8;S497;,0.9144407931127889,0.08555920688721086
PRKAA1,9,SMG6;S537;,0.023391353271738503,0.9766086467282614
PRKAA1,9,SNW1;S224;,0.9253482006388631,0.07465179936113679
PRKAA1,9,SNX8;S454;,0.024081642756663055,0.9759183572433368
PRKAA1,9,SON;S94;,0.025166931848278288,0.9748330681517219
PRKAA1,9,SORBS1;S857;,0.02338509619668652,0.9766149038033134
PRKAA1,9,SOS1;S1120;,0.036154920428583925,0.963845079571416
PRKAA1,9,SOX6;S399;,0.024306862709534995,0.9756931372904649
PRKAA1,9,SOX6;S402;,0.025275262052820557,0.9747247379471795
PRKAA1,9,SOX6;T401;,0.02836261458390974,0.9716373854160903
PRKAA1,9,SPAG7;S219;,0.02407938558870992,0.9759206144112901
PRKAA1,9,SPAG9;S203;,0.02983016412350641,0.9701698358764934
PRKAA1,9,SPAG9;S716;,0.04223169112914077,0.9577683088708592
PRKAA1,9,SPHK2;S379;,0.9290989044137502,0.07090109558624966
PRKAA1,9,SRPK2;S487;,0.034623558422250594,0.9653764415777495
PRKAA1,9,SRRM2;S2228;,0.021972277123050322,0.9780277228769498
PRKAA1,9,SRRM2;S2338;,0.024146713805898796,0.975853286194101
PRKAA1,9,SRSF10;S131;,0.9629803296337937,0.037019670366206334
PRKAA1,9,SRSF11;S200;,0.021491923820924907,0.9785080761790751
PRKAA1,9,STARD13;S334;,0.02300724756412701,0.976992752435873
PRKAA1,9,STAT3;S727;,0.03462063176522096,0.965379368234779
PRKAA1,9,STIM1;S257;,0.9604156601531945,0.039584339846805615
PRKAA1,9,STIM1;S523;,0.9620728096451712,0.03792719035482878
PRKAA1,9,STIM1;S524;,0.9682179829581081,0.031782017041892
PRKAA1,9,STIM2;S675;,0.9658077327219619,0.034192267278038105
PRKAA1,9,STK11IP;S443;,0.020008484601849598,0.9799915153981501
PRKAA1,9,STK3;S385;,0.0165908737296059,0.9834091262703942
PRKAA1,9,STMN1;S16;,0.02675791518241858,0.9732420848175812
PRKAA1,9,STMN1;S25;,0.025827170156892527,0.9741728298431076
PRKAA1,9,STMN1;S38;,0.03681435867888699,0.9631856413211132
PRKAA1,9,STRN3;S227;,0.017595570992133863,0.9824044290078662
PRKAA1,9,SUN2;S12;,0.020861689942690883,0.9791383100573091
PRKAA1,9,SVIL;S1177;,0.018454612556120818,0.981545387443879
PRKAA1,9,SVIL;S259;,0.02844355320506624,0.9715564467949338
PRKAA1,9,SVIL;S531;,0.0222658451366506,0.9777341548633492
PRKAA1,9,SYNPO2L;S401;,0.03550964169675255,0.9644903583032476
PRKAA1,9,SYNPO2L;T141;,0.8599885068485786,0.1400114931514214
PRKAA1,9,SZT2;S1641;,0.029104735454579377,0.9708952645454206
PRKAA1,9,TACC2;S575;,0.052430177641342945,0.947569822358657
PRKAA1,9,TANC2;S1447;,0.02544604390528444,0.9745539560947155
PRKAA1,9,TBC1D1;S231;,0.9755133734544637,0.024486626545536384
PRKAA1,9,TBC1D1;S662;,0.9780851684807337,0.02191483151926627
PRKAA1,9,TBC1D1;T590;,0.04659679287219524,0.9534032071278045
PRKAA1,9,TBC1D16;S382;,0.019388790654213266,0.9806112093457867
PRKAA1,9,TCF12;S583;,0.03942059132077345,0.9605794086792265
PRKAA1,9,TDRD3;S256;,0.03154674427233401,0.9684532557276659
PRKAA1,9,TENC1;T996;,0.033769364417809276,0.9662306355821907
PRKAA1,9,TFE3;S531;,0.062264705176355024,0.9377352948236451
PRKAA1,9,TJP1;S1602;,0.021731474379129947,0.9782685256208701
PRKAA1,9,TJP1;S1604;,0.019019031394084333,0.9809809686059158
PRKAA1,9,TJP2;S147;,0.01595628931539265,0.9840437106846073
PRKAA1,9,TMEM245;S327;,0.07206236548498472,0.9279376345150153
PRKAA1,9,TMEM55A;S14;,0.9604610585680039,0.039538941431996114
PRKAA1,9,TNKS1BP1;S1642;,0.0343593088783187,0.9656406911216814
PRKAA1,9,TNRC6B;S306;,0.02291908908614236,0.9770809109138577
PRKAA1,9,TNRC6B;S421;,0.02037169436725558,0.9796283056327445
PRKAA1,9,TRAK1;S390;,0.023977365760628318,0.9760226342393717
PRKAA1,9,TRAK1;S905;,0.9759835714491268,0.024016428550873083
PRKAA1,9,TRAPPC12;S314;,0.02146261392382251,0.9785373860761774
PRKAA1,9,TRIM28;S474;,0.03498098722791081,0.9650190127720892
PRKAA1,9,TRIO;S2459;,0.023817664117777495,0.9761823358822228
PRKAA1,9,TRIO;S2463;,0.02543660845581322,0.9745633915441869
PRKAA1,9,TRIP12;T1454;,0.02314200871227807,0.976857991287722
PRKAA1,9,TSC2;S939;,0.040734946313511794,0.9592650536864882
PRKAA1,9,TSSC4;S190;,0.02313450330111927,0.9768654966988808
PRKAA1,9,TTN;S305;,0.9647752218802622,0.0352247781197377
PRKAA1,9,UBA1;S13;,0.036042472740834455,0.9639575272591655
PRKAA1,9,UBA5;S380;,0.027939167019679398,0.9720608329803206
PRKAA1,9,UBE2O;S835;,0.031397068386160396,0.9686029316138394
PRKAA1,9,UBE2O;T830;,0.5748651169531653,0.42513488304683494
PRKAA1,9,UBE4B;S88;,0.02692047844801708,0.9730795215519829
PRKAA1,9,ULK1;S450;,0.017903693848901562,0.9820963061510983
PRKAA1,9,ULK1;S465;,0.9749621486577706,0.025037851342229384
PRKAA1,9,ULK1;S477;,0.037376598536431105,0.9626234014635687
PRKAA1,9,ULK1;S479;,0.022756663691497526,0.9772433363085022
PRKAA1,9,ULK1;S637;,0.9735854405143904,0.02641455948560946
PRKAA1,9,ULK1;T468;,0.874884643118213,0.12511535688178682
PRKAA1,9,ULK1;T659;,0.9463182063544906,0.053681793645509505
PRKAA1,9,USP10;S224;,0.02724082042447771,0.9727591795755223
PRKAA1,9,VAPA;S164;,0.9723082879774549,0.02769171202254515
PRKAA1,9,VIM;S420;,0.9671325949440126,0.03286740505598741
PRKAA1,9,VIM;S430;,0.9541702550619531,0.04582974493804702
PRKAA1,9,VIM;T426;,0.9638057762072948,0.03619422379270521
PRKAA1,9,VPS26B;S304;,0.9696596840915863,0.030340315908413712
PRKAA1,9,WIPF2;S235;,0.02694168308929052,0.9730583169107094
PRKAA1,9,WNK1;S165;,0.034621536843540385,0.9653784631564597
PRKAA1,9,WWC3;S955;,0.01888292047102273,0.9811170795289772
PRKAA1,9,YAP1;S46;,0.9669165159918613,0.03308348400813869
PRKAA1,9,ZC3H13;S368;,0.960966473281752,0.039033526718247925
PRKAA1,9,ZC3HAV1;S307;,0.025078625778725737,0.9749213742212742
PRKAA1,9,ZC3HAV1;S325;,0.019853090486691326,0.9801469095133086
PRKAA1,9,ZC3HAV1;S544;,0.017787147369383655,0.9822128526306162
PRKAA1,9,ZC3HC1;S343;,0.02892893181666252,0.9710710681833377
PRKAA1,9,ZC3HC1;T351;,0.050486189983713035,0.9495138100162871
PRKAA1,9,ZFP295;S411;,0.03322808881540746,0.9667719111845925
PRKAA1,9,ZFYVE16;S903;,0.0313403014893556,0.9686596985106444
PRKAA1,9,ZNRF2;S148;,0.018017763508609702,0.9819822364913903
PRKAA1,9,ZNRF2;S154;,0.021237012748611922,0.978762987251388
PRKAA1,9,ZNRF2;S18;,0.029234164685824755,0.9707658353141753
PRKAA1,9,ZNRF2;S81;,0.044519821593605804,0.9554801784063941
PRKAA1,9,ZYX;S143;,0.02178569548751979,0.9782143045124801
PRKAA1,9,ZYX;S144;,0.018407779436574703,0.9815922205634253
PRKAA1,9,ZYX;S336;,0.019126244793339103,0.9808737552066611
PRKAA1,9,ZZEF1;S1516;,0.03044562493929591,0.9695543750607041
PRKAA1,9,ZZEF1;S1535;,0.04243562521969418,0.9575643747803059
PRKAA1,10,AAK1;S677;,0.026326541805583862,0.9736734581944162
PRKAA1,10,ABCC4;S604;,0.0221406033831211,0.9778593966168786
PRKAA1,10,ABI2;S165;,0.02533928766754207,0.974660712332458
PRKAA1,10,ABI2;S168;,0.0176081482823175,0.9823918517176826
PRKAA1,10,ABL2;S799;,0.02272506464171388,0.9772749353582861
PRKAA1,10,ABLIM3;S566;,0.01874208758768467,0.9812579124123153
PRKAA1,10,ABLIM3;S575;,0.6580450411376857,0.34195495886231425
PRKAA1,10,ACACA;S79;,0.9655481970076609,0.034451802992339055
PRKAA1,10,ACIN1;S711;,0.02234242996665016,0.9776575700333497
PRKAA1,10,ADD1;S613;,0.01725107802312036,0.9827489219768797
PRKAA1,10,ADD1;T614;,0.045440338045978454,0.9545596619540215
PRKAA1,10,ADNP;S971;,0.018239586133019837,0.98176041386698
PRKAA1,10,AFF4;S823;,0.04969498943255578,0.9503050105674442
PRKAA1,10,AGAP3;S107;,0.030640253855565458,0.9693597461444344
PRKAA1,10,AHCTF1;S1214;,0.9487626046312386,0.05123739536876145
PRKAA1,10,AHNAK;S1191;,0.9335032210009773,0.06649677899902268
PRKAA1,10,AHNAK;S177;,0.02362755999808276,0.9763724400019169
PRKAA1,10,AHNAK;S2060;,0.019436736388574224,0.9805632636114259
PRKAA1,10,AHNAK;S211;,0.025387390165016555,0.9746126098349835
PRKAA1,10,AHNAK;S2117;,0.9324955273652714,0.06750447263472856
PRKAA1,10,AHNAK;S222;,0.9703315473299535,0.029668452670046374
PRKAA1,10,AHNAK;S3915;,0.018081789607084515,0.9819182103929154
PRKAA1,10,AHNAK;S42;,0.017118911925246547,0.9828810880747536
PRKAA1,10,AHNAK;S4597;,0.023157238404892488,0.9768427615951075
PRKAA1,10,AHNAK;S5243;,0.031047104499047774,0.9689528955009523
PRKAA1,10,AHNAK;T4049;,0.13007757764276257,0.8699224223572375
PRKAA1,10,AHNAK2;S425;,0.018606453864652057,0.9813935461353479
PRKAA1,10,AHNAK2;T438;,0.04643428067725594,0.953565719322744
PRKAA1,10,AIMP1;S110;,0.02235036604896303,0.9776496339510371
PRKAA1,10,AJUBA;S129;,0.03400897160916616,0.9659910283908336
PRKAA1,10,AKAP1;S103;,0.970088783993853,0.02991121600614693
PRKAA1,10,AKAP10;S278;,0.016614694797708298,0.9833853052022915
PRKAA1,10,AKAP11;S1090;,0.7564170837992058,0.24358291620079414
PRKAA1,10,AKAP11;S21;,0.020636335626020238,0.9793636643739797
PRKAA1,10,AKAP11;S23;,0.018579961364060482,0.9814200386359395
PRKAA1,10,AKAP11;S448;,0.020892537119887353,0.9791074628801126
PRKAA1,10,AKAP13;S2515;,0.030886813732354617,0.9691131862676453
PRKAA1,10,AKAP2;S152;,0.04074933319851957,0.9592506668014803
PRKAA1,10,AKAP2;S730;,0.021999668324763924,0.978000331675236
PRKAA1,10,AKAP6;S562;,0.966286295158696,0.03371370484130394
PRKAA1,10,AKAP9;S3669;,0.019341182616649324,0.9806588173833507
PRKAA1,10,AKT1S1;S184;,0.020418343122295478,0.9795816568777044
PRKAA1,10,AKT1S1;T247;,0.03386405353352682,0.9661359464664733
PRKAA1,10,ALKBH5;S362;,0.04107028766940576,0.9589297123305942
PRKAA1,10,ALKBH5;S376;,0.017111920738913582,0.9828880792610862
PRKAA1,10,AMOTL1;S580;,0.9568887157657501,0.043111284234249786
PRKAA1,10,ANP32A;S15;,0.020875742109041185,0.9791242578909588
PRKAA1,10,AP3D1;S755;,0.03552318131847686,0.9644768186815232
PRKAA1,10,ARFGAP2;S145;,0.022898074608042412,0.9771019253919577
PRKAA1,10,ARFGEF2;S214;,0.04504685691824811,0.9549531430817518
PRKAA1,10,ARFIP1;S39;,0.9753253206193918,0.024674679380608154
PRKAA1,10,ARHGAP17;S710;,0.025426365947685433,0.9745736340523145
PRKAA1,10,ARHGAP22;S200;,0.029415292306529756,0.9705847076934702
PRKAA1,10,ARHGAP22;S236;,0.024487983390834904,0.9755120166091652
PRKAA1,10,ARHGAP35;S1174;,0.02109656179929739,0.9789034382007026
PRKAA1,10,ARHGAP39;S284;,0.020741515835297392,0.9792584841647024
PRKAA1,10,ARHGAP5;S1195;,0.017716947100949097,0.9822830528990512
PRKAA1,10,ARHGAP5;S1202;,0.024472456301688088,0.9755275436983122
PRKAA1,10,ARHGAP5;S967;,0.020977695786169228,0.9790223042138305
PRKAA1,10,ARHGEF12;S337;,0.023659869195110785,0.9763401308048894
PRKAA1,10,ARHGEF12;S341;,0.019312349507932224,0.9806876504920677
PRKAA1,10,ARHGEF17;S995;,0.9508250709096101,0.049174929090389966
PRKAA1,10,ARHGEF5;S721;,0.017455530060029627,0.9825444699399705
PRKAA1,10,ARPP21;S256;,0.8427395727987568,0.1572604272012434
PRKAA1,10,ATF7;T53;,0.8065939199639974,0.19340608003600285
PRKAA1,10,ATG14;S5;,0.02533414138431779,0.9746658586156824
PRKAA1,10,ATG2A;S1246;,0.019843765744451056,0.980156234255549
PRKAA1,10,ATG2B;S240;,0.020963838555939564,0.9790361614440604
PRKAA1,10,ATG2B;S255;,0.021399799977782102,0.978600200022218
PRKAA1,10,ATRX;S761;,0.02607880365704978,0.97392119634295
PRKAA1,10,ATXN2;S622;,0.01908842134604767,0.9809115786539523
PRKAA1,10,ATXN2L;S109;,0.022731574278099465,0.9772684257219004
PRKAA1,10,ATXN2L;S447;,0.030971711011460127,0.96902828898854
PRKAA1,10,AZI1;S114;,0.04808169428600754,0.9519183057139923
PRKAA1,10,AZI1;S304;,0.024708081161096237,0.9752919188389039
PRKAA1,10,BAD;S171;,0.9593903059517673,0.040609694048232545
PRKAA1,10,BAG3;S271;,0.028999647615922528,0.9710003523840774
PRKAA1,10,BAG3;S387;,0.018267053782058913,0.9817329462179409
PRKAA1,10,BAG3;S388;,0.03184195819707773,0.9681580418029223
PRKAA1,10,BAIAP2L1;S218;,0.02387066924889051,0.9761293307511095
PRKAA1,10,BAIAP2L1;S380;,0.9584716305880449,0.0415283694119553
PRKAA1,10,BAZ2A;S1388;,0.024274854527832623,0.9757251454721674
PRKAA1,10,BBX;S243;,0.029128474047375636,0.9708715259526243
PRKAA1,10,BCL9L;S116;,0.022812054986218154,0.9771879450137817
PRKAA1,10,BCL9L;S21;,0.9360366522802471,0.06396334771975284
PRKAA1,10,BCL9L;S25;,0.03877521263705036,0.9612247873629496
PRKAA1,10,BICD2;S611;,0.03367204508798606,0.966327954912014
PRKAA1,10,BICD2;S819;,0.06311258267199685,0.9368874173280032
PRKAA1,10,BRAF;S134;,0.02236511002176548,0.9776348899782347
PRKAA1,10,BRD8;S274;,0.03170814106709258,0.9682918589329075
PRKAA1,10,BRD8;T270;,0.028826261165810513,0.9711737388341893
PRKAA1,10,BSDC1;S216;,0.021275775040026416,0.9787242249599736
PRKAA1,10,C2CD4C;S262;,0.029896408766169304,0.9701035912338306
PRKAA1,10,CACNB1;S53;,0.02220446555849262,0.9777955344415074
PRKAA1,10,CALD1;S527;,0.02755544735336546,0.9724445526466344
PRKAA1,10,CAMK2D;T371;,0.8266408983907637,0.17335910160923632
PRKAA1,10,CAMSAP1;S1154;,0.021784915095863097,0.9782150849041369
PRKAA1,10,CAMSAP1;S517;,0.019360687503383045,0.9806393124966168
PRKAA1,10,CAP2;S301;,0.022646398682402483,0.9773536013175976
PRKAA1,10,CBX5;S93;,0.03842178671340159,0.9615782132865984
PRKAA1,10,CCDC6;S143;,0.021583839957452573,0.9784161600425473
PRKAA1,10,CCDC88A;S1638;,0.022841485187685456,0.9771585148123143
PRKAA1,10,CCDC91;S71;,0.02076191138771423,0.9792380886122857
PRKAA1,10,CDC42EP2;S137;,0.03079608198263153,0.9692039180173685
PRKAA1,10,CDC42EP2;S141;,0.02771001776989958,0.9722899822301003
PRKAA1,10,CDC42EP4;S140;,0.027800456638388378,0.9721995433616117
PRKAA1,10,CDKN1A;S69;,0.01894097045055197,0.981059029549448
PRKAA1,10,CDKN1B;S12;,0.021888303207650835,0.978111696792349
PRKAA1,10,CDKN1B;S7;,0.016900514717466612,0.9830994852825334
PRKAA1,10,CEP170B;S1166;,0.03300707360205059,0.9669929263979493
PRKAA1,10,CEP68;S503;,0.30188467850511713,0.698115321494883
PRKAA1,10,CEP68;S510;,0.034955524078098654,0.9650444759219016
PRKAA1,10,CHAMP1;S532;,0.031472401242726086,0.9685275987572739
PRKAA1,10,CHD8;S549;,0.9653513678226859,0.034648632177314065
PRKAA1,10,CHRND;S379;,0.9511597864801182,0.048840213519881694
PRKAA1,10,CIC;S1394;,0.024721463428278245,0.9752785365717216
PRKAA1,10,CIC;S1399;,0.018544687210744978,0.981455312789255
PRKAA1,10,CLASP2;S331;,0.9707935366928521,0.0292064633071479
PRKAA1,10,CLIP1;S159;,0.023523136223969055,0.9764768637760309
PRKAA1,10,COBL;S31;,0.9713280030798975,0.028671996920102378
PRKAA1,10,COBL;S34;,0.9755974619004586,0.02440253809954143
PRKAA1,10,COG3;S536;,0.9614332391656999,0.03856676083430013
PRKAA1,10,CORO7;S298;,0.9776757251109821,0.02232427488901789
PRKAA1,10,DAB2IP;S802;,0.023090598585805384,0.9769094014141946
PRKAA1,10,DAP;S2;,0.022005888503411616,0.9779941114965884
PRKAA1,10,DAP;S3;,0.029885149483789796,0.9701148505162103
PRKAA1,10,DBNDD1;S123;,0.02178395047079115,0.9782160495292089
PRKAA1,10,DCAF6;S336;,0.0156908960826553,0.9843091039173447
PRKAA1,10,DCLK1;S30;,0.8939973238832728,0.10600267611672703
PRKAA1,10,DDX19A;S86;,0.02686616509856023,0.9731338349014397
PRKAA1,10,DDX3X;S261;,0.05926483428082325,0.9407351657191768
PRKAA1,10,DENND4C;S1037;,0.9728994230925286,0.02710057690747125
PRKAA1,10,DLG2;S323;,0.02836802001763448,0.9716319799823655
PRKAA1,10,DLG2;S328;,0.022350749320401174,0.9776492506795988
PRKAA1,10,DMXL1;S574;,0.9557208860525896,0.044279113947410416
PRKAA1,10,DNAJC2;T48;,0.11202896161472416,0.8879710383852759
PRKAA1,10,DNAJC25;T353;,0.20869209172693473,0.7913079082730653
PRKAA1,10,DOCK6;S1339;,0.1275921601088069,0.8724078398911932
PRKAA1,10,DOCK7;S1361;,0.05916568804346229,0.9408343119565379
PRKAA1,10,DOCK7;S2107;,0.023769619896621803,0.9762303801033781
PRKAA1,10,DOPEY1;S1261;,0.037651273624402494,0.9623487263755975
PRKAA1,10,DTNA;S606;,0.020593162980054595,0.9794068370199456
PRKAA1,10,DUSP27;S366;,0.026790111441042673,0.9732098885589575
PRKAA1,10,DUSP27;S368;,0.017715383318754163,0.9822846166812459
PRKAA1,10,DUSP27;S370;,0.016772065284218304,0.9832279347157818
PRKAA1,10,DUSP27;S427;,0.017291279130686163,0.9827087208693139
PRKAA1,10,DYNC1H1;S4365;,0.0204502893475592,0.9795497106524409
PRKAA1,10,DYNC1I2;S81;,0.040440579605708196,0.959559420394292
PRKAA1,10,EEF2;T57;,0.8241374970287472,0.17586250297125264
PRKAA1,10,EEF2K;S365;,0.6442197412677882,0.3557802587322118
PRKAA1,10,EHBP1L1;S1363;,0.9735764055427746,0.0264235944572253
PRKAA1,10,EHD4;S459;,0.018081524588082983,0.9819184754119171
PRKAA1,10,EIF3A;S584;,0.025795714000268068,0.9742042859997317
PRKAA1,10,EIF4B;S422;,0.035809213425808846,0.9641907865741911
PRKAA1,10,EIF4B;S424;,0.017257254427910453,0.9827427455720895
PRKAA1,10,EIF4B;S425;,0.02353334087168634,0.9764666591283138
PRKAA1,10,EIF4B;T420;,0.020781590838444657,0.9792184091615553
PRKAA1,10,EIF4EBP1;S64;,0.019708591396185676,0.9802914086038144
PRKAA1,10,EIF4EBP2;S2;,0.04110792602435086,0.9588920739756491
PRKAA1,10,EIF5B;S183;,0.024334249754628716,0.9756657502453712
PRKAA1,10,ELMSAN1;S456;,0.04215345708530015,0.9578465429146998
PRKAA1,10,EPS8;S659;,0.026006586611483105,0.9739934133885169
PRKAA1,10,ETL4;S1844;,0.039869275977623,0.9601307240223771
PRKAA1,10,ETV3;S139;,0.020583154076233172,0.979416845923767
PRKAA1,10,FAM120C;S55;,0.02013506835163883,0.9798649316483612
PRKAA1,10,FAM134C;S313;,0.9395271809204284,0.060472819079571534
PRKAA1,10,FAM134C;S320;,0.7042297942970926,0.2957702057029074
PRKAA1,10,FAM171A2;S423;,0.020717993510540003,0.97928200648946
PRKAA1,10,FAM65A;S752;,0.02344595386651337,0.9765540461334866
PRKAA1,10,FBXO30;S379;,0.022090589557706663,0.9779094104422934
PRKAA1,10,FHOD1;S489;,0.020857336946129106,0.9791426630538708
PRKAA1,10,FHOD1;S501;,0.033453122404152734,0.9665468775958472
PRKAA1,10,FHOD1;S504;,0.021794052810662372,0.9782059471893374
PRKAA1,10,FHOD1;S513;,0.02341222076148818,0.9765877792385117
PRKAA1,10,FHOD1;S523;,0.028460829639104467,0.9715391703608953
PRKAA1,10,FLNC;S2147;,0.01866678801867945,0.9813332119813204
PRKAA1,10,FLNC;S2234;,0.02511739918535116,0.974882600814649
PRKAA1,10,FMN1;S589;,0.02123064523708576,0.978769354762914
PRKAA1,10,FOSL2;S320;,0.032257657691312225,0.9677423423086879
PRKAA1,10,FOSL2;T322;,0.05720648639290963,0.9427935136070903
PRKAA1,10,FOXK1;S225;,0.029049015446859373,0.9709509845531406
PRKAA1,10,FOXK2;T200;,0.0340954874632331,0.9659045125367667
PRKAA1,10,FOXO3;S252;,0.033321745033566635,0.9666782549664334
PRKAA1,10,FRMD8;S21;,0.021353090396163215,0.9786469096038366
PRKAA1,10,FRYL;T1959;,0.04430592225061607,0.955694077749384
PRKAA1,10,GAB1;S418;,0.027045928471152562,0.9729540715288475
PRKAA1,10,GAB2;S142;,0.021049391962799802,0.9789506080372001
PRKAA1,10,GAB2;S143;,0.04310672379540353,0.9568932762045964
PRKAA1,10,GAB2;S211;,0.024543933307918656,0.9754560666920815
PRKAA1,10,GAB2;S365;,0.021000271010932298,0.9789997289890678
PRKAA1,10,GAB2;T388;,0.03451723015825161,0.9654827698417483
PRKAA1,10,GATAD2A;S103;,0.9689646611985017,0.03103533880149842
PRKAA1,10,GATAD2A;S96;,0.9584630034443419,0.04153699655565826
PRKAA1,10,GATAD2B;S338;,0.02947362520455416,0.9705263747954458
PRKAA1,10,GBF1;S1786;,0.07099109438068713,0.9290089056193128
PRKAA1,10,GIGYF1;S28;,0.030690393068818947,0.969309606931181
PRKAA1,10,GIT2;S568;,0.01788707582259383,0.9821129241774061
PRKAA1,10,GOLGA4;S116;,0.9718827737851593,0.02811722621484068
PRKAA1,10,GSK3A;S21;,0.03703577442570185,0.9629642255742983
PRKAA1,10,GSK3A;S41;,0.01653225905048563,0.9834677409495144
PRKAA1,10,GSK3B;S9;,0.044297189451521966,0.9557028105484783
PRKAA1,10,GYS1;S728;,0.03457257783978361,0.9654274221602163
PRKAA1,10,HBP1;S401;,0.0303008160619778,0.9696991839380222
PRKAA1,10,HBS1L;S147;,0.016803342720412822,0.9831966572795873
PRKAA1,10,HDAC6;S21;,0.023313665431413944,0.976686334568586
PRKAA1,10,HECTD1;S1392;,0.03583059098417407,0.9641694090158262
PRKAA1,10,HECTD1;S1393;,0.027169151956200607,0.9728308480437995
PRKAA1,10,HECTD1;S1573;,0.9428763053196779,0.05712369468032221
PRKAA1,10,HELB;S944;,0.03421625098104846,0.9657837490189515
PRKAA1,10,HERC1;S1163;,0.024195167086170682,0.9758048329138292
PRKAA1,10,HERC1;T1154;,0.026415740672777247,0.9735842593272225
PRKAA1,10,HIRIP3;S27;,0.017055289175798096,0.982944710824202
PRKAA1,10,HN1L;S97;,0.02382905304874253,0.9761709469512575
PRKAA1,10,HOMER3;S158;,0.031596615994108984,0.968403384005891
PRKAA1,10,HUWE1;S1876;,0.020679963010441553,0.9793200369895582
PRKAA1,10,HUWE1;S3639;,0.016555682452467864,0.9834443175475319
PRKAA1,10,HUWE1;S3898;,0.02616762577594144,0.9738323742240584
PRKAA1,10,HUWE1;T3903;,0.031592547018949875,0.96840745298105
PRKAA1,10,IREB2;S178;,0.014781572739143713,0.9852184272608563
PRKAA1,10,IRF2BPL;S69;,0.022093398979159223,0.9779066010208408
PRKAA1,10,ITSN1;S1063;,0.10793532679366055,0.8920646732063394
PRKAA1,10,ITSN1;S315;,0.028473735222806457,0.9715262647771934
PRKAA1,10,JMY;S56;,0.032599583982472896,0.9674004160175272
PRKAA1,10,JSRP1;S47;,0.019034330041866967,0.9809656699581333
PRKAA1,10,KANK2;S358;,0.01911697353222281,0.9808830264677771
PRKAA1,10,KCTD3;S809;,0.9735321784661176,0.026467821533882326
PRKAA1,10,KDM2A;S718;,0.028234031103953755,0.971765968896046
PRKAA1,10,KDM2A;T713;,0.03465037376807238,0.9653496262319274
PRKAA1,10,KDM5C;S316;,0.02691822608313247,0.9730817739168676
PRKAA1,10,KPNA1;S2;,0.08230367225717394,0.9176963277428258
PRKAA1,10,KPNA1;T3;,0.15541839623354137,0.8445816037664586
PRKAA1,10,LAMTOR1;S98;,0.02314664284490727,0.9768533571550927
PRKAA1,10,LARP1;S916;,0.040162896661551345,0.9598371033384487
PRKAA1,10,LARP1;T932;,0.04853836777883752,0.9514616322211625
PRKAA1,10,LARP4B;S498;,0.02784912664247421,0.9721508733575257
PRKAA1,10,LDB3;S112;,0.02096211091425431,0.9790378890857455
PRKAA1,10,LIMA1;S360;,0.026193609574542902,0.973806390425457
PRKAA1,10,LIMA1;S603;,0.0262675812393232,0.9737324187606767
PRKAA1,10,LIMA1;S608;,0.025588688295418074,0.9744113117045818
PRKAA1,10,LIMA1;S703;,0.024470994012474694,0.9755290059875255
PRKAA1,10,LMNA;S404;,0.03159862097581396,0.968401379024186
PRKAA1,10,LMNA;S406;,0.019252164492238634,0.9807478355077613
PRKAA1,10,LMNA;S407;,0.016787151299988177,0.9832128487000118
PRKAA1,10,LMNA;S423;,0.018145082746303887,0.9818549172536963
PRKAA1,10,LMNA;S424;,0.020429232812785213,0.9795707671872148
PRKAA1,10,LMO7;S1541;,0.02732784151776231,0.9726721584822375
PRKAA1,10,LMO7;S1543;,0.024661482086156195,0.9753385179138438
PRKAA1,10,LOC100360205;S239;,0.02528687124122194,0.9747131287587779
PRKAA1,10,LOC100365259;S393;,0.11952956481345353,0.8804704351865463
PRKAA1,10,LOC100910104;S475;,0.024529205864569283,0.9754707941354309
PRKAA1,10,LOC100910104;S532;,0.9709686158158258,0.029031384184174107
PRKAA1,10,LOC100910104;S719;,0.024077066014132235,0.9759229339858675
PRKAA1,10,LOC100910646;S166;,0.01732300376205944,0.9826769962379407
PRKAA1,10,LOC100911178;S1643;,0.023170854522918494,0.9768291454770817
PRKAA1,10,LOC100911302;S1721;,0.029095650367218708,0.9709043496327814
PRKAA1,10,LOC100911677;S490;,0.9743755640734867,0.025624435926513364
PRKAA1,10,LOC100912115;S649;,0.025620589483697935,0.974379410516302
PRKAA1,10,LOC312502;S1164;,0.02096908399847043,0.9790309160015298
PRKAA1,10,LOC312502;S138;,0.9779892024709602,0.022010797529039682
PRKAA1,10,LOC312502;S139;,0.9744717608290524,0.02552823917094775
PRKAA1,10,LOC312502;S483;,0.03162103264539797,0.9683789673546022
PRKAA1,10,LOC683007;S1204;,0.023183404681838913,0.9768165953181612
PRKAA1,10,LOC683007;S1207;,0.016931084539340523,0.9830689154606596
PRKAA1,10,LOC684259;S780;,0.9382339595731566,0.061766040426843354
PRKAA1,10,LOC685707;S1251;,0.031609727643249694,0.9683902723567505
PRKAA1,10,LRRFIP2;S18;,0.0181256581777775,0.9818743418222223
PRKAA1,10,LRRFIP2;T136;,0.031607603269808875,0.968392396730191
PRKAA1,10,LYSMD1;S33;,0.958978376136307,0.04102162386369305
PRKAA1,10,MACF1;S1376;,0.026772600504728624,0.9732273994952714
PRKAA1,10,MACF1;S5293;,0.02742533472659994,0.9725746652734001
PRKAA1,10,MAF1;S60;,0.02398338226563968,0.9760166177343601
PRKAA1,10,MAP1A;S1757;,0.04242702463002878,0.9575729753699711
PRKAA1,10,MAP1A;T2177;,0.041185796539004074,0.958814203460996
PRKAA1,10,MAP1A;T504;,0.029808741871648625,0.9701912581283513
PRKAA1,10,MAP1B;S1257;,0.034490904610912365,0.9655090953890874
PRKAA1,10,MAP1B;S1389;,0.030638562712868828,0.969361437287131
PRKAA1,10,MAP1B;S1393;,0.03323542271959137,0.9667645772804088
PRKAA1,10,MAP1B;T1781;,0.3293209412093569,0.670679058790643
PRKAA1,10,MAP1S;S683;,0.03448932973211339,0.9655106702678864
PRKAA1,10,MAP4;S902;,0.9689687017975201,0.031031298202479955
PRKAA1,10,MAP4K4;S591;,0.01649490339608491,0.9835050966039153
PRKAA1,10,MAP4K4;S791;,0.9771927326434239,0.022807267356576216
PRKAA1,10,MAP4K4;S794;,0.973432828008074,0.026567171991926024
PRKAA1,10,MAPK1;Y185;,0.22055978434547757,0.7794402156545226
PRKAA1,10,MAPK14;Y182;,0.2589593464162848,0.7410406535837153
PRKAA1,10,MAPK8;Y185;,0.613811139963651,0.3861888600363491
PRKAA1,10,MARCKS;S141;,0.031230884387267493,0.9687691156127325
PRKAA1,10,MARK3;S593;,0.017623664843865378,0.9823763351561347
PRKAA1,10,MARK3;T594;,0.08183286883672991,0.9181671311632701
PRKAA1,10,MATR3;S188;,0.0338568577827833,0.9661431422172165
PRKAA1,10,MBD3;S85;,0.02457834589037318,0.9754216541096268
PRKAA1,10,MBD3;S86;,0.016469727279569926,0.98353027272043
PRKAA1,10,MDM2;S138;,0.026719634297889365,0.9732803657021106
PRKAA1,10,MED1;S1465;,0.019456736688035516,0.9805432633119643
PRKAA1,10,MED1;S1467;,0.017418345781841472,0.9825816542181586
PRKAA1,10,MED1;S1468;,0.018737347004502563,0.9812626529954973
PRKAA1,10,MED24;S860;,0.024408613667326537,0.9755913863326736
PRKAA1,10,MED24;S861;,0.022029751546841204,0.9779702484531586
PRKAA1,10,MEF2C;S226;,0.02329693501822611,0.9767030649817737
PRKAA1,10,MID1;S96;,0.02782869981960241,0.9721713001803977
PRKAA1,10,MKL1;S571;,0.030198073610420394,0.9698019263895795
PRKAA1,10,MLL2;S2291;,0.021084742500747596,0.9789152574992526
PRKAA1,10,MLLT4;S216;,0.015965691538345848,0.9840343084616543
PRKAA1,10,MLLT4;S246;,0.023183759582928374,0.9768162404170717
PRKAA1,10,MON2;S197;,0.02443412751663819,0.9755658724833618
PRKAA1,10,MPHOSPH10;S168;,0.9730651930678678,0.026934806932132255
PRKAA1,10,MPRIP;S369;,0.023668043578264634,0.9763319564217351
PRKAA1,10,MTFR1L;S100;,0.9715359335829622,0.028464066417037814
PRKAA1,10,MTFR1L;S234;,0.9739913697429808,0.02600863025701919
PRKAA1,10,MTFR1L;S235;,0.9763649403155447,0.02363505968445542
PRKAA1,10,MTSS1L;S575;,0.02759465054106855,0.9724053494589315
PRKAA1,10,MURC;S20;,0.03164184024257555,0.9683581597574246
PRKAA1,10,MUSK;S689;,0.018910882366650728,0.9810891176333495
PRKAA1,10,MUSK;S690;,0.03801013949762837,0.9619898605023718
PRKAA1,10,MYBBP1A;S1283;,0.02601301136577635,0.9739869886342235
PRKAA1,10,MYCBP2;S2750;,0.02341355714334207,0.9765864428566579
PRKAA1,10,MYOZ2;T32;,0.042725747033013614,0.9572742529669863
PRKAA1,10,NACA;S1125;,0.028423609619183884,0.9715763903808162
PRKAA1,10,NACA;S1345;,0.026718033073208698,0.9732819669267913
PRKAA1,10,NACA;S1454;,0.03160571821546948,0.9683942817845304
PRKAA1,10,NACA;S1720;,0.025706306556771873,0.9742936934432282
PRKAA1,10,NACA;S914;,0.03385436511801348,0.9661456348819865
PRKAA1,10,NACA;S942;,0.025993763059350968,0.9740062369406491
PRKAA1,10,NCAPH;S24;,0.02076823372195256,0.9792317662780474
PRKAA1,10,NCOR1;S363;,0.020846725540877263,0.9791532744591227
PRKAA1,10,NCOR2;S1747;,0.024211170483146645,0.9757888295168534
PRKAA1,10,NDRG1;S330;,0.037671719694273,0.9623282803057269
PRKAA1,10,NDRG1;T328;,0.027891175227758733,0.9721088247722413
PRKAA1,10,NDRG2;T334;,0.01935880529009015,0.9806411947099096
PRKAA1,10,NEK9;S16;,0.9328437162215942,0.06715628377840596
PRKAA1,10,NEK9;S736;,0.022944724771541677,0.9770552752284583
PRKAA1,10,NELFE;S131;,0.024572356860708768,0.9754276431392913
PRKAA1,10,NES;S1071;,0.9703505390561225,0.029649460943877624
PRKAA1,10,NES;S1123;,0.02077042517564457,0.9792295748243556
PRKAA1,10,NES;S1131;,0.9724673817802053,0.027532618219794656
PRKAA1,10,NES;S620;,0.018495502738419982,0.98150449726158
PRKAA1,10,NES;S784;,0.9592043857500028,0.04079561424999733
PRKAA1,10,NEXN;S280;,0.0362102034241585,0.9637897965758416
PRKAA1,10,NFIX;S265;,0.02248771628317995,0.9775122837168202
PRKAA1,10,NHSL1;T1376;,0.03802319630219857,0.9619768036978015
PRKAA1,10,NUMA1;S1935;,0.02328169296332814,0.976718307036672
PRKAA1,10,NUMA1;S1958;,0.023579035732512358,0.9764209642674877
PRKAA1,10,NUP35;S73;,0.025021372318462323,0.9749786276815376
PRKAA1,10,OPTN;S188;,0.9726255107523828,0.027374489247617234
PRKAA1,10,PACS2;S319;,0.022012494249055485,0.9779875057509446
PRKAA1,10,PAK1;S144;,0.023744266273808573,0.9762557337261913
PRKAA1,10,PAK1;S203;,0.0275914931498927,0.9724085068501074
PRKAA1,10,PAK2;S197;,0.08007009823091338,0.9199299017690866
PRKAA1,10,PARD3;S715;,0.029091176451118066,0.9709088235488821
PRKAA1,10,PARVA;S14;,0.05849371251791887,0.9415062874820809
PRKAA1,10,PATL1;S184;,0.026880967147669316,0.9731190328523307
PRKAA1,10,PBXIP1;S132;,0.026261919963896645,0.9737380800361033
PRKAA1,10,PBXIP1;S133;,0.025482106227882412,0.9745178937721177
PRKAA1,10,PCM1;S1280;,0.02580481443165409,0.9741951855683458
PRKAA1,10,PCM1;S380;,0.017386751039357738,0.9826132489606422
PRKAA1,10,PCM1;S384;,0.021418697684776253,0.9785813023152238
PRKAA1,10,PDAP1;S176;,0.02376025721417742,0.9762397427858228
PRKAA1,10,PDAP1;S178;,0.02388869137932958,0.9761113086206704
PRKAA1,10,PDCD4;S420;,0.023184376972232426,0.9768156230277674
PRKAA1,10,PDCD4;S76;,0.021230883482604972,0.978769116517395
PRKAA1,10,PDLIM7;S209;,0.016426983353428647,0.9835730166465712
PRKAA1,10,PDLIM7;T214;,0.0450249421699644,0.9549750578300353
PRKAA1,10,PDLIM7;T215;,0.04622046173049244,0.9537795382695077
PRKAA1,10,PDS5B;S1176;,0.023560169960191436,0.9764398300398086
PRKAA1,10,PDXDC1;T554;,0.038302499461946866,0.961697500538053
PRKAA1,10,PELO;S55;,0.016247913663825487,0.9837520863361747
PRKAA1,10,PEX1;S1209;,0.019277577290666054,0.9807224227093339
PRKAA1,10,PFKFB2;S469;,0.0577879339868618,0.9422120660131382
PRKAA1,10,PHF1;S410;,0.022747616730828375,0.9772523832691716
PRKAA1,10,PHF1;S415;,0.026390161619140307,0.9736098383808597
PRKAA1,10,PHF2;S782;,0.02790309712489679,0.9720969028751031
PRKAA1,10,PHIP;S1251;,0.0269097188302269,0.9730902811697731
PRKAA1,10,PHLDB1;S431;,0.019089707508807553,0.9809102924911925
PRKAA1,10,PHLDB1;S534;,0.037788903717048454,0.9622110962829517
PRKAA1,10,PHLDB2;S241;,0.026401264398288497,0.9735987356017116
PRKAA1,10,PI4K2A;S43;,0.015985816239416153,0.9840141837605838
PRKAA1,10,PI4K2A;S46;,0.024032141498048838,0.9759678585019511
PRKAA1,10,PI4K2A;S461;,0.02767763214404086,0.972322367855959
PRKAA1,10,PI4K2A;S50;,0.031958126861045086,0.968041873138955
PRKAA1,10,PID1;S230;,0.019106605333593693,0.9808933946664062
PRKAA1,10,PID1;S231;,0.020337401536977166,0.9796625984630227
PRKAA1,10,PID1;S232;,0.03351034056943076,0.9664896594305694
PRKAA1,10,PID1;S242;,0.024828499271671575,0.9751715007283284
PRKAA1,10,PIEZO1;S1370;,0.029421362917471564,0.9705786370825285
PRKAA1,10,PIK3C2A;S261;,0.0216486431722107,0.9783513568277893
PRKAA1,10,PLEC;S4246;,0.05810087862897884,0.9418991213710213
PRKAA1,10,PLEC;S4249;,0.021799900844103593,0.9782000991558966
PRKAA1,10,PNISR;S290;,0.0180514964394937,0.9819485035605063
PRKAA1,10,POM121;S370;,0.02027235105914448,0.9797276489408554
PRKAA1,10,PPAN;S233;,0.9676858628035633,0.03231413719643657
PRKAA1,10,PPAN;S238;,0.965541267973733,0.034458732026267015
PRKAA1,10,PPAN;S240;,0.9750062817089284,0.02499371829107148
PRKAA1,10,PPP1R12C;S508;,0.027932648669328,0.9720673513306721
PRKAA1,10,PPP1R13L;S110;,0.02848013888533298,0.971519861114667
PRKAA1,10,PPP1R13L;S154;,0.02169713233074301,0.9783028676692569
PRKAA1,10,PPP1R13L;S360;,0.031810379925586246,0.9681896200744138
PRKAA1,10,PPP6R2;S629;,0.026204391616489367,0.9737956083835106
PRKAA1,10,PPP6R2;S719;,0.02431949732953172,0.9756805026704682
PRKAA1,10,PRKAA1;S496;,0.02637738918133964,0.9736226108186602
PRKAA1,10,PRKAB1;S108;,0.9752998361433075,0.024700163856692593
PRKAA1,10,PRRC2A;S765;,0.015733716937847392,0.9842662830621526
PRKAA1,10,PRRC2B;S259;,0.04178614504465438,0.9582138549553456
PRKAA1,10,PSMA5;T55;,0.7359654778628774,0.2640345221371227
PRKAA1,10,PSMC3;S12;,0.01990818203480042,0.9800918179651997
PRKAA1,10,PSMC3;S9;,0.02137533908597979,0.9786246609140202
PRKAA1,10,PTPN12;T544;,0.813204310229308,0.18679568977069205
PRKAA1,10,PTPN21;S599;,0.02745644278169248,0.9725435572183075
PRKAA1,10,PTPN21;S762;,0.04042410962141274,0.9595758903785871
PRKAA1,10,PTRF;S169;,0.015476968972505296,0.9845230310274947
PRKAA1,10,PTRF;S171;,0.017341324315523463,0.9826586756844764
PRKAA1,10,PUM2;S82;,0.02901550302918318,0.9709844969708168
PRKAA1,10,PXN;S106;,0.020845737076695042,0.9791542629233051
PRKAA1,10,PXN;S137;,0.01899401697615044,0.9810059830238497
PRKAA1,10,PXN;S83;,0.02575345036562798,0.9742465496343721
PRKAA1,10,RABGEF1;T142;,0.150340272652723,0.849659727347277
PRKAA1,10,RAF1;S295;,0.022082922392063498,0.9779170776079366
PRKAA1,10,RAF1;S296;,0.02708225635752046,0.9729177436424795
PRKAA1,10,RAI14;T249;,0.03756932875129271,0.9624306712487074
PRKAA1,10,RANBP10;S481;,0.8469184708594849,0.15308152914051504
PRKAA1,10,RANBP3;S58;,0.025853787070710336,0.9741462129292897
PRKAA1,10,RAPGEF1;S306;,0.02158712813370726,0.9784128718662929
PRKAA1,10,RAPGEF1;S308;,0.02567131827513486,0.9743286817248652
PRKAA1,10,RAVER1;S576;,0.03480773854667814,0.9651922614533216
PRKAA1,10,RB1CC1;S243;,0.01860618950627965,0.9813938104937204
PRKAA1,10,RBM3;S145;,0.030997112440256307,0.9690028875597436
PRKAA1,10,RBM7;S72;,0.03628722674361829,0.9637127732563818
PRKAA1,10,RFX7;S1177;,0.02261477998029735,0.9773852200197027
PRKAA1,10,RGD1307838;S900;,0.031589379606819824,0.9684106203931802
PRKAA1,10,RGD1307838;S903;,0.023082486465502445,0.9769175135344976
PRKAA1,10,RGD1308297;S518;,0.025259102972078656,0.9747408970279211
PRKAA1,10,RGD1309586;S243;,0.021148450351050403,0.9788515496489496
PRKAA1,10,RGD1309586;S59;,0.16171539783746985,0.8382846021625301
PRKAA1,10,RGD1310016;S1171;,0.9583900737463243,0.04160992625367562
PRKAA1,10,RGD1311783;S45;,0.9778896605246313,0.02211033947536867
PRKAA1,10,RGD1311783;S46;,0.9758090372424084,0.024190962757591535
PRKAA1,10,RGD1560225;S763;,0.03167613349352936,0.9683238665064706
PRKAA1,10,RGD1561609;S759;,0.03709030128210457,0.9629096987178953
PRKAA1,10,RGD1562639;S1035;,0.024383248551535522,0.9756167514484645
PRKAA1,10,RGD1566017;S802;,0.02312162002527815,0.9768783799747217
PRKAA1,10,RIN2;S494;,0.028285777071991113,0.9717142229280089
PRKAA1,10,RIPK2;S412;,0.9662128263226603,0.03378717367733984
PRKAA1,10,RNF40;S586;,0.023873053219448322,0.9761269467805517
PRKAA1,10,RPS6KA3;S715;,0.02395665315549297,0.9760433468445071
PRKAA1,10,RPS6KA4;S681;,0.023301731870616946,0.9766982681293832
PRKAA1,10,RPS6KA4;S682;,0.02136715114372543,0.9786328488562744
PRKAA1,10,RPS6KB1;S404;,0.019673307203181188,0.9803266927968186
PRKAA1,10,RPTOR;S863;,0.025276977145629948,0.9747230228543701
PRKAA1,10,RRP1B;S524;,0.022401907796854987,0.9775980922031452
PRKAA1,10,RRP1B;T521;,0.044916056318988325,0.9550839436810118
PRKAA1,10,RTF1;S416;,0.020666946916143916,0.9793330530838559
PRKAA1,10,RUFY1;S50;,0.03328576811756856,0.9667142318824314
PRKAA1,10,RUNX1T1;T568;,0.05032318397356621,0.9496768160264337
PRKAA1,10,SAMD4B;S271;,0.03481163303978722,0.9651883669602127
PRKAA1,10,SAP30L;T91;,0.05962934591837196,0.9403706540816281
PRKAA1,10,SBF1;S1141;,0.7611789487422485,0.23882105125775133
PRKAA1,10,SCRIB;S1315;,0.023700818417223147,0.9762991815827768
PRKAA1,10,SCRIB;S1529;,0.02243921751623321,0.9775607824837668
PRKAA1,10,SENP7;S47;,0.02730396829028235,0.9726960317097175
PRKAA1,10,SETD2;S511;,0.022375381094157126,0.9776246189058426
PRKAA1,10,SF3B1;T326;,0.7842850137337352,0.21571498626626484
PRKAA1,10,SFPQ;T586;,0.04613894538327055,0.9538610546167294
PRKAA1,10,SGTA;S306;,0.02132180052463188,0.978678199475368
PRKAA1,10,SGTA;S308;,0.01787290660831668,0.9821270933916831
PRKAA1,10,SH3BP5;S420;,0.033343053325382434,0.9666569466746177
PRKAA1,10,SH3D19;S274;,0.027176207751176292,0.972823792248824
PRKAA1,10,SH3PXD2A;S368;,0.9752013528343368,0.0247986471656632
PRKAA1,10,SH3PXD2A;S495;,0.021373185231408937,0.9786268147685909
PRKAA1,10,SH3PXD2A;S956;,0.04809204124754227,0.9519079587524579
PRKAA1,10,SHC3;S359;,0.025178738404874945,0.9748212615951249
PRKAA1,10,SIK2;S673;,0.030965674637183714,0.9690343253628163
PRKAA1,10,SIPA1L1;S1408;,0.9598053929981342,0.040194607001865855
PRKAA1,10,SIPA1L1;S1411;,0.972045691701943,0.02795430829805692
PRKAA1,10,SIPA1L1;S288;,0.032191542273444944,0.967808457726555
PRKAA1,10,SLC2A13;S38;,0.9748347832242072,0.0251652167757927
PRKAA1,10,SLC2A13;S44;,0.9778387040376741,0.02216129596232591
PRKAA1,10,SLC2A13;S47;,0.9731416533075391,0.026858346692460868
PRKAA1,10,SLC4A7;S1171;,0.9652665110706827,0.0347334889293171
PRKAA1,10,SLC4A7;S263;,0.9751214665678908,0.024878533432109225
PRKAA1,10,SLK;S778;,0.9712383630133011,0.028761636986698914
PRKAA1,10,SMCR7L;S59;,0.03228839540186704,0.967711604598133
PRKAA1,10,SMCR8;S416;,0.022335459759779547,0.9776645402402202
PRKAA1,10,SMCR8;S486;,0.9754255601923284,0.024574439807671534
PRKAA1,10,SMCR8;S488;,0.9641451957791015,0.03585480422089837
PRKAA1,10,SMCR8;S491;,0.9707704291767243,0.029229570823275833
PRKAA1,10,SMCR8;S497;,0.911011640962079,0.08898835903792099
PRKAA1,10,SMG6;S537;,0.020113268984131575,0.9798867310158684
PRKAA1,10,SNW1;S224;,0.928010268481731,0.0719897315182688
PRKAA1,10,SNX8;S454;,0.02623395679442607,0.973766043205574
PRKAA1,10,SON;S94;,0.020696816096836778,0.9793031839031633
PRKAA1,10,SORBS1;S857;,0.023323157814375203,0.9766768421856249
PRKAA1,10,SOS1;S1120;,0.031692085165603345,0.9683079148343967
PRKAA1,10,SOX6;S399;,0.022348911865226313,0.9776510881347736
PRKAA1,10,SOX6;S402;,0.025663212263521428,0.9743367877364787
PRKAA1,10,SOX6;T401;,0.03335536324661788,0.9666446367533824
PRKAA1,10,SPAG7;S219;,0.024455042006676697,0.9755449579933231
PRKAA1,10,SPAG9;S203;,0.020152559737892588,0.9798474402621075
PRKAA1,10,SPAG9;S716;,0.03577682764517959,0.9642231723548202
PRKAA1,10,SPHK2;S379;,0.9398610692095466,0.06013893079045352
PRKAA1,10,SRPK2;S487;,0.028511887857182554,0.9714881121428175
PRKAA1,10,SRRM2;S2228;,0.028070223055795037,0.971929776944205
PRKAA1,10,SRRM2;S2338;,0.02587815569322685,0.9741218443067732
PRKAA1,10,SRSF10;S131;,0.9571857941414939,0.04281420585850607
PRKAA1,10,SRSF11;S200;,0.022372867590201403,0.9776271324097986
PRKAA1,10,STARD13;S334;,0.020918189057843765,0.9790818109421565
PRKAA1,10,STAT3;S727;,0.05429970266251782,0.9457002973374824
PRKAA1,10,STIM1;S257;,0.9584141577218926,0.04158584227810731
PRKAA1,10,STIM1;S523;,0.9618720160768377,0.038127983923162266
PRKAA1,10,STIM1;S524;,0.9698685809255042,0.030131419074495836
PRKAA1,10,STIM2;S675;,0.9698288467121782,0.03017115328782181
PRKAA1,10,STK11IP;S443;,0.02204860069433797,0.9779513993056618
PRKAA1,10,STK3;S385;,0.015746856107409165,0.9842531438925909
PRKAA1,10,STMN1;S16;,0.022722178936706257,0.9772778210632938
PRKAA1,10,STMN1;S25;,0.03269618071392362,0.9673038192860764
PRKAA1,10,STMN1;S38;,0.04294438637457192,0.9570556136254281
PRKAA1,10,STRN3;S227;,0.0157496532818824,0.9842503467181176
PRKAA1,10,SUN2;S12;,0.016531614402564912,0.9834683855974349
PRKAA1,10,SVIL;S1177;,0.022006985321400892,0.9779930146785991
PRKAA1,10,SVIL;S259;,0.023638789777720142,0.97636121022228
PRKAA1,10,SVIL;S531;,0.020252400126113648,0.9797475998738867
PRKAA1,10,SYNPO2L;S401;,0.02764438123135107,0.9723556187686491
PRKAA1,10,SYNPO2L;T141;,0.8743003478853987,0.12569965211460157
PRKAA1,10,SZT2;S1641;,0.021461732113084577,0.9785382678869154
PRKAA1,10,TACC2;S575;,0.06170278240363124,0.9382972175963686
PRKAA1,10,TANC2;S1447;,0.024001196251981514,0.9759988037480184
PRKAA1,10,TBC1D1;S231;,0.9754533920729174,0.024546607927082572
PRKAA1,10,TBC1D1;S662;,0.9781853985354994,0.021814601464500552
PRKAA1,10,TBC1D1;T590;,0.05560318042616508,0.944396819573835
PRKAA1,10,TBC1D16;S382;,0.017802345402778714,0.9821976545972214
PRKAA1,10,TCF12;S583;,0.03210911518918935,0.9678908848108108
PRKAA1,10,TDRD3;S256;,0.025525890138210064,0.9744741098617898
PRKAA1,10,TENC1;T996;,0.040535573008751526,0.9594644269912486
PRKAA1,10,TFE3;S531;,0.05851112201347905,0.9414888779865209
PRKAA1,10,TJP1;S1602;,0.021112864477317642,0.9788871355226826
PRKAA1,10,TJP1;S1604;,0.019741031742140012,0.9802589682578603
PRKAA1,10,TJP2;S147;,0.01774445391061787,0.9822555460893821
PRKAA1,10,TMEM245;S327;,0.07409210641607372,0.9259078935839261
PRKAA1,10,TMEM55A;S14;,0.9667635471139928,0.03323645288600708
PRKAA1,10,TNKS1BP1;S1642;,0.029542651627153315,0.9704573483728467
PRKAA1,10,TNRC6B;S306;,0.02331740460209248,0.9766825953979075
PRKAA1,10,TNRC6B;S421;,0.0182613826282941,0.981738617371706
PRKAA1,10,TRAK1;S390;,0.018865358799717416,0.9811346412002827
PRKAA1,10,TRAK1;S905;,0.9721804393808468,0.027819560619153152
PRKAA1,10,TRAPPC12;S314;,0.019656969146250036,0.98034303085375
PRKAA1,10,TRIM28;S474;,0.03080293412533428,0.9691970658746658
PRKAA1,10,TRIO;S2459;,0.021828508025262133,0.9781714919747379
PRKAA1,10,TRIO;S2463;,0.025913344433110826,0.9740866555668892
PRKAA1,10,TRIP12;T1454;,0.021029546557748285,0.9789704534422519
PRKAA1,10,TSC2;S939;,0.033998232231332526,0.9660017677686674
PRKAA1,10,TSSC4;S190;,0.0242868141834854,0.9757131858165146
PRKAA1,10,TTN;S305;,0.9675556939870661,0.03244430601293392
PRKAA1,10,UBA1;S13;,0.029278480677087184,0.970721519322913
PRKAA1,10,UBA5;S380;,0.02321509085206372,0.9767849091479361
PRKAA1,10,UBE2O;S835;,0.026804833035151604,0.9731951669648484
PRKAA1,10,UBE2O;T830;,0.6716410226051389,0.32835897739486103
PRKAA1,10,UBE4B;S88;,0.03190281161981922,0.9680971883801809
PRKAA1,10,ULK1;S450;,0.022199937680077594,0.9778000623199222
PRKAA1,10,ULK1;S465;,0.9755608896695486,0.024439110330451375
PRKAA1,10,ULK1;S477;,0.03226355585275523,0.9677364441472448
PRKAA1,10,ULK1;S479;,0.023811407294499883,0.9761885927055002
PRKAA1,10,ULK1;S637;,0.9760610345882523,0.023938965411747646
PRKAA1,10,ULK1;T468;,0.853112213015095,0.14688778698490493
PRKAA1,10,ULK1;T659;,0.9399176626286856,0.060082337371314444
PRKAA1,10,USP10;S224;,0.02299747913811353,0.9770025208618864
PRKAA1,10,VAPA;S164;,0.9710848871506813,0.02891511284931875
PRKAA1,10,VIM;S420;,0.9634408001995152,0.03655919980048497
PRKAA1,10,VIM;S430;,0.9492086195034486,0.05079138049655144
PRKAA1,10,VIM;T426;,0.9593302071905461,0.04066979280945386
PRKAA1,10,VPS26B;S304;,0.9690968303519111,0.030903169648088997
PRKAA1,10,WIPF2;S235;,0.024721368601460368,0.9752786313985397
PRKAA1,10,WNK1;S165;,0.025024796837781384,0.9749752031622185
PRKAA1,10,WWC3;S955;,0.01934109995399447,0.9806589000460054
PRKAA1,10,YAP1;S46;,0.970126098631053,0.029873901368946968
PRKAA1,10,ZC3H13;S368;,0.9686872891476903,0.031312710852309626
PRKAA1,10,ZC3HAV1;S307;,0.022834657523372874,0.9771653424766271
PRKAA1,10,ZC3HAV1;S325;,0.018917106840940345,0.9810828931590596
PRKAA1,10,ZC3HAV1;S544;,0.01971050879251794,0.980289491207482
PRKAA1,10,ZC3HC1;S343;,0.026237502453936162,0.9737624975460637
PRKAA1,10,ZC3HC1;T351;,0.05484830171601701,0.9451516982839828
PRKAA1,10,ZFP295;S411;,0.027669917264269647,0.9723300827357303
PRKAA1,10,ZFYVE16;S903;,0.029600666373085508,0.9703993336269146
PRKAA1,10,ZNRF2;S148;,0.019238562429026204,0.9807614375709739
PRKAA1,10,ZNRF2;S154;,0.02101797524472361,0.9789820247552765
PRKAA1,10,ZNRF2;S18;,0.024746456402837475,0.9752535435971624
PRKAA1,10,ZNRF2;S81;,0.04023653553278088,0.9597634644672192
PRKAA1,10,ZYX;S143;,0.016254119696002864,0.9837458803039971
PRKAA1,10,ZYX;S144;,0.01699022025990872,0.9830097797400912
PRKAA1,10,ZYX;S336;,0.02126470493060781,0.9787352950693922
PRKAA1,10,ZZEF1;S1516;,0.0291036642651298,0.9708963357348702
PRKAA1,10,ZZEF1;S1535;,0.03897668829721964,0.9610233117027803
